2025-07-21 17:41:16 startup archives install
2025-07-21 17:41:16 install base-passwd:amd64 <none> 3.6.1
2025-07-21 17:41:16 status half-installed base-passwd:amd64 3.6.1
2025-07-21 17:41:16 status unpacked base-passwd:amd64 3.6.1
2025-07-21 17:41:16 configure base-passwd:amd64 3.6.1 3.6.1
2025-07-21 17:41:16 status half-configured base-passwd:amd64 3.6.1
2025-07-21 17:41:17 status installed base-passwd:amd64 3.6.1
2025-07-21 17:41:17 startup archives install
2025-07-21 17:41:17 install base-files:amd64 <none> 12.4+deb12u11
2025-07-21 17:41:17 status half-installed base-files:amd64 12.4+deb12u11
2025-07-21 17:41:17 status unpacked base-files:amd64 12.4+deb12u11
2025-07-21 17:41:17 configure base-files:amd64 12.4+deb12u11 12.4+deb12u11
2025-07-21 17:41:17 status half-configured base-files:amd64 12.4+deb12u11
2025-07-21 17:41:17 status installed base-files:amd64 12.4+deb12u11
2025-07-21 17:41:17 startup archives install
2025-07-21 17:41:17 upgrade dpkg 1.21.22 1.21.22
2025-07-21 17:41:17 status half-configured dpkg 1.21.22
2025-07-21 17:41:17 status unpacked dpkg 1.21.22
2025-07-21 17:41:17 status half-installed dpkg 1.21.22
2025-07-21 17:41:17 status unpacked dpkg:amd64 1.21.22
2025-07-21 17:41:17 configure dpkg:amd64 1.21.22 1.21.22
2025-07-21 17:41:17 status half-configured dpkg:amd64 1.21.22
2025-07-21 17:41:18 status installed dpkg:amd64 1.21.22
2025-07-21 17:41:18 startup archives install
2025-07-21 17:41:18 install libc6:amd64 <none> 2.36-9+deb12u10
2025-07-21 17:41:18 status half-installed libc6:amd64 2.36-9+deb12u10
2025-07-21 17:41:18 status unpacked libc6:amd64 2.36-9+deb12u10
2025-07-21 17:41:18 configure libc6:amd64 2.36-9+deb12u10 2.36-9+deb12u10
2025-07-21 17:41:18 status half-configured libc6:amd64 2.36-9+deb12u10
2025-07-21 17:41:19 status installed libc6:amd64 2.36-9+deb12u10
2025-07-21 17:41:19 startup archives install
2025-07-21 17:41:19 install perl-base:amd64 <none> 5.36.0-7+deb12u2
2025-07-21 17:41:19 status half-installed perl-base:amd64 5.36.0-7+deb12u2
2025-07-21 17:41:19 status unpacked perl-base:amd64 5.36.0-7+deb12u2
2025-07-21 17:41:19 configure perl-base:amd64 5.36.0-7+deb12u2 5.36.0-7+deb12u2
2025-07-21 17:41:19 status half-configured perl-base:amd64 5.36.0-7+deb12u2
2025-07-21 17:41:19 status installed perl-base:amd64 5.36.0-7+deb12u2
2025-07-21 17:41:19 startup archives install
2025-07-21 17:41:19 install mawk:amd64 <none> 1.3.4.20200120-3.1
2025-07-21 17:41:19 status half-installed mawk:amd64 1.3.4.20200120-3.1
2025-07-21 17:41:19 status unpacked mawk:amd64 1.3.4.20200120-3.1
2025-07-21 17:41:19 configure mawk:amd64 1.3.4.20200120-3.1 1.3.4.20200120-3.1
2025-07-21 17:41:19 status half-configured mawk:amd64 1.3.4.20200120-3.1
2025-07-21 17:41:19 status installed mawk:amd64 1.3.4.20200120-3.1
2025-07-21 17:41:19 startup archives install
2025-07-21 17:41:20 install debconf:all <none> 1.5.82
2025-07-21 17:41:20 status half-installed debconf:all 1.5.82
2025-07-21 17:41:20 status unpacked debconf:all 1.5.82
2025-07-21 17:41:20 configure debconf:all 1.5.82 1.5.82
2025-07-21 17:41:20 status half-configured debconf:all 1.5.82
2025-07-21 17:41:20 status installed debconf:all 1.5.82
2025-07-21 17:41:20 startup archives unpack
2025-07-21 17:41:20 install libaudit-common:all <none> 1:3.0.9-1
2025-07-21 17:41:20 status half-installed libaudit-common:all 1:3.0.9-1
2025-07-21 17:41:20 status unpacked libaudit-common:all 1:3.0.9-1
2025-07-21 17:41:20 install gcc-12-base:amd64 <none> 12.2.0-14+deb12u1
2025-07-21 17:41:20 status half-installed gcc-12-base:amd64 12.2.0-14+deb12u1
2025-07-21 17:41:20 status unpacked gcc-12-base:amd64 12.2.0-14+deb12u1
2025-07-21 17:41:20 install libgcc-s1:amd64 <none> 12.2.0-14+deb12u1
2025-07-21 17:41:20 status half-installed libgcc-s1:amd64 12.2.0-14+deb12u1
2025-07-21 17:41:20 status unpacked libgcc-s1:amd64 12.2.0-14+deb12u1
2025-07-21 17:41:20 install libidn2-0:amd64 <none> 2.3.3-1+b1
2025-07-21 17:41:20 status half-installed libidn2-0:amd64 2.3.3-1+b1
2025-07-21 17:41:20 status unpacked libidn2-0:amd64 2.3.3-1+b1
2025-07-21 17:41:20 upgrade libc6:amd64 2.36-9+deb12u10 2.36-9+deb12u10
2025-07-21 17:41:20 status half-configured libc6:amd64 2.36-9+deb12u10
2025-07-21 17:41:20 status unpacked libc6:amd64 2.36-9+deb12u10
2025-07-21 17:41:20 status half-installed libc6:amd64 2.36-9+deb12u10
2025-07-21 17:41:21 status unpacked libc6:amd64 2.36-9+deb12u10
2025-07-21 17:41:21 install libcap-ng0:amd64 <none> 0.8.3-1+b3
2025-07-21 17:41:21 status half-installed libcap-ng0:amd64 0.8.3-1+b3
2025-07-21 17:41:21 status unpacked libcap-ng0:amd64 0.8.3-1+b3
2025-07-21 17:41:21 install libaudit1:amd64 <none> 1:3.0.9-1
2025-07-21 17:41:21 status half-installed libaudit1:amd64 1:3.0.9-1
2025-07-21 17:41:21 status unpacked libaudit1:amd64 1:3.0.9-1
2025-07-21 17:41:21 install libcrypt1:amd64 <none> 1:4.4.33-2
2025-07-21 17:41:21 status half-installed libcrypt1:amd64 1:4.4.33-2
2025-07-21 17:41:21 status unpacked libcrypt1:amd64 1:4.4.33-2
2025-07-21 17:41:21 install libbz2-1.0:amd64 <none> 1.0.8-5+b1
2025-07-21 17:41:21 status half-installed libbz2-1.0:amd64 1.0.8-5+b1
2025-07-21 17:41:21 status unpacked libbz2-1.0:amd64 1.0.8-5+b1
2025-07-21 17:41:21 install libgpg-error0:amd64 <none> 1.46-1
2025-07-21 17:41:21 status half-installed libgpg-error0:amd64 1.46-1
2025-07-21 17:41:21 status unpacked libgpg-error0:amd64 1.46-1
2025-07-21 17:41:21 install libgcrypt20:amd64 <none> 1.10.1-3
2025-07-21 17:41:21 status half-installed libgcrypt20:amd64 1.10.1-3
2025-07-21 17:41:21 status unpacked libgcrypt20:amd64 1.10.1-3
2025-07-21 17:41:21 install gpgv:amd64 <none> 2.2.40-1.1
2025-07-21 17:41:21 status half-installed gpgv:amd64 2.2.40-1.1
2025-07-21 17:41:21 status unpacked gpgv:amd64 2.2.40-1.1
2025-07-21 17:41:21 install liblz4-1:amd64 <none> 1.9.4-1
2025-07-21 17:41:21 status half-installed liblz4-1:amd64 1.9.4-1
2025-07-21 17:41:21 status unpacked liblz4-1:amd64 1.9.4-1
2025-07-21 17:41:21 install liblzma5:amd64 <none> 5.4.1-1
2025-07-21 17:41:21 status half-installed liblzma5:amd64 5.4.1-1
2025-07-21 17:41:21 status unpacked liblzma5:amd64 5.4.1-1
2025-07-21 17:41:21 install libcap2:amd64 <none> 1:2.66-4+deb12u1
2025-07-21 17:41:21 status half-installed libcap2:amd64 1:2.66-4+deb12u1
2025-07-21 17:41:21 status unpacked libcap2:amd64 1:2.66-4+deb12u1
2025-07-21 17:41:21 install libapt-pkg6.0:amd64 <none> 2.6.1
2025-07-21 17:41:21 status half-installed libapt-pkg6.0:amd64 2.6.1
2025-07-21 17:41:21 status unpacked libapt-pkg6.0:amd64 2.6.1
2025-07-21 17:41:21 install debian-archive-keyring:all <none> 2023.3+deb12u2
2025-07-21 17:41:21 status half-installed debian-archive-keyring:all 2023.3+deb12u2
2025-07-21 17:41:22 status unpacked debian-archive-keyring:all 2023.3+deb12u2
2025-07-21 17:41:22 install libgmp10:amd64 <none> 2:6.2.1+dfsg1-1.1
2025-07-21 17:41:22 status half-installed libgmp10:amd64 2:6.2.1+dfsg1-1.1
2025-07-21 17:41:22 status unpacked libgmp10:amd64 2:6.2.1+dfsg1-1.1
2025-07-21 17:41:22 install libnettle8:amd64 <none> 3.8.1-2
2025-07-21 17:41:22 status half-installed libnettle8:amd64 3.8.1-2
2025-07-21 17:41:22 status unpacked libnettle8:amd64 3.8.1-2
2025-07-21 17:41:22 install libhogweed6:amd64 <none> 3.8.1-2
2025-07-21 17:41:22 status half-installed libhogweed6:amd64 3.8.1-2
2025-07-21 17:41:22 status unpacked libhogweed6:amd64 3.8.1-2
2025-07-21 17:41:22 install libffi8:amd64 <none> 3.4.4-1
2025-07-21 17:41:22 status half-installed libffi8:amd64 3.4.4-1
2025-07-21 17:41:22 status unpacked libffi8:amd64 3.4.4-1
2025-07-21 17:41:22 install libp11-kit0:amd64 <none> 0.24.1-2
2025-07-21 17:41:22 status half-installed libp11-kit0:amd64 0.24.1-2
2025-07-21 17:41:22 status unpacked libp11-kit0:amd64 0.24.1-2
2025-07-21 17:41:22 install libgnutls30:amd64 <none> 3.7.9-2+deb12u4
2025-07-21 17:41:22 status half-installed libgnutls30:amd64 3.7.9-2+deb12u4
2025-07-21 17:41:22 status unpacked libgnutls30:amd64 3.7.9-2+deb12u4
2025-07-21 17:41:22 install apt:amd64 <none> 2.6.1
2025-07-21 17:41:22 status half-installed apt:amd64 2.6.1
2025-07-21 17:41:22 status unpacked apt:amd64 2.6.1
2025-07-21 17:41:22 install libdb5.3:amd64 <none> 5.3.28+dfsg2-1
2025-07-21 17:41:22 status half-installed libdb5.3:amd64 5.3.28+dfsg2-1
2025-07-21 17:41:22 status unpacked libdb5.3:amd64 5.3.28+dfsg2-1
2025-07-21 17:41:22 install libmd0:amd64 <none> 1.0.4-2
2025-07-21 17:41:22 status half-installed libmd0:amd64 1.0.4-2
2025-07-21 17:41:22 status unpacked libmd0:amd64 1.0.4-2
2025-07-21 17:41:22 install libpcre2-8-0:amd64 <none> 10.42-1
2025-07-21 17:41:22 status half-installed libpcre2-8-0:amd64 10.42-1
2025-07-21 17:41:22 status unpacked libpcre2-8-0:amd64 10.42-1
2025-07-21 17:41:22 install libacl1:amd64 <none> 2.3.1-3
2025-07-21 17:41:22 status half-installed libacl1:amd64 2.3.1-3
2025-07-21 17:41:22 status unpacked libacl1:amd64 2.3.1-3
2025-07-21 17:41:22 upgrade dpkg:amd64 1.21.22 1.21.22
2025-07-21 17:41:22 status half-configured dpkg:amd64 1.21.22
2025-07-21 17:41:22 status unpacked dpkg:amd64 1.21.22
2025-07-21 17:41:22 status half-installed dpkg:amd64 1.21.22
2025-07-21 17:41:22 status unpacked dpkg:amd64 1.21.22
2025-07-21 17:41:22 upgrade debconf:all 1.5.82 1.5.82
2025-07-21 17:41:22 status half-configured debconf:all 1.5.82
2025-07-21 17:41:22 status unpacked debconf:all 1.5.82
2025-07-21 17:41:22 status half-installed debconf:all 1.5.82
2025-07-21 17:41:22 status unpacked debconf:all 1.5.82
2025-07-21 17:41:22 install libpam0g:amd64 <none> 1.5.2-6+deb12u1
2025-07-21 17:41:22 status half-installed libpam0g:amd64 1.5.2-6+deb12u1
2025-07-21 17:41:23 status unpacked libpam0g:amd64 1.5.2-6+deb12u1
2025-07-21 17:41:23 install libpam-modules-bin:amd64 <none> 1.5.2-6+deb12u1
2025-07-21 17:41:23 status half-installed libpam-modules-bin:amd64 1.5.2-6+deb12u1
2025-07-21 17:41:23 status unpacked libpam-modules-bin:amd64 1.5.2-6+deb12u1
2025-07-21 17:41:23 install libpam-modules:amd64 <none> 1.5.2-6+deb12u1
2025-07-21 17:41:23 status half-installed libpam-modules:amd64 1.5.2-6+deb12u1
2025-07-21 17:41:23 status unpacked libpam-modules:amd64 1.5.2-6+deb12u1
2025-07-21 17:41:23 install adduser:all <none> 3.134
2025-07-21 17:41:23 status half-installed adduser:all 3.134
2025-07-21 17:41:23 status unpacked adduser:all 3.134
2025-07-21 17:41:23 install libcom-err2:amd64 <none> 1.47.0-2
2025-07-21 17:41:23 status half-installed libcom-err2:amd64 1.47.0-2
2025-07-21 17:41:23 status unpacked libcom-err2:amd64 1.47.0-2
2025-07-21 17:41:23 install init-system-helpers:all <none> 1.65.2
2025-07-21 17:41:23 status half-installed init-system-helpers:all 1.65.2
2025-07-21 17:41:23 status unpacked init-system-helpers:all 1.65.2
2025-07-21 17:41:23 upgrade base-files:amd64 12.4+deb12u11 12.4+deb12u11
2025-07-21 17:41:23 status half-configured base-files:amd64 12.4+deb12u11
2025-07-21 17:41:23 status unpacked base-files:amd64 12.4+deb12u11
2025-07-21 17:41:23 status half-installed base-files:amd64 12.4+deb12u11
2025-07-21 17:41:23 status unpacked base-files:amd64 12.4+deb12u11
2025-07-21 17:41:23 install libdebconfclient0:amd64 <none> 0.270
2025-07-21 17:41:23 status half-installed libdebconfclient0:amd64 0.270
2025-07-21 17:41:23 status unpacked libdebconfclient0:amd64 0.270
2025-07-21 17:41:23 upgrade base-passwd:amd64 3.6.1 3.6.1
2025-07-21 17:41:23 status half-configured base-passwd:amd64 3.6.1
2025-07-21 17:41:23 status unpacked base-passwd:amd64 3.6.1
2025-07-21 17:41:23 status half-installed base-passwd:amd64 3.6.1
2025-07-21 17:41:23 status unpacked base-passwd:amd64 3.6.1
2025-07-21 17:41:23 install debianutils:amd64 <none> 5.7-0.5~deb12u1
2025-07-21 17:41:23 status half-installed debianutils:amd64 5.7-0.5~deb12u1
2025-07-21 17:41:23 status unpacked debianutils:amd64 5.7-0.5~deb12u1
2025-07-21 17:41:23 install bash:amd64 <none> 5.2.15-2+b8
2025-07-21 17:41:23 status half-installed bash:amd64 5.2.15-2+b8
2025-07-21 17:41:23 status unpacked bash:amd64 5.2.15-2+b8
2025-07-21 17:41:23 install libattr1:amd64 <none> 1:2.5.1-4
2025-07-21 17:41:23 status half-installed libattr1:amd64 1:2.5.1-4
2025-07-21 17:41:23 status unpacked libattr1:amd64 1:2.5.1-4
2025-07-21 17:41:23 install coreutils:amd64 <none> 9.1-1
2025-07-21 17:41:23 status half-installed coreutils:amd64 9.1-1
2025-07-21 17:41:24 status unpacked coreutils:amd64 9.1-1
2025-07-21 17:41:24 install libpam-runtime:all <none> 1.5.2-6+deb12u1
2025-07-21 17:41:24 status half-installed libpam-runtime:all 1.5.2-6+deb12u1
2025-07-21 17:41:24 status unpacked libpam-runtime:all 1.5.2-6+deb12u1
2025-07-21 17:41:24 install dash:amd64 <none> 0.5.12-2
2025-07-21 17:41:24 status half-installed dash:amd64 0.5.12-2
2025-07-21 17:41:24 status unpacked dash:amd64 0.5.12-2
2025-07-21 17:41:24 install diffutils:amd64 <none> 1:3.8-4
2025-07-21 17:41:24 status half-installed diffutils:amd64 1:3.8-4
2025-07-21 17:41:24 status unpacked diffutils:amd64 1:3.8-4
2025-07-21 17:41:24 install libblkid1:amd64 <none> 2.38.1-5+deb12u3
2025-07-21 17:41:24 status half-installed libblkid1:amd64 2.38.1-5+deb12u3
2025-07-21 17:41:24 status unpacked libblkid1:amd64 2.38.1-5+deb12u3
2025-07-21 17:41:24 install libext2fs2:amd64 <none> 1.47.0-2
2025-07-21 17:41:24 status half-installed libext2fs2:amd64 1.47.0-2
2025-07-21 17:41:24 status unpacked libext2fs2:amd64 1.47.0-2
2025-07-21 17:41:24 install e2fsprogs:amd64 <none> 1.47.0-2
2025-07-21 17:41:24 status half-installed e2fsprogs:amd64 1.47.0-2
2025-07-21 17:41:24 status unpacked e2fsprogs:amd64 1.47.0-2
2025-07-21 17:41:24 install findutils:amd64 <none> 4.9.0-4
2025-07-21 17:41:24 status half-installed findutils:amd64 4.9.0-4
2025-07-21 17:41:24 status unpacked findutils:amd64 4.9.0-4
2025-07-21 17:41:24 install libc-bin:amd64 <none> 2.36-9+deb12u10
2025-07-21 17:41:24 status half-installed libc-bin:amd64 2.36-9+deb12u10
2025-07-21 17:41:24 status unpacked libc-bin:amd64 2.36-9+deb12u10
2025-07-21 17:41:24 install grep:amd64 <none> 3.8-5
2025-07-21 17:41:24 status half-installed grep:amd64 3.8-5
2025-07-21 17:41:24 status unpacked grep:amd64 3.8-5
2025-07-21 17:41:24 install gzip:amd64 <none> 1.12-1
2025-07-21 17:41:24 status half-installed gzip:amd64 1.12-1
2025-07-21 17:41:24 status unpacked gzip:amd64 1.12-1
2025-07-21 17:41:24 install hostname:amd64 <none> 3.23+nmu1
2025-07-21 17:41:24 status half-installed hostname:amd64 3.23+nmu1
2025-07-21 17:41:24 status unpacked hostname:amd64 3.23+nmu1
2025-07-21 17:41:24 install libmount1:amd64 <none> 2.38.1-5+deb12u3
2025-07-21 17:41:24 status half-installed libmount1:amd64 2.38.1-5+deb12u3
2025-07-21 17:41:24 status unpacked libmount1:amd64 2.38.1-5+deb12u3
2025-07-21 17:41:24 install bsdutils:amd64 <none> 1:2.38.1-5+deb12u3
2025-07-21 17:41:24 status half-installed bsdutils:amd64 1:2.38.1-5+deb12u3
2025-07-21 17:41:24 status unpacked bsdutils:amd64 1:2.38.1-5+deb12u3
2025-07-21 17:41:24 install libunistring2:amd64 <none> 1.0-2
2025-07-21 17:41:24 status half-installed libunistring2:amd64 1.0-2
2025-07-21 17:41:24 status unpacked libunistring2:amd64 1.0-2
2025-07-21 17:41:24 install zlib1g:amd64 <none> 1:1.2.13.dfsg-1
2025-07-21 17:41:24 status half-installed zlib1g:amd64 1:1.2.13.dfsg-1
2025-07-21 17:41:24 status unpacked zlib1g:amd64 1:1.2.13.dfsg-1
2025-07-21 17:41:24 install libstdc++6:amd64 <none> 12.2.0-14+deb12u1
2025-07-21 17:41:24 status half-installed libstdc++6:amd64 12.2.0-14+deb12u1
2025-07-21 17:41:24 status unpacked libstdc++6:amd64 12.2.0-14+deb12u1
2025-07-21 17:41:24 install libzstd1:amd64 <none> 1.5.4+dfsg2-5
2025-07-21 17:41:24 status half-installed libzstd1:amd64 1.5.4+dfsg2-5
2025-07-21 17:41:24 status unpacked libzstd1:amd64 1.5.4+dfsg2-5
2025-07-21 17:41:24 install libsystemd0:amd64 <none> 252.36-1~deb12u1
2025-07-21 17:41:24 status half-installed libsystemd0:amd64 252.36-1~deb12u1
2025-07-21 17:41:24 status unpacked libsystemd0:amd64 252.36-1~deb12u1
2025-07-21 17:41:24 install libudev1:amd64 <none> 252.36-1~deb12u1
2025-07-21 17:41:24 status half-installed libudev1:amd64 252.36-1~deb12u1
2025-07-21 17:41:25 status unpacked libudev1:amd64 252.36-1~deb12u1
2025-07-21 17:41:25 install libxxhash0:amd64 <none> 0.8.1-1
2025-07-21 17:41:25 status half-installed libxxhash0:amd64 0.8.1-1
2025-07-21 17:41:25 status unpacked libxxhash0:amd64 0.8.1-1
2025-07-21 17:41:25 install libtasn1-6:amd64 <none> 4.19.0-2+deb12u1
2025-07-21 17:41:25 status half-installed libtasn1-6:amd64 4.19.0-2+deb12u1
2025-07-21 17:41:25 status unpacked libtasn1-6:amd64 4.19.0-2+deb12u1
2025-07-21 17:41:25 install libseccomp2:amd64 <none> 2.5.4-1+deb12u1
2025-07-21 17:41:25 status half-installed libseccomp2:amd64 2.5.4-1+deb12u1
2025-07-21 17:41:25 status unpacked libseccomp2:amd64 2.5.4-1+deb12u1
2025-07-21 17:41:25 install libselinux1:amd64 <none> 3.4-1+b6
2025-07-21 17:41:25 status half-installed libselinux1:amd64 3.4-1+b6
2025-07-21 17:41:25 status unpacked libselinux1:amd64 3.4-1+b6
2025-07-21 17:41:25 install tar:amd64 <none> 1.34+dfsg-1.2+deb12u1
2025-07-21 17:41:25 status half-installed tar:amd64 1.34+dfsg-1.2+deb12u1
2025-07-21 17:41:25 status unpacked tar:amd64 1.34+dfsg-1.2+deb12u1
2025-07-21 17:41:25 upgrade perl-base:amd64 5.36.0-7+deb12u2 5.36.0-7+deb12u2
2025-07-21 17:41:25 status half-configured perl-base:amd64 5.36.0-7+deb12u2
2025-07-21 17:41:25 status unpacked perl-base:amd64 5.36.0-7+deb12u2
2025-07-21 17:41:25 status half-installed perl-base:amd64 5.36.0-7+deb12u2
2025-07-21 17:41:25 status unpacked perl-base:amd64 5.36.0-7+deb12u2
2025-07-21 17:41:25 install libsemanage-common:all <none> 3.4-1
2025-07-21 17:41:25 status half-installed libsemanage-common:all 3.4-1
2025-07-21 17:41:25 status unpacked libsemanage-common:all 3.4-1
2025-07-21 17:41:25 install libsepol2:amd64 <none> 3.4-2.1
2025-07-21 17:41:25 status half-installed libsepol2:amd64 3.4-2.1
2025-07-21 17:41:25 status unpacked libsepol2:amd64 3.4-2.1
2025-07-21 17:41:25 install libsemanage2:amd64 <none> 3.4-1+b5
2025-07-21 17:41:25 status half-installed libsemanage2:amd64 3.4-1+b5
2025-07-21 17:41:25 status unpacked libsemanage2:amd64 3.4-1+b5
2025-07-21 17:41:25 install passwd:amd64 <none> 1:4.13+dfsg1-1+deb12u1
2025-07-21 17:41:25 status half-installed passwd:amd64 1:4.13+dfsg1-1+deb12u1
2025-07-21 17:41:25 status unpacked passwd:amd64 1:4.13+dfsg1-1+deb12u1
2025-07-21 17:41:25 install libtinfo6:amd64 <none> 6.4-4
2025-07-21 17:41:25 status half-installed libtinfo6:amd64 6.4-4
2025-07-21 17:41:25 status unpacked libtinfo6:amd64 6.4-4
2025-07-21 17:41:25 install libsmartcols1:amd64 <none> 2.38.1-5+deb12u3
2025-07-21 17:41:25 status half-installed libsmartcols1:amd64 2.38.1-5+deb12u3
2025-07-21 17:41:25 status unpacked libsmartcols1:amd64 2.38.1-5+deb12u3
2025-07-21 17:41:25 install libuuid1:amd64 <none> 2.38.1-5+deb12u3
2025-07-21 17:41:25 status half-installed libuuid1:amd64 2.38.1-5+deb12u3
2025-07-21 17:41:25 status unpacked libuuid1:amd64 2.38.1-5+deb12u3
2025-07-21 17:41:25 install libss2:amd64 <none> 1.47.0-2
2025-07-21 17:41:25 status half-installed libss2:amd64 1.47.0-2
2025-07-21 17:41:25 status unpacked libss2:amd64 1.47.0-2
2025-07-21 17:41:25 install logsave:amd64 <none> 1.47.0-2
2025-07-21 17:41:25 status half-installed logsave:amd64 1.47.0-2
2025-07-21 17:41:25 status unpacked logsave:amd64 1.47.0-2
2025-07-21 17:41:25 install mount:amd64 <none> 2.38.1-5+deb12u3
2025-07-21 17:41:25 status half-installed mount:amd64 2.38.1-5+deb12u3
2025-07-21 17:41:26 status unpacked mount:amd64 2.38.1-5+deb12u3
2025-07-21 17:41:26 upgrade mawk:amd64 1.3.4.20200120-3.1 1.3.4.20200120-3.1
2025-07-21 17:41:26 status half-configured mawk:amd64 1.3.4.20200120-3.1
2025-07-21 17:41:26 status unpacked mawk:amd64 1.3.4.20200120-3.1
2025-07-21 17:41:26 status half-installed mawk:amd64 1.3.4.20200120-3.1
2025-07-21 17:41:26 status unpacked mawk:amd64 1.3.4.20200120-3.1
2025-07-21 17:41:26 install ncurses-base:all <none> 6.4-4
2025-07-21 17:41:26 status half-installed ncurses-base:all 6.4-4
2025-07-21 17:41:26 status unpacked ncurses-base:all 6.4-4
2025-07-21 17:41:26 install ncurses-bin:amd64 <none> 6.4-4
2025-07-21 17:41:26 status half-installed ncurses-bin:amd64 6.4-4
2025-07-21 17:41:26 status unpacked ncurses-bin:amd64 6.4-4
2025-07-21 17:41:26 install sed:amd64 <none> 4.9-1
2025-07-21 17:41:26 status half-installed sed:amd64 4.9-1
2025-07-21 17:41:26 status unpacked sed:amd64 4.9-1
2025-07-21 17:41:26 install login:amd64 <none> 1:4.13+dfsg1-1+deb12u1
2025-07-21 17:41:26 status half-installed login:amd64 1:4.13+dfsg1-1+deb12u1
2025-07-21 17:41:26 status unpacked login:amd64 1:4.13+dfsg1-1+deb12u1
2025-07-21 17:41:26 install sysvinit-utils:amd64 <none> 3.06-4
2025-07-21 17:41:26 status half-installed sysvinit-utils:amd64 3.06-4
2025-07-21 17:41:26 status unpacked sysvinit-utils:amd64 3.06-4
2025-07-21 17:41:26 install tzdata:all <none> 2025b-0+deb12u1
2025-07-21 17:41:26 status half-installed tzdata:all 2025b-0+deb12u1
2025-07-21 17:41:26 status unpacked tzdata:all 2025b-0+deb12u1
2025-07-21 17:41:26 install util-linux-extra:amd64 <none> 2.38.1-5+deb12u3
2025-07-21 17:41:26 status half-installed util-linux-extra:amd64 2.38.1-5+deb12u3
2025-07-21 17:41:26 status unpacked util-linux-extra:amd64 2.38.1-5+deb12u3
2025-07-21 17:41:26 install util-linux:amd64 <none> 2.38.1-5+deb12u3
2025-07-21 17:41:26 status half-installed util-linux:amd64 2.38.1-5+deb12u3
2025-07-21 17:41:26 status unpacked util-linux:amd64 2.38.1-5+deb12u3
2025-07-21 17:41:26 install usr-is-merged:all <none> 37~deb12u1
2025-07-21 17:41:26 status half-installed usr-is-merged:all 37~deb12u1
2025-07-21 17:41:26 status unpacked usr-is-merged:all 37~deb12u1
2025-07-21 17:41:27 startup packages configure
2025-07-21 17:41:27 configure debian-archive-keyring:all 2023.3+deb12u2 <none>
2025-07-21 17:41:27 status unpacked debian-archive-keyring:all 2023.3+deb12u2
2025-07-21 17:41:27 status half-configured debian-archive-keyring:all 2023.3+deb12u2
2025-07-21 17:41:27 status installed debian-archive-keyring:all 2023.3+deb12u2
2025-07-21 17:41:27 configure usr-is-merged:all 37~deb12u1 <none>
2025-07-21 17:41:27 status unpacked usr-is-merged:all 37~deb12u1
2025-07-21 17:41:27 status half-configured usr-is-merged:all 37~deb12u1
2025-07-21 17:41:27 status installed usr-is-merged:all 37~deb12u1
2025-07-21 17:41:27 configure libaudit-common:all 1:3.0.9-1 <none>
2025-07-21 17:41:27 status unpacked libaudit-common:all 1:3.0.9-1
2025-07-21 17:41:27 status half-configured libaudit-common:all 1:3.0.9-1
2025-07-21 17:41:27 status installed libaudit-common:all 1:3.0.9-1
2025-07-21 17:41:27 configure libsemanage-common:all 3.4-1 <none>
2025-07-21 17:41:27 status unpacked libsemanage-common:all 3.4-1
2025-07-21 17:41:27 status half-configured libsemanage-common:all 3.4-1
2025-07-21 17:41:27 status installed libsemanage-common:all 3.4-1
2025-07-21 17:41:27 configure debconf:all 1.5.82 <none>
2025-07-21 17:41:27 status unpacked debconf:all 1.5.82
2025-07-21 17:41:27 status half-configured debconf:all 1.5.82
2025-07-21 17:41:27 status installed debconf:all 1.5.82
2025-07-21 17:41:27 configure gcc-12-base:amd64 12.2.0-14+deb12u1 <none>
2025-07-21 17:41:27 status unpacked gcc-12-base:amd64 12.2.0-14+deb12u1
2025-07-21 17:41:27 status half-configured gcc-12-base:amd64 12.2.0-14+deb12u1
2025-07-21 17:41:27 status installed gcc-12-base:amd64 12.2.0-14+deb12u1
2025-07-21 17:41:27 configure tzdata:all 2025b-0+deb12u1 <none>
2025-07-21 17:41:27 status unpacked tzdata:all 2025b-0+deb12u1
2025-07-21 17:41:27 status half-configured tzdata:all 2025b-0+deb12u1
2025-07-21 17:41:28 status installed tzdata:all 2025b-0+deb12u1
2025-07-21 17:41:28 configure ncurses-base:all 6.4-4 <none>
2025-07-21 17:41:28 status unpacked ncurses-base:all 6.4-4
2025-07-21 17:41:28 status half-configured ncurses-base:all 6.4-4
2025-07-21 17:41:28 status installed ncurses-base:all 6.4-4
2025-07-21 17:41:28 configure init-system-helpers:all 1.65.2 <none>
2025-07-21 17:41:28 status unpacked init-system-helpers:all 1.65.2
2025-07-21 17:41:28 status half-configured init-system-helpers:all 1.65.2
2025-07-21 17:41:28 status installed init-system-helpers:all 1.65.2
2025-07-21 17:41:28 configure libgcc-s1:amd64 12.2.0-14+deb12u1 <none>
2025-07-21 17:41:28 status unpacked libgcc-s1:amd64 12.2.0-14+deb12u1
2025-07-21 17:41:28 status half-configured libgcc-s1:amd64 12.2.0-14+deb12u1
2025-07-21 17:41:28 status installed libgcc-s1:amd64 12.2.0-14+deb12u1
2025-07-21 17:41:28 configure libc6:amd64 2.36-9+deb12u10 <none>
2025-07-21 17:41:28 status unpacked libc6:amd64 2.36-9+deb12u10
2025-07-21 17:41:28 status half-configured libc6:amd64 2.36-9+deb12u10
2025-07-21 17:41:28 status installed libc6:amd64 2.36-9+deb12u10
2025-07-21 17:41:28 configure libudev1:amd64 252.36-1~deb12u1 <none>
2025-07-21 17:41:28 status unpacked libudev1:amd64 252.36-1~deb12u1
2025-07-21 17:41:28 status half-configured libudev1:amd64 252.36-1~deb12u1
2025-07-21 17:41:28 status installed libudev1:amd64 252.36-1~deb12u1
2025-07-21 17:41:28 configure libffi8:amd64 3.4.4-1 <none>
2025-07-21 17:41:28 status unpacked libffi8:amd64 3.4.4-1
2025-07-21 17:41:28 status half-configured libffi8:amd64 3.4.4-1
2025-07-21 17:41:28 status installed libffi8:amd64 3.4.4-1
2025-07-21 17:41:28 configure libmd0:amd64 1.0.4-2 <none>
2025-07-21 17:41:28 status unpacked libmd0:amd64 1.0.4-2
2025-07-21 17:41:28 status half-configured libmd0:amd64 1.0.4-2
2025-07-21 17:41:28 status installed libmd0:amd64 1.0.4-2
2025-07-21 17:41:28 configure libxxhash0:amd64 0.8.1-1 <none>
2025-07-21 17:41:28 status unpacked libxxhash0:amd64 0.8.1-1
2025-07-21 17:41:28 status half-configured libxxhash0:amd64 0.8.1-1
2025-07-21 17:41:28 status installed libxxhash0:amd64 0.8.1-1
2025-07-21 17:41:28 configure libattr1:amd64 1:2.5.1-4 <none>
2025-07-21 17:41:28 status unpacked libattr1:amd64 1:2.5.1-4
2025-07-21 17:41:28 status half-configured libattr1:amd64 1:2.5.1-4
2025-07-21 17:41:28 status installed libattr1:amd64 1:2.5.1-4
2025-07-21 17:41:28 configure sysvinit-utils:amd64 3.06-4 <none>
2025-07-21 17:41:28 status unpacked sysvinit-utils:amd64 3.06-4
2025-07-21 17:41:28 status half-configured sysvinit-utils:amd64 3.06-4
2025-07-21 17:41:28 status installed sysvinit-utils:amd64 3.06-4
2025-07-21 17:41:28 configure libtasn1-6:amd64 4.19.0-2+deb12u1 <none>
2025-07-21 17:41:28 status unpacked libtasn1-6:amd64 4.19.0-2+deb12u1
2025-07-21 17:41:28 status half-configured libtasn1-6:amd64 4.19.0-2+deb12u1
2025-07-21 17:41:28 status installed libtasn1-6:amd64 4.19.0-2+deb12u1
2025-07-21 17:41:28 configure debianutils:amd64 5.7-0.5~deb12u1 <none>
2025-07-21 17:41:28 status unpacked debianutils:amd64 5.7-0.5~deb12u1
2025-07-21 17:41:28 status half-configured debianutils:amd64 5.7-0.5~deb12u1
2025-07-21 17:41:28 status installed debianutils:amd64 5.7-0.5~deb12u1
2025-07-21 17:41:28 configure mawk:amd64 1.3.4.20200120-3.1 <none>
2025-07-21 17:41:28 status unpacked mawk:amd64 1.3.4.20200120-3.1
2025-07-21 17:41:28 status half-configured mawk:amd64 1.3.4.20200120-3.1
2025-07-21 17:41:28 status installed mawk:amd64 1.3.4.20200120-3.1
2025-07-21 17:41:28 configure libdebconfclient0:amd64 0.270 <none>
2025-07-21 17:41:28 status unpacked libdebconfclient0:amd64 0.270
2025-07-21 17:41:28 status half-configured libdebconfclient0:amd64 0.270
2025-07-21 17:41:28 status installed libdebconfclient0:amd64 0.270
2025-07-21 17:41:28 configure base-files:amd64 12.4+deb12u11 <none>
2025-07-21 17:41:28 status unpacked base-files:amd64 12.4+deb12u11
2025-07-21 17:41:28 status half-configured base-files:amd64 12.4+deb12u11
2025-07-21 17:41:28 status installed base-files:amd64 12.4+deb12u11
2025-07-21 17:41:28 configure libbz2-1.0:amd64 1.0.8-5+b1 <none>
2025-07-21 17:41:28 status unpacked libbz2-1.0:amd64 1.0.8-5+b1
2025-07-21 17:41:28 status half-configured libbz2-1.0:amd64 1.0.8-5+b1
2025-07-21 17:41:28 status installed libbz2-1.0:amd64 1.0.8-5+b1
2025-07-21 17:41:28 configure libdb5.3:amd64 5.3.28+dfsg2-1 <none>
2025-07-21 17:41:28 status unpacked libdb5.3:amd64 5.3.28+dfsg2-1
2025-07-21 17:41:28 status half-configured libdb5.3:amd64 5.3.28+dfsg2-1
2025-07-21 17:41:28 status installed libdb5.3:amd64 5.3.28+dfsg2-1
2025-07-21 17:41:28 configure libblkid1:amd64 2.38.1-5+deb12u3 <none>
2025-07-21 17:41:28 status unpacked libblkid1:amd64 2.38.1-5+deb12u3
2025-07-21 17:41:28 status half-configured libblkid1:amd64 2.38.1-5+deb12u3
2025-07-21 17:41:28 status installed libblkid1:amd64 2.38.1-5+deb12u3
2025-07-21 17:41:28 configure libstdc++6:amd64 12.2.0-14+deb12u1 <none>
2025-07-21 17:41:28 status unpacked libstdc++6:amd64 12.2.0-14+deb12u1
2025-07-21 17:41:28 status half-configured libstdc++6:amd64 12.2.0-14+deb12u1
2025-07-21 17:41:28 status installed libstdc++6:amd64 12.2.0-14+deb12u1
2025-07-21 17:41:28 configure libtinfo6:amd64 6.4-4 <none>
2025-07-21 17:41:28 status unpacked libtinfo6:amd64 6.4-4
2025-07-21 17:41:28 status half-configured libtinfo6:amd64 6.4-4
2025-07-21 17:41:28 status installed libtinfo6:amd64 6.4-4
2025-07-21 17:41:28 configure bash:amd64 5.2.15-2+b8 <none>
2025-07-21 17:41:28 status unpacked bash:amd64 5.2.15-2+b8
2025-07-21 17:41:28 status half-configured bash:amd64 5.2.15-2+b8
2025-07-21 17:41:28 status installed bash:amd64 5.2.15-2+b8
2025-07-21 17:41:28 configure libzstd1:amd64 1.5.4+dfsg2-5 <none>
2025-07-21 17:41:28 status unpacked libzstd1:amd64 1.5.4+dfsg2-5
2025-07-21 17:41:28 status half-configured libzstd1:amd64 1.5.4+dfsg2-5
2025-07-21 17:41:28 status installed libzstd1:amd64 1.5.4+dfsg2-5
2025-07-21 17:41:28 configure liblzma5:amd64 5.4.1-1 <none>
2025-07-21 17:41:28 status unpacked liblzma5:amd64 5.4.1-1
2025-07-21 17:41:28 status half-configured liblzma5:amd64 5.4.1-1
2025-07-21 17:41:28 status installed liblzma5:amd64 5.4.1-1
2025-07-21 17:41:28 configure libgpg-error0:amd64 1.46-1 <none>
2025-07-21 17:41:28 status unpacked libgpg-error0:amd64 1.46-1
2025-07-21 17:41:28 status half-configured libgpg-error0:amd64 1.46-1
2025-07-21 17:41:28 status installed libgpg-error0:amd64 1.46-1
2025-07-21 17:41:28 configure liblz4-1:amd64 1.9.4-1 <none>
2025-07-21 17:41:28 status unpacked liblz4-1:amd64 1.9.4-1
2025-07-21 17:41:28 status half-configured liblz4-1:amd64 1.9.4-1
2025-07-21 17:41:28 status installed liblz4-1:amd64 1.9.4-1
2025-07-21 17:41:28 configure libc-bin:amd64 2.36-9+deb12u10 <none>
2025-07-21 17:41:28 status unpacked libc-bin:amd64 2.36-9+deb12u10
2025-07-21 17:41:28 status half-configured libc-bin:amd64 2.36-9+deb12u10
2025-07-21 17:41:28 status installed libc-bin:amd64 2.36-9+deb12u10
2025-07-21 17:41:28 configure ncurses-bin:amd64 6.4-4 <none>
2025-07-21 17:41:28 status unpacked ncurses-bin:amd64 6.4-4
2025-07-21 17:41:28 status half-configured ncurses-bin:amd64 6.4-4
2025-07-21 17:41:28 status installed ncurses-bin:amd64 6.4-4
2025-07-21 17:41:28 configure libacl1:amd64 2.3.1-3 <none>
2025-07-21 17:41:28 status triggers-pending libc-bin:amd64 2.36-9+deb12u10
2025-07-21 17:41:28 status unpacked libacl1:amd64 2.3.1-3
2025-07-21 17:41:28 status half-configured libacl1:amd64 2.3.1-3
2025-07-21 17:41:28 status installed libacl1:amd64 2.3.1-3
2025-07-21 17:41:28 configure libunistring2:amd64 1.0-2 <none>
2025-07-21 17:41:28 status unpacked libunistring2:amd64 1.0-2
2025-07-21 17:41:28 status half-configured libunistring2:amd64 1.0-2
2025-07-21 17:41:28 status installed libunistring2:amd64 1.0-2
2025-07-21 17:41:28 configure libsmartcols1:amd64 2.38.1-5+deb12u3 <none>
2025-07-21 17:41:28 status unpacked libsmartcols1:amd64 2.38.1-5+deb12u3
2025-07-21 17:41:28 status half-configured libsmartcols1:amd64 2.38.1-5+deb12u3
2025-07-21 17:41:28 status installed libsmartcols1:amd64 2.38.1-5+deb12u3
2025-07-21 17:41:28 configure libgcrypt20:amd64 1.10.1-3 <none>
2025-07-21 17:41:28 status unpacked libgcrypt20:amd64 1.10.1-3
2025-07-21 17:41:28 status half-configured libgcrypt20:amd64 1.10.1-3
2025-07-21 17:41:28 status installed libgcrypt20:amd64 1.10.1-3
2025-07-21 17:41:28 configure zlib1g:amd64 1:1.2.13.dfsg-1 <none>
2025-07-21 17:41:28 status unpacked zlib1g:amd64 1:1.2.13.dfsg-1
2025-07-21 17:41:28 status half-configured zlib1g:amd64 1:1.2.13.dfsg-1
2025-07-21 17:41:28 status installed zlib1g:amd64 1:1.2.13.dfsg-1
2025-07-21 17:41:28 configure libcrypt1:amd64 1:4.4.33-2 <none>
2025-07-21 17:41:28 status unpacked libcrypt1:amd64 1:4.4.33-2
2025-07-21 17:41:28 status half-configured libcrypt1:amd64 1:4.4.33-2
2025-07-21 17:41:28 status installed libcrypt1:amd64 1:4.4.33-2
2025-07-21 17:41:28 configure libidn2-0:amd64 2.3.3-1+b1 <none>
2025-07-21 17:41:28 status unpacked libidn2-0:amd64 2.3.3-1+b1
2025-07-21 17:41:28 status half-configured libidn2-0:amd64 2.3.3-1+b1
2025-07-21 17:41:28 status installed libidn2-0:amd64 2.3.3-1+b1
2025-07-21 17:41:28 configure libcom-err2:amd64 1.47.0-2 <none>
2025-07-21 17:41:28 status unpacked libcom-err2:amd64 1.47.0-2
2025-07-21 17:41:28 status half-configured libcom-err2:amd64 1.47.0-2
2025-07-21 17:41:28 status installed libcom-err2:amd64 1.47.0-2
2025-07-21 17:41:28 configure diffutils:amd64 1:3.8-4 <none>
2025-07-21 17:41:28 status unpacked diffutils:amd64 1:3.8-4
2025-07-21 17:41:28 status half-configured diffutils:amd64 1:3.8-4
2025-07-21 17:41:28 status installed diffutils:amd64 1:3.8-4
2025-07-21 17:41:28 configure libseccomp2:amd64 2.5.4-1+deb12u1 <none>
2025-07-21 17:41:28 status unpacked libseccomp2:amd64 2.5.4-1+deb12u1
2025-07-21 17:41:28 status half-configured libseccomp2:amd64 2.5.4-1+deb12u1
2025-07-21 17:41:28 status installed libseccomp2:amd64 2.5.4-1+deb12u1
2025-07-21 17:41:28 configure libcap2:amd64 1:2.66-4+deb12u1 <none>
2025-07-21 17:41:28 status unpacked libcap2:amd64 1:2.66-4+deb12u1
2025-07-21 17:41:28 status half-configured libcap2:amd64 1:2.66-4+deb12u1
2025-07-21 17:41:28 status installed libcap2:amd64 1:2.66-4+deb12u1
2025-07-21 17:41:28 configure hostname:amd64 3.23+nmu1 <none>
2025-07-21 17:41:28 status unpacked hostname:amd64 3.23+nmu1
2025-07-21 17:41:28 status half-configured hostname:amd64 3.23+nmu1
2025-07-21 17:41:28 status installed hostname:amd64 3.23+nmu1
2025-07-21 17:41:28 configure libcap-ng0:amd64 0.8.3-1+b3 <none>
2025-07-21 17:41:28 status unpacked libcap-ng0:amd64 0.8.3-1+b3
2025-07-21 17:41:28 status half-configured libcap-ng0:amd64 0.8.3-1+b3
2025-07-21 17:41:28 status installed libcap-ng0:amd64 0.8.3-1+b3
2025-07-21 17:41:28 configure libext2fs2:amd64 1.47.0-2 <none>
2025-07-21 17:41:28 status unpacked libext2fs2:amd64 1.47.0-2
2025-07-21 17:41:28 status half-configured libext2fs2:amd64 1.47.0-2
2025-07-21 17:41:28 status installed libext2fs2:amd64 1.47.0-2
2025-07-21 17:41:28 configure libnettle8:amd64 3.8.1-2 <none>
2025-07-21 17:41:28 status unpacked libnettle8:amd64 3.8.1-2
2025-07-21 17:41:28 status half-configured libnettle8:amd64 3.8.1-2
2025-07-21 17:41:28 status installed libnettle8:amd64 3.8.1-2
2025-07-21 17:41:28 configure libgmp10:amd64 2:6.2.1+dfsg1-1.1 <none>
2025-07-21 17:41:28 status unpacked libgmp10:amd64 2:6.2.1+dfsg1-1.1
2025-07-21 17:41:28 status half-configured libgmp10:amd64 2:6.2.1+dfsg1-1.1
2025-07-21 17:41:28 status installed libgmp10:amd64 2:6.2.1+dfsg1-1.1
2025-07-21 17:41:28 configure libp11-kit0:amd64 0.24.1-2 <none>
2025-07-21 17:41:28 status unpacked libp11-kit0:amd64 0.24.1-2
2025-07-21 17:41:28 status half-configured libp11-kit0:amd64 0.24.1-2
2025-07-21 17:41:28 status installed libp11-kit0:amd64 0.24.1-2
2025-07-21 17:41:28 configure libaudit1:amd64 1:3.0.9-1 <none>
2025-07-21 17:41:28 status unpacked libaudit1:amd64 1:3.0.9-1
2025-07-21 17:41:28 status half-configured libaudit1:amd64 1:3.0.9-1
2025-07-21 17:41:28 status installed libaudit1:amd64 1:3.0.9-1
2025-07-21 17:41:28 configure libuuid1:amd64 2.38.1-5+deb12u3 <none>
2025-07-21 17:41:28 status unpacked libuuid1:amd64 2.38.1-5+deb12u3
2025-07-21 17:41:28 status half-configured libuuid1:amd64 2.38.1-5+deb12u3
2025-07-21 17:41:28 status installed libuuid1:amd64 2.38.1-5+deb12u3
2025-07-21 17:41:28 configure libss2:amd64 1.47.0-2 <none>
2025-07-21 17:41:28 status unpacked libss2:amd64 1.47.0-2
2025-07-21 17:41:28 status half-configured libss2:amd64 1.47.0-2
2025-07-21 17:41:28 status installed libss2:amd64 1.47.0-2
2025-07-21 17:41:28 configure libsepol2:amd64 3.4-2.1 <none>
2025-07-21 17:41:28 status unpacked libsepol2:amd64 3.4-2.1
2025-07-21 17:41:28 status half-configured libsepol2:amd64 3.4-2.1
2025-07-21 17:41:28 status installed libsepol2:amd64 3.4-2.1
2025-07-21 17:41:28 configure libpcre2-8-0:amd64 10.42-1 <none>
2025-07-21 17:41:28 status unpacked libpcre2-8-0:amd64 10.42-1
2025-07-21 17:41:28 status half-configured libpcre2-8-0:amd64 10.42-1
2025-07-21 17:41:28 status installed libpcre2-8-0:amd64 10.42-1
2025-07-21 17:41:28 configure logsave:amd64 1.47.0-2 <none>
2025-07-21 17:41:28 status unpacked logsave:amd64 1.47.0-2
2025-07-21 17:41:28 status half-configured logsave:amd64 1.47.0-2
2025-07-21 17:41:28 status installed logsave:amd64 1.47.0-2
2025-07-21 17:41:28 configure gpgv:amd64 2.2.40-1.1 <none>
2025-07-21 17:41:28 status unpacked gpgv:amd64 2.2.40-1.1
2025-07-21 17:41:28 status half-configured gpgv:amd64 2.2.40-1.1
2025-07-21 17:41:28 status installed gpgv:amd64 2.2.40-1.1
2025-07-21 17:41:28 configure util-linux-extra:amd64 2.38.1-5+deb12u3 <none>
2025-07-21 17:41:28 status unpacked util-linux-extra:amd64 2.38.1-5+deb12u3
2025-07-21 17:41:28 status half-configured util-linux-extra:amd64 2.38.1-5+deb12u3
2025-07-21 17:41:28 status installed util-linux-extra:amd64 2.38.1-5+deb12u3
2025-07-21 17:41:28 configure libhogweed6:amd64 3.8.1-2 <none>
2025-07-21 17:41:28 status unpacked libhogweed6:amd64 3.8.1-2
2025-07-21 17:41:28 status half-configured libhogweed6:amd64 3.8.1-2
2025-07-21 17:41:28 status installed libhogweed6:amd64 3.8.1-2
2025-07-21 17:41:28 configure e2fsprogs:amd64 1.47.0-2 <none>
2025-07-21 17:41:28 status unpacked e2fsprogs:amd64 1.47.0-2
2025-07-21 17:41:28 status half-configured e2fsprogs:amd64 1.47.0-2
2025-07-21 17:41:28 status installed e2fsprogs:amd64 1.47.0-2
2025-07-21 17:41:28 configure libsystemd0:amd64 252.36-1~deb12u1 <none>
2025-07-21 17:41:28 status unpacked libsystemd0:amd64 252.36-1~deb12u1
2025-07-21 17:41:28 status half-configured libsystemd0:amd64 252.36-1~deb12u1
2025-07-21 17:41:28 status installed libsystemd0:amd64 252.36-1~deb12u1
2025-07-21 17:41:28 configure libselinux1:amd64 3.4-1+b6 <none>
2025-07-21 17:41:28 status unpacked libselinux1:amd64 3.4-1+b6
2025-07-21 17:41:28 status half-configured libselinux1:amd64 3.4-1+b6
2025-07-21 17:41:28 status installed libselinux1:amd64 3.4-1+b6
2025-07-21 17:41:28 configure libgnutls30:amd64 3.7.9-2+deb12u4 <none>
2025-07-21 17:41:28 status unpacked libgnutls30:amd64 3.7.9-2+deb12u4
2025-07-21 17:41:28 status half-configured libgnutls30:amd64 3.7.9-2+deb12u4
2025-07-21 17:41:28 status installed libgnutls30:amd64 3.7.9-2+deb12u4
2025-07-21 17:41:28 configure libpam0g:amd64 1.5.2-6+deb12u1 <none>
2025-07-21 17:41:28 status unpacked libpam0g:amd64 1.5.2-6+deb12u1
2025-07-21 17:41:28 status half-configured libpam0g:amd64 1.5.2-6+deb12u1
2025-07-21 17:41:28 status installed libpam0g:amd64 1.5.2-6+deb12u1
2025-07-21 17:41:28 configure libapt-pkg6.0:amd64 2.6.1 <none>
2025-07-21 17:41:28 status unpacked libapt-pkg6.0:amd64 2.6.1
2025-07-21 17:41:28 status half-configured libapt-pkg6.0:amd64 2.6.1
2025-07-21 17:41:28 status installed libapt-pkg6.0:amd64 2.6.1
2025-07-21 17:41:28 configure sed:amd64 4.9-1 <none>
2025-07-21 17:41:28 status unpacked sed:amd64 4.9-1
2025-07-21 17:41:28 status half-configured sed:amd64 4.9-1
2025-07-21 17:41:28 status installed sed:amd64 4.9-1
2025-07-21 17:41:28 configure findutils:amd64 4.9.0-4 <none>
2025-07-21 17:41:28 status unpacked findutils:amd64 4.9.0-4
2025-07-21 17:41:28 status half-configured findutils:amd64 4.9.0-4
2025-07-21 17:41:28 status installed findutils:amd64 4.9.0-4
2025-07-21 17:41:28 configure libmount1:amd64 2.38.1-5+deb12u3 <none>
2025-07-21 17:41:28 status unpacked libmount1:amd64 2.38.1-5+deb12u3
2025-07-21 17:41:28 status half-configured libmount1:amd64 2.38.1-5+deb12u3
2025-07-21 17:41:28 status installed libmount1:amd64 2.38.1-5+deb12u3
2025-07-21 17:41:28 configure libsemanage2:amd64 3.4-1+b5 <none>
2025-07-21 17:41:28 status unpacked libsemanage2:amd64 3.4-1+b5
2025-07-21 17:41:28 status half-configured libsemanage2:amd64 3.4-1+b5
2025-07-21 17:41:28 status installed libsemanage2:amd64 3.4-1+b5
2025-07-21 17:41:28 configure base-passwd:amd64 3.6.1 <none>
2025-07-21 17:41:28 status unpacked base-passwd:amd64 3.6.1
2025-07-21 17:41:28 status half-configured base-passwd:amd64 3.6.1
2025-07-21 17:41:28 status installed base-passwd:amd64 3.6.1
2025-07-21 17:41:28 configure bsdutils:amd64 1:2.38.1-5+deb12u3 <none>
2025-07-21 17:41:28 status unpacked bsdutils:amd64 1:2.38.1-5+deb12u3
2025-07-21 17:41:28 status half-configured bsdutils:amd64 1:2.38.1-5+deb12u3
2025-07-21 17:41:28 status installed bsdutils:amd64 1:2.38.1-5+deb12u3
2025-07-21 17:41:29 configure tar:amd64 1.34+dfsg-1.2+deb12u1 <none>
2025-07-21 17:41:29 status unpacked tar:amd64 1.34+dfsg-1.2+deb12u1
2025-07-21 17:41:29 status half-configured tar:amd64 1.34+dfsg-1.2+deb12u1
2025-07-21 17:41:29 status installed tar:amd64 1.34+dfsg-1.2+deb12u1
2025-07-21 17:41:29 configure libpam-modules-bin:amd64 1.5.2-6+deb12u1 <none>
2025-07-21 17:41:29 status unpacked libpam-modules-bin:amd64 1.5.2-6+deb12u1
2025-07-21 17:41:29 status half-configured libpam-modules-bin:amd64 1.5.2-6+deb12u1
2025-07-21 17:41:29 status installed libpam-modules-bin:amd64 1.5.2-6+deb12u1
2025-07-21 17:41:29 configure coreutils:amd64 9.1-1 <none>
2025-07-21 17:41:29 status unpacked coreutils:amd64 9.1-1
2025-07-21 17:41:29 status half-configured coreutils:amd64 9.1-1
2025-07-21 17:41:29 status installed coreutils:amd64 9.1-1
2025-07-21 17:41:29 configure util-linux:amd64 2.38.1-5+deb12u3 <none>
2025-07-21 17:41:29 status unpacked util-linux:amd64 2.38.1-5+deb12u3
2025-07-21 17:41:29 status half-configured util-linux:amd64 2.38.1-5+deb12u3
2025-07-21 17:41:29 status installed util-linux:amd64 2.38.1-5+deb12u3
2025-07-21 17:41:29 configure dpkg:amd64 1.21.22 <none>
2025-07-21 17:41:29 status unpacked dpkg:amd64 1.21.22
2025-07-21 17:41:29 status half-configured dpkg:amd64 1.21.22
2025-07-21 17:41:29 status installed dpkg:amd64 1.21.22
2025-07-21 17:41:29 configure mount:amd64 2.38.1-5+deb12u3 <none>
2025-07-21 17:41:29 status unpacked mount:amd64 2.38.1-5+deb12u3
2025-07-21 17:41:29 status half-configured mount:amd64 2.38.1-5+deb12u3
2025-07-21 17:41:29 status installed mount:amd64 2.38.1-5+deb12u3
2025-07-21 17:41:29 configure dash:amd64 0.5.12-2 <none>
2025-07-21 17:41:29 status unpacked dash:amd64 0.5.12-2
2025-07-21 17:41:29 status half-configured dash:amd64 0.5.12-2
2025-07-21 17:41:29 status installed dash:amd64 0.5.12-2
2025-07-21 17:41:29 configure libpam-modules:amd64 1.5.2-6+deb12u1 <none>
2025-07-21 17:41:29 status unpacked libpam-modules:amd64 1.5.2-6+deb12u1
2025-07-21 17:41:29 status half-configured libpam-modules:amd64 1.5.2-6+deb12u1
2025-07-21 17:41:29 status installed libpam-modules:amd64 1.5.2-6+deb12u1
2025-07-21 17:41:29 configure grep:amd64 3.8-5 <none>
2025-07-21 17:41:29 status unpacked grep:amd64 3.8-5
2025-07-21 17:41:29 status half-configured grep:amd64 3.8-5
2025-07-21 17:41:29 status installed grep:amd64 3.8-5
2025-07-21 17:41:29 configure perl-base:amd64 5.36.0-7+deb12u2 <none>
2025-07-21 17:41:29 status unpacked perl-base:amd64 5.36.0-7+deb12u2
2025-07-21 17:41:29 status half-configured perl-base:amd64 5.36.0-7+deb12u2
2025-07-21 17:41:29 status installed perl-base:amd64 5.36.0-7+deb12u2
2025-07-21 17:41:29 configure gzip:amd64 1.12-1 <none>
2025-07-21 17:41:29 status unpacked gzip:amd64 1.12-1
2025-07-21 17:41:29 status half-configured gzip:amd64 1.12-1
2025-07-21 17:41:29 status installed gzip:amd64 1.12-1
2025-07-21 17:41:29 configure passwd:amd64 1:4.13+dfsg1-1+deb12u1 <none>
2025-07-21 17:41:29 status unpacked passwd:amd64 1:4.13+dfsg1-1+deb12u1
2025-07-21 17:41:29 status half-configured passwd:amd64 1:4.13+dfsg1-1+deb12u1
2025-07-21 17:41:29 status installed passwd:amd64 1:4.13+dfsg1-1+deb12u1
2025-07-21 17:41:29 configure libpam-runtime:all 1.5.2-6+deb12u1 <none>
2025-07-21 17:41:29 status unpacked libpam-runtime:all 1.5.2-6+deb12u1
2025-07-21 17:41:29 status half-configured libpam-runtime:all 1.5.2-6+deb12u1
2025-07-21 17:41:29 status installed libpam-runtime:all 1.5.2-6+deb12u1
2025-07-21 17:41:29 configure login:amd64 1:4.13+dfsg1-1+deb12u1 <none>
2025-07-21 17:41:29 status unpacked login:amd64 1:4.13+dfsg1-1+deb12u1
2025-07-21 17:41:29 status half-configured login:amd64 1:4.13+dfsg1-1+deb12u1
2025-07-21 17:41:29 status installed login:amd64 1:4.13+dfsg1-1+deb12u1
2025-07-21 17:41:29 configure adduser:all 3.134 <none>
2025-07-21 17:41:29 status unpacked adduser:all 3.134
2025-07-21 17:41:29 status half-configured adduser:all 3.134
2025-07-21 17:41:29 status installed adduser:all 3.134
2025-07-21 17:41:29 configure apt:amd64 2.6.1 <none>
2025-07-21 17:41:29 status unpacked apt:amd64 2.6.1
2025-07-21 17:41:29 status half-configured apt:amd64 2.6.1
2025-07-21 17:41:29 status installed apt:amd64 2.6.1
2025-07-21 17:41:29 trigproc libc-bin:amd64 2.36-9+deb12u10 <none>
2025-07-21 17:41:29 status half-configured libc-bin:amd64 2.36-9+deb12u10
2025-07-21 17:41:29 status installed libc-bin:amd64 2.36-9+deb12u10
2025-07-21 17:41:30 startup archives install
2025-07-21 17:41:30 install libssl3:amd64 <none> 3.0.16-1~deb12u1
2025-07-21 17:41:30 status triggers-pending libc-bin:amd64 2.36-9+deb12u10
2025-07-21 17:41:30 status half-installed libssl3:amd64 3.0.16-1~deb12u1
2025-07-21 17:41:30 status unpacked libssl3:amd64 3.0.16-1~deb12u1
2025-07-21 17:41:30 configure libssl3:amd64 3.0.16-1~deb12u1 3.0.16-1~deb12u1
2025-07-21 17:41:30 status half-configured libssl3:amd64 3.0.16-1~deb12u1
2025-07-21 17:41:30 status installed libssl3:amd64 3.0.16-1~deb12u1
2025-07-21 17:41:30 trigproc libc-bin:amd64 2.36-9+deb12u10 <none>
2025-07-21 17:41:30 status half-configured libc-bin:amd64 2.36-9+deb12u10
2025-07-21 17:41:30 status installed libc-bin:amd64 2.36-9+deb12u10
2025-07-21 17:41:30 startup archives install
2025-07-21 17:41:30 install libjson-c5:amd64 <none> 0.16-2
2025-07-21 17:41:30 status triggers-pending libc-bin:amd64 2.36-9+deb12u10
2025-07-21 17:41:30 status half-installed libjson-c5:amd64 0.16-2
2025-07-21 17:41:30 status unpacked libjson-c5:amd64 0.16-2
2025-07-21 17:41:30 install libapparmor1:amd64 <none> 3.0.8-3
2025-07-21 17:41:30 status half-installed libapparmor1:amd64 3.0.8-3
2025-07-21 17:41:30 status unpacked libapparmor1:amd64 3.0.8-3
2025-07-21 17:41:30 install libargon2-1:amd64 <none> 0~20171227-0.3+deb12u1
2025-07-21 17:41:30 status half-installed libargon2-1:amd64 0~20171227-0.3+deb12u1
2025-07-21 17:41:30 status unpacked libargon2-1:amd64 0~20171227-0.3+deb12u1
2025-07-21 17:41:30 install dmsetup:amd64 <none> 2:1.02.185-2
2025-07-21 17:41:30 status half-installed dmsetup:amd64 2:1.02.185-2
2025-07-21 17:41:30 status unpacked dmsetup:amd64 2:1.02.185-2
2025-07-21 17:41:30 install libdevmapper1.02.1:amd64 <none> 2:1.02.185-2
2025-07-21 17:41:30 status half-installed libdevmapper1.02.1:amd64 2:1.02.185-2
2025-07-21 17:41:30 status unpacked libdevmapper1.02.1:amd64 2:1.02.185-2
2025-07-21 17:41:30 install libcryptsetup12:amd64 <none> 2:2.6.1-4~deb12u2
2025-07-21 17:41:30 status half-installed libcryptsetup12:amd64 2:2.6.1-4~deb12u2
2025-07-21 17:41:30 status unpacked libcryptsetup12:amd64 2:2.6.1-4~deb12u2
2025-07-21 17:41:30 install libfdisk1:amd64 <none> 2.38.1-5+deb12u3
2025-07-21 17:41:30 status half-installed libfdisk1:amd64 2.38.1-5+deb12u3
2025-07-21 17:41:31 status unpacked libfdisk1:amd64 2.38.1-5+deb12u3
2025-07-21 17:41:31 install libkmod2:amd64 <none> 30+20221128-1
2025-07-21 17:41:31 status half-installed libkmod2:amd64 30+20221128-1
2025-07-21 17:41:31 status unpacked libkmod2:amd64 30+20221128-1
2025-07-21 17:41:31 install libip4tc2:amd64 <none> 1.8.9-2
2025-07-21 17:41:31 status half-installed libip4tc2:amd64 1.8.9-2
2025-07-21 17:41:31 status unpacked libip4tc2:amd64 1.8.9-2
2025-07-21 17:41:31 install libsystemd-shared:amd64 <none> 252.36-1~deb12u1
2025-07-21 17:41:31 status half-installed libsystemd-shared:amd64 252.36-1~deb12u1
2025-07-21 17:41:31 status unpacked libsystemd-shared:amd64 252.36-1~deb12u1
2025-07-21 17:41:31 install systemd:amd64 <none> 252.36-1~deb12u1
2025-07-21 17:41:31 status half-installed systemd:amd64 252.36-1~deb12u1
2025-07-21 17:41:31 status unpacked systemd:amd64 252.36-1~deb12u1
2025-07-21 17:41:32 configure libjson-c5:amd64 0.16-2 0.16-2
2025-07-21 17:41:32 status half-configured libjson-c5:amd64 0.16-2
2025-07-21 17:41:32 status installed libjson-c5:amd64 0.16-2
2025-07-21 17:41:32 configure libapparmor1:amd64 3.0.8-3 3.0.8-3
2025-07-21 17:41:32 status half-configured libapparmor1:amd64 3.0.8-3
2025-07-21 17:41:32 status installed libapparmor1:amd64 3.0.8-3
2025-07-21 17:41:32 configure libargon2-1:amd64 0~20171227-0.3+deb12u1 0~20171227-0.3+deb12u1
2025-07-21 17:41:32 status half-configured libargon2-1:amd64 0~20171227-0.3+deb12u1
2025-07-21 17:41:32 status installed libargon2-1:amd64 0~20171227-0.3+deb12u1
2025-07-21 17:41:32 configure libfdisk1:amd64 2.38.1-5+deb12u3 2.38.1-5+deb12u3
2025-07-21 17:41:32 status half-configured libfdisk1:amd64 2.38.1-5+deb12u3
2025-07-21 17:41:32 status installed libfdisk1:amd64 2.38.1-5+deb12u3
2025-07-21 17:41:32 configure libkmod2:amd64 30+20221128-1 30+20221128-1
2025-07-21 17:41:32 status half-configured libkmod2:amd64 30+20221128-1
2025-07-21 17:41:32 status installed libkmod2:amd64 30+20221128-1
2025-07-21 17:41:32 configure libip4tc2:amd64 1.8.9-2 1.8.9-2
2025-07-21 17:41:32 status half-configured libip4tc2:amd64 1.8.9-2
2025-07-21 17:41:32 status installed libip4tc2:amd64 1.8.9-2
2025-07-21 17:41:32 configure libsystemd-shared:amd64 252.36-1~deb12u1 252.36-1~deb12u1
2025-07-21 17:41:32 status half-configured libsystemd-shared:amd64 252.36-1~deb12u1
2025-07-21 17:41:32 status installed libsystemd-shared:amd64 252.36-1~deb12u1
2025-07-21 17:41:32 configure libdevmapper1.02.1:amd64 2:1.02.185-2 2:1.02.185-2
2025-07-21 17:41:32 status half-configured libdevmapper1.02.1:amd64 2:1.02.185-2
2025-07-21 17:41:32 status installed libdevmapper1.02.1:amd64 2:1.02.185-2
2025-07-21 17:41:32 configure libcryptsetup12:amd64 2:2.6.1-4~deb12u2 2:2.6.1-4~deb12u2
2025-07-21 17:41:32 status half-configured libcryptsetup12:amd64 2:2.6.1-4~deb12u2
2025-07-21 17:41:32 status installed libcryptsetup12:amd64 2:2.6.1-4~deb12u2
2025-07-21 17:41:32 configure systemd:amd64 252.36-1~deb12u1 252.36-1~deb12u1
2025-07-21 17:41:32 status half-configured systemd:amd64 252.36-1~deb12u1
2025-07-21 17:41:32 status installed systemd:amd64 252.36-1~deb12u1
2025-07-21 17:41:32 configure dmsetup:amd64 2:1.02.185-2 2:1.02.185-2
2025-07-21 17:41:32 status half-configured dmsetup:amd64 2:1.02.185-2
2025-07-21 17:41:32 status installed dmsetup:amd64 2:1.02.185-2
2025-07-21 17:41:32 trigproc libc-bin:amd64 2.36-9+deb12u10 <none>
2025-07-21 17:41:32 status half-configured libc-bin:amd64 2.36-9+deb12u10
2025-07-21 17:41:32 status installed libc-bin:amd64 2.36-9+deb12u10
2025-07-21 17:41:32 startup archives install
2025-07-21 17:41:32 install systemd-sysv:amd64 <none> 252.36-1~deb12u1
2025-07-21 17:41:32 status half-installed systemd-sysv:amd64 252.36-1~deb12u1
2025-07-21 17:41:32 status unpacked systemd-sysv:amd64 252.36-1~deb12u1
2025-07-21 17:41:32 configure systemd-sysv:amd64 252.36-1~deb12u1 252.36-1~deb12u1
2025-07-21 17:41:32 status half-configured systemd-sysv:amd64 252.36-1~deb12u1
2025-07-21 17:41:32 status installed systemd-sysv:amd64 252.36-1~deb12u1
2025-07-21 17:41:32 startup archives install
2025-07-21 17:41:32 install cron-daemon-common:all <none> 3.0pl1-162
2025-07-21 17:41:32 status half-installed cron-daemon-common:all 3.0pl1-162
2025-07-21 17:41:32 status unpacked cron-daemon-common:all 3.0pl1-162
2025-07-21 17:41:32 configure cron-daemon-common:all 3.0pl1-162 3.0pl1-162
2025-07-21 17:41:32 status half-configured cron-daemon-common:all 3.0pl1-162
2025-07-21 17:41:32 status installed cron-daemon-common:all 3.0pl1-162
2025-07-21 17:41:32 startup archives unpack
2025-07-21 17:41:32 install apt-utils:amd64 <none> 2.6.1
2025-07-21 17:41:32 status half-installed apt-utils:amd64 2.6.1
2025-07-21 17:41:33 status unpacked apt-utils:amd64 2.6.1
2025-07-21 17:41:33 install liblocale-gettext-perl:amd64 <none> 1.07-5
2025-07-21 17:41:33 status half-installed liblocale-gettext-perl:amd64 1.07-5
2025-07-21 17:41:33 status unpacked liblocale-gettext-perl:amd64 1.07-5
2025-07-21 17:41:33 install debconf-i18n:all <none> 1.5.82
2025-07-21 17:41:33 status half-installed debconf-i18n:all 1.5.82
2025-07-21 17:41:33 status unpacked debconf-i18n:all 1.5.82
2025-07-21 17:41:33 install libncursesw6:amd64 <none> 6.4-4
2025-07-21 17:41:33 status triggers-pending libc-bin:amd64 2.36-9+deb12u10
2025-07-21 17:41:33 status half-installed libncursesw6:amd64 6.4-4
2025-07-21 17:41:33 status unpacked libncursesw6:amd64 6.4-4
2025-07-21 17:41:33 install libkrb5support0:amd64 <none> 1.20.1-2+deb12u3
2025-07-21 17:41:33 status half-installed libkrb5support0:amd64 1.20.1-2+deb12u3
2025-07-21 17:41:33 status unpacked libkrb5support0:amd64 1.20.1-2+deb12u3
2025-07-21 17:41:33 install libk5crypto3:amd64 <none> 1.20.1-2+deb12u3
2025-07-21 17:41:33 status half-installed libk5crypto3:amd64 1.20.1-2+deb12u3
2025-07-21 17:41:33 status unpacked libk5crypto3:amd64 1.20.1-2+deb12u3
2025-07-21 17:41:33 install libkeyutils1:amd64 <none> 1.6.3-2
2025-07-21 17:41:33 status half-installed libkeyutils1:amd64 1.6.3-2
2025-07-21 17:41:33 status unpacked libkeyutils1:amd64 1.6.3-2
2025-07-21 17:41:33 install libkrb5-3:amd64 <none> 1.20.1-2+deb12u3
2025-07-21 17:41:33 status half-installed libkrb5-3:amd64 1.20.1-2+deb12u3
2025-07-21 17:41:33 status unpacked libkrb5-3:amd64 1.20.1-2+deb12u3
2025-07-21 17:41:33 install libgssapi-krb5-2:amd64 <none> 1.20.1-2+deb12u3
2025-07-21 17:41:33 status half-installed libgssapi-krb5-2:amd64 1.20.1-2+deb12u3
2025-07-21 17:41:33 status unpacked libgssapi-krb5-2:amd64 1.20.1-2+deb12u3
2025-07-21 17:41:33 install libreadline8:amd64 <none> 8.2-1.3
2025-07-21 17:41:33 status half-installed libreadline8:amd64 8.2-1.3
2025-07-21 17:41:33 status unpacked libreadline8:amd64 8.2-1.3
2025-07-21 17:41:33 install libbsd0:amd64 <none> 0.11.7-2
2025-07-21 17:41:33 status half-installed libbsd0:amd64 0.11.7-2
2025-07-21 17:41:33 status unpacked libbsd0:amd64 0.11.7-2
2025-07-21 17:41:33 install libedit2:amd64 <none> 3.1-20221030-2
2025-07-21 17:41:33 status half-installed libedit2:amd64 3.1-20221030-2
2025-07-21 17:41:33 status unpacked libedit2:amd64 3.1-20221030-2
2025-07-21 17:41:33 install cpio:amd64 <none> 2.13+dfsg-7.1
2025-07-21 17:41:33 status half-installed cpio:amd64 2.13+dfsg-7.1
2025-07-21 17:41:33 status unpacked cpio:amd64 2.13+dfsg-7.1
2025-07-21 17:41:34 install cron:amd64 <none> 3.0pl1-162
2025-07-21 17:41:34 status half-installed cron:amd64 3.0pl1-162
2025-07-21 17:41:34 status unpacked cron:amd64 3.0pl1-162
2025-07-21 17:41:34 install dmidecode:amd64 <none> 3.4-1
2025-07-21 17:41:34 status half-installed dmidecode:amd64 3.4-1
2025-07-21 17:41:34 status unpacked dmidecode:amd64 3.4-1
2025-07-21 17:41:34 install libelf1:amd64 <none> 0.188-2.1
2025-07-21 17:41:34 status half-installed libelf1:amd64 0.188-2.1
2025-07-21 17:41:34 status unpacked libelf1:amd64 0.188-2.1
2025-07-21 17:41:34 install libbpf1:amd64 <none> 1:1.1.0-1
2025-07-21 17:41:34 status half-installed libbpf1:amd64 1:1.1.0-1
2025-07-21 17:41:34 status unpacked libbpf1:amd64 1:1.1.0-1
2025-07-21 17:41:34 install libmnl0:amd64 <none> 1.0.4-3
2025-07-21 17:41:34 status half-installed libmnl0:amd64 1.0.4-3
2025-07-21 17:41:34 status unpacked libmnl0:amd64 1.0.4-3
2025-07-21 17:41:34 install libcap2-bin:amd64 <none> 1:2.66-4+deb12u1
2025-07-21 17:41:34 status half-installed libcap2-bin:amd64 1:2.66-4+deb12u1
2025-07-21 17:41:34 status unpacked libcap2-bin:amd64 1:2.66-4+deb12u1
2025-07-21 17:41:34 install iproute2:amd64 <none> 6.1.0-3
2025-07-21 17:41:34 status half-installed iproute2:amd64 6.1.0-3
2025-07-21 17:41:34 status unpacked iproute2:amd64 6.1.0-3
2025-07-21 17:41:34 install isc-dhcp-common:amd64 <none> 4.4.3-P1-2
2025-07-21 17:41:34 status half-installed isc-dhcp-common:amd64 4.4.3-P1-2
2025-07-21 17:41:34 status unpacked isc-dhcp-common:amd64 4.4.3-P1-2
2025-07-21 17:41:34 install isc-dhcp-client:amd64 <none> 4.4.3-P1-2
2025-07-21 17:41:34 status half-installed isc-dhcp-client:amd64 4.4.3-P1-2
2025-07-21 17:41:34 status unpacked isc-dhcp-client:amd64 4.4.3-P1-2
2025-07-21 17:41:34 install ifupdown:amd64 <none> 0.8.41
2025-07-21 17:41:34 status half-installed ifupdown:amd64 0.8.41
2025-07-21 17:41:34 status unpacked ifupdown:amd64 0.8.41
2025-07-21 17:41:34 install init:amd64 <none> 1.65.2
2025-07-21 17:41:34 status half-installed init:amd64 1.65.2
2025-07-21 17:41:34 status unpacked init:amd64 1.65.2
2025-07-21 17:41:34 install iputils-ping:amd64 <none> 3:20221126-1+deb12u1
2025-07-21 17:41:34 status half-installed iputils-ping:amd64 3:20221126-1+deb12u1
2025-07-21 17:41:34 status unpacked iputils-ping:amd64 3:20221126-1+deb12u1
2025-07-21 17:41:34 install kmod:amd64 <none> 30+20221128-1
2025-07-21 17:41:34 status half-installed kmod:amd64 30+20221128-1
2025-07-21 17:41:34 status unpacked kmod:amd64 30+20221128-1
2025-07-21 17:41:34 install less:amd64 <none> 590-2.1~deb12u2
2025-07-21 17:41:34 status half-installed less:amd64 590-2.1~deb12u2
2025-07-21 17:41:34 status unpacked less:amd64 590-2.1~deb12u2
2025-07-21 17:41:34 install libpopt0:amd64 <none> 1.19+dfsg-1
2025-07-21 17:41:34 status half-installed libpopt0:amd64 1.19+dfsg-1
2025-07-21 17:41:34 status unpacked libpopt0:amd64 1.19+dfsg-1
2025-07-21 17:41:34 install libnewt0.52:amd64 <none> 0.52.23-1+b1
2025-07-21 17:41:34 status half-installed libnewt0.52:amd64 0.52.23-1+b1
2025-07-21 17:41:34 status unpacked libnewt0.52:amd64 0.52.23-1+b1
2025-07-21 17:41:34 install libjansson4:amd64 <none> 2.14-2
2025-07-21 17:41:34 status half-installed libjansson4:amd64 2.14-2
2025-07-21 17:41:34 status unpacked libjansson4:amd64 2.14-2
2025-07-21 17:41:34 install libnftnl11:amd64 <none> 1.2.4-2
2025-07-21 17:41:34 status half-installed libnftnl11:amd64 1.2.4-2
2025-07-21 17:41:34 status unpacked libnftnl11:amd64 1.2.4-2
2025-07-21 17:41:34 install libnftables1:amd64 <none> 1.0.6-2+deb12u2
2025-07-21 17:41:34 status half-installed libnftables1:amd64 1.0.6-2+deb12u2
2025-07-21 17:41:34 status unpacked libnftables1:amd64 1.0.6-2+deb12u2
2025-07-21 17:41:34 install libproc2-0:amd64 <none> 2:4.0.2-3
2025-07-21 17:41:34 status half-installed libproc2-0:amd64 2:4.0.2-3
2025-07-21 17:41:34 status unpacked libproc2-0:amd64 2:4.0.2-3
2025-07-21 17:41:34 install fdisk:amd64 <none> 2.38.1-5+deb12u3
2025-07-21 17:41:34 status half-installed fdisk:amd64 2.38.1-5+deb12u3
2025-07-21 17:41:34 status unpacked fdisk:amd64 2.38.1-5+deb12u3
2025-07-21 17:41:34 install libtext-charwidth-perl:amd64 <none> 0.04-11
2025-07-21 17:41:34 status half-installed libtext-charwidth-perl:amd64 0.04-11
2025-07-21 17:41:34 status unpacked libtext-charwidth-perl:amd64 0.04-11
2025-07-21 17:41:34 install libtext-iconv-perl:amd64 <none> 1.7-8
2025-07-21 17:41:34 status half-installed libtext-iconv-perl:amd64 1.7-8
2025-07-21 17:41:34 status unpacked libtext-iconv-perl:amd64 1.7-8
2025-07-21 17:41:34 install libtext-wrapi18n-perl:all <none> 0.06-10
2025-07-21 17:41:34 status half-installed libtext-wrapi18n-perl:all 0.06-10
2025-07-21 17:41:35 status unpacked libtext-wrapi18n-perl:all 0.06-10
2025-07-21 17:41:35 install sensible-utils:all <none> 0.0.17+nmu1
2025-07-21 17:41:35 status half-installed sensible-utils:all 0.0.17+nmu1
2025-07-21 17:41:35 status unpacked sensible-utils:all 0.0.17+nmu1
2025-07-21 17:41:35 install libtirpc-common:all <none> 1.3.3+ds-1
2025-07-21 17:41:35 status half-installed libtirpc-common:all 1.3.3+ds-1
2025-07-21 17:41:35 status unpacked libtirpc-common:all 1.3.3+ds-1
2025-07-21 17:41:35 install libtirpc3:amd64 <none> 1.3.3+ds-1
2025-07-21 17:41:35 status half-installed libtirpc3:amd64 1.3.3+ds-1
2025-07-21 17:41:35 status unpacked libtirpc3:amd64 1.3.3+ds-1
2025-07-21 17:41:35 install readline-common:all <none> 8.2-1.3
2025-07-21 17:41:35 status half-installed readline-common:all 8.2-1.3
2025-07-21 17:41:35 status unpacked readline-common:all 8.2-1.3
2025-07-21 17:41:35 install netbase:all <none> 6.4
2025-07-21 17:41:35 status half-installed netbase:all 6.4
2025-07-21 17:41:35 status unpacked netbase:all 6.4
2025-07-21 17:41:35 install libxtables12:amd64 <none> 1.8.9-2
2025-07-21 17:41:35 status half-installed libxtables12:amd64 1.8.9-2
2025-07-21 17:41:35 status unpacked libxtables12:amd64 1.8.9-2
2025-07-21 17:41:35 install logrotate:amd64 <none> 3.21.0-1
2025-07-21 17:41:35 status half-installed logrotate:amd64 3.21.0-1
2025-07-21 17:41:35 status unpacked logrotate:amd64 3.21.0-1
2025-07-21 17:41:35 install nano:amd64 <none> 7.2-1+deb12u1
2025-07-21 17:41:35 status half-installed nano:amd64 7.2-1+deb12u1
2025-07-21 17:41:35 status unpacked nano:amd64 7.2-1+deb12u1
2025-07-21 17:41:35 install libslang2:amd64 <none> 2.3.3-3
2025-07-21 17:41:35 status half-installed libslang2:amd64 2.3.3-3
2025-07-21 17:41:35 status unpacked libslang2:amd64 2.3.3-3
2025-07-21 17:41:35 install whiptail:amd64 <none> 0.52.23-1+b1
2025-07-21 17:41:35 status half-installed whiptail:amd64 0.52.23-1+b1
2025-07-21 17:41:35 status unpacked whiptail:amd64 0.52.23-1+b1
2025-07-21 17:41:35 install nftables:amd64 <none> 1.0.6-2+deb12u2
2025-07-21 17:41:35 status half-installed nftables:amd64 1.0.6-2+deb12u2
2025-07-21 17:41:35 status unpacked nftables:amd64 1.0.6-2+deb12u2
2025-07-21 17:41:35 install procps:amd64 <none> 2:4.0.2-3
2025-07-21 17:41:35 status half-installed procps:amd64 2:4.0.2-3
2025-07-21 17:41:35 status unpacked procps:amd64 2:4.0.2-3
2025-07-21 17:41:35 install udev:amd64 <none> 252.36-1~deb12u1
2025-07-21 17:41:35 status half-installed udev:amd64 252.36-1~deb12u1
2025-07-21 17:41:35 status unpacked udev:amd64 252.36-1~deb12u1
2025-07-21 17:41:35 install tasksel:all <none> 3.73
2025-07-21 17:41:35 status half-installed tasksel:all 3.73
2025-07-21 17:41:35 status unpacked tasksel:all 3.73
2025-07-21 17:41:35 install tasksel-data:all <none> 3.73
2025-07-21 17:41:35 status half-installed tasksel-data:all 3.73
2025-07-21 17:41:35 status unpacked tasksel-data:all 3.73
2025-07-21 17:41:35 install vim-common:all <none> 2:9.0.1378-2+deb12u2
2025-07-21 17:41:35 status half-installed vim-common:all 2:9.0.1378-2+deb12u2
2025-07-21 17:41:35 status unpacked vim-common:all 2:9.0.1378-2+deb12u2
2025-07-21 17:41:35 install vim-tiny:amd64 <none> 2:9.0.1378-2+deb12u2
2025-07-21 17:41:35 status half-installed vim-tiny:amd64 2:9.0.1378-2+deb12u2
2025-07-21 17:41:36 status unpacked vim-tiny:amd64 2:9.0.1378-2+deb12u2
2025-07-21 17:41:36 trigproc libc-bin:amd64 2.36-9+deb12u10 <none>
2025-07-21 17:41:36 status half-configured libc-bin:amd64 2.36-9+deb12u10
2025-07-21 17:41:36 status installed libc-bin:amd64 2.36-9+deb12u10
2025-07-21 17:41:36 startup packages configure
2025-07-21 17:41:36 configure cpio:amd64 2.13+dfsg-7.1 <none>
2025-07-21 17:41:36 status unpacked cpio:amd64 2.13+dfsg-7.1
2025-07-21 17:41:36 status half-configured cpio:amd64 2.13+dfsg-7.1
2025-07-21 17:41:36 status installed cpio:amd64 2.13+dfsg-7.1
2025-07-21 17:41:36 configure libtext-iconv-perl:amd64 1.7-8 <none>
2025-07-21 17:41:36 status unpacked libtext-iconv-perl:amd64 1.7-8
2025-07-21 17:41:36 status half-configured libtext-iconv-perl:amd64 1.7-8
2025-07-21 17:41:36 status installed libtext-iconv-perl:amd64 1.7-8
2025-07-21 17:41:36 configure libtext-charwidth-perl:amd64 0.04-11 <none>
2025-07-21 17:41:36 status unpacked libtext-charwidth-perl:amd64 0.04-11
2025-07-21 17:41:36 status half-configured libtext-charwidth-perl:amd64 0.04-11
2025-07-21 17:41:36 status installed libtext-charwidth-perl:amd64 0.04-11
2025-07-21 17:41:36 configure libkeyutils1:amd64 1.6.3-2 <none>
2025-07-21 17:41:36 status triggers-pending libc-bin:amd64 2.36-9+deb12u10
2025-07-21 17:41:36 status unpacked libkeyutils1:amd64 1.6.3-2
2025-07-21 17:41:36 status half-configured libkeyutils1:amd64 1.6.3-2
2025-07-21 17:41:36 status installed libkeyutils1:amd64 1.6.3-2
2025-07-21 17:41:36 configure apt-utils:amd64 2.6.1 <none>
2025-07-21 17:41:36 status unpacked apt-utils:amd64 2.6.1
2025-07-21 17:41:36 status half-configured apt-utils:amd64 2.6.1
2025-07-21 17:41:36 status installed apt-utils:amd64 2.6.1
2025-07-21 17:41:36 configure init:amd64 1.65.2 <none>
2025-07-21 17:41:36 status unpacked init:amd64 1.65.2
2025-07-21 17:41:36 status half-configured init:amd64 1.65.2
2025-07-21 17:41:36 status installed init:amd64 1.65.2
2025-07-21 17:41:36 configure libtirpc-common:all 1.3.3+ds-1 <none>
2025-07-21 17:41:36 status unpacked libtirpc-common:all 1.3.3+ds-1
2025-07-21 17:41:36 status half-configured libtirpc-common:all 1.3.3+ds-1
2025-07-21 17:41:36 status installed libtirpc-common:all 1.3.3+ds-1
2025-07-21 17:41:36 configure less:amd64 590-2.1~deb12u2 <none>
2025-07-21 17:41:36 status unpacked less:amd64 590-2.1~deb12u2
2025-07-21 17:41:36 status half-configured less:amd64 590-2.1~deb12u2
2025-07-21 17:41:36 status installed less:amd64 590-2.1~deb12u2
2025-07-21 17:41:36 configure kmod:amd64 30+20221128-1 <none>
2025-07-21 17:41:36 status unpacked kmod:amd64 30+20221128-1
2025-07-21 17:41:36 status half-configured kmod:amd64 30+20221128-1
2025-07-21 17:41:36 status installed kmod:amd64 30+20221128-1
2025-07-21 17:41:36 configure libtext-wrapi18n-perl:all 0.06-10 <none>
2025-07-21 17:41:36 status unpacked libtext-wrapi18n-perl:all 0.06-10
2025-07-21 17:41:36 status half-configured libtext-wrapi18n-perl:all 0.06-10
2025-07-21 17:41:36 status installed libtext-wrapi18n-perl:all 0.06-10
2025-07-21 17:41:36 configure libjansson4:amd64 2.14-2 <none>
2025-07-21 17:41:36 status unpacked libjansson4:amd64 2.14-2
2025-07-21 17:41:36 status half-configured libjansson4:amd64 2.14-2
2025-07-21 17:41:36 status installed libjansson4:amd64 2.14-2
2025-07-21 17:41:36 configure libkrb5support0:amd64 1.20.1-2+deb12u3 <none>
2025-07-21 17:41:36 status unpacked libkrb5support0:amd64 1.20.1-2+deb12u3
2025-07-21 17:41:36 status half-configured libkrb5support0:amd64 1.20.1-2+deb12u3
2025-07-21 17:41:36 status installed libkrb5support0:amd64 1.20.1-2+deb12u3
2025-07-21 17:41:36 configure libcap2-bin:amd64 1:2.66-4+deb12u1 <none>
2025-07-21 17:41:36 status unpacked libcap2-bin:amd64 1:2.66-4+deb12u1
2025-07-21 17:41:36 status half-configured libcap2-bin:amd64 1:2.66-4+deb12u1
2025-07-21 17:41:36 status installed libcap2-bin:amd64 1:2.66-4+deb12u1
2025-07-21 17:41:36 configure vim-common:all 2:9.0.1378-2+deb12u2 <none>
2025-07-21 17:41:36 status unpacked vim-common:all 2:9.0.1378-2+deb12u2
2025-07-21 17:41:36 status half-configured vim-common:all 2:9.0.1378-2+deb12u2
2025-07-21 17:41:36 status installed vim-common:all 2:9.0.1378-2+deb12u2
2025-07-21 17:41:36 configure libslang2:amd64 2.3.3-3 <none>
2025-07-21 17:41:36 status unpacked libslang2:amd64 2.3.3-3
2025-07-21 17:41:36 status half-configured libslang2:amd64 2.3.3-3
2025-07-21 17:41:36 status installed libslang2:amd64 2.3.3-3
2025-07-21 17:41:36 configure libproc2-0:amd64 2:4.0.2-3 <none>
2025-07-21 17:41:36 status unpacked libproc2-0:amd64 2:4.0.2-3
2025-07-21 17:41:36 status half-configured libproc2-0:amd64 2:4.0.2-3
2025-07-21 17:41:36 status installed libproc2-0:amd64 2:4.0.2-3
2025-07-21 17:41:36 configure libmnl0:amd64 1.0.4-3 <none>
2025-07-21 17:41:36 status unpacked libmnl0:amd64 1.0.4-3
2025-07-21 17:41:36 status half-configured libmnl0:amd64 1.0.4-3
2025-07-21 17:41:36 status installed libmnl0:amd64 1.0.4-3
2025-07-21 17:41:36 configure udev:amd64 252.36-1~deb12u1 <none>
2025-07-21 17:41:36 status unpacked udev:amd64 252.36-1~deb12u1
2025-07-21 17:41:36 status half-configured udev:amd64 252.36-1~deb12u1
2025-07-21 17:41:37 status installed udev:amd64 252.36-1~deb12u1
2025-07-21 17:41:37 configure libncursesw6:amd64 6.4-4 <none>
2025-07-21 17:41:37 status unpacked libncursesw6:amd64 6.4-4
2025-07-21 17:41:37 status half-configured libncursesw6:amd64 6.4-4
2025-07-21 17:41:37 status installed libncursesw6:amd64 6.4-4
2025-07-21 17:41:37 configure libk5crypto3:amd64 1.20.1-2+deb12u3 <none>
2025-07-21 17:41:37 status unpacked libk5crypto3:amd64 1.20.1-2+deb12u3
2025-07-21 17:41:37 status half-configured libk5crypto3:amd64 1.20.1-2+deb12u3
2025-07-21 17:41:37 status installed libk5crypto3:amd64 1.20.1-2+deb12u3
2025-07-21 17:41:37 configure libxtables12:amd64 1.8.9-2 <none>
2025-07-21 17:41:37 status unpacked libxtables12:amd64 1.8.9-2
2025-07-21 17:41:37 status half-configured libxtables12:amd64 1.8.9-2
2025-07-21 17:41:37 status installed libxtables12:amd64 1.8.9-2
2025-07-21 17:41:37 configure nano:amd64 7.2-1+deb12u1 <none>
2025-07-21 17:41:37 status unpacked nano:amd64 7.2-1+deb12u1
2025-07-21 17:41:37 status half-configured nano:amd64 7.2-1+deb12u1
2025-07-21 17:41:37 status installed nano:amd64 7.2-1+deb12u1
2025-07-21 17:41:37 configure sensible-utils:all 0.0.17+nmu1 <none>
2025-07-21 17:41:37 status unpacked sensible-utils:all 0.0.17+nmu1
2025-07-21 17:41:37 status half-configured sensible-utils:all 0.0.17+nmu1
2025-07-21 17:41:37 status installed sensible-utils:all 0.0.17+nmu1
2025-07-21 17:41:37 configure procps:amd64 2:4.0.2-3 <none>
2025-07-21 17:41:37 status unpacked procps:amd64 2:4.0.2-3
2025-07-21 17:41:37 status half-configured procps:amd64 2:4.0.2-3
2025-07-21 17:41:37 status installed procps:amd64 2:4.0.2-3
2025-07-21 17:41:37 configure netbase:all 6.4 <none>
2025-07-21 17:41:37 status unpacked netbase:all 6.4
2025-07-21 17:41:37 status half-configured netbase:all 6.4
2025-07-21 17:41:37 status installed netbase:all 6.4
2025-07-21 17:41:37 configure isc-dhcp-common:amd64 4.4.3-P1-2 <none>
2025-07-21 17:41:37 status unpacked isc-dhcp-common:amd64 4.4.3-P1-2
2025-07-21 17:41:37 status half-configured isc-dhcp-common:amd64 4.4.3-P1-2
2025-07-21 17:41:37 status installed isc-dhcp-common:amd64 4.4.3-P1-2
2025-07-21 17:41:37 configure libkrb5-3:amd64 1.20.1-2+deb12u3 <none>
2025-07-21 17:41:37 status unpacked libkrb5-3:amd64 1.20.1-2+deb12u3
2025-07-21 17:41:37 status half-configured libkrb5-3:amd64 1.20.1-2+deb12u3
2025-07-21 17:41:37 status installed libkrb5-3:amd64 1.20.1-2+deb12u3
2025-07-21 17:41:37 configure dmidecode:amd64 3.4-1 <none>
2025-07-21 17:41:37 status unpacked dmidecode:amd64 3.4-1
2025-07-21 17:41:37 status half-configured dmidecode:amd64 3.4-1
2025-07-21 17:41:37 status installed dmidecode:amd64 3.4-1
2025-07-21 17:41:37 configure libbsd0:amd64 0.11.7-2 <none>
2025-07-21 17:41:37 status unpacked libbsd0:amd64 0.11.7-2
2025-07-21 17:41:37 status half-configured libbsd0:amd64 0.11.7-2
2025-07-21 17:41:37 status installed libbsd0:amd64 0.11.7-2
2025-07-21 17:41:37 configure libelf1:amd64 0.188-2.1 <none>
2025-07-21 17:41:37 status unpacked libelf1:amd64 0.188-2.1
2025-07-21 17:41:37 status half-configured libelf1:amd64 0.188-2.1
2025-07-21 17:41:37 status installed libelf1:amd64 0.188-2.1
2025-07-21 17:41:37 configure iputils-ping:amd64 3:20221126-1+deb12u1 <none>
2025-07-21 17:41:37 status unpacked iputils-ping:amd64 3:20221126-1+deb12u1
2025-07-21 17:41:37 status half-configured iputils-ping:amd64 3:20221126-1+deb12u1
2025-07-21 17:41:37 status installed iputils-ping:amd64 3:20221126-1+deb12u1
2025-07-21 17:41:37 configure readline-common:all 8.2-1.3 <none>
2025-07-21 17:41:37 status unpacked readline-common:all 8.2-1.3
2025-07-21 17:41:37 status half-configured readline-common:all 8.2-1.3
2025-07-21 17:41:37 status installed readline-common:all 8.2-1.3
2025-07-21 17:41:37 configure liblocale-gettext-perl:amd64 1.07-5 <none>
2025-07-21 17:41:37 status unpacked liblocale-gettext-perl:amd64 1.07-5
2025-07-21 17:41:37 status half-configured liblocale-gettext-perl:amd64 1.07-5
2025-07-21 17:41:37 status installed liblocale-gettext-perl:amd64 1.07-5
2025-07-21 17:41:37 configure libbpf1:amd64 1:1.1.0-1 <none>
2025-07-21 17:41:37 status unpacked libbpf1:amd64 1:1.1.0-1
2025-07-21 17:41:37 status half-configured libbpf1:amd64 1:1.1.0-1
2025-07-21 17:41:37 status installed libbpf1:amd64 1:1.1.0-1
2025-07-21 17:41:37 configure libpopt0:amd64 1.19+dfsg-1 <none>
2025-07-21 17:41:37 status unpacked libpopt0:amd64 1.19+dfsg-1
2025-07-21 17:41:37 status half-configured libpopt0:amd64 1.19+dfsg-1
2025-07-21 17:41:37 status installed libpopt0:amd64 1.19+dfsg-1
2025-07-21 17:41:37 configure logrotate:amd64 3.21.0-1 <none>
2025-07-21 17:41:37 status unpacked logrotate:amd64 3.21.0-1
2025-07-21 17:41:37 status half-configured logrotate:amd64 3.21.0-1
2025-07-21 17:41:37 status installed logrotate:amd64 3.21.0-1
2025-07-21 17:41:37 configure libnewt0.52:amd64 0.52.23-1+b1 <none>
2025-07-21 17:41:37 status unpacked libnewt0.52:amd64 0.52.23-1+b1
2025-07-21 17:41:37 status half-configured libnewt0.52:amd64 0.52.23-1+b1
2025-07-21 17:41:37 status installed libnewt0.52:amd64 0.52.23-1+b1
2025-07-21 17:41:37 configure libedit2:amd64 3.1-20221030-2 <none>
2025-07-21 17:41:37 status unpacked libedit2:amd64 3.1-20221030-2
2025-07-21 17:41:37 status half-configured libedit2:amd64 3.1-20221030-2
2025-07-21 17:41:37 status installed libedit2:amd64 3.1-20221030-2
2025-07-21 17:41:37 configure libreadline8:amd64 8.2-1.3 <none>
2025-07-21 17:41:37 status unpacked libreadline8:amd64 8.2-1.3
2025-07-21 17:41:37 status half-configured libreadline8:amd64 8.2-1.3
2025-07-21 17:41:37 status installed libreadline8:amd64 8.2-1.3
2025-07-21 17:41:37 configure cron:amd64 3.0pl1-162 <none>
2025-07-21 17:41:37 status unpacked cron:amd64 3.0pl1-162
2025-07-21 17:41:37 status half-configured cron:amd64 3.0pl1-162
2025-07-21 17:41:38 status installed cron:amd64 3.0pl1-162
2025-07-21 17:41:38 configure debconf-i18n:all 1.5.82 <none>
2025-07-21 17:41:38 status unpacked debconf-i18n:all 1.5.82
2025-07-21 17:41:38 status half-configured debconf-i18n:all 1.5.82
2025-07-21 17:41:38 status installed debconf-i18n:all 1.5.82
2025-07-21 17:41:38 configure libnftnl11:amd64 1.2.4-2 <none>
2025-07-21 17:41:38 status unpacked libnftnl11:amd64 1.2.4-2
2025-07-21 17:41:38 status half-configured libnftnl11:amd64 1.2.4-2
2025-07-21 17:41:38 status installed libnftnl11:amd64 1.2.4-2
2025-07-21 17:41:38 configure vim-tiny:amd64 2:9.0.1378-2+deb12u2 <none>
2025-07-21 17:41:38 status unpacked vim-tiny:amd64 2:9.0.1378-2+deb12u2
2025-07-21 17:41:38 status half-configured vim-tiny:amd64 2:9.0.1378-2+deb12u2
2025-07-21 17:41:38 status installed vim-tiny:amd64 2:9.0.1378-2+deb12u2
2025-07-21 17:41:38 configure fdisk:amd64 2.38.1-5+deb12u3 <none>
2025-07-21 17:41:38 status unpacked fdisk:amd64 2.38.1-5+deb12u3
2025-07-21 17:41:38 status half-configured fdisk:amd64 2.38.1-5+deb12u3
2025-07-21 17:41:38 status installed fdisk:amd64 2.38.1-5+deb12u3
2025-07-21 17:41:38 configure libgssapi-krb5-2:amd64 1.20.1-2+deb12u3 <none>
2025-07-21 17:41:38 status unpacked libgssapi-krb5-2:amd64 1.20.1-2+deb12u3
2025-07-21 17:41:38 status half-configured libgssapi-krb5-2:amd64 1.20.1-2+deb12u3
2025-07-21 17:41:38 status installed libgssapi-krb5-2:amd64 1.20.1-2+deb12u3
2025-07-21 17:41:38 configure whiptail:amd64 0.52.23-1+b1 <none>
2025-07-21 17:41:38 status unpacked whiptail:amd64 0.52.23-1+b1
2025-07-21 17:41:38 status half-configured whiptail:amd64 0.52.23-1+b1
2025-07-21 17:41:38 status installed whiptail:amd64 0.52.23-1+b1
2025-07-21 17:41:38 configure libtirpc3:amd64 1.3.3+ds-1 <none>
2025-07-21 17:41:38 status unpacked libtirpc3:amd64 1.3.3+ds-1
2025-07-21 17:41:38 status half-configured libtirpc3:amd64 1.3.3+ds-1
2025-07-21 17:41:38 status installed libtirpc3:amd64 1.3.3+ds-1
2025-07-21 17:41:38 configure libnftables1:amd64 1.0.6-2+deb12u2 <none>
2025-07-21 17:41:38 status unpacked libnftables1:amd64 1.0.6-2+deb12u2
2025-07-21 17:41:38 status half-configured libnftables1:amd64 1.0.6-2+deb12u2
2025-07-21 17:41:38 status installed libnftables1:amd64 1.0.6-2+deb12u2
2025-07-21 17:41:38 configure nftables:amd64 1.0.6-2+deb12u2 <none>
2025-07-21 17:41:38 status unpacked nftables:amd64 1.0.6-2+deb12u2
2025-07-21 17:41:38 status half-configured nftables:amd64 1.0.6-2+deb12u2
2025-07-21 17:41:38 status installed nftables:amd64 1.0.6-2+deb12u2
2025-07-21 17:41:38 configure iproute2:amd64 6.1.0-3 <none>
2025-07-21 17:41:38 status unpacked iproute2:amd64 6.1.0-3
2025-07-21 17:41:38 status half-configured iproute2:amd64 6.1.0-3
2025-07-21 17:41:38 status installed iproute2:amd64 6.1.0-3
2025-07-21 17:41:38 configure isc-dhcp-client:amd64 4.4.3-P1-2 <none>
2025-07-21 17:41:38 status unpacked isc-dhcp-client:amd64 4.4.3-P1-2
2025-07-21 17:41:38 status half-configured isc-dhcp-client:amd64 4.4.3-P1-2
2025-07-21 17:41:38 status installed isc-dhcp-client:amd64 4.4.3-P1-2
2025-07-21 17:41:38 configure ifupdown:amd64 0.8.41 <none>
2025-07-21 17:41:38 status unpacked ifupdown:amd64 0.8.41
2025-07-21 17:41:38 status half-configured ifupdown:amd64 0.8.41
2025-07-21 17:41:38 status installed ifupdown:amd64 0.8.41
2025-07-21 17:41:38 configure tasksel:all 3.73 <none>
2025-07-21 17:41:38 status unpacked tasksel:all 3.73
2025-07-21 17:41:38 status half-configured tasksel:all 3.73
2025-07-21 17:41:38 status installed tasksel:all 3.73
2025-07-21 17:41:38 configure tasksel-data:all 3.73 <none>
2025-07-21 17:41:38 status unpacked tasksel-data:all 3.73
2025-07-21 17:41:38 status half-configured tasksel-data:all 3.73
2025-07-21 17:41:38 status installed tasksel-data:all 3.73
2025-07-21 17:41:38 trigproc libc-bin:amd64 2.36-9+deb12u10 <none>
2025-07-21 17:41:38 status half-configured libc-bin:amd64 2.36-9+deb12u10
2025-07-21 17:41:38 status installed libc-bin:amd64 2.36-9+deb12u10
2025-07-21 17:41:40 startup archives unpack
2025-07-21 17:41:40 install libc-l10n:all <none> 2.36-9+deb12u10
2025-07-21 17:41:40 status half-installed libc-l10n:all 2.36-9+deb12u10
2025-07-21 17:41:40 status unpacked libc-l10n:all 2.36-9+deb12u10
2025-07-21 17:41:40 install locales:all <none> 2.36-9+deb12u10
2025-07-21 17:41:40 status half-installed locales:all 2.36-9+deb12u10
2025-07-21 17:41:41 status unpacked locales:all 2.36-9+deb12u10
2025-07-21 17:41:41 startup packages configure
2025-07-21 17:41:41 configure libc-l10n:all 2.36-9+deb12u10 <none>
2025-07-21 17:41:41 status unpacked libc-l10n:all 2.36-9+deb12u10
2025-07-21 17:41:41 status half-configured libc-l10n:all 2.36-9+deb12u10
2025-07-21 17:41:41 status installed libc-l10n:all 2.36-9+deb12u10
2025-07-21 17:41:41 configure locales:all 2.36-9+deb12u10 <none>
2025-07-21 17:41:41 status unpacked locales:all 2.36-9+deb12u10
2025-07-21 17:41:41 status half-configured locales:all 2.36-9+deb12u10
2025-07-21 17:41:41 status installed locales:all 2.36-9+deb12u10
2025-07-21 19:41:44 startup archives unpack
2025-07-21 19:41:44 install busybox:amd64 <none> 1:1.35.0-4+b4
2025-07-21 19:41:44 status half-installed busybox:amd64 1:1.35.0-4+b4
2025-07-21 19:41:44 status unpacked busybox:amd64 1:1.35.0-4+b4
2025-07-21 19:41:44 startup packages configure
2025-07-21 19:41:44 configure busybox:amd64 1:1.35.0-4+b4 <none>
2025-07-21 19:41:44 status unpacked busybox:amd64 1:1.35.0-4+b4
2025-07-21 19:41:44 status half-configured busybox:amd64 1:1.35.0-4+b4
2025-07-21 19:41:44 status installed busybox:amd64 1:1.35.0-4+b4
2025-07-21 19:41:45 startup archives unpack
2025-07-21 19:41:45 install zstd:amd64 <none> 1.5.4+dfsg2-5
2025-07-21 19:41:45 status half-installed zstd:amd64 1.5.4+dfsg2-5
2025-07-21 19:41:45 status unpacked zstd:amd64 1.5.4+dfsg2-5
2025-07-21 19:41:45 startup packages configure
2025-07-21 19:41:45 configure zstd:amd64 1.5.4+dfsg2-5 <none>
2025-07-21 19:41:45 status unpacked zstd:amd64 1.5.4+dfsg2-5
2025-07-21 19:41:45 status half-configured zstd:amd64 1.5.4+dfsg2-5
2025-07-21 19:41:45 status installed zstd:amd64 1.5.4+dfsg2-5
2025-07-21 19:41:45 startup archives unpack
2025-07-21 19:41:45 install libklibc:amd64 <none> 2.0.12-1
2025-07-21 19:41:45 status half-installed libklibc:amd64 2.0.12-1
2025-07-21 19:41:45 status unpacked libklibc:amd64 2.0.12-1
2025-07-21 19:41:45 install klibc-utils:amd64 <none> 2.0.12-1
2025-07-21 19:41:45 status half-installed klibc-utils:amd64 2.0.12-1
2025-07-21 19:41:45 status unpacked klibc-utils:amd64 2.0.12-1
2025-07-21 19:41:45 install initramfs-tools-core:all <none> 0.142+deb12u3
2025-07-21 19:41:45 status half-installed initramfs-tools-core:all 0.142+deb12u3
2025-07-21 19:41:45 status unpacked initramfs-tools-core:all 0.142+deb12u3
2025-07-21 19:41:45 install linux-base:all <none> 4.9
2025-07-21 19:41:45 status half-installed linux-base:all 4.9
2025-07-21 19:41:45 status unpacked linux-base:all 4.9
2025-07-21 19:41:45 install initramfs-tools:all <none> 0.142+deb12u3
2025-07-21 19:41:45 status half-installed initramfs-tools:all 0.142+deb12u3
2025-07-21 19:41:45 status unpacked initramfs-tools:all 0.142+deb12u3
2025-07-21 19:41:45 startup packages configure
2025-07-21 19:41:45 configure linux-base:all 4.9 <none>
2025-07-21 19:41:45 status unpacked linux-base:all 4.9
2025-07-21 19:41:45 status half-configured linux-base:all 4.9
2025-07-21 19:41:45 status installed linux-base:all 4.9
2025-07-21 19:41:45 configure libklibc:amd64 2.0.12-1 <none>
2025-07-21 19:41:45 status unpacked libklibc:amd64 2.0.12-1
2025-07-21 19:41:45 status half-configured libklibc:amd64 2.0.12-1
2025-07-21 19:41:45 status installed libklibc:amd64 2.0.12-1
2025-07-21 19:41:45 configure klibc-utils:amd64 2.0.12-1 <none>
2025-07-21 19:41:45 status unpacked klibc-utils:amd64 2.0.12-1
2025-07-21 19:41:45 status half-configured klibc-utils:amd64 2.0.12-1
2025-07-21 19:41:45 status installed klibc-utils:amd64 2.0.12-1
2025-07-21 19:41:45 configure initramfs-tools-core:all 0.142+deb12u3 <none>
2025-07-21 19:41:45 status unpacked initramfs-tools-core:all 0.142+deb12u3
2025-07-21 19:41:45 status half-configured initramfs-tools-core:all 0.142+deb12u3
2025-07-21 19:41:45 status installed initramfs-tools-core:all 0.142+deb12u3
2025-07-21 19:41:45 configure initramfs-tools:all 0.142+deb12u3 <none>
2025-07-21 19:41:45 status unpacked initramfs-tools:all 0.142+deb12u3
2025-07-21 19:41:45 status half-configured initramfs-tools:all 0.142+deb12u3
2025-07-21 19:41:45 status installed initramfs-tools:all 0.142+deb12u3
2025-07-21 19:41:45 status triggers-pending initramfs-tools:all 0.142+deb12u3
2025-07-21 19:41:45 trigproc initramfs-tools:all 0.142+deb12u3 <none>
2025-07-21 19:41:45 status half-configured initramfs-tools:all 0.142+deb12u3
2025-07-21 19:41:45 status installed initramfs-tools:all 0.142+deb12u3
2025-07-21 19:41:46 startup archives unpack
2025-07-21 19:41:46 install apparmor:amd64 <none> 3.0.8-3
2025-07-21 19:41:46 status half-installed apparmor:amd64 3.0.8-3
2025-07-21 19:41:46 status unpacked apparmor:amd64 3.0.8-3
2025-07-21 19:41:46 install firmware-linux-free:all <none> 20200122-1
2025-07-21 19:41:46 status half-installed firmware-linux-free:all 20200122-1
2025-07-21 19:41:46 status unpacked firmware-linux-free:all 20200122-1
2025-07-21 19:41:46 install linux-image-6.1.0-35-amd64:amd64 <none> 6.1.137-1
2025-07-21 19:41:46 status half-installed linux-image-6.1.0-35-amd64:amd64 6.1.137-1
2025-07-21 19:41:56 status unpacked linux-image-6.1.0-35-amd64:amd64 6.1.137-1
2025-07-21 19:41:56 install linux-image-amd64:amd64 <none> 6.1.137-1
2025-07-21 19:41:56 status half-installed linux-image-amd64:amd64 6.1.137-1
2025-07-21 19:41:56 status unpacked linux-image-amd64:amd64 6.1.137-1
2025-07-21 19:41:56 startup packages configure
2025-07-21 19:41:56 configure firmware-linux-free:all 20200122-1 <none>
2025-07-21 19:41:56 status unpacked firmware-linux-free:all 20200122-1
2025-07-21 19:41:56 status half-configured firmware-linux-free:all 20200122-1
2025-07-21 19:41:56 status installed firmware-linux-free:all 20200122-1
2025-07-21 19:41:56 status triggers-pending initramfs-tools:all 0.142+deb12u3
2025-07-21 19:41:56 configure apparmor:amd64 3.0.8-3 <none>
2025-07-21 19:41:56 status unpacked apparmor:amd64 3.0.8-3
2025-07-21 19:41:56 status half-configured apparmor:amd64 3.0.8-3
2025-07-21 19:41:56 status installed apparmor:amd64 3.0.8-3
2025-07-21 19:41:56 configure linux-image-6.1.0-35-amd64:amd64 6.1.137-1 <none>
2025-07-21 19:41:56 status unpacked linux-image-6.1.0-35-amd64:amd64 6.1.137-1
2025-07-21 19:41:56 status half-configured linux-image-6.1.0-35-amd64:amd64 6.1.137-1
2025-07-21 19:42:17 status installed linux-image-6.1.0-35-amd64:amd64 6.1.137-1
2025-07-21 19:42:17 configure linux-image-amd64:amd64 6.1.137-1 <none>
2025-07-21 19:42:17 status unpacked linux-image-amd64:amd64 6.1.137-1
2025-07-21 19:42:17 status half-configured linux-image-amd64:amd64 6.1.137-1
2025-07-21 19:42:17 status installed linux-image-amd64:amd64 6.1.137-1
2025-07-21 19:42:17 trigproc initramfs-tools:all 0.142+deb12u3 <none>
2025-07-21 19:42:17 status half-configured initramfs-tools:all 0.142+deb12u3
2025-07-21 19:42:36 status installed initramfs-tools:all 0.142+deb12u3
2025-07-21 19:42:36 startup archives unpack
2025-07-21 19:42:36 install pci.ids:all <none> 0.0~2023.04.11-1
2025-07-21 19:42:36 status half-installed pci.ids:all 0.0~2023.04.11-1
2025-07-21 19:42:36 status unpacked pci.ids:all 0.0~2023.04.11-1
2025-07-21 19:42:36 install libpci3:amd64 <none> 1:3.9.0-4
2025-07-21 19:42:36 status triggers-pending libc-bin:amd64 2.36-9+deb12u10
2025-07-21 19:42:36 status half-installed libpci3:amd64 1:3.9.0-4
2025-07-21 19:42:36 status unpacked libpci3:amd64 1:3.9.0-4
2025-07-21 19:42:36 install pciutils:amd64 <none> 1:3.9.0-4
2025-07-21 19:42:36 status half-installed pciutils:amd64 1:3.9.0-4
2025-07-21 19:42:36 status unpacked pciutils:amd64 1:3.9.0-4
2025-07-21 19:42:36 startup packages configure
2025-07-21 19:42:36 configure pci.ids:all 0.0~2023.04.11-1 <none>
2025-07-21 19:42:36 status unpacked pci.ids:all 0.0~2023.04.11-1
2025-07-21 19:42:36 status half-configured pci.ids:all 0.0~2023.04.11-1
2025-07-21 19:42:36 status installed pci.ids:all 0.0~2023.04.11-1
2025-07-21 19:42:36 configure libpci3:amd64 1:3.9.0-4 <none>
2025-07-21 19:42:36 status unpacked libpci3:amd64 1:3.9.0-4
2025-07-21 19:42:36 status half-configured libpci3:amd64 1:3.9.0-4
2025-07-21 19:42:36 status installed libpci3:amd64 1:3.9.0-4
2025-07-21 19:42:36 configure pciutils:amd64 1:3.9.0-4 <none>
2025-07-21 19:42:36 status unpacked pciutils:amd64 1:3.9.0-4
2025-07-21 19:42:36 status half-configured pciutils:amd64 1:3.9.0-4
2025-07-21 19:42:36 status installed pciutils:amd64 1:3.9.0-4
2025-07-21 19:42:36 trigproc libc-bin:amd64 2.36-9+deb12u10 <none>
2025-07-21 19:42:36 status half-configured libc-bin:amd64 2.36-9+deb12u10
2025-07-21 19:42:36 status installed libc-bin:amd64 2.36-9+deb12u10
2025-07-21 19:42:37 startup archives unpack
2025-07-21 19:42:37 install libusb-1.0-0:amd64 <none> 2:1.0.26-1
2025-07-21 19:42:37 status triggers-pending libc-bin:amd64 2.36-9+deb12u10
2025-07-21 19:42:37 status half-installed libusb-1.0-0:amd64 2:1.0.26-1
2025-07-21 19:42:37 status unpacked libusb-1.0-0:amd64 2:1.0.26-1
2025-07-21 19:42:37 install usbutils:amd64 <none> 1:014-1+deb12u1
2025-07-21 19:42:37 status half-installed usbutils:amd64 1:014-1+deb12u1
2025-07-21 19:42:37 status unpacked usbutils:amd64 1:014-1+deb12u1
2025-07-21 19:42:37 startup packages configure
2025-07-21 19:42:37 configure libusb-1.0-0:amd64 2:1.0.26-1 <none>
2025-07-21 19:42:37 status unpacked libusb-1.0-0:amd64 2:1.0.26-1
2025-07-21 19:42:37 status half-configured libusb-1.0-0:amd64 2:1.0.26-1
2025-07-21 19:42:37 status installed libusb-1.0-0:amd64 2:1.0.26-1
2025-07-21 19:42:37 configure usbutils:amd64 1:014-1+deb12u1 <none>
2025-07-21 19:42:37 status unpacked usbutils:amd64 1:014-1+deb12u1
2025-07-21 19:42:37 status half-configured usbutils:amd64 1:014-1+deb12u1
2025-07-21 19:42:37 status installed usbutils:amd64 1:014-1+deb12u1
2025-07-21 19:42:37 trigproc libc-bin:amd64 2.36-9+deb12u10 <none>
2025-07-21 19:42:37 status half-configured libc-bin:amd64 2.36-9+deb12u10
2025-07-21 19:42:37 status installed libc-bin:amd64 2.36-9+deb12u10
2025-07-21 19:42:37 startup archives unpack
2025-07-21 19:42:38 install eject:amd64 <none> 2.38.1-5+deb12u3
2025-07-21 19:42:38 status half-installed eject:amd64 2.38.1-5+deb12u3
2025-07-21 19:42:38 status unpacked eject:amd64 2.38.1-5+deb12u3
2025-07-21 19:42:38 startup packages configure
2025-07-21 19:42:38 configure eject:amd64 2.38.1-5+deb12u3 <none>
2025-07-21 19:42:38 status unpacked eject:amd64 2.38.1-5+deb12u3
2025-07-21 19:42:38 status half-configured eject:amd64 2.38.1-5+deb12u3
2025-07-21 19:42:38 status installed eject:amd64 2.38.1-5+deb12u3
2025-07-21 19:42:39 startup archives unpack
2025-07-21 19:42:39 install xkb-data:all <none> 2.35.1-1
2025-07-21 19:42:39 status half-installed xkb-data:all 2.35.1-1
2025-07-21 19:42:39 status unpacked xkb-data:all 2.35.1-1
2025-07-21 19:42:39 install keyboard-configuration:all <none> 1.221
2025-07-21 19:42:39 status half-installed keyboard-configuration:all 1.221
2025-07-21 19:42:39 status unpacked keyboard-configuration:all 1.221
2025-07-21 19:42:39 startup packages configure
2025-07-21 19:42:39 configure xkb-data:all 2.35.1-1 <none>
2025-07-21 19:42:39 status unpacked xkb-data:all 2.35.1-1
2025-07-21 19:42:39 status half-configured xkb-data:all 2.35.1-1
2025-07-21 19:42:39 status installed xkb-data:all 2.35.1-1
2025-07-21 19:42:39 configure keyboard-configuration:all 1.221 <none>
2025-07-21 19:42:39 status unpacked keyboard-configuration:all 1.221
2025-07-21 19:42:39 status half-configured keyboard-configuration:all 1.221
2025-07-21 19:42:40 status installed keyboard-configuration:all 1.221
2025-07-21 19:42:41 startup archives unpack
2025-07-21 19:42:41 install kbd:amd64 <none> 2.5.1-1+b1
2025-07-21 19:42:41 status half-installed kbd:amd64 2.5.1-1+b1
2025-07-21 19:42:41 status unpacked kbd:amd64 2.5.1-1+b1
2025-07-21 19:42:41 install console-setup-linux:all <none> 1.221
2025-07-21 19:42:41 status half-installed console-setup-linux:all 1.221
2025-07-21 19:42:41 status unpacked console-setup-linux:all 1.221
2025-07-21 19:42:41 install console-setup:all <none> 1.221
2025-07-21 19:42:41 status half-installed console-setup:all 1.221
2025-07-21 19:42:41 status unpacked console-setup:all 1.221
2025-07-21 19:42:41 startup packages configure
2025-07-21 19:42:41 configure kbd:amd64 2.5.1-1+b1 <none>
2025-07-21 19:42:41 status unpacked kbd:amd64 2.5.1-1+b1
2025-07-21 19:42:41 status half-configured kbd:amd64 2.5.1-1+b1
2025-07-21 19:42:41 status installed kbd:amd64 2.5.1-1+b1
2025-07-21 19:42:41 configure console-setup-linux:all 1.221 <none>
2025-07-21 19:42:41 status unpacked console-setup-linux:all 1.221
2025-07-21 19:42:41 status half-configured console-setup-linux:all 1.221
2025-07-21 19:42:42 status installed console-setup-linux:all 1.221
2025-07-21 19:42:42 configure console-setup:all 1.221 <none>
2025-07-21 19:42:42 status unpacked console-setup:all 1.221
2025-07-21 19:42:42 status half-configured console-setup:all 1.221
2025-07-21 19:42:42 status installed console-setup:all 1.221
2025-07-21 19:44:07 startup archives unpack
2025-07-21 19:44:07 upgrade systemd:amd64 252.36-1~deb12u1 252.38-1~deb12u1
2025-07-21 19:44:07 status half-configured systemd:amd64 252.36-1~deb12u1
2025-07-21 19:44:07 status unpacked systemd:amd64 252.36-1~deb12u1
2025-07-21 19:44:07 status half-installed systemd:amd64 252.36-1~deb12u1
2025-07-21 19:44:08 status unpacked systemd:amd64 252.38-1~deb12u1
2025-07-21 19:44:08 upgrade libsystemd-shared:amd64 252.36-1~deb12u1 252.38-1~deb12u1
2025-07-21 19:44:08 status half-configured libsystemd-shared:amd64 252.36-1~deb12u1
2025-07-21 19:44:08 status unpacked libsystemd-shared:amd64 252.36-1~deb12u1
2025-07-21 19:44:08 status half-installed libsystemd-shared:amd64 252.36-1~deb12u1
2025-07-21 19:44:08 status unpacked libsystemd-shared:amd64 252.38-1~deb12u1
2025-07-21 19:44:08 upgrade libsystemd0:amd64 252.36-1~deb12u1 252.38-1~deb12u1
2025-07-21 19:44:08 status triggers-pending libc-bin:amd64 2.36-9+deb12u10
2025-07-21 19:44:08 status half-configured libsystemd0:amd64 252.36-1~deb12u1
2025-07-21 19:44:08 status unpacked libsystemd0:amd64 252.36-1~deb12u1
2025-07-21 19:44:08 status half-installed libsystemd0:amd64 252.36-1~deb12u1
2025-07-21 19:44:08 status unpacked libsystemd0:amd64 252.38-1~deb12u1
2025-07-21 19:44:08 startup packages configure
2025-07-21 19:44:08 configure libsystemd0:amd64 252.38-1~deb12u1 <none>
2025-07-21 19:44:08 status unpacked libsystemd0:amd64 252.38-1~deb12u1
2025-07-21 19:44:08 status half-configured libsystemd0:amd64 252.38-1~deb12u1
2025-07-21 19:44:08 status installed libsystemd0:amd64 252.38-1~deb12u1
2025-07-21 19:44:08 configure libsystemd-shared:amd64 252.38-1~deb12u1 <none>
2025-07-21 19:44:08 status unpacked libsystemd-shared:amd64 252.38-1~deb12u1
2025-07-21 19:44:08 status half-configured libsystemd-shared:amd64 252.38-1~deb12u1
2025-07-21 19:44:08 status installed libsystemd-shared:amd64 252.38-1~deb12u1
2025-07-21 19:44:08 configure systemd:amd64 252.38-1~deb12u1 <none>
2025-07-21 19:44:08 status unpacked systemd:amd64 252.38-1~deb12u1
2025-07-21 19:44:08 status half-configured systemd:amd64 252.38-1~deb12u1
2025-07-21 19:44:08 status installed systemd:amd64 252.38-1~deb12u1
2025-07-21 19:44:08 startup archives unpack
2025-07-21 19:44:08 upgrade systemd-sysv:amd64 252.36-1~deb12u1 252.38-1~deb12u1
2025-07-21 19:44:08 status half-configured systemd-sysv:amd64 252.36-1~deb12u1
2025-07-21 19:44:08 status unpacked systemd-sysv:amd64 252.36-1~deb12u1
2025-07-21 19:44:08 status half-installed systemd-sysv:amd64 252.36-1~deb12u1
2025-07-21 19:44:08 status unpacked systemd-sysv:amd64 252.38-1~deb12u1
2025-07-21 19:44:08 upgrade libgnutls30:amd64 3.7.9-2+deb12u4 3.7.9-2+deb12u5
2025-07-21 19:44:08 status half-configured libgnutls30:amd64 3.7.9-2+deb12u4
2025-07-21 19:44:08 status unpacked libgnutls30:amd64 3.7.9-2+deb12u4
2025-07-21 19:44:08 status half-installed libgnutls30:amd64 3.7.9-2+deb12u4
2025-07-21 19:44:08 status unpacked libgnutls30:amd64 3.7.9-2+deb12u5
2025-07-21 19:44:08 startup packages configure
2025-07-21 19:44:08 configure libgnutls30:amd64 3.7.9-2+deb12u5 <none>
2025-07-21 19:44:08 status unpacked libgnutls30:amd64 3.7.9-2+deb12u5
2025-07-21 19:44:08 status half-configured libgnutls30:amd64 3.7.9-2+deb12u5
2025-07-21 19:44:08 status installed libgnutls30:amd64 3.7.9-2+deb12u5
2025-07-21 19:44:08 startup archives unpack
2025-07-21 19:44:08 upgrade udev:amd64 252.36-1~deb12u1 252.38-1~deb12u1
2025-07-21 19:44:08 status triggers-pending initramfs-tools:all 0.142+deb12u3
2025-07-21 19:44:08 status half-configured udev:amd64 252.36-1~deb12u1
2025-07-21 19:44:08 status unpacked udev:amd64 252.36-1~deb12u1
2025-07-21 19:44:08 status half-installed udev:amd64 252.36-1~deb12u1
2025-07-21 19:44:09 status unpacked udev:amd64 252.38-1~deb12u1
2025-07-21 19:44:09 upgrade libudev1:amd64 252.36-1~deb12u1 252.38-1~deb12u1
2025-07-21 19:44:09 status half-configured libudev1:amd64 252.36-1~deb12u1
2025-07-21 19:44:09 status unpacked libudev1:amd64 252.36-1~deb12u1
2025-07-21 19:44:09 status half-installed libudev1:amd64 252.36-1~deb12u1
2025-07-21 19:44:09 status unpacked libudev1:amd64 252.38-1~deb12u1
2025-07-21 19:44:09 startup packages configure
2025-07-21 19:44:09 configure libudev1:amd64 252.38-1~deb12u1 <none>
2025-07-21 19:44:09 status unpacked libudev1:amd64 252.38-1~deb12u1
2025-07-21 19:44:09 status half-configured libudev1:amd64 252.38-1~deb12u1
2025-07-21 19:44:09 status installed libudev1:amd64 252.38-1~deb12u1
2025-07-21 19:44:09 startup archives unpack
2025-07-21 19:44:09 install linux-image-6.1.0-37-amd64:amd64 <none> 6.1.140-1
2025-07-21 19:44:09 status half-installed linux-image-6.1.0-37-amd64:amd64 6.1.140-1
2025-07-21 19:44:18 status unpacked linux-image-6.1.0-37-amd64:amd64 6.1.140-1
2025-07-21 19:44:18 upgrade linux-image-amd64:amd64 6.1.137-1 6.1.140-1
2025-07-21 19:44:18 status half-configured linux-image-amd64:amd64 6.1.137-1
2025-07-21 19:44:18 status unpacked linux-image-amd64:amd64 6.1.137-1
2025-07-21 19:44:18 status half-installed linux-image-amd64:amd64 6.1.137-1
2025-07-21 19:44:18 status unpacked linux-image-amd64:amd64 6.1.140-1
2025-07-21 19:44:18 startup packages configure
2025-07-21 19:44:18 configure systemd-sysv:amd64 252.38-1~deb12u1 <none>
2025-07-21 19:44:18 status unpacked systemd-sysv:amd64 252.38-1~deb12u1
2025-07-21 19:44:18 status half-configured systemd-sysv:amd64 252.38-1~deb12u1
2025-07-21 19:44:18 status installed systemd-sysv:amd64 252.38-1~deb12u1
2025-07-21 19:44:18 configure udev:amd64 252.38-1~deb12u1 <none>
2025-07-21 19:44:18 status unpacked udev:amd64 252.38-1~deb12u1
2025-07-21 19:44:18 status half-configured udev:amd64 252.38-1~deb12u1
2025-07-21 19:44:18 status installed udev:amd64 252.38-1~deb12u1
2025-07-21 19:44:18 configure linux-image-6.1.0-37-amd64:amd64 6.1.140-1 <none>
2025-07-21 19:44:18 status unpacked linux-image-6.1.0-37-amd64:amd64 6.1.140-1
2025-07-21 19:44:18 status half-configured linux-image-6.1.0-37-amd64:amd64 6.1.140-1
2025-07-21 19:44:39 status installed linux-image-6.1.0-37-amd64:amd64 6.1.140-1
2025-07-21 19:44:39 configure linux-image-amd64:amd64 6.1.140-1 <none>
2025-07-21 19:44:39 status unpacked linux-image-amd64:amd64 6.1.140-1
2025-07-21 19:44:39 status half-configured linux-image-amd64:amd64 6.1.140-1
2025-07-21 19:44:39 status installed linux-image-amd64:amd64 6.1.140-1
2025-07-21 19:44:39 trigproc libc-bin:amd64 2.36-9+deb12u10 <none>
2025-07-21 19:44:39 status half-configured libc-bin:amd64 2.36-9+deb12u10
2025-07-21 19:44:39 status installed libc-bin:amd64 2.36-9+deb12u10
2025-07-21 19:44:39 trigproc initramfs-tools:all 0.142+deb12u3 <none>
2025-07-21 19:44:39 status half-configured initramfs-tools:all 0.142+deb12u3
2025-07-21 19:44:56 status installed initramfs-tools:all 0.142+deb12u3
2025-07-21 19:44:57 startup archives unpack
2025-07-21 19:44:57 install laptop-detect:all <none> 0.16
2025-07-21 19:44:57 status half-installed laptop-detect:all 0.16
2025-07-21 19:44:57 status unpacked laptop-detect:all 0.16
2025-07-21 19:44:57 startup packages configure
2025-07-21 19:44:57 configure laptop-detect:all 0.16 <none>
2025-07-21 19:44:57 status unpacked laptop-detect:all 0.16
2025-07-21 19:44:57 status half-configured laptop-detect:all 0.16
2025-07-21 19:44:57 status installed laptop-detect:all 0.16
2025-07-21 19:44:58 startup archives unpack
2025-07-21 19:44:58 install libexpat1:amd64 <none> 2.5.0-1+deb12u1
2025-07-21 19:44:58 status triggers-pending libc-bin:amd64 2.36-9+deb12u10
2025-07-21 19:44:58 status half-installed libexpat1:amd64 2.5.0-1+deb12u1
2025-07-21 19:44:58 status unpacked libexpat1:amd64 2.5.0-1+deb12u1
2025-07-21 19:44:58 install discover-data:all <none> 2.2013.01.13
2025-07-21 19:44:58 status half-installed discover-data:all 2.2013.01.13
2025-07-21 19:44:58 status unpacked discover-data:all 2.2013.01.13
2025-07-21 19:44:58 install libdiscover2:amd64 <none> 2.1.2-10
2025-07-21 19:44:58 status half-installed libdiscover2:amd64 2.1.2-10
2025-07-21 19:44:58 status unpacked libdiscover2:amd64 2.1.2-10
2025-07-21 19:44:58 install discover:amd64 <none> 2.1.2-10
2025-07-21 19:44:58 status half-installed discover:amd64 2.1.2-10
2025-07-21 19:44:58 status unpacked discover:amd64 2.1.2-10
2025-07-21 19:44:59 startup packages configure
2025-07-21 19:44:59 configure libexpat1:amd64 2.5.0-1+deb12u1 <none>
2025-07-21 19:44:59 status unpacked libexpat1:amd64 2.5.0-1+deb12u1
2025-07-21 19:44:59 status half-configured libexpat1:amd64 2.5.0-1+deb12u1
2025-07-21 19:44:59 status installed libexpat1:amd64 2.5.0-1+deb12u1
2025-07-21 19:44:59 configure discover-data:all 2.2013.01.13 <none>
2025-07-21 19:44:59 status unpacked discover-data:all 2.2013.01.13
2025-07-21 19:44:59 status half-configured discover-data:all 2.2013.01.13
2025-07-21 19:44:59 status installed discover-data:all 2.2013.01.13
2025-07-21 19:44:59 configure libdiscover2:amd64 2.1.2-10 <none>
2025-07-21 19:44:59 status unpacked libdiscover2:amd64 2.1.2-10
2025-07-21 19:44:59 status half-configured libdiscover2:amd64 2.1.2-10
2025-07-21 19:44:59 status installed libdiscover2:amd64 2.1.2-10
2025-07-21 19:44:59 configure discover:amd64 2.1.2-10 <none>
2025-07-21 19:44:59 status unpacked discover:amd64 2.1.2-10
2025-07-21 19:44:59 status half-configured discover:amd64 2.1.2-10
2025-07-21 19:44:59 status installed discover:amd64 2.1.2-10
2025-07-21 19:44:59 trigproc libc-bin:amd64 2.36-9+deb12u10 <none>
2025-07-21 19:44:59 status half-configured libc-bin:amd64 2.36-9+deb12u10
2025-07-21 19:44:59 status installed libc-bin:amd64 2.36-9+deb12u10
2025-07-21 19:45:00 startup archives unpack
2025-07-21 19:45:00 install installation-report:all <none> 2.89
2025-07-21 19:45:00 status half-installed installation-report:all 2.89
2025-07-21 19:45:00 status unpacked installation-report:all 2.89
2025-07-21 19:45:00 startup packages configure
2025-07-21 19:45:00 configure installation-report:all 2.89 <none>
2025-07-21 19:45:00 status unpacked installation-report:all 2.89
2025-07-21 19:45:00 status half-configured installation-report:all 2.89
2025-07-21 19:45:00 status installed installation-report:all 2.89
2025-07-21 19:45:08 startup archives unpack
2025-07-21 19:45:08 install popularity-contest:all <none> 1.76
2025-07-21 19:45:08 status half-installed popularity-contest:all 1.76
2025-07-21 19:45:08 status unpacked popularity-contest:all 1.76
2025-07-21 19:45:08 startup packages configure
2025-07-21 19:45:08 configure popularity-contest:all 1.76 <none>
2025-07-21 19:45:08 status unpacked popularity-contest:all 1.76
2025-07-21 19:45:08 status half-configured popularity-contest:all 1.76
2025-07-21 19:45:08 status installed popularity-contest:all 1.76
2025-07-21 19:45:08 startup packages purge
2025-07-21 19:45:08 status installed popularity-contest:all 1.76
2025-07-21 19:45:08 remove popularity-contest:all 1.76 <none>
2025-07-21 19:45:08 status half-configured popularity-contest:all 1.76
2025-07-21 19:45:08 status half-installed popularity-contest:all 1.76
2025-07-21 19:45:08 status config-files popularity-contest:all 1.76
2025-07-21 19:45:08 purge popularity-contest:all 1.76 <none>
2025-07-21 19:45:08 status not-installed popularity-contest:all <none>
2025-07-21 19:45:26 startup archives unpack
2025-07-21 19:45:26 install libdbus-1-3:amd64 <none> 1.14.10-1~deb12u1
2025-07-21 19:45:26 status triggers-pending libc-bin:amd64 2.36-9+deb12u10
2025-07-21 19:45:26 status half-installed libdbus-1-3:amd64 1.14.10-1~deb12u1
2025-07-21 19:45:26 status unpacked libdbus-1-3:amd64 1.14.10-1~deb12u1
2025-07-21 19:45:26 install dbus-bin:amd64 <none> 1.14.10-1~deb12u1
2025-07-21 19:45:26 status half-installed dbus-bin:amd64 1.14.10-1~deb12u1
2025-07-21 19:45:26 status unpacked dbus-bin:amd64 1.14.10-1~deb12u1
2025-07-21 19:45:26 install dbus-session-bus-common:all <none> 1.14.10-1~deb12u1
2025-07-21 19:45:26 status half-installed dbus-session-bus-common:all 1.14.10-1~deb12u1
2025-07-21 19:45:26 status unpacked dbus-session-bus-common:all 1.14.10-1~deb12u1
2025-07-21 19:45:26 install dbus-daemon:amd64 <none> 1.14.10-1~deb12u1
2025-07-21 19:45:26 status half-installed dbus-daemon:amd64 1.14.10-1~deb12u1
2025-07-21 19:45:26 status unpacked dbus-daemon:amd64 1.14.10-1~deb12u1
2025-07-21 19:45:26 install dbus-system-bus-common:all <none> 1.14.10-1~deb12u1
2025-07-21 19:45:26 status half-installed dbus-system-bus-common:all 1.14.10-1~deb12u1
2025-07-21 19:45:26 status unpacked dbus-system-bus-common:all 1.14.10-1~deb12u1
2025-07-21 19:45:26 install dbus:amd64 <none> 1.14.10-1~deb12u1
2025-07-21 19:45:26 status half-installed dbus:amd64 1.14.10-1~deb12u1
2025-07-21 19:45:26 status unpacked dbus:amd64 1.14.10-1~deb12u1
2025-07-21 19:45:26 install perl-modules-5.36:all <none> 5.36.0-7+deb12u2
2025-07-21 19:45:26 status half-installed perl-modules-5.36:all 5.36.0-7+deb12u2
2025-07-21 19:45:26 status unpacked perl-modules-5.36:all 5.36.0-7+deb12u2
2025-07-21 19:45:26 install libgdbm6:amd64 <none> 1.23-3
2025-07-21 19:45:26 status half-installed libgdbm6:amd64 1.23-3
2025-07-21 19:45:26 status unpacked libgdbm6:amd64 1.23-3
2025-07-21 19:45:26 install libgdbm-compat4:amd64 <none> 1.23-3
2025-07-21 19:45:26 status half-installed libgdbm-compat4:amd64 1.23-3
2025-07-21 19:45:26 status unpacked libgdbm-compat4:amd64 1.23-3
2025-07-21 19:45:27 install libperl5.36:amd64 <none> 5.36.0-7+deb12u2
2025-07-21 19:45:27 status half-installed libperl5.36:amd64 5.36.0-7+deb12u2
2025-07-21 19:45:27 status unpacked libperl5.36:amd64 5.36.0-7+deb12u2
2025-07-21 19:45:27 install perl:amd64 <none> 5.36.0-7+deb12u2
2025-07-21 19:45:27 status half-installed perl:amd64 5.36.0-7+deb12u2
2025-07-21 19:45:27 status unpacked perl:amd64 5.36.0-7+deb12u2
2025-07-21 19:45:27 install libcbor0.8:amd64 <none> 0.8.0-2+b1
2025-07-21 19:45:27 status half-installed libcbor0.8:amd64 0.8.0-2+b1
2025-07-21 19:45:27 status unpacked libcbor0.8:amd64 0.8.0-2+b1
2025-07-21 19:45:27 install libfido2-1:amd64 <none> 1.12.0-2+b1
2025-07-21 19:45:27 status half-installed libfido2-1:amd64 1.12.0-2+b1
2025-07-21 19:45:27 status unpacked libfido2-1:amd64 1.12.0-2+b1
2025-07-21 19:45:27 install openssh-client:amd64 <none> 1:9.2p1-2+deb12u6
2025-07-21 19:45:27 status half-installed openssh-client:amd64 1:9.2p1-2+deb12u6
2025-07-21 19:45:27 status unpacked openssh-client:amd64 1:9.2p1-2+deb12u6
2025-07-21 19:45:27 install openssh-sftp-server:amd64 <none> 1:9.2p1-2+deb12u6
2025-07-21 19:45:27 status half-installed openssh-sftp-server:amd64 1:9.2p1-2+deb12u6
2025-07-21 19:45:27 status unpacked openssh-sftp-server:amd64 1:9.2p1-2+deb12u6
2025-07-21 19:45:27 install ucf:all <none> 3.0043+nmu1+deb12u1
2025-07-21 19:45:27 status half-installed ucf:all 3.0043+nmu1+deb12u1
2025-07-21 19:45:27 status unpacked ucf:all 3.0043+nmu1+deb12u1
2025-07-21 19:45:27 install runit-helper:all <none> 2.15.2
2025-07-21 19:45:27 status half-installed runit-helper:all 2.15.2
2025-07-21 19:45:27 status unpacked runit-helper:all 2.15.2
2025-07-21 19:45:27 install libnsl2:amd64 <none> 1.3.0-2
2025-07-21 19:45:27 status half-installed libnsl2:amd64 1.3.0-2
2025-07-21 19:45:27 status unpacked libnsl2:amd64 1.3.0-2
2025-07-21 19:45:27 install libwrap0:amd64 <none> 7.6.q-32
2025-07-21 19:45:27 status half-installed libwrap0:amd64 7.6.q-32
2025-07-21 19:45:27 status unpacked libwrap0:amd64 7.6.q-32
2025-07-21 19:45:27 install openssh-server:amd64 <none> 1:9.2p1-2+deb12u6
2025-07-21 19:45:27 status half-installed openssh-server:amd64 1:9.2p1-2+deb12u6
2025-07-21 19:45:28 status unpacked openssh-server:amd64 1:9.2p1-2+deb12u6
2025-07-21 19:45:28 install libpython3.11-minimal:amd64 <none> 3.11.2-6+deb12u6
2025-07-21 19:45:28 status half-installed libpython3.11-minimal:amd64 3.11.2-6+deb12u6
2025-07-21 19:45:28 status unpacked libpython3.11-minimal:amd64 3.11.2-6+deb12u6
2025-07-21 19:45:28 install python3.11-minimal:amd64 <none> 3.11.2-6+deb12u6
2025-07-21 19:45:28 status half-installed python3.11-minimal:amd64 3.11.2-6+deb12u6
2025-07-21 19:45:28 status triggers-pending systemd:amd64 252.38-1~deb12u1
2025-07-21 19:45:28 status unpacked python3.11-minimal:amd64 3.11.2-6+deb12u6
2025-07-21 19:45:28 startup packages configure
2025-07-21 19:45:28 configure libpython3.11-minimal:amd64 3.11.2-6+deb12u6 <none>
2025-07-21 19:45:28 status unpacked libpython3.11-minimal:amd64 3.11.2-6+deb12u6
2025-07-21 19:45:28 status half-configured libpython3.11-minimal:amd64 3.11.2-6+deb12u6
2025-07-21 19:45:28 status installed libpython3.11-minimal:amd64 3.11.2-6+deb12u6
2025-07-21 19:45:28 configure python3.11-minimal:amd64 3.11.2-6+deb12u6 <none>
2025-07-21 19:45:28 status unpacked python3.11-minimal:amd64 3.11.2-6+deb12u6
2025-07-21 19:45:28 status half-configured python3.11-minimal:amd64 3.11.2-6+deb12u6
2025-07-21 19:45:29 status installed python3.11-minimal:amd64 3.11.2-6+deb12u6
2025-07-21 19:45:29 startup archives unpack
2025-07-21 19:45:29 install python3-minimal:amd64 <none> 3.11.2-1+b1
2025-07-21 19:45:29 status half-installed python3-minimal:amd64 3.11.2-1+b1
2025-07-21 19:45:29 status unpacked python3-minimal:amd64 3.11.2-1+b1
2025-07-21 19:45:29 install media-types:all <none> 10.0.0
2025-07-21 19:45:29 status half-installed media-types:all 10.0.0
2025-07-21 19:45:29 status unpacked media-types:all 10.0.0
2025-07-21 19:45:29 install mailcap:all <none> 3.70+nmu1
2025-07-21 19:45:29 status half-installed mailcap:all 3.70+nmu1
2025-07-21 19:45:29 status unpacked mailcap:all 3.70+nmu1
2025-07-21 19:45:29 install mime-support:all <none> 3.66
2025-07-21 19:45:29 status half-installed mime-support:all 3.66
2025-07-21 19:45:29 status unpacked mime-support:all 3.66
2025-07-21 19:45:29 install libsqlite3-0:amd64 <none> 3.40.1-2+deb12u1
2025-07-21 19:45:29 status half-installed libsqlite3-0:amd64 3.40.1-2+deb12u1
2025-07-21 19:45:29 status unpacked libsqlite3-0:amd64 3.40.1-2+deb12u1
2025-07-21 19:45:29 install libpython3.11-stdlib:amd64 <none> 3.11.2-6+deb12u6
2025-07-21 19:45:29 status half-installed libpython3.11-stdlib:amd64 3.11.2-6+deb12u6
2025-07-21 19:45:29 status unpacked libpython3.11-stdlib:amd64 3.11.2-6+deb12u6
2025-07-21 19:45:29 install python3.11:amd64 <none> 3.11.2-6+deb12u6
2025-07-21 19:45:29 status half-installed python3.11:amd64 3.11.2-6+deb12u6
2025-07-21 19:45:29 status unpacked python3.11:amd64 3.11.2-6+deb12u6
2025-07-21 19:45:29 install libpython3-stdlib:amd64 <none> 3.11.2-1+b1
2025-07-21 19:45:29 status half-installed libpython3-stdlib:amd64 3.11.2-1+b1
2025-07-21 19:45:29 status unpacked libpython3-stdlib:amd64 3.11.2-1+b1
2025-07-21 19:45:29 startup packages configure
2025-07-21 19:45:29 configure python3-minimal:amd64 3.11.2-1+b1 <none>
2025-07-21 19:45:29 status unpacked python3-minimal:amd64 3.11.2-1+b1
2025-07-21 19:45:29 status half-configured python3-minimal:amd64 3.11.2-1+b1
2025-07-21 19:45:29 status installed python3-minimal:amd64 3.11.2-1+b1
2025-07-21 19:45:29 startup archives unpack
2025-07-21 19:45:29 install python3:amd64 <none> 3.11.2-1+b1
2025-07-21 19:45:29 status half-installed python3:amd64 3.11.2-1+b1
2025-07-21 19:45:29 status unpacked python3:amd64 3.11.2-1+b1
2025-07-21 19:45:29 install python-apt-common:all <none> 2.6.0
2025-07-21 19:45:29 status half-installed python-apt-common:all 2.6.0
2025-07-21 19:45:29 status unpacked python-apt-common:all 2.6.0
2025-07-21 19:45:29 install distro-info-data:all <none> 0.58+deb12u4
2025-07-21 19:45:29 status half-installed distro-info-data:all 0.58+deb12u4
2025-07-21 19:45:29 status unpacked distro-info-data:all 0.58+deb12u4
2025-07-21 19:45:29 install python3-apt:amd64 <none> 2.6.0
2025-07-21 19:45:29 status half-installed python3-apt:amd64 2.6.0
2025-07-21 19:45:29 status unpacked python3-apt:amd64 2.6.0
2025-07-21 19:45:29 install python3-debconf:all <none> 1.5.82
2025-07-21 19:45:29 status half-installed python3-debconf:all 1.5.82
2025-07-21 19:45:29 status unpacked python3-debconf:all 1.5.82
2025-07-21 19:45:29 install apt-listchanges:all <none> 3.24
2025-07-21 19:45:29 status half-installed apt-listchanges:all 3.24
2025-07-21 19:45:30 status unpacked apt-listchanges:all 3.24
2025-07-21 19:45:30 install bash-completion:all <none> 1:2.11-6
2025-07-21 19:45:30 status half-installed bash-completion:all 1:2.11-6
2025-07-21 19:45:30 status unpacked bash-completion:all 1:2.11-6
2025-07-21 19:45:30 install libuv1:amd64 <none> 1.44.2-1+deb12u1
2025-07-21 19:45:30 status half-installed libuv1:amd64 1.44.2-1+deb12u1
2025-07-21 19:45:30 status unpacked libuv1:amd64 1.44.2-1+deb12u1
2025-07-21 19:45:30 install libfstrm0:amd64 <none> 0.6.1-1
2025-07-21 19:45:30 status half-installed libfstrm0:amd64 0.6.1-1
2025-07-21 19:45:30 status unpacked libfstrm0:amd64 0.6.1-1
2025-07-21 19:45:30 install libjemalloc2:amd64 <none> 5.3.0-1
2025-07-21 19:45:30 status half-installed libjemalloc2:amd64 5.3.0-1
2025-07-21 19:45:30 status unpacked libjemalloc2:amd64 5.3.0-1
2025-07-21 19:45:30 install liblmdb0:amd64 <none> 0.9.24-1
2025-07-21 19:45:30 status half-installed liblmdb0:amd64 0.9.24-1
2025-07-21 19:45:30 status unpacked liblmdb0:amd64 0.9.24-1
2025-07-21 19:45:30 install libmaxminddb0:amd64 <none> 1.7.1-1
2025-07-21 19:45:30 status half-installed libmaxminddb0:amd64 1.7.1-1
2025-07-21 19:45:30 status unpacked libmaxminddb0:amd64 1.7.1-1
2025-07-21 19:45:30 install libnghttp2-14:amd64 <none> 1.52.0-1+deb12u2
2025-07-21 19:45:30 status half-installed libnghttp2-14:amd64 1.52.0-1+deb12u2
2025-07-21 19:45:30 status unpacked libnghttp2-14:amd64 1.52.0-1+deb12u2
2025-07-21 19:45:30 install libprotobuf-c1:amd64 <none> 1.4.1-1+b1
2025-07-21 19:45:30 status half-installed libprotobuf-c1:amd64 1.4.1-1+b1
2025-07-21 19:45:30 status unpacked libprotobuf-c1:amd64 1.4.1-1+b1
2025-07-21 19:45:30 install libicu72:amd64 <none> 72.1-3+deb12u1
2025-07-21 19:45:30 status half-installed libicu72:amd64 72.1-3+deb12u1
2025-07-21 19:45:31 status unpacked libicu72:amd64 72.1-3+deb12u1
2025-07-21 19:45:31 install libxml2:amd64 <none> 2.9.14+dfsg-1.3~deb12u2
2025-07-21 19:45:31 status half-installed libxml2:amd64 2.9.14+dfsg-1.3~deb12u2
2025-07-21 19:45:31 status unpacked libxml2:amd64 2.9.14+dfsg-1.3~deb12u2
2025-07-21 19:45:31 install bind9-libs:amd64 <none> 1:9.18.33-1~deb12u2
2025-07-21 19:45:31 status half-installed bind9-libs:amd64 1:9.18.33-1~deb12u2
2025-07-21 19:45:31 status unpacked bind9-libs:amd64 1:9.18.33-1~deb12u2
2025-07-21 19:45:31 install bind9-host:amd64 <none> 1:9.18.33-1~deb12u2
2025-07-21 19:45:31 status half-installed bind9-host:amd64 1:9.18.33-1~deb12u2
2025-07-21 19:45:31 status unpacked bind9-host:amd64 1:9.18.33-1~deb12u2
2025-07-21 19:45:31 install bind9-dnsutils:amd64 <none> 1:9.18.33-1~deb12u2
2025-07-21 19:45:31 status half-installed bind9-dnsutils:amd64 1:9.18.33-1~deb12u2
2025-07-21 19:45:31 status unpacked bind9-dnsutils:amd64 1:9.18.33-1~deb12u2
2025-07-21 19:45:31 install bzip2:amd64 <none> 1.0.8-5+b1
2025-07-21 19:45:31 status half-installed bzip2:amd64 1.0.8-5+b1
2025-07-21 19:45:31 status unpacked bzip2:amd64 1.0.8-5+b1
2025-07-21 19:45:31 install openssl:amd64 <none> 3.0.16-1~deb12u1
2025-07-21 19:45:31 status half-installed openssl:amd64 3.0.16-1~deb12u1
2025-07-21 19:45:31 status unpacked openssl:amd64 3.0.16-1~deb12u1
2025-07-21 19:45:31 install ca-certificates:all <none> 20230311+deb12u1
2025-07-21 19:45:31 status half-installed ca-certificates:all 20230311+deb12u1
2025-07-21 19:45:31 status unpacked ca-certificates:all 20230311+deb12u1
2025-07-21 19:45:31 install debian-faq:all <none> 11.1
2025-07-21 19:45:31 status half-installed debian-faq:all 11.1
2025-07-21 19:45:32 status unpacked debian-faq:all 11.1
2025-07-21 19:45:32 install doc-debian:all <none> 11.3+nmu1
2025-07-21 19:45:32 status half-installed doc-debian:all 11.3+nmu1
2025-07-21 19:45:32 status unpacked doc-debian:all 11.3+nmu1
2025-07-21 19:45:32 install libmagic-mgc:amd64 <none> 1:5.44-3
2025-07-21 19:45:32 status half-installed libmagic-mgc:amd64 1:5.44-3
2025-07-21 19:45:32 status unpacked libmagic-mgc:amd64 1:5.44-3
2025-07-21 19:45:32 install libmagic1:amd64 <none> 1:5.44-3
2025-07-21 19:45:32 status half-installed libmagic1:amd64 1:5.44-3
2025-07-21 19:45:32 status unpacked libmagic1:amd64 1:5.44-3
2025-07-21 19:45:32 install file:amd64 <none> 1:5.44-3
2025-07-21 19:45:32 status half-installed file:amd64 1:5.44-3
2025-07-21 19:45:32 status unpacked file:amd64 1:5.44-3
2025-07-21 19:45:32 install gettext-base:amd64 <none> 0.21-12
2025-07-21 19:45:32 status half-installed gettext-base:amd64 0.21-12
2025-07-21 19:45:32 status unpacked gettext-base:amd64 0.21-12
2025-07-21 19:45:32 install libuchardet0:amd64 <none> 0.0.7-1
2025-07-21 19:45:32 status half-installed libuchardet0:amd64 0.0.7-1
2025-07-21 19:45:32 status unpacked libuchardet0:amd64 0.0.7-1
2025-07-21 19:45:32 install groff-base:amd64 <none> 1.22.4-10
2025-07-21 19:45:32 status half-installed groff-base:amd64 1.22.4-10
2025-07-21 19:45:32 status unpacked groff-base:amd64 1.22.4-10
2025-07-21 19:45:32 install inetutils-telnet:amd64 <none> 2:2.4-2+deb12u1
2025-07-21 19:45:32 status half-installed inetutils-telnet:amd64 2:2.4-2+deb12u1
2025-07-21 19:45:32 status unpacked inetutils-telnet:amd64 2:2.4-2+deb12u1
2025-07-21 19:45:32 install krb5-locales:all <none> 1.20.1-2+deb12u3
2025-07-21 19:45:32 status half-installed krb5-locales:all 1.20.1-2+deb12u3
2025-07-21 19:45:32 status unpacked krb5-locales:all 1.20.1-2+deb12u3
2025-07-21 19:45:32 install liblockfile-bin:amd64 <none> 1.17-1+b1
2025-07-21 19:45:32 status half-installed liblockfile-bin:amd64 1.17-1+b1
2025-07-21 19:45:32 status unpacked liblockfile-bin:amd64 1.17-1+b1
2025-07-21 19:45:32 install libnss-systemd:amd64 <none> 252.38-1~deb12u1
2025-07-21 19:45:32 status half-installed libnss-systemd:amd64 252.38-1~deb12u1
2025-07-21 19:45:32 status unpacked libnss-systemd:amd64 252.38-1~deb12u1
2025-07-21 19:45:32 install libpam-systemd:amd64 <none> 252.38-1~deb12u1
2025-07-21 19:45:32 status half-installed libpam-systemd:amd64 252.38-1~deb12u1
2025-07-21 19:45:32 status unpacked libpam-systemd:amd64 252.38-1~deb12u1
2025-07-21 19:45:32 install lsof:amd64 <none> 4.95.0-1
2025-07-21 19:45:32 status half-installed lsof:amd64 4.95.0-1
2025-07-21 19:45:32 status unpacked lsof:amd64 4.95.0-1
2025-07-21 19:45:32 install bsdextrautils:amd64 <none> 2.38.1-5+deb12u3
2025-07-21 19:45:32 status half-installed bsdextrautils:amd64 2.38.1-5+deb12u3
2025-07-21 19:45:32 status unpacked bsdextrautils:amd64 2.38.1-5+deb12u3
2025-07-21 19:45:32 install libpipeline1:amd64 <none> 1.5.7-1
2025-07-21 19:45:32 status half-installed libpipeline1:amd64 1.5.7-1
2025-07-21 19:45:32 status unpacked libpipeline1:amd64 1.5.7-1
2025-07-21 19:45:32 install man-db:amd64 <none> 2.11.2-2
2025-07-21 19:45:32 status half-installed man-db:amd64 2.11.2-2
2025-07-21 19:45:33 status unpacked man-db:amd64 2.11.2-2
2025-07-21 19:45:33 install manpages:all <none> 6.03-2
2025-07-21 19:45:33 status half-installed manpages:all 6.03-2
2025-07-21 19:45:33 status unpacked manpages:all 6.03-2
2025-07-21 19:45:33 install ncurses-term:all <none> 6.4-4
2025-07-21 19:45:33 status half-installed ncurses-term:all 6.4-4
2025-07-21 19:45:33 status unpacked ncurses-term:all 6.4-4
2025-07-21 19:45:33 install netcat-traditional:amd64 <none> 1.10-47
2025-07-21 19:45:33 status half-installed netcat-traditional:amd64 1.10-47
2025-07-21 19:45:33 status unpacked netcat-traditional:amd64 1.10-47
2025-07-21 19:45:33 install python3-pkg-resources:all <none> 66.1.1-1+deb12u1
2025-07-21 19:45:33 status half-installed python3-pkg-resources:all 66.1.1-1+deb12u1
2025-07-21 19:45:33 status unpacked python3-pkg-resources:all 66.1.1-1+deb12u1
2025-07-21 19:45:34 install python3-chardet:all <none> 5.1.0+dfsg-2
2025-07-21 19:45:34 status half-installed python3-chardet:all 5.1.0+dfsg-2
2025-07-21 19:45:34 status unpacked python3-chardet:all 5.1.0+dfsg-2
2025-07-21 19:45:34 install python3-debian:all <none> 0.1.49
2025-07-21 19:45:34 status half-installed python3-debian:all 0.1.49
2025-07-21 19:45:34 status unpacked python3-debian:all 0.1.49
2025-07-21 19:45:34 install python3-pyparsing:all <none> 3.0.9-1
2025-07-21 19:45:34 status half-installed python3-pyparsing:all 3.0.9-1
2025-07-21 19:45:34 status unpacked python3-pyparsing:all 3.0.9-1
2025-07-21 19:45:34 install python3-httplib2:all <none> 0.20.4-3
2025-07-21 19:45:34 status half-installed python3-httplib2:all 0.20.4-3
2025-07-21 19:45:34 status unpacked python3-httplib2:all 0.20.4-3
2025-07-21 19:45:34 install libbrotli1:amd64 <none> 1.0.9-2+b6
2025-07-21 19:45:34 status half-installed libbrotli1:amd64 1.0.9-2+b6
2025-07-21 19:45:34 status unpacked libbrotli1:amd64 1.0.9-2+b6
2025-07-21 19:45:34 install libsasl2-modules-db:amd64 <none> 2.1.28+dfsg-10
2025-07-21 19:45:34 status half-installed libsasl2-modules-db:amd64 2.1.28+dfsg-10
2025-07-21 19:45:34 status unpacked libsasl2-modules-db:amd64 2.1.28+dfsg-10
2025-07-21 19:45:34 install libsasl2-2:amd64 <none> 2.1.28+dfsg-10
2025-07-21 19:45:34 status half-installed libsasl2-2:amd64 2.1.28+dfsg-10
2025-07-21 19:45:34 status unpacked libsasl2-2:amd64 2.1.28+dfsg-10
2025-07-21 19:45:34 install libldap-2.5-0:amd64 <none> 2.5.13+dfsg-5
2025-07-21 19:45:34 status half-installed libldap-2.5-0:amd64 2.5.13+dfsg-5
2025-07-21 19:45:34 status unpacked libldap-2.5-0:amd64 2.5.13+dfsg-5
2025-07-21 19:45:34 install libpsl5:amd64 <none> 0.21.2-1
2025-07-21 19:45:34 status half-installed libpsl5:amd64 0.21.2-1
2025-07-21 19:45:34 status unpacked libpsl5:amd64 0.21.2-1
2025-07-21 19:45:34 install librtmp1:amd64 <none> 2.4+20151223.gitfa8646d.1-2+b2
2025-07-21 19:45:34 status half-installed librtmp1:amd64 2.4+20151223.gitfa8646d.1-2+b2
2025-07-21 19:45:34 status unpacked librtmp1:amd64 2.4+20151223.gitfa8646d.1-2+b2
2025-07-21 19:45:34 install libssh2-1:amd64 <none> 1.10.0-3+b1
2025-07-21 19:45:34 status half-installed libssh2-1:amd64 1.10.0-3+b1
2025-07-21 19:45:34 status unpacked libssh2-1:amd64 1.10.0-3+b1
2025-07-21 19:45:34 install libcurl3-gnutls:amd64 <none> 7.88.1-10+deb12u12
2025-07-21 19:45:34 status half-installed libcurl3-gnutls:amd64 7.88.1-10+deb12u12
2025-07-21 19:45:34 status unpacked libcurl3-gnutls:amd64 7.88.1-10+deb12u12
2025-07-21 19:45:34 install python3-pycurl:amd64 <none> 7.45.2-3
2025-07-21 19:45:34 status half-installed python3-pycurl:amd64 7.45.2-3
2025-07-21 19:45:34 status unpacked python3-pycurl:amd64 7.45.2-3
2025-07-21 19:45:34 install python3-pysimplesoap:all <none> 1.16.2-5
2025-07-21 19:45:34 status half-installed python3-pysimplesoap:all 1.16.2-5
2025-07-21 19:45:34 status unpacked python3-pysimplesoap:all 1.16.2-5
2025-07-21 19:45:34 install python3-debianbts:all <none> 4.0.1
2025-07-21 19:45:34 status half-installed python3-debianbts:all 4.0.1
2025-07-21 19:45:34 status unpacked python3-debianbts:all 4.0.1
2025-07-21 19:45:34 install python3-certifi:all <none> 2022.9.24-1
2025-07-21 19:45:34 status half-installed python3-certifi:all 2022.9.24-1
2025-07-21 19:45:34 status unpacked python3-certifi:all 2022.9.24-1
2025-07-21 19:45:34 install python3-charset-normalizer:all <none> 3.0.1-2
2025-07-21 19:45:34 status half-installed python3-charset-normalizer:all 3.0.1-2
2025-07-21 19:45:34 status unpacked python3-charset-normalizer:all 3.0.1-2
2025-07-21 19:45:34 install python3-idna:all <none> 3.3-1+deb12u1
2025-07-21 19:45:34 status half-installed python3-idna:all 3.3-1+deb12u1
2025-07-21 19:45:34 status unpacked python3-idna:all 3.3-1+deb12u1
2025-07-21 19:45:34 install python3-six:all <none> 1.16.0-4
2025-07-21 19:45:34 status half-installed python3-six:all 1.16.0-4
2025-07-21 19:45:34 status unpacked python3-six:all 1.16.0-4
2025-07-21 19:45:34 install python3-urllib3:all <none> 1.26.12-1+deb12u1
2025-07-21 19:45:34 status half-installed python3-urllib3:all 1.26.12-1+deb12u1
2025-07-21 19:45:34 status unpacked python3-urllib3:all 1.26.12-1+deb12u1
2025-07-21 19:45:34 install python3-requests:all <none> 2.28.1+dfsg-1
2025-07-21 19:45:34 status half-installed python3-requests:all 2.28.1+dfsg-1
2025-07-21 19:45:34 status unpacked python3-requests:all 2.28.1+dfsg-1
2025-07-21 19:45:34 install python3-reportbug:all <none> 12.0.0
2025-07-21 19:45:34 status half-installed python3-reportbug:all 12.0.0
2025-07-21 19:45:34 status unpacked python3-reportbug:all 12.0.0
2025-07-21 19:45:35 install reportbug:all <none> 12.0.0
2025-07-21 19:45:35 status half-installed reportbug:all 12.0.0
2025-07-21 19:45:35 status unpacked reportbug:all 12.0.0
2025-07-21 19:45:35 install systemd-timesyncd:amd64 <none> 252.38-1~deb12u1
2025-07-21 19:45:35 status half-installed systemd-timesyncd:amd64 252.38-1~deb12u1
2025-07-21 19:45:35 status unpacked systemd-timesyncd:amd64 252.38-1~deb12u1
2025-07-21 19:45:35 install traceroute:amd64 <none> 1:2.1.2-1
2025-07-21 19:45:35 status half-installed traceroute:amd64 1:2.1.2-1
2025-07-21 19:45:35 status unpacked traceroute:amd64 1:2.1.2-1
2025-07-21 19:45:35 install wamerican:all <none> 2020.12.07-2
2025-07-21 19:45:35 status half-installed wamerican:all 2020.12.07-2
2025-07-21 19:45:35 status unpacked wamerican:all 2020.12.07-2
2025-07-21 19:45:35 install wget:amd64 <none> 1.21.3-1+deb12u1
2025-07-21 19:45:35 status half-installed wget:amd64 1.21.3-1+deb12u1
2025-07-21 19:45:35 status unpacked wget:amd64 1.21.3-1+deb12u1
2025-07-21 19:45:35 install xz-utils:amd64 <none> 5.4.1-1
2025-07-21 19:45:35 status half-installed xz-utils:amd64 5.4.1-1
2025-07-21 19:45:35 status unpacked xz-utils:amd64 5.4.1-1
2025-07-21 19:45:35 install dbus-user-session:amd64 <none> 1.14.10-1~deb12u1
2025-07-21 19:45:35 status half-installed dbus-user-session:amd64 1.14.10-1~deb12u1
2025-07-21 19:45:35 status unpacked dbus-user-session:amd64 1.14.10-1~deb12u1
2025-07-21 19:45:35 install emacsen-common:all <none> 3.0.5
2025-07-21 19:45:35 status half-installed emacsen-common:all 3.0.5
2025-07-21 19:45:35 status unpacked emacsen-common:all 3.0.5
2025-07-21 19:45:35 install dictionaries-common:all <none> 1.29.5
2025-07-21 19:45:35 status half-installed dictionaries-common:all 1.29.5
2025-07-21 19:45:35 status unpacked dictionaries-common:all 1.29.5
2025-07-21 19:45:35 install ispell:amd64 <none> 3.4.05-1
2025-07-21 19:45:35 status half-installed ispell:amd64 3.4.05-1
2025-07-21 19:45:35 status unpacked ispell:amd64 3.4.05-1
2025-07-21 19:45:35 install ienglish-common:all <none> 3.4.05-1
2025-07-21 19:45:35 status half-installed ienglish-common:all 3.4.05-1
2025-07-21 19:45:35 status unpacked ienglish-common:all 3.4.05-1
2025-07-21 19:45:35 install iamerican:all <none> 3.4.05-1
2025-07-21 19:45:35 status half-installed iamerican:all 3.4.05-1
2025-07-21 19:45:35 status unpacked iamerican:all 3.4.05-1
2025-07-21 19:45:35 install ibritish:all <none> 3.4.05-1
2025-07-21 19:45:35 status half-installed ibritish:all 3.4.05-1
2025-07-21 19:45:35 status unpacked ibritish:all 3.4.05-1
2025-07-21 19:45:35 install iso-codes:all <none> 4.15.0-1
2025-07-21 19:45:35 status half-installed iso-codes:all 4.15.0-1
2025-07-21 19:45:36 status unpacked iso-codes:all 4.15.0-1
2025-07-21 19:45:36 install libldap-common:all <none> 2.5.13+dfsg-5
2025-07-21 19:45:36 status half-installed libldap-common:all 2.5.13+dfsg-5
2025-07-21 19:45:36 status unpacked libldap-common:all 2.5.13+dfsg-5
2025-07-21 19:45:36 install libsasl2-modules:amd64 <none> 2.1.28+dfsg-10
2025-07-21 19:45:36 status half-installed libsasl2-modules:amd64 2.1.28+dfsg-10
2025-07-21 19:45:36 status unpacked libsasl2-modules:amd64 2.1.28+dfsg-10
2025-07-21 19:45:36 install libxau6:amd64 <none> 1:1.0.9-1
2025-07-21 19:45:36 status half-installed libxau6:amd64 1:1.0.9-1
2025-07-21 19:45:36 status unpacked libxau6:amd64 1:1.0.9-1
2025-07-21 19:45:36 install libxdmcp6:amd64 <none> 1:1.1.2-3
2025-07-21 19:45:36 status half-installed libxdmcp6:amd64 1:1.1.2-3
2025-07-21 19:45:36 status unpacked libxdmcp6:amd64 1:1.1.2-3
2025-07-21 19:45:36 install libxcb1:amd64 <none> 1.15-1
2025-07-21 19:45:36 status half-installed libxcb1:amd64 1.15-1
2025-07-21 19:45:36 status unpacked libxcb1:amd64 1.15-1
2025-07-21 19:45:36 install libx11-data:all <none> 2:1.8.4-2+deb12u2
2025-07-21 19:45:36 status half-installed libx11-data:all 2:1.8.4-2+deb12u2
2025-07-21 19:45:36 status unpacked libx11-data:all 2:1.8.4-2+deb12u2
2025-07-21 19:45:36 install libx11-6:amd64 <none> 2:1.8.4-2+deb12u2
2025-07-21 19:45:36 status half-installed libx11-6:amd64 2:1.8.4-2+deb12u2
2025-07-21 19:45:36 status unpacked libx11-6:amd64 2:1.8.4-2+deb12u2
2025-07-21 19:45:36 install libxext6:amd64 <none> 2:1.3.4-1+b1
2025-07-21 19:45:36 status half-installed libxext6:amd64 2:1.3.4-1+b1
2025-07-21 19:45:36 status unpacked libxext6:amd64 2:1.3.4-1+b1
2025-07-21 19:45:36 install libxmuu1:amd64 <none> 2:1.1.3-3
2025-07-21 19:45:36 status half-installed libxmuu1:amd64 2:1.1.3-3
2025-07-21 19:45:36 status unpacked libxmuu1:amd64 2:1.1.3-3
2025-07-21 19:45:36 install lsb-release:all <none> 12.0-1
2025-07-21 19:45:36 status half-installed lsb-release:all 12.0-1
2025-07-21 19:45:36 status unpacked lsb-release:all 12.0-1
2025-07-21 19:45:36 install publicsuffix:all <none> 20230209.2326-1
2025-07-21 19:45:36 status half-installed publicsuffix:all 20230209.2326-1
2025-07-21 19:45:36 status unpacked publicsuffix:all 20230209.2326-1
2025-07-21 19:45:36 install task-english:all <none> 3.73
2025-07-21 19:45:36 status half-installed task-english:all 3.73
2025-07-21 19:45:36 status unpacked task-english:all 3.73
2025-07-21 19:45:37 install task-ssh-server:all <none> 3.73
2025-07-21 19:45:37 status half-installed task-ssh-server:all 3.73
2025-07-21 19:45:37 status unpacked task-ssh-server:all 3.73
2025-07-21 19:45:37 install util-linux-locales:all <none> 2.38.1-5+deb12u3
2025-07-21 19:45:37 status half-installed util-linux-locales:all 2.38.1-5+deb12u3
2025-07-21 19:45:37 status unpacked util-linux-locales:all 2.38.1-5+deb12u3
2025-07-21 19:45:37 install xauth:amd64 <none> 1:1.1.2-1
2025-07-21 19:45:37 status half-installed xauth:amd64 1:1.1.2-1
2025-07-21 19:45:37 status unpacked xauth:amd64 1:1.1.2-1
2025-07-21 19:45:37 startup packages configure
2025-07-21 19:45:37 configure media-types:all 10.0.0 <none>
2025-07-21 19:45:37 status unpacked media-types:all 10.0.0
2025-07-21 19:45:37 status half-configured media-types:all 10.0.0
2025-07-21 19:45:37 status installed media-types:all 10.0.0
2025-07-21 19:45:37 configure libpipeline1:amd64 1.5.7-1 <none>
2025-07-21 19:45:37 status unpacked libpipeline1:amd64 1.5.7-1
2025-07-21 19:45:37 status half-configured libpipeline1:amd64 1.5.7-1
2025-07-21 19:45:37 status installed libpipeline1:amd64 1.5.7-1
2025-07-21 19:45:37 configure liblmdb0:amd64 0.9.24-1 <none>
2025-07-21 19:45:37 status unpacked liblmdb0:amd64 0.9.24-1
2025-07-21 19:45:37 status half-configured liblmdb0:amd64 0.9.24-1
2025-07-21 19:45:37 status installed liblmdb0:amd64 0.9.24-1
2025-07-21 19:45:37 configure runit-helper:all 2.15.2 <none>
2025-07-21 19:45:37 status unpacked runit-helper:all 2.15.2
2025-07-21 19:45:37 status half-configured runit-helper:all 2.15.2
2025-07-21 19:45:37 status installed runit-helper:all 2.15.2
2025-07-21 19:45:37 configure libxau6:amd64 1:1.0.9-1 <none>
2025-07-21 19:45:37 status unpacked libxau6:amd64 1:1.0.9-1
2025-07-21 19:45:37 status half-configured libxau6:amd64 1:1.0.9-1
2025-07-21 19:45:37 status installed libxau6:amd64 1:1.0.9-1
2025-07-21 19:45:37 configure libxdmcp6:amd64 1:1.1.2-3 <none>
2025-07-21 19:45:37 status unpacked libxdmcp6:amd64 1:1.1.2-3
2025-07-21 19:45:37 status half-configured libxdmcp6:amd64 1:1.1.2-3
2025-07-21 19:45:37 status installed libxdmcp6:amd64 1:1.1.2-3
2025-07-21 19:45:37 configure libpsl5:amd64 0.21.2-1 <none>
2025-07-21 19:45:37 status unpacked libpsl5:amd64 0.21.2-1
2025-07-21 19:45:37 status half-configured libpsl5:amd64 0.21.2-1
2025-07-21 19:45:37 status installed libpsl5:amd64 0.21.2-1
2025-07-21 19:45:37 configure libxcb1:amd64 1.15-1 <none>
2025-07-21 19:45:37 status unpacked libxcb1:amd64 1.15-1
2025-07-21 19:45:37 status half-configured libxcb1:amd64 1.15-1
2025-07-21 19:45:37 status installed libxcb1:amd64 1.15-1
2025-07-21 19:45:37 configure libicu72:amd64 72.1-3+deb12u1 <none>
2025-07-21 19:45:37 status unpacked libicu72:amd64 72.1-3+deb12u1
2025-07-21 19:45:37 status half-configured libicu72:amd64 72.1-3+deb12u1
2025-07-21 19:45:37 status installed libicu72:amd64 72.1-3+deb12u1
2025-07-21 19:45:37 configure liblockfile-bin:amd64 1.17-1+b1 <none>
2025-07-21 19:45:37 status unpacked liblockfile-bin:amd64 1.17-1+b1
2025-07-21 19:45:37 status half-configured liblockfile-bin:amd64 1.17-1+b1
2025-07-21 19:45:37 status installed liblockfile-bin:amd64 1.17-1+b1
2025-07-21 19:45:37 configure bsdextrautils:amd64 2.38.1-5+deb12u3 <none>
2025-07-21 19:45:37 status unpacked bsdextrautils:amd64 2.38.1-5+deb12u3
2025-07-21 19:45:37 status half-configured bsdextrautils:amd64 2.38.1-5+deb12u3
2025-07-21 19:45:37 status installed bsdextrautils:amd64 2.38.1-5+deb12u3
2025-07-21 19:45:37 configure wget:amd64 1.21.3-1+deb12u1 <none>
2025-07-21 19:45:37 status unpacked wget:amd64 1.21.3-1+deb12u1
2025-07-21 19:45:37 status half-configured wget:amd64 1.21.3-1+deb12u1
2025-07-21 19:45:37 status installed wget:amd64 1.21.3-1+deb12u1
2025-07-21 19:45:37 configure netcat-traditional:amd64 1.10-47 <none>
2025-07-21 19:45:37 status unpacked netcat-traditional:amd64 1.10-47
2025-07-21 19:45:37 status half-configured netcat-traditional:amd64 1.10-47
2025-07-21 19:45:37 status installed netcat-traditional:amd64 1.10-47
2025-07-21 19:45:37 configure traceroute:amd64 1:2.1.2-1 <none>
2025-07-21 19:45:37 status unpacked traceroute:amd64 1:2.1.2-1
2025-07-21 19:45:37 status half-configured traceroute:amd64 1:2.1.2-1
2025-07-21 19:45:37 status installed traceroute:amd64 1:2.1.2-1
2025-07-21 19:45:37 configure libmagic-mgc:amd64 1:5.44-3 <none>
2025-07-21 19:45:37 status unpacked libmagic-mgc:amd64 1:5.44-3
2025-07-21 19:45:37 status half-configured libmagic-mgc:amd64 1:5.44-3
2025-07-21 19:45:37 status installed libmagic-mgc:amd64 1:5.44-3
2025-07-21 19:45:37 configure distro-info-data:all 0.58+deb12u4 <none>
2025-07-21 19:45:37 status unpacked distro-info-data:all 0.58+deb12u4
2025-07-21 19:45:37 status half-configured distro-info-data:all 0.58+deb12u4
2025-07-21 19:45:37 status installed distro-info-data:all 0.58+deb12u4
2025-07-21 19:45:37 configure manpages:all 6.03-2 <none>
2025-07-21 19:45:37 status unpacked manpages:all 6.03-2
2025-07-21 19:45:37 status half-configured manpages:all 6.03-2
2025-07-21 19:45:37 status installed manpages:all 6.03-2
2025-07-21 19:45:37 configure libmaxminddb0:amd64 1.7.1-1 <none>
2025-07-21 19:45:37 status unpacked libmaxminddb0:amd64 1.7.1-1
2025-07-21 19:45:37 status half-configured libmaxminddb0:amd64 1.7.1-1
2025-07-21 19:45:37 status installed libmaxminddb0:amd64 1.7.1-1
2025-07-21 19:45:37 configure libcbor0.8:amd64 0.8.0-2+b1 <none>
2025-07-21 19:45:37 status unpacked libcbor0.8:amd64 0.8.0-2+b1
2025-07-21 19:45:37 status half-configured libcbor0.8:amd64 0.8.0-2+b1
2025-07-21 19:45:37 status installed libcbor0.8:amd64 0.8.0-2+b1
2025-07-21 19:45:37 configure libbrotli1:amd64 1.0.9-2+b6 <none>
2025-07-21 19:45:37 status unpacked libbrotli1:amd64 1.0.9-2+b6
2025-07-21 19:45:37 status half-configured libbrotli1:amd64 1.0.9-2+b6
2025-07-21 19:45:37 status installed libbrotli1:amd64 1.0.9-2+b6
2025-07-21 19:45:37 configure libfstrm0:amd64 0.6.1-1 <none>
2025-07-21 19:45:37 status unpacked libfstrm0:amd64 0.6.1-1
2025-07-21 19:45:37 status half-configured libfstrm0:amd64 0.6.1-1
2025-07-21 19:45:37 status installed libfstrm0:amd64 0.6.1-1
2025-07-21 19:45:37 configure libsqlite3-0:amd64 3.40.1-2+deb12u1 <none>
2025-07-21 19:45:37 status unpacked libsqlite3-0:amd64 3.40.1-2+deb12u1
2025-07-21 19:45:37 status half-configured libsqlite3-0:amd64 3.40.1-2+deb12u1
2025-07-21 19:45:37 status installed libsqlite3-0:amd64 3.40.1-2+deb12u1
2025-07-21 19:45:37 configure libsasl2-modules:amd64 2.1.28+dfsg-10 <none>
2025-07-21 19:45:37 status unpacked libsasl2-modules:amd64 2.1.28+dfsg-10
2025-07-21 19:45:37 status half-configured libsasl2-modules:amd64 2.1.28+dfsg-10
2025-07-21 19:45:37 status installed libsasl2-modules:amd64 2.1.28+dfsg-10
2025-07-21 19:45:37 configure task-english:all 3.73 <none>
2025-07-21 19:45:37 status unpacked task-english:all 3.73
2025-07-21 19:45:37 status half-configured task-english:all 3.73
2025-07-21 19:45:37 status installed task-english:all 3.73
2025-07-21 19:45:37 configure libnghttp2-14:amd64 1.52.0-1+deb12u2 <none>
2025-07-21 19:45:37 status unpacked libnghttp2-14:amd64 1.52.0-1+deb12u2
2025-07-21 19:45:37 status half-configured libnghttp2-14:amd64 1.52.0-1+deb12u2
2025-07-21 19:45:37 status installed libnghttp2-14:amd64 1.52.0-1+deb12u2
2025-07-21 19:45:37 configure libmagic1:amd64 1:5.44-3 <none>
2025-07-21 19:45:37 status unpacked libmagic1:amd64 1:5.44-3
2025-07-21 19:45:37 status half-configured libmagic1:amd64 1:5.44-3
2025-07-21 19:45:37 status installed libmagic1:amd64 1:5.44-3
2025-07-21 19:45:37 configure inetutils-telnet:amd64 2:2.4-2+deb12u1 <none>
2025-07-21 19:45:37 status unpacked inetutils-telnet:amd64 2:2.4-2+deb12u1
2025-07-21 19:45:37 status half-configured inetutils-telnet:amd64 2:2.4-2+deb12u1
2025-07-21 19:45:37 status installed inetutils-telnet:amd64 2:2.4-2+deb12u1
2025-07-21 19:45:37 configure gettext-base:amd64 0.21-12 <none>
2025-07-21 19:45:37 status unpacked gettext-base:amd64 0.21-12
2025-07-21 19:45:37 status half-configured gettext-base:amd64 0.21-12
2025-07-21 19:45:37 status installed gettext-base:amd64 0.21-12
2025-07-21 19:45:37 configure libnss-systemd:amd64 252.38-1~deb12u1 <none>
2025-07-21 19:45:37 status unpacked libnss-systemd:amd64 252.38-1~deb12u1
2025-07-21 19:45:37 status half-configured libnss-systemd:amd64 252.38-1~deb12u1
2025-07-21 19:45:37 status installed libnss-systemd:amd64 252.38-1~deb12u1
2025-07-21 19:45:37 configure krb5-locales:all 1.20.1-2+deb12u3 <none>
2025-07-21 19:45:37 status unpacked krb5-locales:all 1.20.1-2+deb12u3
2025-07-21 19:45:37 status half-configured krb5-locales:all 1.20.1-2+deb12u3
2025-07-21 19:45:37 status installed krb5-locales:all 1.20.1-2+deb12u3
2025-07-21 19:45:37 configure file:amd64 1:5.44-3 <none>
2025-07-21 19:45:37 status unpacked file:amd64 1:5.44-3
2025-07-21 19:45:37 status half-configured file:amd64 1:5.44-3
2025-07-21 19:45:37 status installed file:amd64 1:5.44-3
2025-07-21 19:45:37 configure libjemalloc2:amd64 5.3.0-1 <none>
2025-07-21 19:45:37 status unpacked libjemalloc2:amd64 5.3.0-1
2025-07-21 19:45:37 status half-configured libjemalloc2:amd64 5.3.0-1
2025-07-21 19:45:37 status installed libjemalloc2:amd64 5.3.0-1
2025-07-21 19:45:37 configure ispell:amd64 3.4.05-1 <none>
2025-07-21 19:45:37 status unpacked ispell:amd64 3.4.05-1
2025-07-21 19:45:37 status half-configured ispell:amd64 3.4.05-1
2025-07-21 19:45:37 status installed ispell:amd64 3.4.05-1
2025-07-21 19:45:37 configure bzip2:amd64 1.0.8-5+b1 <none>
2025-07-21 19:45:37 status unpacked bzip2:amd64 1.0.8-5+b1
2025-07-21 19:45:37 status half-configured bzip2:amd64 1.0.8-5+b1
2025-07-21 19:45:37 status installed bzip2:amd64 1.0.8-5+b1
2025-07-21 19:45:37 configure libldap-common:all 2.5.13+dfsg-5 <none>
2025-07-21 19:45:37 status unpacked libldap-common:all 2.5.13+dfsg-5
2025-07-21 19:45:37 status half-configured libldap-common:all 2.5.13+dfsg-5
2025-07-21 19:45:37 status installed libldap-common:all 2.5.13+dfsg-5
2025-07-21 19:45:37 configure doc-debian:all 11.3+nmu1 <none>
2025-07-21 19:45:37 status unpacked doc-debian:all 11.3+nmu1
2025-07-21 19:45:37 status half-configured doc-debian:all 11.3+nmu1
2025-07-21 19:45:37 status installed doc-debian:all 11.3+nmu1
2025-07-21 19:45:37 configure libprotobuf-c1:amd64 1.4.1-1+b1 <none>
2025-07-21 19:45:37 status unpacked libprotobuf-c1:amd64 1.4.1-1+b1
2025-07-21 19:45:37 status half-configured libprotobuf-c1:amd64 1.4.1-1+b1
2025-07-21 19:45:37 status installed libprotobuf-c1:amd64 1.4.1-1+b1
2025-07-21 19:45:37 configure debian-faq:all 11.1 <none>
2025-07-21 19:45:37 status unpacked debian-faq:all 11.1
2025-07-21 19:45:37 status half-configured debian-faq:all 11.1
2025-07-21 19:45:37 status installed debian-faq:all 11.1
2025-07-21 19:45:37 configure libsasl2-modules-db:amd64 2.1.28+dfsg-10 <none>
2025-07-21 19:45:37 status unpacked libsasl2-modules-db:amd64 2.1.28+dfsg-10
2025-07-21 19:45:37 status half-configured libsasl2-modules-db:amd64 2.1.28+dfsg-10
2025-07-21 19:45:37 status installed libsasl2-modules-db:amd64 2.1.28+dfsg-10
2025-07-21 19:45:37 configure perl-modules-5.36:all 5.36.0-7+deb12u2 <none>
2025-07-21 19:45:37 status unpacked perl-modules-5.36:all 5.36.0-7+deb12u2
2025-07-21 19:45:37 status half-configured perl-modules-5.36:all 5.36.0-7+deb12u2
2025-07-21 19:45:37 status installed perl-modules-5.36:all 5.36.0-7+deb12u2
2025-07-21 19:45:37 configure libuv1:amd64 1.44.2-1+deb12u1 <none>
2025-07-21 19:45:37 status unpacked libuv1:amd64 1.44.2-1+deb12u1
2025-07-21 19:45:37 status half-configured libuv1:amd64 1.44.2-1+deb12u1
2025-07-21 19:45:37 status installed libuv1:amd64 1.44.2-1+deb12u1
2025-07-21 19:45:37 configure emacsen-common:all 3.0.5 <none>
2025-07-21 19:45:37 status unpacked emacsen-common:all 3.0.5
2025-07-21 19:45:37 status half-configured emacsen-common:all 3.0.5
2025-07-21 19:45:37 status installed emacsen-common:all 3.0.5
2025-07-21 19:45:37 configure libx11-data:all 2:1.8.4-2+deb12u2 <none>
2025-07-21 19:45:37 status unpacked libx11-data:all 2:1.8.4-2+deb12u2
2025-07-21 19:45:37 status half-configured libx11-data:all 2:1.8.4-2+deb12u2
2025-07-21 19:45:37 status installed libx11-data:all 2:1.8.4-2+deb12u2
2025-07-21 19:45:37 configure librtmp1:amd64 2.4+20151223.gitfa8646d.1-2+b2 <none>
2025-07-21 19:45:37 status unpacked librtmp1:amd64 2.4+20151223.gitfa8646d.1-2+b2
2025-07-21 19:45:37 status half-configured librtmp1:amd64 2.4+20151223.gitfa8646d.1-2+b2
2025-07-21 19:45:37 status installed librtmp1:amd64 2.4+20151223.gitfa8646d.1-2+b2
2025-07-21 19:45:37 configure bash-completion:all 1:2.11-6 <none>
2025-07-21 19:45:37 status unpacked bash-completion:all 1:2.11-6
2025-07-21 19:45:37 status half-configured bash-completion:all 1:2.11-6
2025-07-21 19:45:37 status installed bash-completion:all 1:2.11-6
2025-07-21 19:45:37 configure wamerican:all 2020.12.07-2 <none>
2025-07-21 19:45:37 status unpacked wamerican:all 2020.12.07-2
2025-07-21 19:45:37 status half-configured wamerican:all 2020.12.07-2
2025-07-21 19:45:37 status installed wamerican:all 2020.12.07-2
2025-07-21 19:45:37 configure libdbus-1-3:amd64 1.14.10-1~deb12u1 <none>
2025-07-21 19:45:37 status unpacked libdbus-1-3:amd64 1.14.10-1~deb12u1
2025-07-21 19:45:37 status half-configured libdbus-1-3:amd64 1.14.10-1~deb12u1
2025-07-21 19:45:37 status installed libdbus-1-3:amd64 1.14.10-1~deb12u1
2025-07-21 19:45:37 configure xz-utils:amd64 5.4.1-1 <none>
2025-07-21 19:45:37 status unpacked xz-utils:amd64 5.4.1-1
2025-07-21 19:45:37 status half-configured xz-utils:amd64 5.4.1-1
2025-07-21 19:45:37 status installed xz-utils:amd64 5.4.1-1
2025-07-21 19:45:37 configure systemd-timesyncd:amd64 252.38-1~deb12u1 <none>
2025-07-21 19:45:37 status unpacked systemd-timesyncd:amd64 252.38-1~deb12u1
2025-07-21 19:45:37 status half-configured systemd-timesyncd:amd64 252.38-1~deb12u1
2025-07-21 19:45:38 status installed systemd-timesyncd:amd64 252.38-1~deb12u1
2025-07-21 19:45:38 configure ucf:all 3.0043+nmu1+deb12u1 <none>
2025-07-21 19:45:38 status unpacked ucf:all 3.0043+nmu1+deb12u1
2025-07-21 19:45:38 status half-configured ucf:all 3.0043+nmu1+deb12u1
2025-07-21 19:45:38 status installed ucf:all 3.0043+nmu1+deb12u1
2025-07-21 19:45:38 configure libsasl2-2:amd64 2.1.28+dfsg-10 <none>
2025-07-21 19:45:38 status unpacked libsasl2-2:amd64 2.1.28+dfsg-10
2025-07-21 19:45:38 status half-configured libsasl2-2:amd64 2.1.28+dfsg-10
2025-07-21 19:45:38 status installed libsasl2-2:amd64 2.1.28+dfsg-10
2025-07-21 19:45:38 configure lsof:amd64 4.95.0-1 <none>
2025-07-21 19:45:38 status unpacked lsof:amd64 4.95.0-1
2025-07-21 19:45:38 status half-configured lsof:amd64 4.95.0-1
2025-07-21 19:45:38 status installed lsof:amd64 4.95.0-1
2025-07-21 19:45:38 configure python-apt-common:all 2.6.0 <none>
2025-07-21 19:45:38 status unpacked python-apt-common:all 2.6.0
2025-07-21 19:45:38 status half-configured python-apt-common:all 2.6.0
2025-07-21 19:45:38 status installed python-apt-common:all 2.6.0
2025-07-21 19:45:38 configure dbus-session-bus-common:all 1.14.10-1~deb12u1 <none>
2025-07-21 19:45:38 status unpacked dbus-session-bus-common:all 1.14.10-1~deb12u1
2025-07-21 19:45:38 status half-configured dbus-session-bus-common:all 1.14.10-1~deb12u1
2025-07-21 19:45:38 status installed dbus-session-bus-common:all 1.14.10-1~deb12u1
2025-07-21 19:45:38 configure libuchardet0:amd64 0.0.7-1 <none>
2025-07-21 19:45:38 status unpacked libuchardet0:amd64 0.0.7-1
2025-07-21 19:45:38 status half-configured libuchardet0:amd64 0.0.7-1
2025-07-21 19:45:38 status installed libuchardet0:amd64 0.0.7-1
2025-07-21 19:45:38 configure libnsl2:amd64 1.3.0-2 <none>
2025-07-21 19:45:38 status unpacked libnsl2:amd64 1.3.0-2
2025-07-21 19:45:38 status half-configured libnsl2:amd64 1.3.0-2
2025-07-21 19:45:38 status installed libnsl2:amd64 1.3.0-2
2025-07-21 19:45:38 configure ienglish-common:all 3.4.05-1 <none>
2025-07-21 19:45:38 status unpacked ienglish-common:all 3.4.05-1
2025-07-21 19:45:38 status half-configured ienglish-common:all 3.4.05-1
2025-07-21 19:45:38 status installed ienglish-common:all 3.4.05-1
2025-07-21 19:45:38 configure libx11-6:amd64 2:1.8.4-2+deb12u2 <none>
2025-07-21 19:45:38 status unpacked libx11-6:amd64 2:1.8.4-2+deb12u2
2025-07-21 19:45:38 status half-configured libx11-6:amd64 2:1.8.4-2+deb12u2
2025-07-21 19:45:38 status installed libx11-6:amd64 2:1.8.4-2+deb12u2
2025-07-21 19:45:38 configure libssh2-1:amd64 1.10.0-3+b1 <none>
2025-07-21 19:45:38 status unpacked libssh2-1:amd64 1.10.0-3+b1
2025-07-21 19:45:38 status half-configured libssh2-1:amd64 1.10.0-3+b1
2025-07-21 19:45:38 status installed libssh2-1:amd64 1.10.0-3+b1
2025-07-21 19:45:38 configure util-linux-locales:all 2.38.1-5+deb12u3 <none>
2025-07-21 19:45:38 status unpacked util-linux-locales:all 2.38.1-5+deb12u3
2025-07-21 19:45:38 status half-configured util-linux-locales:all 2.38.1-5+deb12u3
2025-07-21 19:45:38 status installed util-linux-locales:all 2.38.1-5+deb12u3
2025-07-21 19:45:38 configure lsb-release:all 12.0-1 <none>
2025-07-21 19:45:38 status unpacked lsb-release:all 12.0-1
2025-07-21 19:45:38 status half-configured lsb-release:all 12.0-1
2025-07-21 19:45:38 status installed lsb-release:all 12.0-1
2025-07-21 19:45:38 configure dbus-system-bus-common:all 1.14.10-1~deb12u1 <none>
2025-07-21 19:45:38 status unpacked dbus-system-bus-common:all 1.14.10-1~deb12u1
2025-07-21 19:45:38 status half-configured dbus-system-bus-common:all 1.14.10-1~deb12u1
2025-07-21 19:45:38 status installed dbus-system-bus-common:all 1.14.10-1~deb12u1
2025-07-21 19:45:38 configure libfido2-1:amd64 1.12.0-2+b1 <none>
2025-07-21 19:45:38 status unpacked libfido2-1:amd64 1.12.0-2+b1
2025-07-21 19:45:38 status half-configured libfido2-1:amd64 1.12.0-2+b1
2025-07-21 19:45:38 status installed libfido2-1:amd64 1.12.0-2+b1
2025-07-21 19:45:38 configure openssl:amd64 3.0.16-1~deb12u1 <none>
2025-07-21 19:45:38 status unpacked openssl:amd64 3.0.16-1~deb12u1
2025-07-21 19:45:38 status half-configured openssl:amd64 3.0.16-1~deb12u1
2025-07-21 19:45:38 status installed openssl:amd64 3.0.16-1~deb12u1
2025-07-21 19:45:38 configure publicsuffix:all 20230209.2326-1 <none>
2025-07-21 19:45:38 status unpacked publicsuffix:all 20230209.2326-1
2025-07-21 19:45:38 status half-configured publicsuffix:all 20230209.2326-1
2025-07-21 19:45:38 status installed publicsuffix:all 20230209.2326-1
2025-07-21 19:45:38 configure libxml2:amd64 2.9.14+dfsg-1.3~deb12u2 <none>
2025-07-21 19:45:38 status unpacked libxml2:amd64 2.9.14+dfsg-1.3~deb12u2
2025-07-21 19:45:38 status half-configured libxml2:amd64 2.9.14+dfsg-1.3~deb12u2
2025-07-21 19:45:38 status installed libxml2:amd64 2.9.14+dfsg-1.3~deb12u2
2025-07-21 19:45:38 configure iso-codes:all 4.15.0-1 <none>
2025-07-21 19:45:38 status unpacked iso-codes:all 4.15.0-1
2025-07-21 19:45:38 status half-configured iso-codes:all 4.15.0-1
2025-07-21 19:45:38 status installed iso-codes:all 4.15.0-1
2025-07-21 19:45:38 configure libxmuu1:amd64 2:1.1.3-3 <none>
2025-07-21 19:45:38 status unpacked libxmuu1:amd64 2:1.1.3-3
2025-07-21 19:45:38 status half-configured libxmuu1:amd64 2:1.1.3-3
2025-07-21 19:45:38 status installed libxmuu1:amd64 2:1.1.3-3
2025-07-21 19:45:38 configure dbus-bin:amd64 1.14.10-1~deb12u1 <none>
2025-07-21 19:45:38 status unpacked dbus-bin:amd64 1.14.10-1~deb12u1
2025-07-21 19:45:38 status half-configured dbus-bin:amd64 1.14.10-1~deb12u1
2025-07-21 19:45:38 status installed dbus-bin:amd64 1.14.10-1~deb12u1
2025-07-21 19:45:38 configure libgdbm6:amd64 1.23-3 <none>
2025-07-21 19:45:38 status unpacked libgdbm6:amd64 1.23-3
2025-07-21 19:45:38 status half-configured libgdbm6:amd64 1.23-3
2025-07-21 19:45:38 status installed libgdbm6:amd64 1.23-3
2025-07-21 19:45:38 configure ncurses-term:all 6.4-4 <none>
2025-07-21 19:45:38 status unpacked ncurses-term:all 6.4-4
2025-07-21 19:45:38 status half-configured ncurses-term:all 6.4-4
2025-07-21 19:45:38 status installed ncurses-term:all 6.4-4
2025-07-21 19:45:38 configure bind9-libs:amd64 1:9.18.33-1~deb12u2 <none>
2025-07-21 19:45:38 status unpacked bind9-libs:amd64 1:9.18.33-1~deb12u2
2025-07-21 19:45:38 status half-configured bind9-libs:amd64 1:9.18.33-1~deb12u2
2025-07-21 19:45:38 status installed bind9-libs:amd64 1:9.18.33-1~deb12u2
2025-07-21 19:45:38 configure dictionaries-common:all 1.29.5 <none>
2025-07-21 19:45:38 status unpacked dictionaries-common:all 1.29.5
2025-07-21 19:45:38 status half-configured dictionaries-common:all 1.29.5
2025-07-21 19:45:38 status installed dictionaries-common:all 1.29.5
2025-07-21 19:45:38 status triggers-pending dictionaries-common:all 1.29.5
2025-07-21 19:45:38 configure openssh-client:amd64 1:9.2p1-2+deb12u6 <none>
2025-07-21 19:45:38 status unpacked openssh-client:amd64 1:9.2p1-2+deb12u6
2025-07-21 19:45:38 status half-configured openssh-client:amd64 1:9.2p1-2+deb12u6
2025-07-21 19:45:39 status installed openssh-client:amd64 1:9.2p1-2+deb12u6
2025-07-21 19:45:39 configure libpython3.11-stdlib:amd64 3.11.2-6+deb12u6 <none>
2025-07-21 19:45:39 status unpacked libpython3.11-stdlib:amd64 3.11.2-6+deb12u6
2025-07-21 19:45:39 status half-configured libpython3.11-stdlib:amd64 3.11.2-6+deb12u6
2025-07-21 19:45:39 status installed libpython3.11-stdlib:amd64 3.11.2-6+deb12u6
2025-07-21 19:45:39 configure libxext6:amd64 2:1.3.4-1+b1 <none>
2025-07-21 19:45:39 status unpacked libxext6:amd64 2:1.3.4-1+b1
2025-07-21 19:45:39 status half-configured libxext6:amd64 2:1.3.4-1+b1
2025-07-21 19:45:39 status installed libxext6:amd64 2:1.3.4-1+b1
2025-07-21 19:45:39 configure dbus-daemon:amd64 1.14.10-1~deb12u1 <none>
2025-07-21 19:45:39 status unpacked dbus-daemon:amd64 1.14.10-1~deb12u1
2025-07-21 19:45:39 status half-configured dbus-daemon:amd64 1.14.10-1~deb12u1
2025-07-21 19:45:39 status installed dbus-daemon:amd64 1.14.10-1~deb12u1
2025-07-21 19:45:39 configure libldap-2.5-0:amd64 2.5.13+dfsg-5 <none>
2025-07-21 19:45:39 status unpacked libldap-2.5-0:amd64 2.5.13+dfsg-5
2025-07-21 19:45:39 status half-configured libldap-2.5-0:amd64 2.5.13+dfsg-5
2025-07-21 19:45:39 status installed libldap-2.5-0:amd64 2.5.13+dfsg-5
2025-07-21 19:45:39 configure ca-certificates:all 20230311+deb12u1 <none>
2025-07-21 19:45:39 status unpacked ca-certificates:all 20230311+deb12u1
2025-07-21 19:45:39 status half-configured ca-certificates:all 20230311+deb12u1
2025-07-21 19:45:40 status installed ca-certificates:all 20230311+deb12u1
2025-07-21 19:45:40 status triggers-pending ca-certificates:all 20230311+deb12u1
2025-07-21 19:45:40 configure libwrap0:amd64 7.6.q-32 <none>
2025-07-21 19:45:40 status unpacked libwrap0:amd64 7.6.q-32
2025-07-21 19:45:40 status half-configured libwrap0:amd64 7.6.q-32
2025-07-21 19:45:40 status installed libwrap0:amd64 7.6.q-32
2025-07-21 19:45:40 configure dbus:amd64 1.14.10-1~deb12u1 <none>
2025-07-21 19:45:40 status unpacked dbus:amd64 1.14.10-1~deb12u1
2025-07-21 19:45:40 status half-configured dbus:amd64 1.14.10-1~deb12u1
2025-07-21 19:45:40 status installed dbus:amd64 1.14.10-1~deb12u1
2025-07-21 19:45:40 configure libgdbm-compat4:amd64 1.23-3 <none>
2025-07-21 19:45:40 status unpacked libgdbm-compat4:amd64 1.23-3
2025-07-21 19:45:40 status half-configured libgdbm-compat4:amd64 1.23-3
2025-07-21 19:45:40 status installed libgdbm-compat4:amd64 1.23-3
2025-07-21 19:45:40 configure xauth:amd64 1:1.1.2-1 <none>
2025-07-21 19:45:40 status unpacked xauth:amd64 1:1.1.2-1
2025-07-21 19:45:40 status half-configured xauth:amd64 1:1.1.2-1
2025-07-21 19:45:40 status installed xauth:amd64 1:1.1.2-1
2025-07-21 19:45:40 configure groff-base:amd64 1.22.4-10 <none>
2025-07-21 19:45:40 status unpacked groff-base:amd64 1.22.4-10
2025-07-21 19:45:40 status half-configured groff-base:amd64 1.22.4-10
2025-07-21 19:45:40 status installed groff-base:amd64 1.22.4-10
2025-07-21 19:45:40 configure libpam-systemd:amd64 252.38-1~deb12u1 <none>
2025-07-21 19:45:40 status unpacked libpam-systemd:amd64 252.38-1~deb12u1
2025-07-21 19:45:40 status half-configured libpam-systemd:amd64 252.38-1~deb12u1
2025-07-21 19:45:40 status installed libpam-systemd:amd64 252.38-1~deb12u1
2025-07-21 19:45:40 configure bind9-host:amd64 1:9.18.33-1~deb12u2 <none>
2025-07-21 19:45:40 status unpacked bind9-host:amd64 1:9.18.33-1~deb12u2
2025-07-21 19:45:40 status half-configured bind9-host:amd64 1:9.18.33-1~deb12u2
2025-07-21 19:45:40 status installed bind9-host:amd64 1:9.18.33-1~deb12u2
2025-07-21 19:45:40 configure libperl5.36:amd64 5.36.0-7+deb12u2 <none>
2025-07-21 19:45:40 status unpacked libperl5.36:amd64 5.36.0-7+deb12u2
2025-07-21 19:45:40 status half-configured libperl5.36:amd64 5.36.0-7+deb12u2
2025-07-21 19:45:40 status installed libperl5.36:amd64 5.36.0-7+deb12u2
2025-07-21 19:45:40 configure libpython3-stdlib:amd64 3.11.2-1+b1 <none>
2025-07-21 19:45:40 status unpacked libpython3-stdlib:amd64 3.11.2-1+b1
2025-07-21 19:45:40 status half-configured libpython3-stdlib:amd64 3.11.2-1+b1
2025-07-21 19:45:40 status installed libpython3-stdlib:amd64 3.11.2-1+b1
2025-07-21 19:45:40 configure iamerican:all 3.4.05-1 <none>
2025-07-21 19:45:40 status unpacked iamerican:all 3.4.05-1
2025-07-21 19:45:40 status half-configured iamerican:all 3.4.05-1
2025-07-21 19:45:40 status installed iamerican:all 3.4.05-1
2025-07-21 19:45:40 configure openssh-sftp-server:amd64 1:9.2p1-2+deb12u6 <none>
2025-07-21 19:45:40 status unpacked openssh-sftp-server:amd64 1:9.2p1-2+deb12u6
2025-07-21 19:45:40 status half-configured openssh-sftp-server:amd64 1:9.2p1-2+deb12u6
2025-07-21 19:45:40 status installed openssh-sftp-server:amd64 1:9.2p1-2+deb12u6
2025-07-21 19:45:40 configure python3.11:amd64 3.11.2-6+deb12u6 <none>
2025-07-21 19:45:40 status unpacked python3.11:amd64 3.11.2-6+deb12u6
2025-07-21 19:45:40 status half-configured python3.11:amd64 3.11.2-6+deb12u6
2025-07-21 19:45:41 status installed python3.11:amd64 3.11.2-6+deb12u6
2025-07-21 19:45:41 configure ibritish:all 3.4.05-1 <none>
2025-07-21 19:45:41 status unpacked ibritish:all 3.4.05-1
2025-07-21 19:45:41 status half-configured ibritish:all 3.4.05-1
2025-07-21 19:45:41 status installed ibritish:all 3.4.05-1
2025-07-21 19:45:41 configure openssh-server:amd64 1:9.2p1-2+deb12u6 <none>
2025-07-21 19:45:41 status unpacked openssh-server:amd64 1:9.2p1-2+deb12u6
2025-07-21 19:45:41 status half-configured openssh-server:amd64 1:9.2p1-2+deb12u6
2025-07-21 19:45:43 status installed openssh-server:amd64 1:9.2p1-2+deb12u6
2025-07-21 19:45:43 configure libcurl3-gnutls:amd64 7.88.1-10+deb12u12 <none>
2025-07-21 19:45:43 status unpacked libcurl3-gnutls:amd64 7.88.1-10+deb12u12
2025-07-21 19:45:43 status half-configured libcurl3-gnutls:amd64 7.88.1-10+deb12u12
2025-07-21 19:45:43 status installed libcurl3-gnutls:amd64 7.88.1-10+deb12u12
2025-07-21 19:45:43 configure python3:amd64 3.11.2-1+b1 <none>
2025-07-21 19:45:43 status unpacked python3:amd64 3.11.2-1+b1
2025-07-21 19:45:43 status half-configured python3:amd64 3.11.2-1+b1
2025-07-21 19:45:43 status installed python3:amd64 3.11.2-1+b1
2025-07-21 19:45:43 configure man-db:amd64 2.11.2-2 <none>
2025-07-21 19:45:43 status unpacked man-db:amd64 2.11.2-2
2025-07-21 19:45:43 status half-configured man-db:amd64 2.11.2-2
2025-07-21 19:45:44 status installed man-db:amd64 2.11.2-2
2025-07-21 19:45:44 configure python3-six:all 1.16.0-4 <none>
2025-07-21 19:45:44 status unpacked python3-six:all 1.16.0-4
2025-07-21 19:45:44 status half-configured python3-six:all 1.16.0-4
2025-07-21 19:45:44 status installed python3-six:all 1.16.0-4
2025-07-21 19:45:44 configure dbus-user-session:amd64 1.14.10-1~deb12u1 <none>
2025-07-21 19:45:44 status unpacked dbus-user-session:amd64 1.14.10-1~deb12u1
2025-07-21 19:45:44 status half-configured dbus-user-session:amd64 1.14.10-1~deb12u1
2025-07-21 19:45:44 status installed dbus-user-session:amd64 1.14.10-1~deb12u1
2025-07-21 19:45:44 configure perl:amd64 5.36.0-7+deb12u2 <none>
2025-07-21 19:45:44 status unpacked perl:amd64 5.36.0-7+deb12u2
2025-07-21 19:45:44 status half-configured perl:amd64 5.36.0-7+deb12u2
2025-07-21 19:45:44 status installed perl:amd64 5.36.0-7+deb12u2
2025-07-21 19:45:44 configure task-ssh-server:all 3.73 <none>
2025-07-21 19:45:44 status unpacked task-ssh-server:all 3.73
2025-07-21 19:45:44 status half-configured task-ssh-server:all 3.73
2025-07-21 19:45:44 status installed task-ssh-server:all 3.73
2025-07-21 19:45:44 configure python3-pycurl:amd64 7.45.2-3 <none>
2025-07-21 19:45:44 status unpacked python3-pycurl:amd64 7.45.2-3
2025-07-21 19:45:44 status half-configured python3-pycurl:amd64 7.45.2-3
2025-07-21 19:45:44 status installed python3-pycurl:amd64 7.45.2-3
2025-07-21 19:45:44 configure python3-pyparsing:all 3.0.9-1 <none>
2025-07-21 19:45:44 status unpacked python3-pyparsing:all 3.0.9-1
2025-07-21 19:45:44 status half-configured python3-pyparsing:all 3.0.9-1
2025-07-21 19:45:44 status installed python3-pyparsing:all 3.0.9-1
2025-07-21 19:45:44 configure python3-certifi:all 2022.9.24-1 <none>
2025-07-21 19:45:44 status unpacked python3-certifi:all 2022.9.24-1
2025-07-21 19:45:44 status half-configured python3-certifi:all 2022.9.24-1
2025-07-21 19:45:45 status installed python3-certifi:all 2022.9.24-1
2025-07-21 19:45:45 configure python3-idna:all 3.3-1+deb12u1 <none>
2025-07-21 19:45:45 status unpacked python3-idna:all 3.3-1+deb12u1
2025-07-21 19:45:45 status half-configured python3-idna:all 3.3-1+deb12u1
2025-07-21 19:45:45 status installed python3-idna:all 3.3-1+deb12u1
2025-07-21 19:45:45 configure python3-urllib3:all 1.26.12-1+deb12u1 <none>
2025-07-21 19:45:45 status unpacked python3-urllib3:all 1.26.12-1+deb12u1
2025-07-21 19:45:45 status half-configured python3-urllib3:all 1.26.12-1+deb12u1
2025-07-21 19:45:45 status installed python3-urllib3:all 1.26.12-1+deb12u1
2025-07-21 19:45:45 configure python3-httplib2:all 0.20.4-3 <none>
2025-07-21 19:45:45 status unpacked python3-httplib2:all 0.20.4-3
2025-07-21 19:45:45 status half-configured python3-httplib2:all 0.20.4-3
2025-07-21 19:45:45 status installed python3-httplib2:all 0.20.4-3
2025-07-21 19:45:45 configure bind9-dnsutils:amd64 1:9.18.33-1~deb12u2 <none>
2025-07-21 19:45:45 status unpacked bind9-dnsutils:amd64 1:9.18.33-1~deb12u2
2025-07-21 19:45:45 status half-configured bind9-dnsutils:amd64 1:9.18.33-1~deb12u2
2025-07-21 19:45:45 status installed bind9-dnsutils:amd64 1:9.18.33-1~deb12u2
2025-07-21 19:45:45 configure mailcap:all 3.70+nmu1 <none>
2025-07-21 19:45:45 status unpacked mailcap:all 3.70+nmu1
2025-07-21 19:45:45 status half-configured mailcap:all 3.70+nmu1
2025-07-21 19:45:45 status installed mailcap:all 3.70+nmu1
2025-07-21 19:45:45 configure python3-pkg-resources:all 66.1.1-1+deb12u1 <none>
2025-07-21 19:45:45 status unpacked python3-pkg-resources:all 66.1.1-1+deb12u1
2025-07-21 19:45:45 status half-configured python3-pkg-resources:all 66.1.1-1+deb12u1
2025-07-21 19:45:45 status installed python3-pkg-resources:all 66.1.1-1+deb12u1
2025-07-21 19:45:45 configure mime-support:all 3.66 <none>
2025-07-21 19:45:45 status unpacked mime-support:all 3.66
2025-07-21 19:45:45 status half-configured mime-support:all 3.66
2025-07-21 19:45:45 status installed mime-support:all 3.66
2025-07-21 19:45:45 configure python3-apt:amd64 2.6.0 <none>
2025-07-21 19:45:45 status unpacked python3-apt:amd64 2.6.0
2025-07-21 19:45:45 status half-configured python3-apt:amd64 2.6.0
2025-07-21 19:45:46 status installed python3-apt:amd64 2.6.0
2025-07-21 19:45:46 configure python3-charset-normalizer:all 3.0.1-2 <none>
2025-07-21 19:45:46 status unpacked python3-charset-normalizer:all 3.0.1-2
2025-07-21 19:45:46 status half-configured python3-charset-normalizer:all 3.0.1-2
2025-07-21 19:45:46 status installed python3-charset-normalizer:all 3.0.1-2
2025-07-21 19:45:46 configure python3-debconf:all 1.5.82 <none>
2025-07-21 19:45:46 status unpacked python3-debconf:all 1.5.82
2025-07-21 19:45:46 status half-configured python3-debconf:all 1.5.82
2025-07-21 19:45:46 status installed python3-debconf:all 1.5.82
2025-07-21 19:45:46 configure python3-chardet:all 5.1.0+dfsg-2 <none>
2025-07-21 19:45:46 status unpacked python3-chardet:all 5.1.0+dfsg-2
2025-07-21 19:45:46 status half-configured python3-chardet:all 5.1.0+dfsg-2
2025-07-21 19:45:46 status installed python3-chardet:all 5.1.0+dfsg-2
2025-07-21 19:45:46 configure python3-debian:all 0.1.49 <none>
2025-07-21 19:45:46 status unpacked python3-debian:all 0.1.49
2025-07-21 19:45:46 status half-configured python3-debian:all 0.1.49
2025-07-21 19:45:46 status installed python3-debian:all 0.1.49
2025-07-21 19:45:46 configure python3-requests:all 2.28.1+dfsg-1 <none>
2025-07-21 19:45:46 status unpacked python3-requests:all 2.28.1+dfsg-1
2025-07-21 19:45:46 status half-configured python3-requests:all 2.28.1+dfsg-1
2025-07-21 19:45:47 status installed python3-requests:all 2.28.1+dfsg-1
2025-07-21 19:45:47 configure python3-pysimplesoap:all 1.16.2-5 <none>
2025-07-21 19:45:47 status unpacked python3-pysimplesoap:all 1.16.2-5
2025-07-21 19:45:47 status half-configured python3-pysimplesoap:all 1.16.2-5
2025-07-21 19:45:47 status installed python3-pysimplesoap:all 1.16.2-5
2025-07-21 19:45:47 configure apt-listchanges:all 3.24 <none>
2025-07-21 19:45:47 status unpacked apt-listchanges:all 3.24
2025-07-21 19:45:47 status half-configured apt-listchanges:all 3.24
2025-07-21 19:45:47 status installed apt-listchanges:all 3.24
2025-07-21 19:45:47 configure python3-debianbts:all 4.0.1 <none>
2025-07-21 19:45:47 status unpacked python3-debianbts:all 4.0.1
2025-07-21 19:45:47 status half-configured python3-debianbts:all 4.0.1
2025-07-21 19:45:47 status installed python3-debianbts:all 4.0.1
2025-07-21 19:45:47 configure python3-reportbug:all 12.0.0 <none>
2025-07-21 19:45:47 status unpacked python3-reportbug:all 12.0.0
2025-07-21 19:45:47 status half-configured python3-reportbug:all 12.0.0
2025-07-21 19:45:47 status installed python3-reportbug:all 12.0.0
2025-07-21 19:45:47 configure reportbug:all 12.0.0 <none>
2025-07-21 19:45:47 status unpacked reportbug:all 12.0.0
2025-07-21 19:45:47 status half-configured reportbug:all 12.0.0
2025-07-21 19:45:47 status installed reportbug:all 12.0.0
2025-07-21 19:45:47 trigproc systemd:amd64 252.38-1~deb12u1 <none>
2025-07-21 19:45:47 status half-configured systemd:amd64 252.38-1~deb12u1
2025-07-21 19:45:47 status installed systemd:amd64 252.38-1~deb12u1
2025-07-21 19:45:47 trigproc libc-bin:amd64 2.36-9+deb12u10 <none>
2025-07-21 19:45:47 status half-configured libc-bin:amd64 2.36-9+deb12u10
2025-07-21 19:45:47 status installed libc-bin:amd64 2.36-9+deb12u10
2025-07-21 19:45:47 trigproc dictionaries-common:all 1.29.5 <none>
2025-07-21 19:45:47 status half-configured dictionaries-common:all 1.29.5
2025-07-21 19:45:48 status installed dictionaries-common:all 1.29.5
2025-07-21 19:45:48 trigproc ca-certificates:all 20230311+deb12u1 <none>
2025-07-21 19:45:48 status half-configured ca-certificates:all 20230311+deb12u1
2025-07-21 19:45:48 status installed ca-certificates:all 20230311+deb12u1
2025-07-21 19:45:54 startup archives unpack
2025-07-21 19:45:54 install libefivar1:amd64 <none> 37-6
2025-07-21 19:45:54 status triggers-pending libc-bin:amd64 2.36-9+deb12u10
2025-07-21 19:45:54 status half-installed libefivar1:amd64 37-6
2025-07-21 19:45:54 status unpacked libefivar1:amd64 37-6
2025-07-21 19:45:54 install libefiboot1:amd64 <none> 37-6
2025-07-21 19:45:54 status half-installed libefiboot1:amd64 37-6
2025-07-21 19:45:54 status unpacked libefiboot1:amd64 37-6
2025-07-21 19:45:54 install libpng16-16:amd64 <none> 1.6.39-2
2025-07-21 19:45:54 status half-installed libpng16-16:amd64 1.6.39-2
2025-07-21 19:45:54 status unpacked libpng16-16:amd64 1.6.39-2
2025-07-21 19:45:54 install libfreetype6:amd64 <none> 2.12.1+dfsg-5+deb12u4
2025-07-21 19:45:54 status half-installed libfreetype6:amd64 2.12.1+dfsg-5+deb12u4
2025-07-21 19:45:54 status unpacked libfreetype6:amd64 2.12.1+dfsg-5+deb12u4
2025-07-21 19:45:54 install libfuse2:amd64 <none> 2.9.9-6+b1
2025-07-21 19:45:54 status half-installed libfuse2:amd64 2.9.9-6+b1
2025-07-21 19:45:54 status unpacked libfuse2:amd64 2.9.9-6+b1
2025-07-21 19:45:54 install grub-common:amd64 <none> 2.06-13+deb12u1
2025-07-21 19:45:54 status half-installed grub-common:amd64 2.06-13+deb12u1
2025-07-21 19:45:54 status triggers-pending man-db:amd64 2.11.2-2
2025-07-21 19:45:54 status unpacked grub-common:amd64 2.06-13+deb12u1
2025-07-21 19:45:54 install os-prober:amd64 <none> 1.81
2025-07-21 19:45:54 status half-installed os-prober:amd64 1.81
2025-07-21 19:45:54 status unpacked os-prober:amd64 1.81
2025-07-21 19:45:54 startup packages configure
2025-07-21 19:45:54 configure libfuse2:amd64 2.9.9-6+b1 <none>
2025-07-21 19:45:54 status unpacked libfuse2:amd64 2.9.9-6+b1
2025-07-21 19:45:54 status half-configured libfuse2:amd64 2.9.9-6+b1
2025-07-21 19:45:54 status installed libfuse2:amd64 2.9.9-6+b1
2025-07-21 19:45:54 configure libpng16-16:amd64 1.6.39-2 <none>
2025-07-21 19:45:54 status unpacked libpng16-16:amd64 1.6.39-2
2025-07-21 19:45:54 status half-configured libpng16-16:amd64 1.6.39-2
2025-07-21 19:45:54 status installed libpng16-16:amd64 1.6.39-2
2025-07-21 19:45:54 configure libefivar1:amd64 37-6 <none>
2025-07-21 19:45:54 status unpacked libefivar1:amd64 37-6
2025-07-21 19:45:54 status half-configured libefivar1:amd64 37-6
2025-07-21 19:45:54 status installed libefivar1:amd64 37-6
2025-07-21 19:45:54 configure libefiboot1:amd64 37-6 <none>
2025-07-21 19:45:54 status unpacked libefiboot1:amd64 37-6
2025-07-21 19:45:54 status half-configured libefiboot1:amd64 37-6
2025-07-21 19:45:54 status installed libefiboot1:amd64 37-6
2025-07-21 19:45:54 configure libfreetype6:amd64 2.12.1+dfsg-5+deb12u4 <none>
2025-07-21 19:45:54 status unpacked libfreetype6:amd64 2.12.1+dfsg-5+deb12u4
2025-07-21 19:45:54 status half-configured libfreetype6:amd64 2.12.1+dfsg-5+deb12u4
2025-07-21 19:45:54 status installed libfreetype6:amd64 2.12.1+dfsg-5+deb12u4
2025-07-21 19:45:54 configure grub-common:amd64 2.06-13+deb12u1 <none>
2025-07-21 19:45:54 status unpacked grub-common:amd64 2.06-13+deb12u1
2025-07-21 19:45:54 status half-configured grub-common:amd64 2.06-13+deb12u1
2025-07-21 19:45:54 status installed grub-common:amd64 2.06-13+deb12u1
2025-07-21 19:45:54 configure os-prober:amd64 1.81 <none>
2025-07-21 19:45:54 status unpacked os-prober:amd64 1.81
2025-07-21 19:45:54 status half-configured os-prober:amd64 1.81
2025-07-21 19:45:54 status installed os-prober:amd64 1.81
2025-07-21 19:45:54 trigproc man-db:amd64 2.11.2-2 <none>
2025-07-21 19:45:54 status half-configured man-db:amd64 2.11.2-2
2025-07-21 19:45:54 status installed man-db:amd64 2.11.2-2
2025-07-21 19:45:54 trigproc libc-bin:amd64 2.36-9+deb12u10 <none>
2025-07-21 19:45:54 status half-configured libc-bin:amd64 2.36-9+deb12u10
2025-07-21 19:45:54 status installed libc-bin:amd64 2.36-9+deb12u10
2025-07-21 19:45:56 startup packages purge
2025-07-21 19:45:58 startup archives unpack
2025-07-21 19:45:58 install grub2-common:amd64 <none> 2.06-13+deb12u1
2025-07-21 19:45:58 status half-installed grub2-common:amd64 2.06-13+deb12u1
2025-07-21 19:45:58 status triggers-pending man-db:amd64 2.11.2-2
2025-07-21 19:45:58 status unpacked grub2-common:amd64 2.06-13+deb12u1
2025-07-21 19:45:58 install grub-pc-bin:amd64 <none> 2.06-13+deb12u1
2025-07-21 19:45:58 status half-installed grub-pc-bin:amd64 2.06-13+deb12u1
2025-07-21 19:45:59 status unpacked grub-pc-bin:amd64 2.06-13+deb12u1
2025-07-21 19:45:59 install grub-pc:amd64 <none> 2.06-13+deb12u1
2025-07-21 19:45:59 status half-installed grub-pc:amd64 2.06-13+deb12u1
2025-07-21 19:45:59 status unpacked grub-pc:amd64 2.06-13+deb12u1
2025-07-21 19:45:59 startup packages configure
2025-07-21 19:45:59 configure grub2-common:amd64 2.06-13+deb12u1 <none>
2025-07-21 19:45:59 status unpacked grub2-common:amd64 2.06-13+deb12u1
2025-07-21 19:45:59 status half-configured grub2-common:amd64 2.06-13+deb12u1
2025-07-21 19:45:59 status installed grub2-common:amd64 2.06-13+deb12u1
2025-07-21 19:45:59 configure grub-pc-bin:amd64 2.06-13+deb12u1 <none>
2025-07-21 19:45:59 status unpacked grub-pc-bin:amd64 2.06-13+deb12u1
2025-07-21 19:45:59 status half-configured grub-pc-bin:amd64 2.06-13+deb12u1
2025-07-21 19:45:59 status installed grub-pc-bin:amd64 2.06-13+deb12u1
2025-07-21 19:45:59 configure grub-pc:amd64 2.06-13+deb12u1 <none>
2025-07-21 19:45:59 status unpacked grub-pc:amd64 2.06-13+deb12u1
2025-07-21 19:45:59 status half-configured grub-pc:amd64 2.06-13+deb12u1
2025-07-21 19:45:59 status installed grub-pc:amd64 2.06-13+deb12u1
2025-07-21 19:45:59 trigproc man-db:amd64 2.11.2-2 <none>
2025-07-21 19:45:59 status half-configured man-db:amd64 2.11.2-2
2025-07-21 19:45:59 status installed man-db:amd64 2.11.2-2
2025-07-21 19:46:16 startup archives unpack
2025-07-21 19:46:16 install libdrm-common:all <none> 2.4.114-1
2025-07-21 19:46:16 status half-installed libdrm-common:all 2.4.114-1
2025-07-21 19:46:16 status unpacked libdrm-common:all 2.4.114-1
2025-07-21 19:46:16 install libdrm2:amd64 <none> 2.4.114-1+b1
2025-07-21 19:46:16 status triggers-pending libc-bin:amd64 2.36-9+deb12u10
2025-07-21 19:46:16 status half-installed libdrm2:amd64 2.4.114-1+b1
2025-07-21 19:46:16 status unpacked libdrm2:amd64 2.4.114-1+b1
2025-07-21 19:46:16 install libfuse3-3:amd64 <none> 3.14.0-4
2025-07-21 19:46:16 status half-installed libfuse3-3:amd64 3.14.0-4
2025-07-21 19:46:16 status unpacked libfuse3-3:amd64 3.14.0-4
2025-07-21 19:46:16 install libglib2.0-0:amd64 <none> 2.74.6-2+deb12u6
2025-07-21 19:46:16 status half-installed libglib2.0-0:amd64 2.74.6-2+deb12u6
2025-07-21 19:46:16 status unpacked libglib2.0-0:amd64 2.74.6-2+deb12u6
2025-07-21 19:46:16 install libmspack0:amd64 <none> 0.11-1
2025-07-21 19:46:16 status half-installed libmspack0:amd64 0.11-1
2025-07-21 19:46:16 status unpacked libmspack0:amd64 0.11-1
2025-07-21 19:46:16 install libxslt1.1:amd64 <none> 1.1.35-1+deb12u1
2025-07-21 19:46:16 status half-installed libxslt1.1:amd64 1.1.35-1+deb12u1
2025-07-21 19:46:16 status unpacked libxslt1.1:amd64 1.1.35-1+deb12u1
2025-07-21 19:46:16 install libxmlsec1:amd64 <none> 1.2.37-2
2025-07-21 19:46:16 status half-installed libxmlsec1:amd64 1.2.37-2
2025-07-21 19:46:16 status unpacked libxmlsec1:amd64 1.2.37-2
2025-07-21 19:46:16 install libxmlsec1-openssl:amd64 <none> 1.2.37-2
2025-07-21 19:46:16 status half-installed libxmlsec1-openssl:amd64 1.2.37-2
2025-07-21 19:46:16 status unpacked libxmlsec1-openssl:amd64 1.2.37-2
2025-07-21 19:46:16 install open-vm-tools:amd64 <none> 2:12.2.0-1+deb12u3
2025-07-21 19:46:16 status half-installed open-vm-tools:amd64 2:12.2.0-1+deb12u3
2025-07-21 19:46:17 status triggers-pending man-db:amd64 2.11.2-2
2025-07-21 19:46:17 status unpacked open-vm-tools:amd64 2:12.2.0-1+deb12u3
2025-07-21 19:46:17 install ethtool:amd64 <none> 1:6.1-1
2025-07-21 19:46:17 status half-installed ethtool:amd64 1:6.1-1
2025-07-21 19:46:17 status unpacked ethtool:amd64 1:6.1-1
2025-07-21 19:46:17 install fuse3:amd64 <none> 3.14.0-4
2025-07-21 19:46:17 status triggers-pending initramfs-tools:all 0.142+deb12u3
2025-07-21 19:46:17 status half-installed fuse3:amd64 3.14.0-4
2025-07-21 19:46:17 status unpacked fuse3:amd64 3.14.0-4
2025-07-21 19:46:17 install libglib2.0-data:all <none> 2.74.6-2+deb12u6
2025-07-21 19:46:17 status half-installed libglib2.0-data:all 2.74.6-2+deb12u6
2025-07-21 19:46:17 status unpacked libglib2.0-data:all 2.74.6-2+deb12u6
2025-07-21 19:46:17 install shared-mime-info:amd64 <none> 2.2-1
2025-07-21 19:46:17 status half-installed shared-mime-info:amd64 2.2-1
2025-07-21 19:46:17 status unpacked shared-mime-info:amd64 2.2-1
2025-07-21 19:46:17 install xdg-user-dirs:amd64 <none> 0.18-1
2025-07-21 19:46:17 status half-installed xdg-user-dirs:amd64 0.18-1
2025-07-21 19:46:17 status unpacked xdg-user-dirs:amd64 0.18-1
2025-07-21 19:46:17 install zerofree:amd64 <none> 1.1.1-1
2025-07-21 19:46:17 status half-installed zerofree:amd64 1.1.1-1
2025-07-21 19:46:17 status unpacked zerofree:amd64 1.1.1-1
2025-07-21 19:46:17 startup packages configure
2025-07-21 19:46:17 configure zerofree:amd64 1.1.1-1 <none>
2025-07-21 19:46:17 status unpacked zerofree:amd64 1.1.1-1
2025-07-21 19:46:17 status half-configured zerofree:amd64 1.1.1-1
2025-07-21 19:46:17 status installed zerofree:amd64 1.1.1-1
2025-07-21 19:46:17 configure xdg-user-dirs:amd64 0.18-1 <none>
2025-07-21 19:46:17 status unpacked xdg-user-dirs:amd64 0.18-1
2025-07-21 19:46:17 status half-configured xdg-user-dirs:amd64 0.18-1
2025-07-21 19:46:17 status installed xdg-user-dirs:amd64 0.18-1
2025-07-21 19:46:17 configure libglib2.0-0:amd64 2.74.6-2+deb12u6 <none>
2025-07-21 19:46:17 status unpacked libglib2.0-0:amd64 2.74.6-2+deb12u6
2025-07-21 19:46:17 status half-configured libglib2.0-0:amd64 2.74.6-2+deb12u6
2025-07-21 19:46:17 status installed libglib2.0-0:amd64 2.74.6-2+deb12u6
2025-07-21 19:46:17 configure libmspack0:amd64 0.11-1 <none>
2025-07-21 19:46:17 status unpacked libmspack0:amd64 0.11-1
2025-07-21 19:46:17 status half-configured libmspack0:amd64 0.11-1
2025-07-21 19:46:17 status installed libmspack0:amd64 0.11-1
2025-07-21 19:46:17 configure libglib2.0-data:all 2.74.6-2+deb12u6 <none>
2025-07-21 19:46:17 status unpacked libglib2.0-data:all 2.74.6-2+deb12u6
2025-07-21 19:46:17 status half-configured libglib2.0-data:all 2.74.6-2+deb12u6
2025-07-21 19:46:17 status installed libglib2.0-data:all 2.74.6-2+deb12u6
2025-07-21 19:46:17 configure shared-mime-info:amd64 2.2-1 <none>
2025-07-21 19:46:17 status unpacked shared-mime-info:amd64 2.2-1
2025-07-21 19:46:17 status half-configured shared-mime-info:amd64 2.2-1
2025-07-21 19:46:18 status installed shared-mime-info:amd64 2.2-1
2025-07-21 19:46:18 configure libfuse3-3:amd64 3.14.0-4 <none>
2025-07-21 19:46:18 status unpacked libfuse3-3:amd64 3.14.0-4
2025-07-21 19:46:18 status half-configured libfuse3-3:amd64 3.14.0-4
2025-07-21 19:46:18 status installed libfuse3-3:amd64 3.14.0-4
2025-07-21 19:46:18 configure libxslt1.1:amd64 1.1.35-1+deb12u1 <none>
2025-07-21 19:46:18 status unpacked libxslt1.1:amd64 1.1.35-1+deb12u1
2025-07-21 19:46:18 status half-configured libxslt1.1:amd64 1.1.35-1+deb12u1
2025-07-21 19:46:18 status installed libxslt1.1:amd64 1.1.35-1+deb12u1
2025-07-21 19:46:18 configure libxmlsec1:amd64 1.2.37-2 <none>
2025-07-21 19:46:18 status unpacked libxmlsec1:amd64 1.2.37-2
2025-07-21 19:46:18 status half-configured libxmlsec1:amd64 1.2.37-2
2025-07-21 19:46:18 status installed libxmlsec1:amd64 1.2.37-2
2025-07-21 19:46:18 configure libdrm-common:all 2.4.114-1 <none>
2025-07-21 19:46:18 status unpacked libdrm-common:all 2.4.114-1
2025-07-21 19:46:18 status half-configured libdrm-common:all 2.4.114-1
2025-07-21 19:46:18 status installed libdrm-common:all 2.4.114-1
2025-07-21 19:46:18 configure ethtool:amd64 1:6.1-1 <none>
2025-07-21 19:46:18 status unpacked ethtool:amd64 1:6.1-1
2025-07-21 19:46:18 status half-configured ethtool:amd64 1:6.1-1
2025-07-21 19:46:18 status installed ethtool:amd64 1:6.1-1
2025-07-21 19:46:18 configure libxmlsec1-openssl:amd64 1.2.37-2 <none>
2025-07-21 19:46:18 status unpacked libxmlsec1-openssl:amd64 1.2.37-2
2025-07-21 19:46:18 status half-configured libxmlsec1-openssl:amd64 1.2.37-2
2025-07-21 19:46:18 status installed libxmlsec1-openssl:amd64 1.2.37-2
2025-07-21 19:46:18 configure fuse3:amd64 3.14.0-4 <none>
2025-07-21 19:46:18 status unpacked fuse3:amd64 3.14.0-4
2025-07-21 19:46:18 status half-configured fuse3:amd64 3.14.0-4
2025-07-21 19:46:18 status installed fuse3:amd64 3.14.0-4
2025-07-21 19:46:18 configure libdrm2:amd64 2.4.114-1+b1 <none>
2025-07-21 19:46:18 status unpacked libdrm2:amd64 2.4.114-1+b1
2025-07-21 19:46:18 status half-configured libdrm2:amd64 2.4.114-1+b1
2025-07-21 19:46:18 status installed libdrm2:amd64 2.4.114-1+b1
2025-07-21 19:46:18 configure open-vm-tools:amd64 2:12.2.0-1+deb12u3 <none>
2025-07-21 19:46:18 status unpacked open-vm-tools:amd64 2:12.2.0-1+deb12u3
2025-07-21 19:46:18 status half-configured open-vm-tools:amd64 2:12.2.0-1+deb12u3
2025-07-21 19:46:18 status installed open-vm-tools:amd64 2:12.2.0-1+deb12u3
2025-07-21 19:46:18 trigproc libc-bin:amd64 2.36-9+deb12u10 <none>
2025-07-21 19:46:18 status half-configured libc-bin:amd64 2.36-9+deb12u10
2025-07-21 19:46:18 status installed libc-bin:amd64 2.36-9+deb12u10
2025-07-21 19:46:18 trigproc man-db:amd64 2.11.2-2 <none>
2025-07-21 19:46:18 status half-configured man-db:amd64 2.11.2-2
2025-07-21 19:46:18 status installed man-db:amd64 2.11.2-2
2025-07-21 19:46:18 trigproc initramfs-tools:all 0.142+deb12u3 <none>
2025-07-21 19:46:18 status half-configured initramfs-tools:all 0.142+deb12u3
2025-07-21 19:46:37 status installed initramfs-tools:all 0.142+deb12u3
2025-07-21 19:46:42 startup archives unpack
2025-07-21 19:46:42 install iucode-tool:amd64 <none> 2.3.1-3
2025-07-21 19:46:42 status half-installed iucode-tool:amd64 2.3.1-3
2025-07-21 19:46:42 status triggers-pending man-db:amd64 2.11.2-2
2025-07-21 19:46:42 status unpacked iucode-tool:amd64 2.3.1-3
2025-07-21 19:46:42 install intel-microcode:amd64 <none> 3.20250512.1~deb12u1
2025-07-21 19:46:42 status half-installed intel-microcode:amd64 3.20250512.1~deb12u1
2025-07-21 19:46:42 status unpacked intel-microcode:amd64 3.20250512.1~deb12u1
2025-07-21 19:46:42 startup packages configure
2025-07-21 19:46:42 configure iucode-tool:amd64 2.3.1-3 <none>
2025-07-21 19:46:42 status unpacked iucode-tool:amd64 2.3.1-3
2025-07-21 19:46:42 status half-configured iucode-tool:amd64 2.3.1-3
2025-07-21 19:46:42 status installed iucode-tool:amd64 2.3.1-3
2025-07-21 19:46:42 configure intel-microcode:amd64 3.20250512.1~deb12u1 <none>
2025-07-21 19:46:42 status unpacked intel-microcode:amd64 3.20250512.1~deb12u1
2025-07-21 19:46:42 status half-configured intel-microcode:amd64 3.20250512.1~deb12u1
2025-07-21 19:46:42 status installed intel-microcode:amd64 3.20250512.1~deb12u1
2025-07-21 19:46:42 status triggers-pending initramfs-tools:all 0.142+deb12u3
2025-07-21 19:46:42 trigproc man-db:amd64 2.11.2-2 <none>
2025-07-21 19:46:42 status half-configured man-db:amd64 2.11.2-2
2025-07-21 19:46:42 status installed man-db:amd64 2.11.2-2
2025-07-21 19:46:42 trigproc initramfs-tools:all 0.142+deb12u3 <none>
2025-07-21 19:46:42 status half-configured initramfs-tools:all 0.142+deb12u3
2025-07-21 19:47:01 status installed initramfs-tools:all 0.142+deb12u3
2025-07-21 19:53:06 startup archives unpack
2025-07-21 19:53:06 install net-tools:amd64 <none> 2.10-0.1+deb12u2
2025-07-21 19:53:06 status half-installed net-tools:amd64 2.10-0.1+deb12u2
2025-07-21 19:53:06 status triggers-pending man-db:amd64 2.11.2-2
2025-07-21 19:53:06 status unpacked net-tools:amd64 2.10-0.1+deb12u2
2025-07-21 19:53:06 startup packages configure
2025-07-21 19:53:06 configure net-tools:amd64 2.10-0.1+deb12u2 <none>
2025-07-21 19:53:06 status unpacked net-tools:amd64 2.10-0.1+deb12u2
2025-07-21 19:53:06 status half-configured net-tools:amd64 2.10-0.1+deb12u2
2025-07-21 19:53:06 status installed net-tools:amd64 2.10-0.1+deb12u2
2025-07-21 19:53:06 trigproc man-db:amd64 2.11.2-2 <none>
2025-07-21 19:53:06 status half-configured man-db:amd64 2.11.2-2
2025-07-21 19:53:06 status installed man-db:amd64 2.11.2-2
2025-07-21 19:55:15 startup archives unpack
2025-07-21 19:55:15 install binutils-common:amd64 <none> 2.40-2
2025-07-21 19:55:15 status half-installed binutils-common:amd64 2.40-2
2025-07-21 19:55:15 status triggers-pending man-db:amd64 2.11.2-2
2025-07-21 19:55:15 status unpacked binutils-common:amd64 2.40-2
2025-07-21 19:55:15 install libbinutils:amd64 <none> 2.40-2
2025-07-21 19:55:15 status triggers-pending libc-bin:amd64 2.36-9+deb12u10
2025-07-21 19:55:15 status half-installed libbinutils:amd64 2.40-2
2025-07-21 19:55:15 status unpacked libbinutils:amd64 2.40-2
2025-07-21 19:55:15 install libctf-nobfd0:amd64 <none> 2.40-2
2025-07-21 19:55:15 status half-installed libctf-nobfd0:amd64 2.40-2
2025-07-21 19:55:15 status unpacked libctf-nobfd0:amd64 2.40-2
2025-07-21 19:55:15 install libctf0:amd64 <none> 2.40-2
2025-07-21 19:55:15 status half-installed libctf0:amd64 2.40-2
2025-07-21 19:55:15 status unpacked libctf0:amd64 2.40-2
2025-07-21 19:55:15 install libgprofng0:amd64 <none> 2.40-2
2025-07-21 19:55:15 status half-installed libgprofng0:amd64 2.40-2
2025-07-21 19:55:15 status unpacked libgprofng0:amd64 2.40-2
2025-07-21 19:55:15 install binutils-x86-64-linux-gnu:amd64 <none> 2.40-2
2025-07-21 19:55:15 status half-installed binutils-x86-64-linux-gnu:amd64 2.40-2
2025-07-21 19:55:16 status unpacked binutils-x86-64-linux-gnu:amd64 2.40-2
2025-07-21 19:55:16 install binutils:amd64 <none> 2.40-2
2025-07-21 19:55:16 status half-installed binutils:amd64 2.40-2
2025-07-21 19:55:16 status unpacked binutils:amd64 2.40-2
2025-07-21 19:55:16 install libc-dev-bin:amd64 <none> 2.36-9+deb12u10
2025-07-21 19:55:16 status half-installed libc-dev-bin:amd64 2.36-9+deb12u10
2025-07-21 19:55:16 status unpacked libc-dev-bin:amd64 2.36-9+deb12u10
2025-07-21 19:55:16 install linux-libc-dev:amd64 <none> 6.1.140-1
2025-07-21 19:55:16 status half-installed linux-libc-dev:amd64 6.1.140-1
2025-07-21 19:55:16 status unpacked linux-libc-dev:amd64 6.1.140-1
2025-07-21 19:55:16 install libcrypt-dev:amd64 <none> 1:4.4.33-2
2025-07-21 19:55:16 status half-installed libcrypt-dev:amd64 1:4.4.33-2
2025-07-21 19:55:16 status unpacked libcrypt-dev:amd64 1:4.4.33-2
2025-07-21 19:55:16 install libtirpc-dev:amd64 <none> 1.3.3+ds-1
2025-07-21 19:55:16 status half-installed libtirpc-dev:amd64 1.3.3+ds-1
2025-07-21 19:55:16 status unpacked libtirpc-dev:amd64 1.3.3+ds-1
2025-07-21 19:55:16 install libnsl-dev:amd64 <none> 1.3.0-2
2025-07-21 19:55:16 status half-installed libnsl-dev:amd64 1.3.0-2
2025-07-21 19:55:16 status unpacked libnsl-dev:amd64 1.3.0-2
2025-07-21 19:55:16 install rpcsvc-proto:amd64 <none> 1.4.3-1
2025-07-21 19:55:16 status half-installed rpcsvc-proto:amd64 1.4.3-1
2025-07-21 19:55:16 status unpacked rpcsvc-proto:amd64 1.4.3-1
2025-07-21 19:55:16 install libc6-dev:amd64 <none> 2.36-9+deb12u10
2025-07-21 19:55:16 status half-installed libc6-dev:amd64 2.36-9+deb12u10
2025-07-21 19:55:16 status unpacked libc6-dev:amd64 2.36-9+deb12u10
2025-07-21 19:55:16 install libisl23:amd64 <none> 0.25-1.1
2025-07-21 19:55:16 status half-installed libisl23:amd64 0.25-1.1
2025-07-21 19:55:16 status unpacked libisl23:amd64 0.25-1.1
2025-07-21 19:55:16 install libmpfr6:amd64 <none> 4.2.0-1
2025-07-21 19:55:16 status half-installed libmpfr6:amd64 4.2.0-1
2025-07-21 19:55:17 status unpacked libmpfr6:amd64 4.2.0-1
2025-07-21 19:55:17 install libmpc3:amd64 <none> 1.3.1-1
2025-07-21 19:55:17 status half-installed libmpc3:amd64 1.3.1-1
2025-07-21 19:55:17 status unpacked libmpc3:amd64 1.3.1-1
2025-07-21 19:55:17 install cpp-12:amd64 <none> 12.2.0-14+deb12u1
2025-07-21 19:55:17 status half-installed cpp-12:amd64 12.2.0-14+deb12u1
2025-07-21 19:55:17 status unpacked cpp-12:amd64 12.2.0-14+deb12u1
2025-07-21 19:55:17 install cpp:amd64 <none> 4:12.2.0-3
2025-07-21 19:55:17 status half-installed cpp:amd64 4:12.2.0-3
2025-07-21 19:55:17 status unpacked cpp:amd64 4:12.2.0-3
2025-07-21 19:55:17 install libcc1-0:amd64 <none> 12.2.0-14+deb12u1
2025-07-21 19:55:17 status half-installed libcc1-0:amd64 12.2.0-14+deb12u1
2025-07-21 19:55:17 status unpacked libcc1-0:amd64 12.2.0-14+deb12u1
2025-07-21 19:55:18 install libgomp1:amd64 <none> 12.2.0-14+deb12u1
2025-07-21 19:55:18 status half-installed libgomp1:amd64 12.2.0-14+deb12u1
2025-07-21 19:55:18 status unpacked libgomp1:amd64 12.2.0-14+deb12u1
2025-07-21 19:55:18 install libitm1:amd64 <none> 12.2.0-14+deb12u1
2025-07-21 19:55:18 status half-installed libitm1:amd64 12.2.0-14+deb12u1
2025-07-21 19:55:18 status unpacked libitm1:amd64 12.2.0-14+deb12u1
2025-07-21 19:55:18 install libatomic1:amd64 <none> 12.2.0-14+deb12u1
2025-07-21 19:55:18 status half-installed libatomic1:amd64 12.2.0-14+deb12u1
2025-07-21 19:55:18 status unpacked libatomic1:amd64 12.2.0-14+deb12u1
2025-07-21 19:55:18 install libasan8:amd64 <none> 12.2.0-14+deb12u1
2025-07-21 19:55:18 status half-installed libasan8:amd64 12.2.0-14+deb12u1
2025-07-21 19:55:18 status unpacked libasan8:amd64 12.2.0-14+deb12u1
2025-07-21 19:55:18 install liblsan0:amd64 <none> 12.2.0-14+deb12u1
2025-07-21 19:55:18 status half-installed liblsan0:amd64 12.2.0-14+deb12u1
2025-07-21 19:55:18 status unpacked liblsan0:amd64 12.2.0-14+deb12u1
2025-07-21 19:55:18 install libtsan2:amd64 <none> 12.2.0-14+deb12u1
2025-07-21 19:55:18 status half-installed libtsan2:amd64 12.2.0-14+deb12u1
2025-07-21 19:55:18 status unpacked libtsan2:amd64 12.2.0-14+deb12u1
2025-07-21 19:55:18 install libubsan1:amd64 <none> 12.2.0-14+deb12u1
2025-07-21 19:55:18 status half-installed libubsan1:amd64 12.2.0-14+deb12u1
2025-07-21 19:55:18 status unpacked libubsan1:amd64 12.2.0-14+deb12u1
2025-07-21 19:55:18 install libquadmath0:amd64 <none> 12.2.0-14+deb12u1
2025-07-21 19:55:18 status half-installed libquadmath0:amd64 12.2.0-14+deb12u1
2025-07-21 19:55:18 status unpacked libquadmath0:amd64 12.2.0-14+deb12u1
2025-07-21 19:55:18 install libgcc-12-dev:amd64 <none> 12.2.0-14+deb12u1
2025-07-21 19:55:18 status half-installed libgcc-12-dev:amd64 12.2.0-14+deb12u1
2025-07-21 19:55:19 status unpacked libgcc-12-dev:amd64 12.2.0-14+deb12u1
2025-07-21 19:55:19 install gcc-12:amd64 <none> 12.2.0-14+deb12u1
2025-07-21 19:55:19 status half-installed gcc-12:amd64 12.2.0-14+deb12u1
2025-07-21 19:55:20 status unpacked gcc-12:amd64 12.2.0-14+deb12u1
2025-07-21 19:55:20 install gcc:amd64 <none> 4:12.2.0-3
2025-07-21 19:55:20 status half-installed gcc:amd64 4:12.2.0-3
2025-07-21 19:55:20 status unpacked gcc:amd64 4:12.2.0-3
2025-07-21 19:55:20 install libstdc++-12-dev:amd64 <none> 12.2.0-14+deb12u1
2025-07-21 19:55:20 status half-installed libstdc++-12-dev:amd64 12.2.0-14+deb12u1
2025-07-21 19:55:21 status unpacked libstdc++-12-dev:amd64 12.2.0-14+deb12u1
2025-07-21 19:55:21 install g++-12:amd64 <none> 12.2.0-14+deb12u1
2025-07-21 19:55:21 status half-installed g++-12:amd64 12.2.0-14+deb12u1
2025-07-21 19:55:21 status unpacked g++-12:amd64 12.2.0-14+deb12u1
2025-07-21 19:55:22 install g++:amd64 <none> 4:12.2.0-3
2025-07-21 19:55:22 status half-installed g++:amd64 4:12.2.0-3
2025-07-21 19:55:22 status unpacked g++:amd64 4:12.2.0-3
2025-07-21 19:55:22 install make:amd64 <none> 4.3-4.1
2025-07-21 19:55:22 status half-installed make:amd64 4.3-4.1
2025-07-21 19:55:22 status unpacked make:amd64 4.3-4.1
2025-07-21 19:55:22 install libdpkg-perl:all <none> 1.21.22
2025-07-21 19:55:22 status half-installed libdpkg-perl:all 1.21.22
2025-07-21 19:55:22 status unpacked libdpkg-perl:all 1.21.22
2025-07-21 19:55:22 install patch:amd64 <none> 2.7.6-7
2025-07-21 19:55:22 status half-installed patch:amd64 2.7.6-7
2025-07-21 19:55:22 status unpacked patch:amd64 2.7.6-7
2025-07-21 19:55:22 install dpkg-dev:all <none> 1.21.22
2025-07-21 19:55:22 status half-installed dpkg-dev:all 1.21.22
2025-07-21 19:55:22 status unpacked dpkg-dev:all 1.21.22
2025-07-21 19:55:22 install build-essential:amd64 <none> 12.9
2025-07-21 19:55:22 status half-installed build-essential:amd64 12.9
2025-07-21 19:55:22 status unpacked build-essential:amd64 12.9
2025-07-21 19:55:22 install libassuan0:amd64 <none> 2.5.5-5
2025-07-21 19:55:22 status half-installed libassuan0:amd64 2.5.5-5
2025-07-21 19:55:22 status unpacked libassuan0:amd64 2.5.5-5
2025-07-21 19:55:22 install gpgconf:amd64 <none> 2.2.40-1.1
2025-07-21 19:55:22 status half-installed gpgconf:amd64 2.2.40-1.1
2025-07-21 19:55:22 status unpacked gpgconf:amd64 2.2.40-1.1
2025-07-21 19:55:22 install libksba8:amd64 <none> 1.6.3-2
2025-07-21 19:55:22 status half-installed libksba8:amd64 1.6.3-2
2025-07-21 19:55:22 status unpacked libksba8:amd64 1.6.3-2
2025-07-21 19:55:22 install libnpth0:amd64 <none> 1.6-3
2025-07-21 19:55:22 status half-installed libnpth0:amd64 1.6-3
2025-07-21 19:55:22 status unpacked libnpth0:amd64 1.6-3
2025-07-21 19:55:22 install dirmngr:amd64 <none> 2.2.40-1.1
2025-07-21 19:55:22 status half-installed dirmngr:amd64 2.2.40-1.1
2025-07-21 19:55:22 status unpacked dirmngr:amd64 2.2.40-1.1
2025-07-21 19:55:22 install libfakeroot:amd64 <none> 1.31-1.2
2025-07-21 19:55:22 status half-installed libfakeroot:amd64 1.31-1.2
2025-07-21 19:55:22 status unpacked libfakeroot:amd64 1.31-1.2
2025-07-21 19:55:22 install fakeroot:amd64 <none> 1.31-1.2
2025-07-21 19:55:22 status half-installed fakeroot:amd64 1.31-1.2
2025-07-21 19:55:22 status unpacked fakeroot:amd64 1.31-1.2
2025-07-21 19:55:22 install fonts-dejavu-core:all <none> 2.37-6
2025-07-21 19:55:22 status half-installed fonts-dejavu-core:all 2.37-6
2025-07-21 19:55:22 status unpacked fonts-dejavu-core:all 2.37-6
2025-07-21 19:55:22 install fontconfig-config:amd64 <none> 2.14.1-4
2025-07-21 19:55:22 status half-installed fontconfig-config:amd64 2.14.1-4
2025-07-21 19:55:22 status unpacked fontconfig-config:amd64 2.14.1-4
2025-07-21 19:55:23 install gnupg-l10n:all <none> 2.2.40-1.1
2025-07-21 19:55:23 status half-installed gnupg-l10n:all 2.2.40-1.1
2025-07-21 19:55:23 status unpacked gnupg-l10n:all 2.2.40-1.1
2025-07-21 19:55:23 install gnupg-utils:amd64 <none> 2.2.40-1.1
2025-07-21 19:55:23 status half-installed gnupg-utils:amd64 2.2.40-1.1
2025-07-21 19:55:23 status unpacked gnupg-utils:amd64 2.2.40-1.1
2025-07-21 19:55:23 install gpg:amd64 <none> 2.2.40-1.1
2025-07-21 19:55:23 status half-installed gpg:amd64 2.2.40-1.1
2025-07-21 19:55:23 status unpacked gpg:amd64 2.2.40-1.1
2025-07-21 19:55:23 install pinentry-curses:amd64 <none> 1.2.1-1
2025-07-21 19:55:23 status half-installed pinentry-curses:amd64 1.2.1-1
2025-07-21 19:55:23 status unpacked pinentry-curses:amd64 1.2.1-1
2025-07-21 19:55:23 install gpg-agent:amd64 <none> 2.2.40-1.1
2025-07-21 19:55:23 status half-installed gpg-agent:amd64 2.2.40-1.1
2025-07-21 19:55:23 status unpacked gpg-agent:amd64 2.2.40-1.1
2025-07-21 19:55:23 install gpg-wks-client:amd64 <none> 2.2.40-1.1
2025-07-21 19:55:23 status half-installed gpg-wks-client:amd64 2.2.40-1.1
2025-07-21 19:55:23 status unpacked gpg-wks-client:amd64 2.2.40-1.1
2025-07-21 19:55:23 install gpg-wks-server:amd64 <none> 2.2.40-1.1
2025-07-21 19:55:23 status half-installed gpg-wks-server:amd64 2.2.40-1.1
2025-07-21 19:55:23 status unpacked gpg-wks-server:amd64 2.2.40-1.1
2025-07-21 19:55:23 install gpgsm:amd64 <none> 2.2.40-1.1
2025-07-21 19:55:23 status half-installed gpgsm:amd64 2.2.40-1.1
2025-07-21 19:55:23 status unpacked gpgsm:amd64 2.2.40-1.1
2025-07-21 19:55:23 install gnupg:all <none> 2.2.40-1.1
2025-07-21 19:55:23 status half-installed gnupg:all 2.2.40-1.1
2025-07-21 19:55:23 status unpacked gnupg:all 2.2.40-1.1
2025-07-21 19:55:23 install javascript-common:all <none> 11+nmu1
2025-07-21 19:55:23 status half-installed javascript-common:all 11+nmu1
2025-07-21 19:55:23 status unpacked javascript-common:all 11+nmu1
2025-07-21 19:55:23 install libabsl20220623:amd64 <none> 20220623.1-1+deb12u2
2025-07-21 19:55:23 status half-installed libabsl20220623:amd64 20220623.1-1+deb12u2
2025-07-21 19:55:23 status unpacked libabsl20220623:amd64 20220623.1-1+deb12u2
2025-07-21 19:55:23 install libalgorithm-diff-perl:all <none> 1.201-1
2025-07-21 19:55:23 status half-installed libalgorithm-diff-perl:all 1.201-1
2025-07-21 19:55:23 status unpacked libalgorithm-diff-perl:all 1.201-1
2025-07-21 19:55:23 install libalgorithm-diff-xs-perl:amd64 <none> 0.04-8+b1
2025-07-21 19:55:23 status half-installed libalgorithm-diff-xs-perl:amd64 0.04-8+b1
2025-07-21 19:55:23 status unpacked libalgorithm-diff-xs-perl:amd64 0.04-8+b1
2025-07-21 19:55:23 install libalgorithm-merge-perl:all <none> 0.08-5
2025-07-21 19:55:23 status half-installed libalgorithm-merge-perl:all 0.08-5
2025-07-21 19:55:23 status unpacked libalgorithm-merge-perl:all 0.08-5
2025-07-21 19:55:23 install libaom3:amd64 <none> 3.6.0-1+deb12u1
2025-07-21 19:55:23 status half-installed libaom3:amd64 3.6.0-1+deb12u1
2025-07-21 19:55:23 status unpacked libaom3:amd64 3.6.0-1+deb12u1
2025-07-21 19:55:23 install libdav1d6:amd64 <none> 1.0.0-2+deb12u1
2025-07-21 19:55:23 status half-installed libdav1d6:amd64 1.0.0-2+deb12u1
2025-07-21 19:55:23 status unpacked libdav1d6:amd64 1.0.0-2+deb12u1
2025-07-21 19:55:24 install libgav1-1:amd64 <none> 0.18.0-1+b1
2025-07-21 19:55:24 status half-installed libgav1-1:amd64 0.18.0-1+b1
2025-07-21 19:55:24 status unpacked libgav1-1:amd64 0.18.0-1+b1
2025-07-21 19:55:24 install librav1e0:amd64 <none> 0.5.1-6
2025-07-21 19:55:24 status half-installed librav1e0:amd64 0.5.1-6
2025-07-21 19:55:24 status unpacked librav1e0:amd64 0.5.1-6
2025-07-21 19:55:24 install libsvtav1enc1:amd64 <none> 1.4.1+dfsg-1
2025-07-21 19:55:24 status half-installed libsvtav1enc1:amd64 1.4.1+dfsg-1
2025-07-21 19:55:24 status unpacked libsvtav1enc1:amd64 1.4.1+dfsg-1
2025-07-21 19:55:24 install libjpeg62-turbo:amd64 <none> 1:2.1.5-2
2025-07-21 19:55:24 status half-installed libjpeg62-turbo:amd64 1:2.1.5-2
2025-07-21 19:55:24 status unpacked libjpeg62-turbo:amd64 1:2.1.5-2
2025-07-21 19:55:24 install libyuv0:amd64 <none> 0.0~git20230123.b2528b0-1
2025-07-21 19:55:24 status half-installed libyuv0:amd64 0.0~git20230123.b2528b0-1
2025-07-21 19:55:24 status unpacked libyuv0:amd64 0.0~git20230123.b2528b0-1
2025-07-21 19:55:24 install libavif15:amd64 <none> 0.11.1-1+deb12u1
2025-07-21 19:55:24 status half-installed libavif15:amd64 0.11.1-1+deb12u1
2025-07-21 19:55:24 status unpacked libavif15:amd64 0.11.1-1+deb12u1
2025-07-21 19:55:24 install libfontconfig1:amd64 <none> 2.14.1-4
2025-07-21 19:55:24 status half-installed libfontconfig1:amd64 2.14.1-4
2025-07-21 19:55:24 status unpacked libfontconfig1:amd64 2.14.1-4
2025-07-21 19:55:24 install libde265-0:amd64 <none> 1.0.11-1+deb12u2
2025-07-21 19:55:24 status half-installed libde265-0:amd64 1.0.11-1+deb12u2
2025-07-21 19:55:24 status unpacked libde265-0:amd64 1.0.11-1+deb12u2
2025-07-21 19:55:24 install libnuma1:amd64 <none> 2.0.16-1
2025-07-21 19:55:24 status half-installed libnuma1:amd64 2.0.16-1
2025-07-21 19:55:24 status unpacked libnuma1:amd64 2.0.16-1
2025-07-21 19:55:24 install libx265-199:amd64 <none> 3.5-2+b1
2025-07-21 19:55:24 status half-installed libx265-199:amd64 3.5-2+b1
2025-07-21 19:55:24 status unpacked libx265-199:amd64 3.5-2+b1
2025-07-21 19:55:24 install libheif1:amd64 <none> 1.15.1-1+deb12u1
2025-07-21 19:55:24 status half-installed libheif1:amd64 1.15.1-1+deb12u1
2025-07-21 19:55:24 status unpacked libheif1:amd64 1.15.1-1+deb12u1
2025-07-21 19:55:24 install libdeflate0:amd64 <none> 1.14-1
2025-07-21 19:55:24 status half-installed libdeflate0:amd64 1.14-1
2025-07-21 19:55:24 status unpacked libdeflate0:amd64 1.14-1
2025-07-21 19:55:24 install libjbig0:amd64 <none> 2.1-6.1
2025-07-21 19:55:24 status half-installed libjbig0:amd64 2.1-6.1
2025-07-21 19:55:24 status unpacked libjbig0:amd64 2.1-6.1
2025-07-21 19:55:24 install liblerc4:amd64 <none> 4.0.0+ds-2
2025-07-21 19:55:24 status half-installed liblerc4:amd64 4.0.0+ds-2
2025-07-21 19:55:24 status unpacked liblerc4:amd64 4.0.0+ds-2
2025-07-21 19:55:24 install libwebp7:amd64 <none> 1.2.4-0.2+deb12u1
2025-07-21 19:55:24 status half-installed libwebp7:amd64 1.2.4-0.2+deb12u1
2025-07-21 19:55:24 status unpacked libwebp7:amd64 1.2.4-0.2+deb12u1
2025-07-21 19:55:24 install libtiff6:amd64 <none> 4.5.0-6+deb12u2
2025-07-21 19:55:24 status half-installed libtiff6:amd64 4.5.0-6+deb12u2
2025-07-21 19:55:24 status unpacked libtiff6:amd64 4.5.0-6+deb12u2
2025-07-21 19:55:24 install libxpm4:amd64 <none> 1:3.5.12-1.1+deb12u1
2025-07-21 19:55:24 status half-installed libxpm4:amd64 1:3.5.12-1.1+deb12u1
2025-07-21 19:55:24 status unpacked libxpm4:amd64 1:3.5.12-1.1+deb12u1
2025-07-21 19:55:25 install libgd3:amd64 <none> 2.3.3-9
2025-07-21 19:55:25 status half-installed libgd3:amd64 2.3.3-9
2025-07-21 19:55:25 status unpacked libgd3:amd64 2.3.3-9
2025-07-21 19:55:25 install libc-devtools:amd64 <none> 2.36-9+deb12u10
2025-07-21 19:55:25 status half-installed libc-devtools:amd64 2.36-9+deb12u10
2025-07-21 19:55:25 status unpacked libc-devtools:amd64 2.36-9+deb12u10
2025-07-21 19:55:25 install libexpat1-dev:amd64 <none> 2.5.0-1+deb12u1
2025-07-21 19:55:25 status half-installed libexpat1-dev:amd64 2.5.0-1+deb12u1
2025-07-21 19:55:25 status unpacked libexpat1-dev:amd64 2.5.0-1+deb12u1
2025-07-21 19:55:25 install libfile-fcntllock-perl:amd64 <none> 0.22-4+b1
2025-07-21 19:55:25 status half-installed libfile-fcntllock-perl:amd64 0.22-4+b1
2025-07-21 19:55:25 status unpacked libfile-fcntllock-perl:amd64 0.22-4+b1
2025-07-21 19:55:25 install libjs-jquery:all <none> 3.6.1+dfsg+~3.5.14-1
2025-07-21 19:55:25 status half-installed libjs-jquery:all 3.6.1+dfsg+~3.5.14-1
2025-07-21 19:55:25 status unpacked libjs-jquery:all 3.6.1+dfsg+~3.5.14-1
2025-07-21 19:55:25 install libjs-underscore:all <none> 1.13.4~dfsg+~1.11.4-3
2025-07-21 19:55:25 status half-installed libjs-underscore:all 1.13.4~dfsg+~1.11.4-3
2025-07-21 19:55:25 status unpacked libjs-underscore:all 1.13.4~dfsg+~1.11.4-3
2025-07-21 19:55:25 install libjs-sphinxdoc:all <none> 5.3.0-4
2025-07-21 19:55:25 status half-installed libjs-sphinxdoc:all 5.3.0-4
2025-07-21 19:55:25 status unpacked libjs-sphinxdoc:all 5.3.0-4
2025-07-21 19:55:25 install libpython3.11:amd64 <none> 3.11.2-6+deb12u6
2025-07-21 19:55:25 status half-installed libpython3.11:amd64 3.11.2-6+deb12u6
2025-07-21 19:55:25 status unpacked libpython3.11:amd64 3.11.2-6+deb12u6
2025-07-21 19:55:25 install zlib1g-dev:amd64 <none> 1:1.2.13.dfsg-1
2025-07-21 19:55:25 status half-installed zlib1g-dev:amd64 1:1.2.13.dfsg-1
2025-07-21 19:55:25 status unpacked zlib1g-dev:amd64 1:1.2.13.dfsg-1
2025-07-21 19:55:25 install libpython3.11-dev:amd64 <none> 3.11.2-6+deb12u6
2025-07-21 19:55:25 status half-installed libpython3.11-dev:amd64 3.11.2-6+deb12u6
2025-07-21 19:55:26 status unpacked libpython3.11-dev:amd64 3.11.2-6+deb12u6
2025-07-21 19:55:26 install libpython3-dev:amd64 <none> 3.11.2-1+b1
2025-07-21 19:55:26 status half-installed libpython3-dev:amd64 3.11.2-1+b1
2025-07-21 19:55:26 status unpacked libpython3-dev:amd64 3.11.2-1+b1
2025-07-21 19:55:26 install manpages-dev:all <none> 6.03-2
2025-07-21 19:55:26 status half-installed manpages-dev:all 6.03-2
2025-07-21 19:55:26 status unpacked manpages-dev:all 6.03-2
2025-07-21 19:55:26 install python3.11-dev:amd64 <none> 3.11.2-6+deb12u6
2025-07-21 19:55:26 status half-installed python3.11-dev:amd64 3.11.2-6+deb12u6
2025-07-21 19:55:26 status unpacked python3.11-dev:amd64 3.11.2-6+deb12u6
2025-07-21 19:55:26 install python3-lib2to3:all <none> 3.11.2-3
2025-07-21 19:55:26 status half-installed python3-lib2to3:all 3.11.2-3
2025-07-21 19:55:26 status unpacked python3-lib2to3:all 3.11.2-3
2025-07-21 19:55:26 install python3-distutils:all <none> 3.11.2-3
2025-07-21 19:55:26 status half-installed python3-distutils:all 3.11.2-3
2025-07-21 19:55:26 status unpacked python3-distutils:all 3.11.2-3
2025-07-21 19:55:26 install python3-dev:amd64 <none> 3.11.2-1+b1
2025-07-21 19:55:26 status half-installed python3-dev:amd64 3.11.2-1+b1
2025-07-21 19:55:26 status unpacked python3-dev:amd64 3.11.2-1+b1
2025-07-21 19:55:26 install python3-setuptools:all <none> 66.1.1-1+deb12u1
2025-07-21 19:55:26 status half-installed python3-setuptools:all 66.1.1-1+deb12u1
2025-07-21 19:55:26 status unpacked python3-setuptools:all 66.1.1-1+deb12u1
2025-07-21 19:55:26 install python3-wheel:all <none> 0.38.4-2
2025-07-21 19:55:26 status half-installed python3-wheel:all 0.38.4-2
2025-07-21 19:55:26 status unpacked python3-wheel:all 0.38.4-2
2025-07-21 19:55:26 install python3-pip:all <none> 23.0.1+dfsg-1
2025-07-21 19:55:26 status half-installed python3-pip:all 23.0.1+dfsg-1
2025-07-21 19:55:29 status unpacked python3-pip:all 23.0.1+dfsg-1
2025-07-21 19:55:29 startup packages configure
2025-07-21 19:55:29 configure libksba8:amd64 1.6.3-2 <none>
2025-07-21 19:55:29 status unpacked libksba8:amd64 1.6.3-2
2025-07-21 19:55:29 status half-configured libksba8:amd64 1.6.3-2
2025-07-21 19:55:29 status installed libksba8:amd64 1.6.3-2
2025-07-21 19:55:29 configure javascript-common:all 11+nmu1 <none>
2025-07-21 19:55:29 status unpacked javascript-common:all 11+nmu1
2025-07-21 19:55:29 status half-configured javascript-common:all 11+nmu1
2025-07-21 19:55:29 status installed javascript-common:all 11+nmu1
2025-07-21 19:55:29 configure libaom3:amd64 3.6.0-1+deb12u1 <none>
2025-07-21 19:55:29 status unpacked libaom3:amd64 3.6.0-1+deb12u1
2025-07-21 19:55:29 status half-configured libaom3:amd64 3.6.0-1+deb12u1
2025-07-21 19:55:29 status installed libaom3:amd64 3.6.0-1+deb12u1
2025-07-21 19:55:29 configure manpages-dev:all 6.03-2 <none>
2025-07-21 19:55:29 status unpacked manpages-dev:all 6.03-2
2025-07-21 19:55:29 status half-configured manpages-dev:all 6.03-2
2025-07-21 19:55:29 status installed manpages-dev:all 6.03-2
2025-07-21 19:55:29 configure libabsl20220623:amd64 20220623.1-1+deb12u2 <none>
2025-07-21 19:55:29 status unpacked libabsl20220623:amd64 20220623.1-1+deb12u2
2025-07-21 19:55:29 status half-configured libabsl20220623:amd64 20220623.1-1+deb12u2
2025-07-21 19:55:29 status installed libabsl20220623:amd64 20220623.1-1+deb12u2
2025-07-21 19:55:29 configure liblerc4:amd64 4.0.0+ds-2 <none>
2025-07-21 19:55:29 status unpacked liblerc4:amd64 4.0.0+ds-2
2025-07-21 19:55:29 status half-configured liblerc4:amd64 4.0.0+ds-2
2025-07-21 19:55:29 status installed liblerc4:amd64 4.0.0+ds-2
2025-07-21 19:55:29 configure libpython3.11:amd64 3.11.2-6+deb12u6 <none>
2025-07-21 19:55:29 status unpacked libpython3.11:amd64 3.11.2-6+deb12u6
2025-07-21 19:55:29 status half-configured libpython3.11:amd64 3.11.2-6+deb12u6
2025-07-21 19:55:29 status installed libpython3.11:amd64 3.11.2-6+deb12u6
2025-07-21 19:55:29 configure libxpm4:amd64 1:3.5.12-1.1+deb12u1 <none>
2025-07-21 19:55:29 status unpacked libxpm4:amd64 1:3.5.12-1.1+deb12u1
2025-07-21 19:55:29 status half-configured libxpm4:amd64 1:3.5.12-1.1+deb12u1
2025-07-21 19:55:29 status installed libxpm4:amd64 1:3.5.12-1.1+deb12u1
2025-07-21 19:55:29 configure libfile-fcntllock-perl:amd64 0.22-4+b1 <none>
2025-07-21 19:55:29 status unpacked libfile-fcntllock-perl:amd64 0.22-4+b1
2025-07-21 19:55:29 status half-configured libfile-fcntllock-perl:amd64 0.22-4+b1
2025-07-21 19:55:29 status installed libfile-fcntllock-perl:amd64 0.22-4+b1
2025-07-21 19:55:29 configure libalgorithm-diff-perl:all 1.201-1 <none>
2025-07-21 19:55:29 status unpacked libalgorithm-diff-perl:all 1.201-1
2025-07-21 19:55:29 status half-configured libalgorithm-diff-perl:all 1.201-1
2025-07-21 19:55:29 status installed libalgorithm-diff-perl:all 1.201-1
2025-07-21 19:55:29 configure binutils-common:amd64 2.40-2 <none>
2025-07-21 19:55:29 status unpacked binutils-common:amd64 2.40-2
2025-07-21 19:55:29 status half-configured binutils-common:amd64 2.40-2
2025-07-21 19:55:29 status installed binutils-common:amd64 2.40-2
2025-07-21 19:55:29 configure libdeflate0:amd64 1.14-1 <none>
2025-07-21 19:55:29 status unpacked libdeflate0:amd64 1.14-1
2025-07-21 19:55:29 status half-configured libdeflate0:amd64 1.14-1
2025-07-21 19:55:29 status installed libdeflate0:amd64 1.14-1
2025-07-21 19:55:29 configure linux-libc-dev:amd64 6.1.140-1 <none>
2025-07-21 19:55:29 status unpacked linux-libc-dev:amd64 6.1.140-1
2025-07-21 19:55:29 status half-configured linux-libc-dev:amd64 6.1.140-1
2025-07-21 19:55:29 status installed linux-libc-dev:amd64 6.1.140-1
2025-07-21 19:55:29 configure libctf-nobfd0:amd64 2.40-2 <none>
2025-07-21 19:55:29 status unpacked libctf-nobfd0:amd64 2.40-2
2025-07-21 19:55:29 status half-configured libctf-nobfd0:amd64 2.40-2
2025-07-21 19:55:29 status installed libctf-nobfd0:amd64 2.40-2
2025-07-21 19:55:29 configure libnpth0:amd64 1.6-3 <none>
2025-07-21 19:55:29 status unpacked libnpth0:amd64 1.6-3
2025-07-21 19:55:29 status half-configured libnpth0:amd64 1.6-3
2025-07-21 19:55:29 status installed libnpth0:amd64 1.6-3
2025-07-21 19:55:29 configure libsvtav1enc1:amd64 1.4.1+dfsg-1 <none>
2025-07-21 19:55:29 status unpacked libsvtav1enc1:amd64 1.4.1+dfsg-1
2025-07-21 19:55:29 status half-configured libsvtav1enc1:amd64 1.4.1+dfsg-1
2025-07-21 19:55:29 status installed libsvtav1enc1:amd64 1.4.1+dfsg-1
2025-07-21 19:55:29 configure libassuan0:amd64 2.5.5-5 <none>
2025-07-21 19:55:29 status unpacked libassuan0:amd64 2.5.5-5
2025-07-21 19:55:29 status half-configured libassuan0:amd64 2.5.5-5
2025-07-21 19:55:29 status installed libassuan0:amd64 2.5.5-5
2025-07-21 19:55:29 configure libgomp1:amd64 12.2.0-14+deb12u1 <none>
2025-07-21 19:55:29 status unpacked libgomp1:amd64 12.2.0-14+deb12u1
2025-07-21 19:55:29 status half-configured libgomp1:amd64 12.2.0-14+deb12u1
2025-07-21 19:55:29 status installed libgomp1:amd64 12.2.0-14+deb12u1
2025-07-21 19:55:29 configure libjbig0:amd64 2.1-6.1 <none>
2025-07-21 19:55:29 status unpacked libjbig0:amd64 2.1-6.1
2025-07-21 19:55:29 status half-configured libjbig0:amd64 2.1-6.1
2025-07-21 19:55:29 status installed libjbig0:amd64 2.1-6.1
2025-07-21 19:55:29 configure librav1e0:amd64 0.5.1-6 <none>
2025-07-21 19:55:29 status unpacked librav1e0:amd64 0.5.1-6
2025-07-21 19:55:29 status half-configured librav1e0:amd64 0.5.1-6
2025-07-21 19:55:29 status installed librav1e0:amd64 0.5.1-6
2025-07-21 19:55:29 configure libfakeroot:amd64 1.31-1.2 <none>
2025-07-21 19:55:29 status unpacked libfakeroot:amd64 1.31-1.2
2025-07-21 19:55:29 status half-configured libfakeroot:amd64 1.31-1.2
2025-07-21 19:55:29 status installed libfakeroot:amd64 1.31-1.2
2025-07-21 19:55:29 configure fakeroot:amd64 1.31-1.2 <none>
2025-07-21 19:55:29 status unpacked fakeroot:amd64 1.31-1.2
2025-07-21 19:55:29 status half-configured fakeroot:amd64 1.31-1.2
2025-07-21 19:55:29 status installed fakeroot:amd64 1.31-1.2
2025-07-21 19:55:29 configure libtirpc-dev:amd64 1.3.3+ds-1 <none>
2025-07-21 19:55:29 status unpacked libtirpc-dev:amd64 1.3.3+ds-1
2025-07-21 19:55:29 status half-configured libtirpc-dev:amd64 1.3.3+ds-1
2025-07-21 19:55:29 status installed libtirpc-dev:amd64 1.3.3+ds-1
2025-07-21 19:55:29 configure rpcsvc-proto:amd64 1.4.3-1 <none>
2025-07-21 19:55:29 status unpacked rpcsvc-proto:amd64 1.4.3-1
2025-07-21 19:55:29 status half-configured rpcsvc-proto:amd64 1.4.3-1
2025-07-21 19:55:29 status installed rpcsvc-proto:amd64 1.4.3-1
2025-07-21 19:55:29 configure libjpeg62-turbo:amd64 1:2.1.5-2 <none>
2025-07-21 19:55:29 status unpacked libjpeg62-turbo:amd64 1:2.1.5-2
2025-07-21 19:55:29 status half-configured libjpeg62-turbo:amd64 1:2.1.5-2
2025-07-21 19:55:29 status installed libjpeg62-turbo:amd64 1:2.1.5-2
2025-07-21 19:55:29 configure make:amd64 4.3-4.1 <none>
2025-07-21 19:55:29 status unpacked make:amd64 4.3-4.1
2025-07-21 19:55:29 status half-configured make:amd64 4.3-4.1
2025-07-21 19:55:29 status installed make:amd64 4.3-4.1
2025-07-21 19:55:29 configure libmpfr6:amd64 4.2.0-1 <none>
2025-07-21 19:55:29 status unpacked libmpfr6:amd64 4.2.0-1
2025-07-21 19:55:29 status half-configured libmpfr6:amd64 4.2.0-1
2025-07-21 19:55:29 status installed libmpfr6:amd64 4.2.0-1
2025-07-21 19:55:29 configure gnupg-l10n:all 2.2.40-1.1 <none>
2025-07-21 19:55:29 status unpacked gnupg-l10n:all 2.2.40-1.1
2025-07-21 19:55:29 status half-configured gnupg-l10n:all 2.2.40-1.1
2025-07-21 19:55:29 status installed gnupg-l10n:all 2.2.40-1.1
2025-07-21 19:55:29 configure libquadmath0:amd64 12.2.0-14+deb12u1 <none>
2025-07-21 19:55:29 status unpacked libquadmath0:amd64 12.2.0-14+deb12u1
2025-07-21 19:55:29 status half-configured libquadmath0:amd64 12.2.0-14+deb12u1
2025-07-21 19:55:29 status installed libquadmath0:amd64 12.2.0-14+deb12u1
2025-07-21 19:55:29 configure libmpc3:amd64 1.3.1-1 <none>
2025-07-21 19:55:29 status unpacked libmpc3:amd64 1.3.1-1
2025-07-21 19:55:29 status half-configured libmpc3:amd64 1.3.1-1
2025-07-21 19:55:29 status installed libmpc3:amd64 1.3.1-1
2025-07-21 19:55:29 configure libatomic1:amd64 12.2.0-14+deb12u1 <none>
2025-07-21 19:55:29 status unpacked libatomic1:amd64 12.2.0-14+deb12u1
2025-07-21 19:55:29 status half-configured libatomic1:amd64 12.2.0-14+deb12u1
2025-07-21 19:55:29 status installed libatomic1:amd64 12.2.0-14+deb12u1
2025-07-21 19:55:29 configure patch:amd64 2.7.6-7 <none>
2025-07-21 19:55:29 status unpacked patch:amd64 2.7.6-7
2025-07-21 19:55:29 status half-configured patch:amd64 2.7.6-7
2025-07-21 19:55:29 status installed patch:amd64 2.7.6-7
2025-07-21 19:55:29 configure fonts-dejavu-core:all 2.37-6 <none>
2025-07-21 19:55:29 status unpacked fonts-dejavu-core:all 2.37-6
2025-07-21 19:55:29 status half-configured fonts-dejavu-core:all 2.37-6
2025-07-21 19:55:29 status installed fonts-dejavu-core:all 2.37-6
2025-07-21 19:55:29 configure libgav1-1:amd64 0.18.0-1+b1 <none>
2025-07-21 19:55:29 status unpacked libgav1-1:amd64 0.18.0-1+b1
2025-07-21 19:55:29 status half-configured libgav1-1:amd64 0.18.0-1+b1
2025-07-21 19:55:29 status installed libgav1-1:amd64 0.18.0-1+b1
2025-07-21 19:55:29 configure libdav1d6:amd64 1.0.0-2+deb12u1 <none>
2025-07-21 19:55:29 status unpacked libdav1d6:amd64 1.0.0-2+deb12u1
2025-07-21 19:55:29 status half-configured libdav1d6:amd64 1.0.0-2+deb12u1
2025-07-21 19:55:29 status installed libdav1d6:amd64 1.0.0-2+deb12u1
2025-07-21 19:55:29 configure libdpkg-perl:all 1.21.22 <none>
2025-07-21 19:55:29 status unpacked libdpkg-perl:all 1.21.22
2025-07-21 19:55:29 status half-configured libdpkg-perl:all 1.21.22
2025-07-21 19:55:29 status installed libdpkg-perl:all 1.21.22
2025-07-21 19:55:29 configure libwebp7:amd64 1.2.4-0.2+deb12u1 <none>
2025-07-21 19:55:29 status unpacked libwebp7:amd64 1.2.4-0.2+deb12u1
2025-07-21 19:55:29 status half-configured libwebp7:amd64 1.2.4-0.2+deb12u1
2025-07-21 19:55:29 status installed libwebp7:amd64 1.2.4-0.2+deb12u1
2025-07-21 19:55:29 configure libubsan1:amd64 12.2.0-14+deb12u1 <none>
2025-07-21 19:55:29 status unpacked libubsan1:amd64 12.2.0-14+deb12u1
2025-07-21 19:55:29 status half-configured libubsan1:amd64 12.2.0-14+deb12u1
2025-07-21 19:55:29 status installed libubsan1:amd64 12.2.0-14+deb12u1
2025-07-21 19:55:29 configure libnuma1:amd64 2.0.16-1 <none>
2025-07-21 19:55:29 status unpacked libnuma1:amd64 2.0.16-1
2025-07-21 19:55:29 status half-configured libnuma1:amd64 2.0.16-1
2025-07-21 19:55:29 status installed libnuma1:amd64 2.0.16-1
2025-07-21 19:55:29 configure libnsl-dev:amd64 1.3.0-2 <none>
2025-07-21 19:55:29 status unpacked libnsl-dev:amd64 1.3.0-2
2025-07-21 19:55:29 status half-configured libnsl-dev:amd64 1.3.0-2
2025-07-21 19:55:29 status installed libnsl-dev:amd64 1.3.0-2
2025-07-21 19:55:29 configure libcrypt-dev:amd64 1:4.4.33-2 <none>
2025-07-21 19:55:29 status unpacked libcrypt-dev:amd64 1:4.4.33-2
2025-07-21 19:55:29 status half-configured libcrypt-dev:amd64 1:4.4.33-2
2025-07-21 19:55:29 status installed libcrypt-dev:amd64 1:4.4.33-2
2025-07-21 19:55:29 configure libtiff6:amd64 4.5.0-6+deb12u2 <none>
2025-07-21 19:55:29 status unpacked libtiff6:amd64 4.5.0-6+deb12u2
2025-07-21 19:55:29 status half-configured libtiff6:amd64 4.5.0-6+deb12u2
2025-07-21 19:55:29 status installed libtiff6:amd64 4.5.0-6+deb12u2
2025-07-21 19:55:29 configure libasan8:amd64 12.2.0-14+deb12u1 <none>
2025-07-21 19:55:29 status unpacked libasan8:amd64 12.2.0-14+deb12u1
2025-07-21 19:55:29 status half-configured libasan8:amd64 12.2.0-14+deb12u1
2025-07-21 19:55:29 status installed libasan8:amd64 12.2.0-14+deb12u1
2025-07-21 19:55:29 configure gpgconf:amd64 2.2.40-1.1 <none>
2025-07-21 19:55:29 status unpacked gpgconf:amd64 2.2.40-1.1
2025-07-21 19:55:29 status half-configured gpgconf:amd64 2.2.40-1.1
2025-07-21 19:55:29 status installed gpgconf:amd64 2.2.40-1.1
2025-07-21 19:55:29 configure libtsan2:amd64 12.2.0-14+deb12u1 <none>
2025-07-21 19:55:29 status unpacked libtsan2:amd64 12.2.0-14+deb12u1
2025-07-21 19:55:29 status half-configured libtsan2:amd64 12.2.0-14+deb12u1
2025-07-21 19:55:29 status installed libtsan2:amd64 12.2.0-14+deb12u1
2025-07-21 19:55:29 configure libjs-jquery:all 3.6.1+dfsg+~3.5.14-1 <none>
2025-07-21 19:55:29 status unpacked libjs-jquery:all 3.6.1+dfsg+~3.5.14-1
2025-07-21 19:55:29 status half-configured libjs-jquery:all 3.6.1+dfsg+~3.5.14-1
2025-07-21 19:55:29 status installed libjs-jquery:all 3.6.1+dfsg+~3.5.14-1
2025-07-21 19:55:29 configure libbinutils:amd64 2.40-2 <none>
2025-07-21 19:55:29 status unpacked libbinutils:amd64 2.40-2
2025-07-21 19:55:29 status half-configured libbinutils:amd64 2.40-2
2025-07-21 19:55:29 status installed libbinutils:amd64 2.40-2
2025-07-21 19:55:29 configure libisl23:amd64 0.25-1.1 <none>
2025-07-21 19:55:29 status unpacked libisl23:amd64 0.25-1.1
2025-07-21 19:55:29 status half-configured libisl23:amd64 0.25-1.1
2025-07-21 19:55:29 status installed libisl23:amd64 0.25-1.1
2025-07-21 19:55:29 configure libde265-0:amd64 1.0.11-1+deb12u2 <none>
2025-07-21 19:55:29 status unpacked libde265-0:amd64 1.0.11-1+deb12u2
2025-07-21 19:55:29 status half-configured libde265-0:amd64 1.0.11-1+deb12u2
2025-07-21 19:55:29 status installed libde265-0:amd64 1.0.11-1+deb12u2
2025-07-21 19:55:29 configure libc-dev-bin:amd64 2.36-9+deb12u10 <none>
2025-07-21 19:55:29 status unpacked libc-dev-bin:amd64 2.36-9+deb12u10
2025-07-21 19:55:29 status half-configured libc-dev-bin:amd64 2.36-9+deb12u10
2025-07-21 19:55:29 status installed libc-dev-bin:amd64 2.36-9+deb12u10
2025-07-21 19:55:29 configure python3-lib2to3:all 3.11.2-3 <none>
2025-07-21 19:55:29 status unpacked python3-lib2to3:all 3.11.2-3
2025-07-21 19:55:29 status half-configured python3-lib2to3:all 3.11.2-3
2025-07-21 19:55:29 status installed python3-lib2to3:all 3.11.2-3
2025-07-21 19:55:29 configure libyuv0:amd64 0.0~git20230123.b2528b0-1 <none>
2025-07-21 19:55:29 status unpacked libyuv0:amd64 0.0~git20230123.b2528b0-1
2025-07-21 19:55:29 status half-configured libyuv0:amd64 0.0~git20230123.b2528b0-1
2025-07-21 19:55:29 status installed libyuv0:amd64 0.0~git20230123.b2528b0-1
2025-07-21 19:55:29 configure libalgorithm-diff-xs-perl:amd64 0.04-8+b1 <none>
2025-07-21 19:55:29 status unpacked libalgorithm-diff-xs-perl:amd64 0.04-8+b1
2025-07-21 19:55:29 status half-configured libalgorithm-diff-xs-perl:amd64 0.04-8+b1
2025-07-21 19:55:29 status installed libalgorithm-diff-xs-perl:amd64 0.04-8+b1
2025-07-21 19:55:29 configure libcc1-0:amd64 12.2.0-14+deb12u1 <none>
2025-07-21 19:55:29 status unpacked libcc1-0:amd64 12.2.0-14+deb12u1
2025-07-21 19:55:29 status half-configured libcc1-0:amd64 12.2.0-14+deb12u1
2025-07-21 19:55:29 status installed libcc1-0:amd64 12.2.0-14+deb12u1
2025-07-21 19:55:29 configure gpg:amd64 2.2.40-1.1 <none>
2025-07-21 19:55:29 status unpacked gpg:amd64 2.2.40-1.1
2025-07-21 19:55:29 status half-configured gpg:amd64 2.2.40-1.1
2025-07-21 19:55:29 status installed gpg:amd64 2.2.40-1.1
2025-07-21 19:55:29 configure liblsan0:amd64 12.2.0-14+deb12u1 <none>
2025-07-21 19:55:29 status unpacked liblsan0:amd64 12.2.0-14+deb12u1
2025-07-21 19:55:29 status half-configured liblsan0:amd64 12.2.0-14+deb12u1
2025-07-21 19:55:29 status installed liblsan0:amd64 12.2.0-14+deb12u1
2025-07-21 19:55:29 configure libitm1:amd64 12.2.0-14+deb12u1 <none>
2025-07-21 19:55:29 status unpacked libitm1:amd64 12.2.0-14+deb12u1
2025-07-21 19:55:29 status half-configured libitm1:amd64 12.2.0-14+deb12u1
2025-07-21 19:55:29 status installed libitm1:amd64 12.2.0-14+deb12u1
2025-07-21 19:55:29 configure libjs-underscore:all 1.13.4~dfsg+~1.11.4-3 <none>
2025-07-21 19:55:29 status unpacked libjs-underscore:all 1.13.4~dfsg+~1.11.4-3
2025-07-21 19:55:29 status half-configured libjs-underscore:all 1.13.4~dfsg+~1.11.4-3
2025-07-21 19:55:29 status installed libjs-underscore:all 1.13.4~dfsg+~1.11.4-3
2025-07-21 19:55:29 configure libalgorithm-merge-perl:all 0.08-5 <none>
2025-07-21 19:55:29 status unpacked libalgorithm-merge-perl:all 0.08-5
2025-07-21 19:55:29 status half-configured libalgorithm-merge-perl:all 0.08-5
2025-07-21 19:55:29 status installed libalgorithm-merge-perl:all 0.08-5
2025-07-21 19:55:29 configure gnupg-utils:amd64 2.2.40-1.1 <none>
2025-07-21 19:55:29 status unpacked gnupg-utils:amd64 2.2.40-1.1
2025-07-21 19:55:29 status half-configured gnupg-utils:amd64 2.2.40-1.1
2025-07-21 19:55:29 status installed gnupg-utils:amd64 2.2.40-1.1
2025-07-21 19:55:29 configure libctf0:amd64 2.40-2 <none>
2025-07-21 19:55:29 status unpacked libctf0:amd64 2.40-2
2025-07-21 19:55:29 status half-configured libctf0:amd64 2.40-2
2025-07-21 19:55:29 status installed libctf0:amd64 2.40-2
2025-07-21 19:55:29 configure python3-distutils:all 3.11.2-3 <none>
2025-07-21 19:55:29 status unpacked python3-distutils:all 3.11.2-3
2025-07-21 19:55:29 status half-configured python3-distutils:all 3.11.2-3
2025-07-21 19:55:29 status installed python3-distutils:all 3.11.2-3
2025-07-21 19:55:29 configure pinentry-curses:amd64 1.2.1-1 <none>
2025-07-21 19:55:29 status unpacked pinentry-curses:amd64 1.2.1-1
2025-07-21 19:55:29 status half-configured pinentry-curses:amd64 1.2.1-1
2025-07-21 19:55:29 status installed pinentry-curses:amd64 1.2.1-1
2025-07-21 19:55:29 configure cpp-12:amd64 12.2.0-14+deb12u1 <none>
2025-07-21 19:55:29 status unpacked cpp-12:amd64 12.2.0-14+deb12u1
2025-07-21 19:55:29 status half-configured cpp-12:amd64 12.2.0-14+deb12u1
2025-07-21 19:55:29 status installed cpp-12:amd64 12.2.0-14+deb12u1
2025-07-21 19:55:29 configure gpg-agent:amd64 2.2.40-1.1 <none>
2025-07-21 19:55:29 status unpacked gpg-agent:amd64 2.2.40-1.1
2025-07-21 19:55:29 status half-configured gpg-agent:amd64 2.2.40-1.1
2025-07-21 19:55:30 status installed gpg-agent:amd64 2.2.40-1.1
2025-07-21 19:55:30 configure python3-setuptools:all 66.1.1-1+deb12u1 <none>
2025-07-21 19:55:30 status unpacked python3-setuptools:all 66.1.1-1+deb12u1
2025-07-21 19:55:30 status half-configured python3-setuptools:all 66.1.1-1+deb12u1
2025-07-21 19:55:30 status installed python3-setuptools:all 66.1.1-1+deb12u1
2025-07-21 19:55:30 configure libavif15:amd64 0.11.1-1+deb12u1 <none>
2025-07-21 19:55:30 status unpacked libavif15:amd64 0.11.1-1+deb12u1
2025-07-21 19:55:30 status half-configured libavif15:amd64 0.11.1-1+deb12u1
2025-07-21 19:55:30 status installed libavif15:amd64 0.11.1-1+deb12u1
2025-07-21 19:55:30 configure fontconfig-config:amd64 2.14.1-4 <none>
2025-07-21 19:55:30 status unpacked fontconfig-config:amd64 2.14.1-4
2025-07-21 19:55:30 status half-configured fontconfig-config:amd64 2.14.1-4
2025-07-21 19:55:30 status installed fontconfig-config:amd64 2.14.1-4
2025-07-21 19:55:30 configure gpgsm:amd64 2.2.40-1.1 <none>
2025-07-21 19:55:30 status unpacked gpgsm:amd64 2.2.40-1.1
2025-07-21 19:55:30 status half-configured gpgsm:amd64 2.2.40-1.1
2025-07-21 19:55:30 status installed gpgsm:amd64 2.2.40-1.1
2025-07-21 19:55:30 configure python3-wheel:all 0.38.4-2 <none>
2025-07-21 19:55:30 status unpacked python3-wheel:all 0.38.4-2
2025-07-21 19:55:30 status half-configured python3-wheel:all 0.38.4-2
2025-07-21 19:55:30 status installed python3-wheel:all 0.38.4-2
2025-07-21 19:55:30 configure dirmngr:amd64 2.2.40-1.1 <none>
2025-07-21 19:55:30 status unpacked dirmngr:amd64 2.2.40-1.1
2025-07-21 19:55:30 status half-configured dirmngr:amd64 2.2.40-1.1
2025-07-21 19:55:31 status installed dirmngr:amd64 2.2.40-1.1
2025-07-21 19:55:31 configure libgprofng0:amd64 2.40-2 <none>
2025-07-21 19:55:31 status unpacked libgprofng0:amd64 2.40-2
2025-07-21 19:55:31 status half-configured libgprofng0:amd64 2.40-2
2025-07-21 19:55:31 status installed libgprofng0:amd64 2.40-2
2025-07-21 19:55:31 configure libgcc-12-dev:amd64 12.2.0-14+deb12u1 <none>
2025-07-21 19:55:31 status unpacked libgcc-12-dev:amd64 12.2.0-14+deb12u1
2025-07-21 19:55:31 status half-configured libgcc-12-dev:amd64 12.2.0-14+deb12u1
2025-07-21 19:55:31 status installed libgcc-12-dev:amd64 12.2.0-14+deb12u1
2025-07-21 19:55:31 configure python3-pip:all 23.0.1+dfsg-1 <none>
2025-07-21 19:55:31 status unpacked python3-pip:all 23.0.1+dfsg-1
2025-07-21 19:55:31 status half-configured python3-pip:all 23.0.1+dfsg-1
2025-07-21 19:55:32 status installed python3-pip:all 23.0.1+dfsg-1
2025-07-21 19:55:32 configure libjs-sphinxdoc:all 5.3.0-4 <none>
2025-07-21 19:55:32 status unpacked libjs-sphinxdoc:all 5.3.0-4
2025-07-21 19:55:32 status half-configured libjs-sphinxdoc:all 5.3.0-4
2025-07-21 19:55:32 status installed libjs-sphinxdoc:all 5.3.0-4
2025-07-21 19:55:32 configure libx265-199:amd64 3.5-2+b1 <none>
2025-07-21 19:55:32 status unpacked libx265-199:amd64 3.5-2+b1
2025-07-21 19:55:32 status half-configured libx265-199:amd64 3.5-2+b1
2025-07-21 19:55:32 status installed libx265-199:amd64 3.5-2+b1
2025-07-21 19:55:32 configure gpg-wks-server:amd64 2.2.40-1.1 <none>
2025-07-21 19:55:32 status unpacked gpg-wks-server:amd64 2.2.40-1.1
2025-07-21 19:55:32 status half-configured gpg-wks-server:amd64 2.2.40-1.1
2025-07-21 19:55:32 status installed gpg-wks-server:amd64 2.2.40-1.1
2025-07-21 19:55:32 configure cpp:amd64 4:12.2.0-3 <none>
2025-07-21 19:55:32 status unpacked cpp:amd64 4:12.2.0-3
2025-07-21 19:55:32 status half-configured cpp:amd64 4:12.2.0-3
2025-07-21 19:55:32 status installed cpp:amd64 4:12.2.0-3
2025-07-21 19:55:32 configure libc6-dev:amd64 2.36-9+deb12u10 <none>
2025-07-21 19:55:32 status unpacked libc6-dev:amd64 2.36-9+deb12u10
2025-07-21 19:55:32 status half-configured libc6-dev:amd64 2.36-9+deb12u10
2025-07-21 19:55:32 status installed libc6-dev:amd64 2.36-9+deb12u10
2025-07-21 19:55:32 configure libfontconfig1:amd64 2.14.1-4 <none>
2025-07-21 19:55:32 status unpacked libfontconfig1:amd64 2.14.1-4
2025-07-21 19:55:32 status half-configured libfontconfig1:amd64 2.14.1-4
2025-07-21 19:55:32 status installed libfontconfig1:amd64 2.14.1-4
2025-07-21 19:55:32 configure binutils-x86-64-linux-gnu:amd64 2.40-2 <none>
2025-07-21 19:55:32 status unpacked binutils-x86-64-linux-gnu:amd64 2.40-2
2025-07-21 19:55:32 status half-configured binutils-x86-64-linux-gnu:amd64 2.40-2
2025-07-21 19:55:32 status installed binutils-x86-64-linux-gnu:amd64 2.40-2
2025-07-21 19:55:32 configure gpg-wks-client:amd64 2.2.40-1.1 <none>
2025-07-21 19:55:32 status unpacked gpg-wks-client:amd64 2.2.40-1.1
2025-07-21 19:55:32 status half-configured gpg-wks-client:amd64 2.2.40-1.1
2025-07-21 19:55:32 status installed gpg-wks-client:amd64 2.2.40-1.1
2025-07-21 19:55:32 configure libstdc++-12-dev:amd64 12.2.0-14+deb12u1 <none>
2025-07-21 19:55:32 status unpacked libstdc++-12-dev:amd64 12.2.0-14+deb12u1
2025-07-21 19:55:32 status half-configured libstdc++-12-dev:amd64 12.2.0-14+deb12u1
2025-07-21 19:55:32 status installed libstdc++-12-dev:amd64 12.2.0-14+deb12u1
2025-07-21 19:55:32 configure libheif1:amd64 1.15.1-1+deb12u1 <none>
2025-07-21 19:55:32 status unpacked libheif1:amd64 1.15.1-1+deb12u1
2025-07-21 19:55:32 status half-configured libheif1:amd64 1.15.1-1+deb12u1
2025-07-21 19:55:32 status installed libheif1:amd64 1.15.1-1+deb12u1
2025-07-21 19:55:32 configure binutils:amd64 2.40-2 <none>
2025-07-21 19:55:32 status unpacked binutils:amd64 2.40-2
2025-07-21 19:55:32 status half-configured binutils:amd64 2.40-2
2025-07-21 19:55:32 status installed binutils:amd64 2.40-2
2025-07-21 19:55:32 configure dpkg-dev:all 1.21.22 <none>
2025-07-21 19:55:32 status unpacked dpkg-dev:all 1.21.22
2025-07-21 19:55:32 status half-configured dpkg-dev:all 1.21.22
2025-07-21 19:55:32 status installed dpkg-dev:all 1.21.22
2025-07-21 19:55:32 configure libexpat1-dev:amd64 2.5.0-1+deb12u1 <none>
2025-07-21 19:55:32 status unpacked libexpat1-dev:amd64 2.5.0-1+deb12u1
2025-07-21 19:55:32 status half-configured libexpat1-dev:amd64 2.5.0-1+deb12u1
2025-07-21 19:55:32 status installed libexpat1-dev:amd64 2.5.0-1+deb12u1
2025-07-21 19:55:32 configure gcc-12:amd64 12.2.0-14+deb12u1 <none>
2025-07-21 19:55:32 status unpacked gcc-12:amd64 12.2.0-14+deb12u1
2025-07-21 19:55:32 status half-configured gcc-12:amd64 12.2.0-14+deb12u1
2025-07-21 19:55:32 status installed gcc-12:amd64 12.2.0-14+deb12u1
2025-07-21 19:55:32 configure libgd3:amd64 2.3.3-9 <none>
2025-07-21 19:55:32 status unpacked libgd3:amd64 2.3.3-9
2025-07-21 19:55:32 status half-configured libgd3:amd64 2.3.3-9
2025-07-21 19:55:32 status installed libgd3:amd64 2.3.3-9
2025-07-21 19:55:32 configure zlib1g-dev:amd64 1:1.2.13.dfsg-1 <none>
2025-07-21 19:55:32 status unpacked zlib1g-dev:amd64 1:1.2.13.dfsg-1
2025-07-21 19:55:32 status half-configured zlib1g-dev:amd64 1:1.2.13.dfsg-1
2025-07-21 19:55:32 status installed zlib1g-dev:amd64 1:1.2.13.dfsg-1
2025-07-21 19:55:32 configure gnupg:all 2.2.40-1.1 <none>
2025-07-21 19:55:32 status unpacked gnupg:all 2.2.40-1.1
2025-07-21 19:55:32 status half-configured gnupg:all 2.2.40-1.1
2025-07-21 19:55:32 status installed gnupg:all 2.2.40-1.1
2025-07-21 19:55:32 configure libc-devtools:amd64 2.36-9+deb12u10 <none>
2025-07-21 19:55:32 status unpacked libc-devtools:amd64 2.36-9+deb12u10
2025-07-21 19:55:32 status half-configured libc-devtools:amd64 2.36-9+deb12u10
2025-07-21 19:55:32 status installed libc-devtools:amd64 2.36-9+deb12u10
2025-07-21 19:55:32 configure g++-12:amd64 12.2.0-14+deb12u1 <none>
2025-07-21 19:55:32 status unpacked g++-12:amd64 12.2.0-14+deb12u1
2025-07-21 19:55:32 status half-configured g++-12:amd64 12.2.0-14+deb12u1
2025-07-21 19:55:32 status installed g++-12:amd64 12.2.0-14+deb12u1
2025-07-21 19:55:32 configure gcc:amd64 4:12.2.0-3 <none>
2025-07-21 19:55:32 status unpacked gcc:amd64 4:12.2.0-3
2025-07-21 19:55:32 status half-configured gcc:amd64 4:12.2.0-3
2025-07-21 19:55:32 status installed gcc:amd64 4:12.2.0-3
2025-07-21 19:55:32 configure libpython3.11-dev:amd64 3.11.2-6+deb12u6 <none>
2025-07-21 19:55:32 status unpacked libpython3.11-dev:amd64 3.11.2-6+deb12u6
2025-07-21 19:55:32 status half-configured libpython3.11-dev:amd64 3.11.2-6+deb12u6
2025-07-21 19:55:32 status installed libpython3.11-dev:amd64 3.11.2-6+deb12u6
2025-07-21 19:55:32 configure g++:amd64 4:12.2.0-3 <none>
2025-07-21 19:55:32 status unpacked g++:amd64 4:12.2.0-3
2025-07-21 19:55:32 status half-configured g++:amd64 4:12.2.0-3
2025-07-21 19:55:32 status installed g++:amd64 4:12.2.0-3
2025-07-21 19:55:32 configure build-essential:amd64 12.9 <none>
2025-07-21 19:55:32 status unpacked build-essential:amd64 12.9
2025-07-21 19:55:32 status half-configured build-essential:amd64 12.9
2025-07-21 19:55:32 status installed build-essential:amd64 12.9
2025-07-21 19:55:32 configure libpython3-dev:amd64 3.11.2-1+b1 <none>
2025-07-21 19:55:32 status unpacked libpython3-dev:amd64 3.11.2-1+b1
2025-07-21 19:55:32 status half-configured libpython3-dev:amd64 3.11.2-1+b1
2025-07-21 19:55:32 status installed libpython3-dev:amd64 3.11.2-1+b1
2025-07-21 19:55:32 configure python3.11-dev:amd64 3.11.2-6+deb12u6 <none>
2025-07-21 19:55:32 status unpacked python3.11-dev:amd64 3.11.2-6+deb12u6
2025-07-21 19:55:32 status half-configured python3.11-dev:amd64 3.11.2-6+deb12u6
2025-07-21 19:55:32 status installed python3.11-dev:amd64 3.11.2-6+deb12u6
2025-07-21 19:55:32 configure python3-dev:amd64 3.11.2-1+b1 <none>
2025-07-21 19:55:32 status unpacked python3-dev:amd64 3.11.2-1+b1
2025-07-21 19:55:32 status half-configured python3-dev:amd64 3.11.2-1+b1
2025-07-21 19:55:32 status installed python3-dev:amd64 3.11.2-1+b1
2025-07-21 19:55:32 trigproc man-db:amd64 2.11.2-2 <none>
2025-07-21 19:55:32 status half-configured man-db:amd64 2.11.2-2
2025-07-21 19:55:33 status installed man-db:amd64 2.11.2-2
2025-07-21 19:55:33 trigproc libc-bin:amd64 2.36-9+deb12u10 <none>
2025-07-21 19:55:33 status half-configured libc-bin:amd64 2.36-9+deb12u10
2025-07-21 19:55:33 status installed libc-bin:amd64 2.36-9+deb12u10
2025-07-21 19:56:40 startup archives unpack
2025-07-21 19:56:40 install uuid-dev:amd64 <none> 2.38.1-5+deb12u3
2025-07-21 19:56:40 status half-installed uuid-dev:amd64 2.38.1-5+deb12u3
2025-07-21 19:56:40 status triggers-pending man-db:amd64 2.11.2-2
2025-07-21 19:56:40 status unpacked uuid-dev:amd64 2.38.1-5+deb12u3
2025-07-21 19:56:40 install libblkid-dev:amd64 <none> 2.38.1-5+deb12u3
2025-07-21 19:56:40 status half-installed libblkid-dev:amd64 2.38.1-5+deb12u3
2025-07-21 19:56:40 status unpacked libblkid-dev:amd64 2.38.1-5+deb12u3
2025-07-21 19:56:40 install libffi-dev:amd64 <none> 3.4.4-1
2025-07-21 19:56:40 status half-installed libffi-dev:amd64 3.4.4-1
2025-07-21 19:56:40 status unpacked libffi-dev:amd64 3.4.4-1
2025-07-21 19:56:40 install libglib2.0-bin:amd64 <none> 2.74.6-2+deb12u6
2025-07-21 19:56:40 status half-installed libglib2.0-bin:amd64 2.74.6-2+deb12u6
2025-07-21 19:56:40 status unpacked libglib2.0-bin:amd64 2.74.6-2+deb12u6
2025-07-21 19:56:40 install libglib2.0-dev-bin:amd64 <none> 2.74.6-2+deb12u6
2025-07-21 19:56:40 status half-installed libglib2.0-dev-bin:amd64 2.74.6-2+deb12u6
2025-07-21 19:56:40 status unpacked libglib2.0-dev-bin:amd64 2.74.6-2+deb12u6
2025-07-21 19:56:40 install libsepol-dev:amd64 <none> 3.4-2.1
2025-07-21 19:56:40 status half-installed libsepol-dev:amd64 3.4-2.1
2025-07-21 19:56:40 status unpacked libsepol-dev:amd64 3.4-2.1
2025-07-21 19:56:40 install libpcre2-16-0:amd64 <none> 10.42-1
2025-07-21 19:56:40 status triggers-pending libc-bin:amd64 2.36-9+deb12u10
2025-07-21 19:56:40 status half-installed libpcre2-16-0:amd64 10.42-1
2025-07-21 19:56:40 status unpacked libpcre2-16-0:amd64 10.42-1
2025-07-21 19:56:40 install libpcre2-32-0:amd64 <none> 10.42-1
2025-07-21 19:56:40 status half-installed libpcre2-32-0:amd64 10.42-1
2025-07-21 19:56:40 status unpacked libpcre2-32-0:amd64 10.42-1
2025-07-21 19:56:40 install libpcre2-posix3:amd64 <none> 10.42-1
2025-07-21 19:56:40 status half-installed libpcre2-posix3:amd64 10.42-1
2025-07-21 19:56:40 status unpacked libpcre2-posix3:amd64 10.42-1
2025-07-21 19:56:40 install libpcre2-dev:amd64 <none> 10.42-1
2025-07-21 19:56:40 status half-installed libpcre2-dev:amd64 10.42-1
2025-07-21 19:56:40 status unpacked libpcre2-dev:amd64 10.42-1
2025-07-21 19:56:41 install libselinux1-dev:amd64 <none> 3.4-1+b6
2025-07-21 19:56:41 status half-installed libselinux1-dev:amd64 3.4-1+b6
2025-07-21 19:56:41 status unpacked libselinux1-dev:amd64 3.4-1+b6
2025-07-21 19:56:41 install libmount-dev:amd64 <none> 2.38.1-5+deb12u3
2025-07-21 19:56:41 status half-installed libmount-dev:amd64 2.38.1-5+deb12u3
2025-07-21 19:56:41 status unpacked libmount-dev:amd64 2.38.1-5+deb12u3
2025-07-21 19:56:41 install libpkgconf3:amd64 <none> 1.8.1-1
2025-07-21 19:56:41 status half-installed libpkgconf3:amd64 1.8.1-1
2025-07-21 19:56:41 status unpacked libpkgconf3:amd64 1.8.1-1
2025-07-21 19:56:41 install pkgconf-bin:amd64 <none> 1.8.1-1
2025-07-21 19:56:41 status half-installed pkgconf-bin:amd64 1.8.1-1
2025-07-21 19:56:41 status unpacked pkgconf-bin:amd64 1.8.1-1
2025-07-21 19:56:41 install pkgconf:amd64 <none> 1.8.1-1
2025-07-21 19:56:41 status half-installed pkgconf:amd64 1.8.1-1
2025-07-21 19:56:41 status unpacked pkgconf:amd64 1.8.1-1
2025-07-21 19:56:41 install pkg-config:amd64 <none> 1.8.1-1
2025-07-21 19:56:41 status half-installed pkg-config:amd64 1.8.1-1
2025-07-21 19:56:41 status unpacked pkg-config:amd64 1.8.1-1
2025-07-21 19:56:41 install libglib2.0-dev:amd64 <none> 2.74.6-2+deb12u6
2025-07-21 19:56:41 status half-installed libglib2.0-dev:amd64 2.74.6-2+deb12u6
2025-07-21 19:56:41 status triggers-pending libglib2.0-0:amd64 2.74.6-2+deb12u6
2025-07-21 19:56:41 status unpacked libglib2.0-dev:amd64 2.74.6-2+deb12u6
2025-07-21 19:56:41 startup packages configure
2025-07-21 19:56:41 configure libglib2.0-dev-bin:amd64 2.74.6-2+deb12u6 <none>
2025-07-21 19:56:41 status unpacked libglib2.0-dev-bin:amd64 2.74.6-2+deb12u6
2025-07-21 19:56:41 status half-configured libglib2.0-dev-bin:amd64 2.74.6-2+deb12u6
2025-07-21 19:56:41 status installed libglib2.0-dev-bin:amd64 2.74.6-2+deb12u6
2025-07-21 19:56:41 configure libglib2.0-bin:amd64 2.74.6-2+deb12u6 <none>
2025-07-21 19:56:41 status unpacked libglib2.0-bin:amd64 2.74.6-2+deb12u6
2025-07-21 19:56:41 status half-configured libglib2.0-bin:amd64 2.74.6-2+deb12u6
2025-07-21 19:56:41 status installed libglib2.0-bin:amd64 2.74.6-2+deb12u6
2025-07-21 19:56:41 configure libffi-dev:amd64 3.4.4-1 <none>
2025-07-21 19:56:41 status unpacked libffi-dev:amd64 3.4.4-1
2025-07-21 19:56:41 status half-configured libffi-dev:amd64 3.4.4-1
2025-07-21 19:56:41 status installed libffi-dev:amd64 3.4.4-1
2025-07-21 19:56:41 configure libpcre2-16-0:amd64 10.42-1 <none>
2025-07-21 19:56:41 status unpacked libpcre2-16-0:amd64 10.42-1
2025-07-21 19:56:41 status half-configured libpcre2-16-0:amd64 10.42-1
2025-07-21 19:56:41 status installed libpcre2-16-0:amd64 10.42-1
2025-07-21 19:56:41 configure libpcre2-32-0:amd64 10.42-1 <none>
2025-07-21 19:56:41 status unpacked libpcre2-32-0:amd64 10.42-1
2025-07-21 19:56:41 status half-configured libpcre2-32-0:amd64 10.42-1
2025-07-21 19:56:41 status installed libpcre2-32-0:amd64 10.42-1
2025-07-21 19:56:41 configure libpkgconf3:amd64 1.8.1-1 <none>
2025-07-21 19:56:41 status unpacked libpkgconf3:amd64 1.8.1-1
2025-07-21 19:56:41 status half-configured libpkgconf3:amd64 1.8.1-1
2025-07-21 19:56:41 status installed libpkgconf3:amd64 1.8.1-1
2025-07-21 19:56:41 configure uuid-dev:amd64 2.38.1-5+deb12u3 <none>
2025-07-21 19:56:41 status unpacked uuid-dev:amd64 2.38.1-5+deb12u3
2025-07-21 19:56:41 status half-configured uuid-dev:amd64 2.38.1-5+deb12u3
2025-07-21 19:56:41 status installed uuid-dev:amd64 2.38.1-5+deb12u3
2025-07-21 19:56:41 configure libsepol-dev:amd64 3.4-2.1 <none>
2025-07-21 19:56:41 status unpacked libsepol-dev:amd64 3.4-2.1
2025-07-21 19:56:41 status half-configured libsepol-dev:amd64 3.4-2.1
2025-07-21 19:56:41 status installed libsepol-dev:amd64 3.4-2.1
2025-07-21 19:56:41 configure pkgconf-bin:amd64 1.8.1-1 <none>
2025-07-21 19:56:41 status unpacked pkgconf-bin:amd64 1.8.1-1
2025-07-21 19:56:41 status half-configured pkgconf-bin:amd64 1.8.1-1
2025-07-21 19:56:41 status installed pkgconf-bin:amd64 1.8.1-1
2025-07-21 19:56:41 configure libpcre2-posix3:amd64 10.42-1 <none>
2025-07-21 19:56:41 status unpacked libpcre2-posix3:amd64 10.42-1
2025-07-21 19:56:41 status half-configured libpcre2-posix3:amd64 10.42-1
2025-07-21 19:56:41 status installed libpcre2-posix3:amd64 10.42-1
2025-07-21 19:56:41 configure libblkid-dev:amd64 2.38.1-5+deb12u3 <none>
2025-07-21 19:56:41 status unpacked libblkid-dev:amd64 2.38.1-5+deb12u3
2025-07-21 19:56:41 status half-configured libblkid-dev:amd64 2.38.1-5+deb12u3
2025-07-21 19:56:41 status installed libblkid-dev:amd64 2.38.1-5+deb12u3
2025-07-21 19:56:41 configure libpcre2-dev:amd64 10.42-1 <none>
2025-07-21 19:56:41 status unpacked libpcre2-dev:amd64 10.42-1
2025-07-21 19:56:41 status half-configured libpcre2-dev:amd64 10.42-1
2025-07-21 19:56:41 status installed libpcre2-dev:amd64 10.42-1
2025-07-21 19:56:41 configure libselinux1-dev:amd64 3.4-1+b6 <none>
2025-07-21 19:56:41 status unpacked libselinux1-dev:amd64 3.4-1+b6
2025-07-21 19:56:41 status half-configured libselinux1-dev:amd64 3.4-1+b6
2025-07-21 19:56:41 status installed libselinux1-dev:amd64 3.4-1+b6
2025-07-21 19:56:41 configure pkgconf:amd64 1.8.1-1 <none>
2025-07-21 19:56:41 status unpacked pkgconf:amd64 1.8.1-1
2025-07-21 19:56:41 status half-configured pkgconf:amd64 1.8.1-1
2025-07-21 19:56:41 status installed pkgconf:amd64 1.8.1-1
2025-07-21 19:56:41 configure pkg-config:amd64 1.8.1-1 <none>
2025-07-21 19:56:41 status unpacked pkg-config:amd64 1.8.1-1
2025-07-21 19:56:41 status half-configured pkg-config:amd64 1.8.1-1
2025-07-21 19:56:41 status installed pkg-config:amd64 1.8.1-1
2025-07-21 19:56:41 configure libmount-dev:amd64 2.38.1-5+deb12u3 <none>
2025-07-21 19:56:41 status unpacked libmount-dev:amd64 2.38.1-5+deb12u3
2025-07-21 19:56:41 status half-configured libmount-dev:amd64 2.38.1-5+deb12u3
2025-07-21 19:56:41 status installed libmount-dev:amd64 2.38.1-5+deb12u3
2025-07-21 19:56:41 configure libglib2.0-dev:amd64 2.74.6-2+deb12u6 <none>
2025-07-21 19:56:41 status unpacked libglib2.0-dev:amd64 2.74.6-2+deb12u6
2025-07-21 19:56:41 status half-configured libglib2.0-dev:amd64 2.74.6-2+deb12u6
2025-07-21 19:56:41 status triggers-awaited libglib2.0-dev:amd64 2.74.6-2+deb12u6
2025-07-21 19:56:41 trigproc libc-bin:amd64 2.36-9+deb12u10 <none>
2025-07-21 19:56:41 status half-configured libc-bin:amd64 2.36-9+deb12u10
2025-07-21 19:56:41 status installed libc-bin:amd64 2.36-9+deb12u10
2025-07-21 19:56:41 trigproc man-db:amd64 2.11.2-2 <none>
2025-07-21 19:56:41 status half-configured man-db:amd64 2.11.2-2
2025-07-21 19:56:42 status installed man-db:amd64 2.11.2-2
2025-07-21 19:56:42 trigproc libglib2.0-0:amd64 2.74.6-2+deb12u6 <none>
2025-07-21 19:56:42 status half-configured libglib2.0-0:amd64 2.74.6-2+deb12u6
2025-07-21 19:56:42 status installed libglib2.0-dev:amd64 2.74.6-2+deb12u6
2025-07-21 19:56:42 status installed libglib2.0-0:amd64 2.74.6-2+deb12u6
2025-07-21 20:10:36 startup archives unpack
2025-07-21 20:10:36 install unzip:amd64 <none> 6.0-28
2025-07-21 20:10:36 status half-installed unzip:amd64 6.0-28
2025-07-21 20:10:36 status triggers-pending mailcap:all 3.70+nmu1
2025-07-21 20:10:36 status triggers-pending man-db:amd64 2.11.2-2
2025-07-21 20:10:36 status unpacked unzip:amd64 6.0-28
2025-07-21 20:10:36 startup packages configure
2025-07-21 20:10:36 configure unzip:amd64 6.0-28 <none>
2025-07-21 20:10:36 status unpacked unzip:amd64 6.0-28
2025-07-21 20:10:36 status half-configured unzip:amd64 6.0-28
2025-07-21 20:10:36 status installed unzip:amd64 6.0-28
2025-07-21 20:10:36 trigproc mailcap:all 3.70+nmu1 <none>
2025-07-21 20:10:36 status half-configured mailcap:all 3.70+nmu1
2025-07-21 20:10:36 status installed mailcap:all 3.70+nmu1
2025-07-21 20:10:36 trigproc man-db:amd64 2.11.2-2 <none>
2025-07-21 20:10:36 status half-configured man-db:amd64 2.11.2-2
2025-07-21 20:10:37 status installed man-db:amd64 2.11.2-2
2025-07-21 20:11:32 startup archives install
2025-07-21 20:11:32 install falcon-sensor:amd64 <none> 7.27.0-18003
2025-07-21 20:11:32 status triggers-pending libc-bin:amd64 2.36-9+deb12u10
2025-07-21 20:11:32 status half-installed falcon-sensor:amd64 7.27.0-18003
2025-07-21 20:11:34 status unpacked falcon-sensor:amd64 7.27.0-18003
2025-07-21 20:11:34 trigproc libc-bin:amd64 2.36-9+deb12u10 <none>
2025-07-21 20:11:34 status half-configured libc-bin:amd64 2.36-9+deb12u10
2025-07-21 20:11:34 status installed libc-bin:amd64 2.36-9+deb12u10
2025-07-21 20:11:42 startup archives unpack
2025-07-21 20:11:42 install libnl-3-200:amd64 <none> 3.7.0-0.2+b1
2025-07-21 20:11:42 status triggers-pending libc-bin:amd64 2.36-9+deb12u10
2025-07-21 20:11:42 status half-installed libnl-3-200:amd64 3.7.0-0.2+b1
2025-07-21 20:11:42 status unpacked libnl-3-200:amd64 3.7.0-0.2+b1
2025-07-21 20:11:42 install libnl-genl-3-200:amd64 <none> 3.7.0-0.2+b1
2025-07-21 20:11:42 status half-installed libnl-genl-3-200:amd64 3.7.0-0.2+b1
2025-07-21 20:11:42 status unpacked libnl-genl-3-200:amd64 3.7.0-0.2+b1
2025-07-21 20:11:42 startup packages configure
2025-07-21 20:11:42 configure libnl-3-200:amd64 3.7.0-0.2+b1 <none>
2025-07-21 20:11:42 status unpacked libnl-3-200:amd64 3.7.0-0.2+b1
2025-07-21 20:11:42 status half-configured libnl-3-200:amd64 3.7.0-0.2+b1
2025-07-21 20:11:42 status installed libnl-3-200:amd64 3.7.0-0.2+b1
2025-07-21 20:11:42 configure libnl-genl-3-200:amd64 3.7.0-0.2+b1 <none>
2025-07-21 20:11:42 status unpacked libnl-genl-3-200:amd64 3.7.0-0.2+b1
2025-07-21 20:11:42 status half-configured libnl-genl-3-200:amd64 3.7.0-0.2+b1
2025-07-21 20:11:42 status installed libnl-genl-3-200:amd64 3.7.0-0.2+b1
2025-07-21 20:11:42 configure falcon-sensor:amd64 7.27.0-18003 <none>
2025-07-21 20:11:42 status unpacked falcon-sensor:amd64 7.27.0-18003
2025-07-21 20:11:42 status half-configured falcon-sensor:amd64 7.27.0-18003
2025-07-21 20:11:43 status installed falcon-sensor:amd64 7.27.0-18003
2025-07-21 20:11:43 trigproc libc-bin:amd64 2.36-9+deb12u10 <none>
2025-07-21 20:11:43 status half-configured libc-bin:amd64 2.36-9+deb12u10
2025-07-21 20:11:43 status installed libc-bin:amd64 2.36-9+deb12u10
2025-07-21 20:11:46 startup archives install
2025-07-21 20:11:46 upgrade falcon-sensor:amd64 7.27.0-18003 7.27.0-18003
2025-07-21 20:11:46 status triggers-pending libc-bin:amd64 2.36-9+deb12u10
2025-07-21 20:11:46 status half-configured falcon-sensor:amd64 7.27.0-18003
2025-07-21 20:11:46 status unpacked falcon-sensor:amd64 7.27.0-18003
2025-07-21 20:11:46 status half-installed falcon-sensor:amd64 7.27.0-18003
2025-07-21 20:11:48 status unpacked falcon-sensor:amd64 7.27.0-18003
2025-07-21 20:11:48 configure falcon-sensor:amd64 7.27.0-18003 7.27.0-18003
2025-07-21 20:11:48 status half-configured falcon-sensor:amd64 7.27.0-18003
2025-07-21 20:11:49 status installed falcon-sensor:amd64 7.27.0-18003
2025-07-21 20:11:49 trigproc libc-bin:amd64 2.36-9+deb12u10 <none>
2025-07-21 20:11:49 status half-configured libc-bin:amd64 2.36-9+deb12u10
2025-07-21 20:11:49 status installed libc-bin:amd64 2.36-9+deb12u10
2025-07-21 15:58:24 startup archives unpack
2025-07-21 15:58:24 install htop:amd64 <none> 3.2.2-2
2025-07-21 15:58:24 status half-installed htop:amd64 3.2.2-2
2025-07-21 15:58:24 status triggers-pending mailcap:all 3.70+nmu1
2025-07-21 15:58:24 status triggers-pending man-db:amd64 2.11.2-2
2025-07-21 15:58:24 status unpacked htop:amd64 3.2.2-2
2025-07-21 15:58:24 startup packages configure
2025-07-21 15:58:24 configure htop:amd64 3.2.2-2 <none>
2025-07-21 15:58:24 status unpacked htop:amd64 3.2.2-2
2025-07-21 15:58:24 status half-configured htop:amd64 3.2.2-2
2025-07-21 15:58:24 status installed htop:amd64 3.2.2-2
2025-07-21 15:58:24 trigproc mailcap:all 3.70+nmu1 <none>
2025-07-21 15:58:24 status half-configured mailcap:all 3.70+nmu1
2025-07-21 15:58:24 status installed mailcap:all 3.70+nmu1
2025-07-21 15:58:24 trigproc man-db:amd64 2.11.2-2 <none>
2025-07-21 15:58:24 status half-configured man-db:amd64 2.11.2-2
2025-07-21 15:58:25 status installed man-db:amd64 2.11.2-2
2025-07-21 22:22:28 startup archives unpack
2025-07-21 22:22:28 install libcurl4:amd64 <none> 7.88.1-10+deb12u12
2025-07-21 22:22:28 status triggers-pending libc-bin:amd64 2.36-9+deb12u10
2025-07-21 22:22:28 status half-installed libcurl4:amd64 7.88.1-10+deb12u12
2025-07-21 22:22:28 status unpacked libcurl4:amd64 7.88.1-10+deb12u12
2025-07-21 22:22:28 install curl:amd64 <none> 7.88.1-10+deb12u12
2025-07-21 22:22:28 status half-installed curl:amd64 7.88.1-10+deb12u12
2025-07-21 22:22:28 status triggers-pending man-db:amd64 2.11.2-2
2025-07-21 22:22:28 status unpacked curl:amd64 7.88.1-10+deb12u12
2025-07-21 22:22:28 startup packages configure
2025-07-21 22:22:28 configure libcurl4:amd64 7.88.1-10+deb12u12 <none>
2025-07-21 22:22:28 status unpacked libcurl4:amd64 7.88.1-10+deb12u12
2025-07-21 22:22:28 status half-configured libcurl4:amd64 7.88.1-10+deb12u12
2025-07-21 22:22:28 status installed libcurl4:amd64 7.88.1-10+deb12u12
2025-07-21 22:22:28 configure curl:amd64 7.88.1-10+deb12u12 <none>
2025-07-21 22:22:28 status unpacked curl:amd64 7.88.1-10+deb12u12
2025-07-21 22:22:28 status half-configured curl:amd64 7.88.1-10+deb12u12
2025-07-21 22:22:28 status installed curl:amd64 7.88.1-10+deb12u12
2025-07-21 22:22:28 trigproc man-db:amd64 2.11.2-2 <none>
2025-07-21 22:22:28 status half-configured man-db:amd64 2.11.2-2
2025-07-21 22:22:29 status installed man-db:amd64 2.11.2-2
2025-07-21 22:22:29 trigproc libc-bin:amd64 2.36-9+deb12u10 <none>
2025-07-21 22:22:29 status half-configured libc-bin:amd64 2.36-9+deb12u10
2025-07-21 22:22:29 status installed libc-bin:amd64 2.36-9+deb12u10
2025-07-22 11:03:53 startup archives unpack
2025-07-22 11:03:53 install libestr0:amd64 <none> 0.1.11-1
2025-07-22 11:03:53 status triggers-pending libc-bin:amd64 2.36-9+deb12u10
2025-07-22 11:03:53 status half-installed libestr0:amd64 0.1.11-1
2025-07-22 11:03:53 status unpacked libestr0:amd64 0.1.11-1
2025-07-22 11:03:53 install libfastjson4:amd64 <none> 1.2304.0-1
2025-07-22 11:03:53 status half-installed libfastjson4:amd64 1.2304.0-1
2025-07-22 11:03:53 status unpacked libfastjson4:amd64 1.2304.0-1
2025-07-22 11:03:53 install liblognorm5:amd64 <none> 2.0.6-4
2025-07-22 11:03:53 status half-installed liblognorm5:amd64 2.0.6-4
2025-07-22 11:03:54 status unpacked liblognorm5:amd64 2.0.6-4
2025-07-22 11:03:54 install rsyslog:amd64 <none> 8.2302.0-1+deb12u1
2025-07-22 11:03:54 status half-installed rsyslog:amd64 8.2302.0-1+deb12u1
2025-07-22 11:03:54 status triggers-pending man-db:amd64 2.11.2-2
2025-07-22 11:03:54 status unpacked rsyslog:amd64 8.2302.0-1+deb12u1
2025-07-22 11:03:54 startup packages configure
2025-07-22 11:03:54 configure libestr0:amd64 0.1.11-1 <none>
2025-07-22 11:03:54 status unpacked libestr0:amd64 0.1.11-1
2025-07-22 11:03:54 status half-configured libestr0:amd64 0.1.11-1
2025-07-22 11:03:54 status installed libestr0:amd64 0.1.11-1
2025-07-22 11:03:54 configure libfastjson4:amd64 1.2304.0-1 <none>
2025-07-22 11:03:54 status unpacked libfastjson4:amd64 1.2304.0-1
2025-07-22 11:03:54 status half-configured libfastjson4:amd64 1.2304.0-1
2025-07-22 11:03:54 status installed libfastjson4:amd64 1.2304.0-1
2025-07-22 11:03:54 configure liblognorm5:amd64 2.0.6-4 <none>
2025-07-22 11:03:54 status unpacked liblognorm5:amd64 2.0.6-4
2025-07-22 11:03:54 status half-configured liblognorm5:amd64 2.0.6-4
2025-07-22 11:03:54 status installed liblognorm5:amd64 2.0.6-4
2025-07-22 11:03:54 configure rsyslog:amd64 8.2302.0-1+deb12u1 <none>
2025-07-22 11:03:54 status unpacked rsyslog:amd64 8.2302.0-1+deb12u1
2025-07-22 11:03:54 status half-configured rsyslog:amd64 8.2302.0-1+deb12u1
2025-07-22 11:03:55 status installed rsyslog:amd64 8.2302.0-1+deb12u1
2025-07-22 11:03:55 trigproc libc-bin:amd64 2.36-9+deb12u10 <none>
2025-07-22 11:03:55 status half-configured libc-bin:amd64 2.36-9+deb12u10
2025-07-22 11:03:55 status installed libc-bin:amd64 2.36-9+deb12u10
2025-07-22 11:03:55 trigproc man-db:amd64 2.11.2-2 <none>
2025-07-22 11:03:55 status half-configured man-db:amd64 2.11.2-2
2025-07-22 11:03:56 status installed man-db:amd64 2.11.2-2
2025-07-22 11:22:07 startup archives unpack
2025-07-22 11:22:07 install python3-soupsieve:all <none> 2.3.2-1
2025-07-22 11:22:07 status half-installed python3-soupsieve:all 2.3.2-1
2025-07-22 11:22:07 status unpacked python3-soupsieve:all 2.3.2-1
2025-07-22 11:22:07 install python3-bs4:all <none> 4.11.2-2
2025-07-22 11:22:07 status half-installed python3-bs4:all 4.11.2-2
2025-07-22 11:22:07 status unpacked python3-bs4:all 4.11.2-2
2025-07-22 11:22:07 install python3-lxml:amd64 <none> 4.9.2-1+b1
2025-07-22 11:22:07 status half-installed python3-lxml:amd64 4.9.2-1+b1
2025-07-22 11:22:08 status unpacked python3-lxml:amd64 4.9.2-1+b1
2025-07-22 11:22:08 install python3-docx:all <none> 0.8.11+dfsg1-5
2025-07-22 11:22:08 status half-installed python3-docx:all 0.8.11+dfsg1-5
2025-07-22 11:22:08 status unpacked python3-docx:all 0.8.11+dfsg1-5
2025-07-22 11:22:08 install python3-webencodings:all <none> 0.5.1-5
2025-07-22 11:22:08 status half-installed python3-webencodings:all 0.5.1-5
2025-07-22 11:22:08 status unpacked python3-webencodings:all 0.5.1-5
2025-07-22 11:22:08 install python3-html5lib:all <none> 1.1-3
2025-07-22 11:22:08 status half-installed python3-html5lib:all 1.1-3
2025-07-22 11:22:08 status unpacked python3-html5lib:all 1.1-3
2025-07-22 11:22:08 startup packages configure
2025-07-22 11:22:08 configure python3-webencodings:all 0.5.1-5 <none>
2025-07-22 11:22:08 status unpacked python3-webencodings:all 0.5.1-5
2025-07-22 11:22:08 status half-configured python3-webencodings:all 0.5.1-5
2025-07-22 11:22:08 status installed python3-webencodings:all 0.5.1-5
2025-07-22 11:22:08 configure python3-html5lib:all 1.1-3 <none>
2025-07-22 11:22:08 status unpacked python3-html5lib:all 1.1-3
2025-07-22 11:22:08 status half-configured python3-html5lib:all 1.1-3
2025-07-22 11:22:08 status installed python3-html5lib:all 1.1-3
2025-07-22 11:22:08 configure python3-lxml:amd64 4.9.2-1+b1 <none>
2025-07-22 11:22:08 status unpacked python3-lxml:amd64 4.9.2-1+b1
2025-07-22 11:22:08 status half-configured python3-lxml:amd64 4.9.2-1+b1
2025-07-22 11:22:09 status installed python3-lxml:amd64 4.9.2-1+b1
2025-07-22 11:22:09 configure python3-soupsieve:all 2.3.2-1 <none>
2025-07-22 11:22:09 status unpacked python3-soupsieve:all 2.3.2-1
2025-07-22 11:22:09 status half-configured python3-soupsieve:all 2.3.2-1
2025-07-22 11:22:09 status installed python3-soupsieve:all 2.3.2-1
2025-07-22 11:22:09 configure python3-docx:all 0.8.11+dfsg1-5 <none>
2025-07-22 11:22:09 status unpacked python3-docx:all 0.8.11+dfsg1-5
2025-07-22 11:22:09 status half-configured python3-docx:all 0.8.11+dfsg1-5
2025-07-22 11:22:09 status installed python3-docx:all 0.8.11+dfsg1-5
2025-07-22 11:22:09 configure python3-bs4:all 4.11.2-2 <none>
2025-07-22 11:22:09 status unpacked python3-bs4:all 4.11.2-2
2025-07-22 11:22:09 status half-configured python3-bs4:all 4.11.2-2
2025-07-22 11:22:10 status installed python3-bs4:all 4.11.2-2
2025-07-23 15:46:53 startup archives unpack
2025-07-23 15:46:53 install libpcap0.8:amd64 <none> 1.10.3-1
2025-07-23 15:46:53 status triggers-pending libc-bin:amd64 2.36-9+deb12u10
2025-07-23 15:46:53 status half-installed libpcap0.8:amd64 1.10.3-1
2025-07-23 15:46:53 status triggers-pending man-db:amd64 2.11.2-2
2025-07-23 15:46:53 status unpacked libpcap0.8:amd64 1.10.3-1
2025-07-23 15:46:53 install tcpdump:amd64 <none> 4.99.3-1
2025-07-23 15:46:53 status half-installed tcpdump:amd64 4.99.3-1
2025-07-23 15:46:53 status unpacked tcpdump:amd64 4.99.3-1
2025-07-23 15:46:53 startup packages configure
2025-07-23 15:46:53 configure libpcap0.8:amd64 1.10.3-1 <none>
2025-07-23 15:46:53 status unpacked libpcap0.8:amd64 1.10.3-1
2025-07-23 15:46:53 status half-configured libpcap0.8:amd64 1.10.3-1
2025-07-23 15:46:53 status installed libpcap0.8:amd64 1.10.3-1
2025-07-23 15:46:53 configure tcpdump:amd64 4.99.3-1 <none>
2025-07-23 15:46:53 status unpacked tcpdump:amd64 4.99.3-1
2025-07-23 15:46:53 status half-configured tcpdump:amd64 4.99.3-1
2025-07-23 15:46:54 status installed tcpdump:amd64 4.99.3-1
2025-07-23 15:46:54 trigproc man-db:amd64 2.11.2-2 <none>
2025-07-23 15:46:54 status half-configured man-db:amd64 2.11.2-2
2025-07-23 15:46:54 status installed man-db:amd64 2.11.2-2
2025-07-23 15:46:54 trigproc libc-bin:amd64 2.36-9+deb12u10 <none>
2025-07-23 15:46:54 status half-configured libc-bin:amd64 2.36-9+deb12u10
2025-07-23 15:46:54 status installed libc-bin:amd64 2.36-9+deb12u10
