2025-07-22T11:03:55.205813-03:00 linux-lab01 kernel: [    0.000000] Linux version 6.1.0-37-amd64 (debian-kernel@lists.debian.org) (gcc-12 (Debian 12.2.0-14+deb12u1) 12.2.0, GNU ld (GNU Binutils for Debian) 2.40) #1 SMP PREEMPT_DYNAMIC Debian 6.1.140-1 (2025-05-22)
2025-07-22T11:03:55.205954-03:00 linux-lab01 kernel: [    0.000000] Command line: BOOT_IMAGE=/vmlinuz-6.1.0-37-amd64 root=UUID=99157acc-a987-44e0-8818-94e856c52364 ro quiet
2025-07-22T11:03:55.205956-03:00 linux-lab01 kernel: [    0.000000] Disabled fast string operations
2025-07-22T11:03:55.205957-03:00 linux-lab01 kernel: [    0.000000] BIOS-provided physical RAM map:
2025-07-22T11:03:55.205957-03:00 linux-lab01 kernel: [    0.000000] BIOS-e820: [mem 0x0000000000000000-0x000000000009e7ff] usable
2025-07-22T11:03:55.205958-03:00 linux-lab01 kernel: [    0.000000] BIOS-e820: [mem 0x000000000009e800-0x000000000009ffff] reserved
2025-07-22T11:03:55.205959-03:00 linux-lab01 kernel: [    0.000000] BIOS-e820: [mem 0x00000000000dc000-0x00000000000fffff] reserved
2025-07-22T11:03:55.205962-03:00 linux-lab01 kernel: [    0.000000] BIOS-e820: [mem 0x0000000000100000-0x000000007fedffff] usable
2025-07-22T11:03:55.205963-03:00 linux-lab01 kernel: [    0.000000] BIOS-e820: [mem 0x000000007fee0000-0x000000007fefefff] ACPI data
2025-07-22T11:03:55.205964-03:00 linux-lab01 kernel: [    0.000000] BIOS-e820: [mem 0x000000007feff000-0x000000007fefffff] ACPI NVS
2025-07-22T11:03:55.205964-03:00 linux-lab01 kernel: [    0.000000] BIOS-e820: [mem 0x000000007ff00000-0x000000007fffffff] usable
2025-07-22T11:03:55.205965-03:00 linux-lab01 kernel: [    0.000000] BIOS-e820: [mem 0x00000000f0000000-0x00000000f7ffffff] reserved
2025-07-22T11:03:55.205966-03:00 linux-lab01 kernel: [    0.000000] BIOS-e820: [mem 0x00000000fec00000-0x00000000fec0ffff] reserved
2025-07-22T11:03:55.205969-03:00 linux-lab01 kernel: [    0.000000] BIOS-e820: [mem 0x00000000fee00000-0x00000000fee00fff] reserved
2025-07-22T11:03:55.205970-03:00 linux-lab01 kernel: [    0.000000] BIOS-e820: [mem 0x00000000fffe0000-0x00000000ffffffff] reserved
2025-07-22T11:03:55.205971-03:00 linux-lab01 kernel: [    0.000000] NX (Execute Disable) protection: active
2025-07-22T11:03:55.205971-03:00 linux-lab01 kernel: [    0.000000] SMBIOS 2.7 present.
2025-07-22T11:03:55.205972-03:00 linux-lab01 kernel: [    0.000000] DMI: VMware, Inc. VMware Virtual Platform/440BX Desktop Reference Platform, BIOS 6.00 11/12/2020
2025-07-22T11:03:55.205973-03:00 linux-lab01 kernel: [    0.000000] vmware: hypercall mode: 0x02
2025-07-22T11:03:55.205976-03:00 linux-lab01 kernel: [    0.000000] Hypervisor detected: VMware
2025-07-22T11:03:55.205976-03:00 linux-lab01 kernel: [    0.000000] vmware: TSC freq read from hypervisor : 2903.973 MHz
2025-07-22T11:03:55.205977-03:00 linux-lab01 kernel: [    0.000000] vmware: Host bus clock speed read from hypervisor : 66000000 Hz
2025-07-22T11:03:55.205978-03:00 linux-lab01 kernel: [    0.000000] vmware: using clock offset of 15352723173 ns
2025-07-22T11:03:55.205979-03:00 linux-lab01 kernel: [    0.000016] tsc: Detected 2903.973 MHz processor
2025-07-22T11:03:55.205979-03:00 linux-lab01 kernel: [    0.001588] e820: update [mem 0x00000000-0x00000fff] usable ==> reserved
2025-07-22T11:03:55.205980-03:00 linux-lab01 kernel: [    0.001591] e820: remove [mem 0x000a0000-0x000fffff] usable
2025-07-22T11:03:55.205983-03:00 linux-lab01 kernel: [    0.001616] last_pfn = 0x80000 max_arch_pfn = 0x400000000
2025-07-22T11:03:55.205984-03:00 linux-lab01 kernel: [    0.001644] x86/PAT: Configuration [0-7]: WB  WC  UC- UC  WB  WP  UC- WT  
2025-07-22T11:03:55.205984-03:00 linux-lab01 kernel: [    0.010885] found SMP MP-table at [mem 0x000f6a70-0x000f6a7f]
2025-07-22T11:03:55.205985-03:00 linux-lab01 kernel: [    0.010906] Using GB pages for direct mapping
2025-07-22T11:03:55.205986-03:00 linux-lab01 kernel: [    0.011062] RAMDISK: [mem 0x32b99000-0x355c3fff]
2025-07-22T11:03:55.205987-03:00 linux-lab01 kernel: [    0.011067] ACPI: Early table checksum verification disabled
2025-07-22T11:03:55.205989-03:00 linux-lab01 kernel: [    0.011070] ACPI: RSDP 0x00000000000F6A00 000024 (v02 PTLTD )
2025-07-22T11:03:55.205990-03:00 linux-lab01 kernel: [    0.011075] ACPI: XSDT 0x000000007FEEA683 00005C (v01 INTEL  440BX    06040000 VMW  01324272)
2025-07-22T11:03:55.205991-03:00 linux-lab01 kernel: [    0.011080] ACPI: FACP 0x000000007FEFEE73 0000F4 (v04 INTEL  440BX    06040000 PTL  000F4240)
2025-07-22T11:03:55.205992-03:00 linux-lab01 kernel: [    0.011085] ACPI: DSDT 0x000000007FEEB7E9 01368A (v01 PTLTD  Custom   06040000 MSFT 03000001)
2025-07-22T11:03:55.205992-03:00 linux-lab01 kernel: [    0.011091] ACPI: FACS 0x000000007FEFFFC0 000040
2025-07-22T11:03:55.205993-03:00 linux-lab01 kernel: [    0.011094] ACPI: FACS 0x000000007FEFFFC0 000040
2025-07-22T11:03:55.205996-03:00 linux-lab01 kernel: [    0.011097] ACPI: BOOT 0x000000007FEEB7C1 000028 (v01 PTLTD  $SBFTBL$ 06040000  LTP 00000001)
2025-07-22T11:03:55.205997-03:00 linux-lab01 kernel: [    0.011101] ACPI: APIC 0x000000007FEEB07F 000742 (v01 PTLTD  ? APIC   06040000  LTP 00000000)
2025-07-22T11:03:55.205997-03:00 linux-lab01 kernel: [    0.011104] ACPI: MCFG 0x000000007FEEB043 00003C (v01 PTLTD  $PCITBL$ 06040000  LTP 00000001)
2025-07-22T11:03:55.205998-03:00 linux-lab01 kernel: [    0.011107] ACPI: SRAT 0x000000007FEEA77F 000880 (v02 VMWARE MEMPLUG  06040000 VMW  00000001)
2025-07-22T11:03:55.205999-03:00 linux-lab01 kernel: [    0.011110] ACPI: HPET 0x000000007FEEA747 000038 (v01 VMWARE VMW HPET 06040000 VMW  00000001)
2025-07-22T11:03:55.206000-03:00 linux-lab01 kernel: [    0.011114] ACPI: WAET 0x000000007FEEA71F 000028 (v01 VMWARE VMW WAET 06040000 VMW  00000001)
2025-07-22T11:03:55.206000-03:00 linux-lab01 kernel: [    0.011116] ACPI: Reserving FACP table memory at [mem 0x7fefee73-0x7fefef66]
2025-07-22T11:03:55.206003-03:00 linux-lab01 kernel: [    0.011117] ACPI: Reserving DSDT table memory at [mem 0x7feeb7e9-0x7fefee72]
2025-07-22T11:03:55.206004-03:00 linux-lab01 kernel: [    0.011118] ACPI: Reserving FACS table memory at [mem 0x7fefffc0-0x7fefffff]
2025-07-22T11:03:55.206004-03:00 linux-lab01 kernel: [    0.011119] ACPI: Reserving FACS table memory at [mem 0x7fefffc0-0x7fefffff]
2025-07-22T11:03:55.206005-03:00 linux-lab01 kernel: [    0.011120] ACPI: Reserving BOOT table memory at [mem 0x7feeb7c1-0x7feeb7e8]
2025-07-22T11:03:55.206006-03:00 linux-lab01 kernel: [    0.011120] ACPI: Reserving APIC table memory at [mem 0x7feeb07f-0x7feeb7c0]
2025-07-22T11:03:55.206007-03:00 linux-lab01 kernel: [    0.011121] ACPI: Reserving MCFG table memory at [mem 0x7feeb043-0x7feeb07e]
2025-07-22T11:03:55.206011-03:00 linux-lab01 kernel: [    0.011122] ACPI: Reserving SRAT table memory at [mem 0x7feea77f-0x7feeaffe]
2025-07-22T11:03:55.206012-03:00 linux-lab01 kernel: [    0.011122] ACPI: Reserving HPET table memory at [mem 0x7feea747-0x7feea77e]
2025-07-22T11:03:55.206013-03:00 linux-lab01 kernel: [    0.011123] ACPI: Reserving WAET table memory at [mem 0x7feea71f-0x7feea746]
2025-07-22T11:03:55.206013-03:00 linux-lab01 kernel: [    0.011158] system APIC only can use physical flat
2025-07-22T11:03:55.206014-03:00 linux-lab01 kernel: [    0.011159] Setting APIC routing to physical flat.
2025-07-22T11:03:55.206015-03:00 linux-lab01 kernel: [    0.011180] SRAT: PXM 0 -> APIC 0x00 -> Node 0
2025-07-22T11:03:55.206016-03:00 linux-lab01 kernel: [    0.011181] SRAT: PXM 0 -> APIC 0x02 -> Node 0
2025-07-22T11:03:55.206018-03:00 linux-lab01 kernel: [    0.011182] SRAT: PXM 0 -> APIC 0x04 -> Node 0
2025-07-22T11:03:55.206019-03:00 linux-lab01 kernel: [    0.011182] SRAT: PXM 0 -> APIC 0x06 -> Node 0
2025-07-22T11:03:55.206020-03:00 linux-lab01 kernel: [    0.011183] SRAT: PXM 0 -> APIC 0x08 -> Node 0
2025-07-22T11:03:55.206021-03:00 linux-lab01 kernel: [    0.011183] SRAT: PXM 0 -> APIC 0x0a -> Node 0
2025-07-22T11:03:55.206021-03:00 linux-lab01 kernel: [    0.011184] SRAT: PXM 0 -> APIC 0x0c -> Node 0
2025-07-22T11:03:55.206022-03:00 linux-lab01 kernel: [    0.011184] SRAT: PXM 0 -> APIC 0x0e -> Node 0
2025-07-22T11:03:55.206025-03:00 linux-lab01 kernel: [    0.011185] SRAT: PXM 0 -> APIC 0x10 -> Node 0
2025-07-22T11:03:55.206026-03:00 linux-lab01 kernel: [    0.011186] SRAT: PXM 0 -> APIC 0x12 -> Node 0
2025-07-22T11:03:55.206026-03:00 linux-lab01 kernel: [    0.011186] SRAT: PXM 0 -> APIC 0x14 -> Node 0
2025-07-22T11:03:55.206027-03:00 linux-lab01 kernel: [    0.011187] SRAT: PXM 0 -> APIC 0x16 -> Node 0
2025-07-22T11:03:55.206028-03:00 linux-lab01 kernel: [    0.011187] SRAT: PXM 0 -> APIC 0x18 -> Node 0
2025-07-22T11:03:55.206029-03:00 linux-lab01 kernel: [    0.011188] SRAT: PXM 0 -> APIC 0x1a -> Node 0
2025-07-22T11:03:55.206032-03:00 linux-lab01 kernel: [    0.011188] SRAT: PXM 0 -> APIC 0x1c -> Node 0
2025-07-22T11:03:55.206032-03:00 linux-lab01 kernel: [    0.011189] SRAT: PXM 0 -> APIC 0x1e -> Node 0
2025-07-22T11:03:55.206033-03:00 linux-lab01 kernel: [    0.011189] SRAT: PXM 0 -> APIC 0x20 -> Node 0
2025-07-22T11:03:55.206034-03:00 linux-lab01 kernel: [    0.011190] SRAT: PXM 0 -> APIC 0x22 -> Node 0
2025-07-22T11:03:55.206035-03:00 linux-lab01 kernel: [    0.011191] SRAT: PXM 0 -> APIC 0x24 -> Node 0
2025-07-22T11:03:55.206035-03:00 linux-lab01 kernel: [    0.011191] SRAT: PXM 0 -> APIC 0x26 -> Node 0
2025-07-22T11:03:55.206036-03:00 linux-lab01 kernel: [    0.011192] SRAT: PXM 0 -> APIC 0x28 -> Node 0
2025-07-22T11:03:55.206039-03:00 linux-lab01 kernel: [    0.011192] SRAT: PXM 0 -> APIC 0x2a -> Node 0
2025-07-22T11:03:55.206040-03:00 linux-lab01 kernel: [    0.011193] SRAT: PXM 0 -> APIC 0x2c -> Node 0
2025-07-22T11:03:55.206040-03:00 linux-lab01 kernel: [    0.011193] SRAT: PXM 0 -> APIC 0x2e -> Node 0
2025-07-22T11:03:55.206041-03:00 linux-lab01 kernel: [    0.011194] SRAT: PXM 0 -> APIC 0x30 -> Node 0
2025-07-22T11:03:55.206042-03:00 linux-lab01 kernel: [    0.011194] SRAT: PXM 0 -> APIC 0x32 -> Node 0
2025-07-22T11:03:55.206043-03:00 linux-lab01 kernel: [    0.011195] SRAT: PXM 0 -> APIC 0x34 -> Node 0
2025-07-22T11:03:55.206045-03:00 linux-lab01 kernel: [    0.011196] SRAT: PXM 0 -> APIC 0x36 -> Node 0
2025-07-22T11:03:55.206046-03:00 linux-lab01 kernel: [    0.011196] SRAT: PXM 0 -> APIC 0x38 -> Node 0
2025-07-22T11:03:55.206047-03:00 linux-lab01 kernel: [    0.011197] SRAT: PXM 0 -> APIC 0x3a -> Node 0
2025-07-22T11:03:55.206047-03:00 linux-lab01 kernel: [    0.011197] SRAT: PXM 0 -> APIC 0x3c -> Node 0
2025-07-22T11:03:55.206048-03:00 linux-lab01 kernel: [    0.011198] SRAT: PXM 0 -> APIC 0x3e -> Node 0
2025-07-22T11:03:55.206049-03:00 linux-lab01 kernel: [    0.011198] SRAT: PXM 0 -> APIC 0x40 -> Node 0
2025-07-22T11:03:55.206050-03:00 linux-lab01 kernel: [    0.011199] SRAT: PXM 0 -> APIC 0x42 -> Node 0
2025-07-22T11:03:55.206052-03:00 linux-lab01 kernel: [    0.011199] SRAT: PXM 0 -> APIC 0x44 -> Node 0
2025-07-22T11:03:55.206053-03:00 linux-lab01 kernel: [    0.011200] SRAT: PXM 0 -> APIC 0x46 -> Node 0
2025-07-22T11:03:55.206054-03:00 linux-lab01 kernel: [    0.011201] SRAT: PXM 0 -> APIC 0x48 -> Node 0
2025-07-22T11:03:55.206054-03:00 linux-lab01 kernel: [    0.011201] SRAT: PXM 0 -> APIC 0x4a -> Node 0
2025-07-22T11:03:55.206055-03:00 linux-lab01 kernel: [    0.011202] SRAT: PXM 0 -> APIC 0x4c -> Node 0
2025-07-22T11:03:55.206056-03:00 linux-lab01 kernel: [    0.011202] SRAT: PXM 0 -> APIC 0x4e -> Node 0
2025-07-22T11:03:55.206059-03:00 linux-lab01 kernel: [    0.011203] SRAT: PXM 0 -> APIC 0x50 -> Node 0
2025-07-22T11:03:55.206059-03:00 linux-lab01 kernel: [    0.011203] SRAT: PXM 0 -> APIC 0x52 -> Node 0
2025-07-22T11:03:55.206060-03:00 linux-lab01 kernel: [    0.011204] SRAT: PXM 0 -> APIC 0x54 -> Node 0
2025-07-22T11:03:55.206061-03:00 linux-lab01 kernel: [    0.011204] SRAT: PXM 0 -> APIC 0x56 -> Node 0
2025-07-22T11:03:55.206062-03:00 linux-lab01 kernel: [    0.011205] SRAT: PXM 0 -> APIC 0x58 -> Node 0
2025-07-22T11:03:55.206062-03:00 linux-lab01 kernel: [    0.011205] SRAT: PXM 0 -> APIC 0x5a -> Node 0
2025-07-22T11:03:55.206065-03:00 linux-lab01 kernel: [    0.011206] SRAT: PXM 0 -> APIC 0x5c -> Node 0
2025-07-22T11:03:55.206066-03:00 linux-lab01 kernel: [    0.011207] SRAT: PXM 0 -> APIC 0x5e -> Node 0
2025-07-22T11:03:55.206067-03:00 linux-lab01 kernel: [    0.011207] SRAT: PXM 0 -> APIC 0x60 -> Node 0
2025-07-22T11:03:55.206067-03:00 linux-lab01 kernel: [    0.011208] SRAT: PXM 0 -> APIC 0x62 -> Node 0
2025-07-22T11:03:55.206068-03:00 linux-lab01 kernel: [    0.011208] SRAT: PXM 0 -> APIC 0x64 -> Node 0
2025-07-22T11:03:55.206069-03:00 linux-lab01 kernel: [    0.011209] SRAT: PXM 0 -> APIC 0x66 -> Node 0
2025-07-22T11:03:55.206070-03:00 linux-lab01 kernel: [    0.011209] SRAT: PXM 0 -> APIC 0x68 -> Node 0
2025-07-22T11:03:55.206072-03:00 linux-lab01 kernel: [    0.011210] SRAT: PXM 0 -> APIC 0x6a -> Node 0
2025-07-22T11:03:55.206073-03:00 linux-lab01 kernel: [    0.011210] SRAT: PXM 0 -> APIC 0x6c -> Node 0
2025-07-22T11:03:55.206074-03:00 linux-lab01 kernel: [    0.011211] SRAT: PXM 0 -> APIC 0x6e -> Node 0
2025-07-22T11:03:55.206074-03:00 linux-lab01 kernel: [    0.011212] SRAT: PXM 0 -> APIC 0x70 -> Node 0
2025-07-22T11:03:55.206075-03:00 linux-lab01 kernel: [    0.011212] SRAT: PXM 0 -> APIC 0x72 -> Node 0
2025-07-22T11:03:55.206076-03:00 linux-lab01 kernel: [    0.011213] SRAT: PXM 0 -> APIC 0x74 -> Node 0
2025-07-22T11:03:55.206078-03:00 linux-lab01 kernel: [    0.011213] SRAT: PXM 0 -> APIC 0x76 -> Node 0
2025-07-22T11:03:55.206079-03:00 linux-lab01 kernel: [    0.011214] SRAT: PXM 0 -> APIC 0x78 -> Node 0
2025-07-22T11:03:55.206080-03:00 linux-lab01 kernel: [    0.011214] SRAT: PXM 0 -> APIC 0x7a -> Node 0
2025-07-22T11:03:55.206081-03:00 linux-lab01 kernel: [    0.011215] SRAT: PXM 0 -> APIC 0x7c -> Node 0
2025-07-22T11:03:55.206082-03:00 linux-lab01 kernel: [    0.011215] SRAT: PXM 0 -> APIC 0x7e -> Node 0
2025-07-22T11:03:55.206082-03:00 linux-lab01 kernel: [    0.011216] SRAT: PXM 0 -> APIC 0x80 -> Node 0
2025-07-22T11:03:55.206083-03:00 linux-lab01 kernel: [    0.011216] SRAT: PXM 0 -> APIC 0x82 -> Node 0
2025-07-22T11:03:55.206086-03:00 linux-lab01 kernel: [    0.011217] SRAT: PXM 0 -> APIC 0x84 -> Node 0
2025-07-22T11:03:55.206086-03:00 linux-lab01 kernel: [    0.011218] SRAT: PXM 0 -> APIC 0x86 -> Node 0
2025-07-22T11:03:55.206176-03:00 linux-lab01 kernel: [    0.011218] SRAT: PXM 0 -> APIC 0x88 -> Node 0
2025-07-22T11:03:55.206178-03:00 linux-lab01 kernel: [    0.011219] SRAT: PXM 0 -> APIC 0x8a -> Node 0
2025-07-22T11:03:55.206179-03:00 linux-lab01 kernel: [    0.011219] SRAT: PXM 0 -> APIC 0x8c -> Node 0
2025-07-22T11:03:55.206180-03:00 linux-lab01 kernel: [    0.011220] SRAT: PXM 0 -> APIC 0x8e -> Node 0
2025-07-22T11:03:55.206185-03:00 linux-lab01 kernel: [    0.011220] SRAT: PXM 0 -> APIC 0x90 -> Node 0
2025-07-22T11:03:55.206186-03:00 linux-lab01 kernel: [    0.011221] SRAT: PXM 0 -> APIC 0x92 -> Node 0
2025-07-22T11:03:55.206186-03:00 linux-lab01 kernel: [    0.011221] SRAT: PXM 0 -> APIC 0x94 -> Node 0
2025-07-22T11:03:55.206187-03:00 linux-lab01 kernel: [    0.011222] SRAT: PXM 0 -> APIC 0x96 -> Node 0
2025-07-22T11:03:55.206188-03:00 linux-lab01 kernel: [    0.011223] SRAT: PXM 0 -> APIC 0x98 -> Node 0
2025-07-22T11:03:55.206189-03:00 linux-lab01 kernel: [    0.011223] SRAT: PXM 0 -> APIC 0x9a -> Node 0
2025-07-22T11:03:55.206191-03:00 linux-lab01 kernel: [    0.011224] SRAT: PXM 0 -> APIC 0x9c -> Node 0
2025-07-22T11:03:55.206192-03:00 linux-lab01 kernel: [    0.011224] SRAT: PXM 0 -> APIC 0x9e -> Node 0
2025-07-22T11:03:55.206193-03:00 linux-lab01 kernel: [    0.011225] SRAT: PXM 0 -> APIC 0xa0 -> Node 0
2025-07-22T11:03:55.206193-03:00 linux-lab01 kernel: [    0.011225] SRAT: PXM 0 -> APIC 0xa2 -> Node 0
2025-07-22T11:03:55.206194-03:00 linux-lab01 kernel: [    0.011226] SRAT: PXM 0 -> APIC 0xa4 -> Node 0
2025-07-22T11:03:55.206195-03:00 linux-lab01 kernel: [    0.011226] SRAT: PXM 0 -> APIC 0xa6 -> Node 0
2025-07-22T11:03:55.206196-03:00 linux-lab01 kernel: [    0.011227] SRAT: PXM 0 -> APIC 0xa8 -> Node 0
2025-07-22T11:03:55.206198-03:00 linux-lab01 kernel: [    0.011227] SRAT: PXM 0 -> APIC 0xaa -> Node 0
2025-07-22T11:03:55.206199-03:00 linux-lab01 kernel: [    0.011228] SRAT: PXM 0 -> APIC 0xac -> Node 0
2025-07-22T11:03:55.206200-03:00 linux-lab01 kernel: [    0.011229] SRAT: PXM 0 -> APIC 0xae -> Node 0
2025-07-22T11:03:55.206201-03:00 linux-lab01 kernel: [    0.011229] SRAT: PXM 0 -> APIC 0xb0 -> Node 0
2025-07-22T11:03:55.206201-03:00 linux-lab01 kernel: [    0.011230] SRAT: PXM 0 -> APIC 0xb2 -> Node 0
2025-07-22T11:03:55.206202-03:00 linux-lab01 kernel: [    0.011230] SRAT: PXM 0 -> APIC 0xb4 -> Node 0
2025-07-22T11:03:55.206206-03:00 linux-lab01 kernel: [    0.011231] SRAT: PXM 0 -> APIC 0xb6 -> Node 0
2025-07-22T11:03:55.206207-03:00 linux-lab01 kernel: [    0.011231] SRAT: PXM 0 -> APIC 0xb8 -> Node 0
2025-07-22T11:03:55.206208-03:00 linux-lab01 kernel: [    0.011232] SRAT: PXM 0 -> APIC 0xba -> Node 0
2025-07-22T11:03:55.206209-03:00 linux-lab01 kernel: [    0.011232] SRAT: PXM 0 -> APIC 0xbc -> Node 0
2025-07-22T11:03:55.206209-03:00 linux-lab01 kernel: [    0.011233] SRAT: PXM 0 -> APIC 0xbe -> Node 0
2025-07-22T11:03:55.206210-03:00 linux-lab01 kernel: [    0.011234] SRAT: PXM 0 -> APIC 0xc0 -> Node 0
2025-07-22T11:03:55.206211-03:00 linux-lab01 kernel: [    0.011234] SRAT: PXM 0 -> APIC 0xc2 -> Node 0
2025-07-22T11:03:55.206213-03:00 linux-lab01 kernel: [    0.011235] SRAT: PXM 0 -> APIC 0xc4 -> Node 0
2025-07-22T11:03:55.206214-03:00 linux-lab01 kernel: [    0.011235] SRAT: PXM 0 -> APIC 0xc6 -> Node 0
2025-07-22T11:03:55.206215-03:00 linux-lab01 kernel: [    0.011236] SRAT: PXM 0 -> APIC 0xc8 -> Node 0
2025-07-22T11:03:55.206216-03:00 linux-lab01 kernel: [    0.011236] SRAT: PXM 0 -> APIC 0xca -> Node 0
2025-07-22T11:03:55.206216-03:00 linux-lab01 kernel: [    0.011237] SRAT: PXM 0 -> APIC 0xcc -> Node 0
2025-07-22T11:03:55.206217-03:00 linux-lab01 kernel: [    0.011237] SRAT: PXM 0 -> APIC 0xce -> Node 0
2025-07-22T11:03:55.206220-03:00 linux-lab01 kernel: [    0.011238] SRAT: PXM 0 -> APIC 0xd0 -> Node 0
2025-07-22T11:03:55.206220-03:00 linux-lab01 kernel: [    0.011238] SRAT: PXM 0 -> APIC 0xd2 -> Node 0
2025-07-22T11:03:55.206221-03:00 linux-lab01 kernel: [    0.011239] SRAT: PXM 0 -> APIC 0xd4 -> Node 0
2025-07-22T11:03:55.206222-03:00 linux-lab01 kernel: [    0.011240] SRAT: PXM 0 -> APIC 0xd6 -> Node 0
2025-07-22T11:03:55.206223-03:00 linux-lab01 kernel: [    0.011240] SRAT: PXM 0 -> APIC 0xd8 -> Node 0
2025-07-22T11:03:55.206223-03:00 linux-lab01 kernel: [    0.011241] SRAT: PXM 0 -> APIC 0xda -> Node 0
2025-07-22T11:03:55.206226-03:00 linux-lab01 kernel: [    0.011241] SRAT: PXM 0 -> APIC 0xdc -> Node 0
2025-07-22T11:03:55.206227-03:00 linux-lab01 kernel: [    0.011242] SRAT: PXM 0 -> APIC 0xde -> Node 0
2025-07-22T11:03:55.206228-03:00 linux-lab01 kernel: [    0.011242] SRAT: PXM 0 -> APIC 0xe0 -> Node 0
2025-07-22T11:03:55.206228-03:00 linux-lab01 kernel: [    0.011243] SRAT: PXM 0 -> APIC 0xe2 -> Node 0
2025-07-22T11:03:55.206229-03:00 linux-lab01 kernel: [    0.011243] SRAT: PXM 0 -> APIC 0xe4 -> Node 0
2025-07-22T11:03:55.206230-03:00 linux-lab01 kernel: [    0.011244] SRAT: PXM 0 -> APIC 0xe6 -> Node 0
2025-07-22T11:03:55.206230-03:00 linux-lab01 kernel: [    0.011245] SRAT: PXM 0 -> APIC 0xe8 -> Node 0
2025-07-22T11:03:55.206233-03:00 linux-lab01 kernel: [    0.011245] SRAT: PXM 0 -> APIC 0xea -> Node 0
2025-07-22T11:03:55.206234-03:00 linux-lab01 kernel: [    0.011246] SRAT: PXM 0 -> APIC 0xec -> Node 0
2025-07-22T11:03:55.206235-03:00 linux-lab01 kernel: [    0.011246] SRAT: PXM 0 -> APIC 0xee -> Node 0
2025-07-22T11:03:55.206235-03:00 linux-lab01 kernel: [    0.011247] SRAT: PXM 0 -> APIC 0xf0 -> Node 0
2025-07-22T11:03:55.206236-03:00 linux-lab01 kernel: [    0.011247] SRAT: PXM 0 -> APIC 0xf2 -> Node 0
2025-07-22T11:03:55.206237-03:00 linux-lab01 kernel: [    0.011248] SRAT: PXM 0 -> APIC 0xf4 -> Node 0
2025-07-22T11:03:55.206239-03:00 linux-lab01 kernel: [    0.011248] SRAT: PXM 0 -> APIC 0xf6 -> Node 0
2025-07-22T11:03:55.206240-03:00 linux-lab01 kernel: [    0.011249] SRAT: PXM 0 -> APIC 0xf8 -> Node 0
2025-07-22T11:03:55.206241-03:00 linux-lab01 kernel: [    0.011249] SRAT: PXM 0 -> APIC 0xfa -> Node 0
2025-07-22T11:03:55.206242-03:00 linux-lab01 kernel: [    0.011250] SRAT: PXM 0 -> APIC 0xfc -> Node 0
2025-07-22T11:03:55.206242-03:00 linux-lab01 kernel: [    0.011251] SRAT: PXM 0 -> APIC 0xfe -> Node 0
2025-07-22T11:03:55.206243-03:00 linux-lab01 kernel: [    0.011253] ACPI: SRAT: Node 0 PXM 0 [mem 0x00000000-0x0009ffff]
2025-07-22T11:03:55.206244-03:00 linux-lab01 kernel: [    0.011255] ACPI: SRAT: Node 0 PXM 0 [mem 0x00100000-0x7fffffff]
2025-07-22T11:03:55.206246-03:00 linux-lab01 kernel: [    0.011258] NUMA: Node 0 [mem 0x00000000-0x0009ffff] + [mem 0x00100000-0x7fffffff] -> [mem 0x00000000-0x7fffffff]
2025-07-22T11:03:55.206247-03:00 linux-lab01 kernel: [    0.011267] NODE_DATA(0) allocated [mem 0x7ffd5000-0x7fffffff]
2025-07-22T11:03:55.206248-03:00 linux-lab01 kernel: [    0.011470] Zone ranges:
2025-07-22T11:03:55.206249-03:00 linux-lab01 kernel: [    0.011471]   DMA      [mem 0x0000000000001000-0x0000000000ffffff]
2025-07-22T11:03:55.206249-03:00 linux-lab01 kernel: [    0.011472]   DMA32    [mem 0x0000000001000000-0x000000007fffffff]
2025-07-22T11:03:55.206250-03:00 linux-lab01 kernel: [    0.011474]   Normal   empty
2025-07-22T11:03:55.206253-03:00 linux-lab01 kernel: [    0.011475]   Device   empty
2025-07-22T11:03:55.206253-03:00 linux-lab01 kernel: [    0.011475] Movable zone start for each node
2025-07-22T11:03:55.206254-03:00 linux-lab01 kernel: [    0.011477] Early memory node ranges
2025-07-22T11:03:55.206255-03:00 linux-lab01 kernel: [    0.011478]   node   0: [mem 0x0000000000001000-0x000000000009dfff]
2025-07-22T11:03:55.206256-03:00 linux-lab01 kernel: [    0.011479]   node   0: [mem 0x0000000000100000-0x000000007fedffff]
2025-07-22T11:03:55.206256-03:00 linux-lab01 kernel: [    0.011480]   node   0: [mem 0x000000007ff00000-0x000000007fffffff]
2025-07-22T11:03:55.206259-03:00 linux-lab01 kernel: [    0.011481] Initmem setup node 0 [mem 0x0000000000001000-0x000000007fffffff]
2025-07-22T11:03:55.206260-03:00 linux-lab01 kernel: [    0.011485] On node 0, zone DMA: 1 pages in unavailable ranges
2025-07-22T11:03:55.206261-03:00 linux-lab01 kernel: [    0.011508] On node 0, zone DMA: 98 pages in unavailable ranges
2025-07-22T11:03:55.206261-03:00 linux-lab01 kernel: [    0.011891] On node 0, zone DMA32: 32 pages in unavailable ranges
2025-07-22T11:03:55.206262-03:00 linux-lab01 kernel: [    0.014883] ACPI: PM-Timer IO Port: 0x1008
2025-07-22T11:03:55.206263-03:00 linux-lab01 kernel: [    0.014887] system APIC only can use physical flat
2025-07-22T11:03:55.206264-03:00 linux-lab01 kernel: [    0.014900] ACPI: LAPIC_NMI (acpi_id[0x00] high edge lint[0x1])
2025-07-22T11:03:55.206274-03:00 linux-lab01 kernel: [    0.014902] ACPI: LAPIC_NMI (acpi_id[0x01] high edge lint[0x1])
2025-07-22T11:03:55.206275-03:00 linux-lab01 kernel: [    0.014903] ACPI: LAPIC_NMI (acpi_id[0x02] high edge lint[0x1])
2025-07-22T11:03:55.206276-03:00 linux-lab01 kernel: [    0.014903] ACPI: LAPIC_NMI (acpi_id[0x03] high edge lint[0x1])
2025-07-22T11:03:55.206276-03:00 linux-lab01 kernel: [    0.014904] ACPI: LAPIC_NMI (acpi_id[0x04] high edge lint[0x1])
2025-07-22T11:03:55.206277-03:00 linux-lab01 kernel: [    0.014904] ACPI: LAPIC_NMI (acpi_id[0x05] high edge lint[0x1])
2025-07-22T11:03:55.206278-03:00 linux-lab01 kernel: [    0.014905] ACPI: LAPIC_NMI (acpi_id[0x06] high edge lint[0x1])
2025-07-22T11:03:55.206283-03:00 linux-lab01 kernel: [    0.014905] ACPI: LAPIC_NMI (acpi_id[0x07] high edge lint[0x1])
2025-07-22T11:03:55.206284-03:00 linux-lab01 kernel: [    0.014906] ACPI: LAPIC_NMI (acpi_id[0x08] high edge lint[0x1])
2025-07-22T11:03:55.206284-03:00 linux-lab01 kernel: [    0.014907] ACPI: LAPIC_NMI (acpi_id[0x09] high edge lint[0x1])
2025-07-22T11:03:55.206285-03:00 linux-lab01 kernel: [    0.014907] ACPI: LAPIC_NMI (acpi_id[0x0a] high edge lint[0x1])
2025-07-22T11:03:55.206286-03:00 linux-lab01 kernel: [    0.014908] ACPI: LAPIC_NMI (acpi_id[0x0b] high edge lint[0x1])
2025-07-22T11:03:55.206287-03:00 linux-lab01 kernel: [    0.014909] ACPI: LAPIC_NMI (acpi_id[0x0c] high edge lint[0x1])
2025-07-22T11:03:55.206291-03:00 linux-lab01 kernel: [    0.014909] ACPI: LAPIC_NMI (acpi_id[0x0d] high edge lint[0x1])
2025-07-22T11:03:55.206292-03:00 linux-lab01 kernel: [    0.014910] ACPI: LAPIC_NMI (acpi_id[0x0e] high edge lint[0x1])
2025-07-22T11:03:55.206293-03:00 linux-lab01 kernel: [    0.014910] ACPI: LAPIC_NMI (acpi_id[0x0f] high edge lint[0x1])
2025-07-22T11:03:55.206294-03:00 linux-lab01 kernel: [    0.014911] ACPI: LAPIC_NMI (acpi_id[0x10] high edge lint[0x1])
2025-07-22T11:03:55.206294-03:00 linux-lab01 kernel: [    0.014912] ACPI: LAPIC_NMI (acpi_id[0x11] high edge lint[0x1])
2025-07-22T11:03:55.206295-03:00 linux-lab01 kernel: [    0.014912] ACPI: LAPIC_NMI (acpi_id[0x12] high edge lint[0x1])
2025-07-22T11:03:55.206296-03:00 linux-lab01 kernel: [    0.014913] ACPI: LAPIC_NMI (acpi_id[0x13] high edge lint[0x1])
2025-07-22T11:03:55.206302-03:00 linux-lab01 kernel: [    0.014914] ACPI: LAPIC_NMI (acpi_id[0x14] high edge lint[0x1])
2025-07-22T11:03:55.206302-03:00 linux-lab01 kernel: [    0.014914] ACPI: LAPIC_NMI (acpi_id[0x15] high edge lint[0x1])
2025-07-22T11:03:55.206303-03:00 linux-lab01 kernel: [    0.014915] ACPI: LAPIC_NMI (acpi_id[0x16] high edge lint[0x1])
2025-07-22T11:03:55.206304-03:00 linux-lab01 kernel: [    0.014915] ACPI: LAPIC_NMI (acpi_id[0x17] high edge lint[0x1])
2025-07-22T11:03:55.206305-03:00 linux-lab01 kernel: [    0.014916] ACPI: LAPIC_NMI (acpi_id[0x18] high edge lint[0x1])
2025-07-22T11:03:55.206305-03:00 linux-lab01 kernel: [    0.014916] ACPI: LAPIC_NMI (acpi_id[0x19] high edge lint[0x1])
2025-07-22T11:03:55.206311-03:00 linux-lab01 kernel: [    0.014917] ACPI: LAPIC_NMI (acpi_id[0x1a] high edge lint[0x1])
2025-07-22T11:03:55.206312-03:00 linux-lab01 kernel: [    0.014918] ACPI: LAPIC_NMI (acpi_id[0x1b] high edge lint[0x1])
2025-07-22T11:03:55.206312-03:00 linux-lab01 kernel: [    0.014918] ACPI: LAPIC_NMI (acpi_id[0x1c] high edge lint[0x1])
2025-07-22T11:03:55.206313-03:00 linux-lab01 kernel: [    0.014919] ACPI: LAPIC_NMI (acpi_id[0x1d] high edge lint[0x1])
2025-07-22T11:03:55.206314-03:00 linux-lab01 kernel: [    0.014919] ACPI: LAPIC_NMI (acpi_id[0x1e] high edge lint[0x1])
2025-07-22T11:03:55.206315-03:00 linux-lab01 kernel: [    0.014920] ACPI: LAPIC_NMI (acpi_id[0x1f] high edge lint[0x1])
2025-07-22T11:03:55.206315-03:00 linux-lab01 kernel: [    0.014921] ACPI: LAPIC_NMI (acpi_id[0x20] high edge lint[0x1])
2025-07-22T11:03:55.206321-03:00 linux-lab01 kernel: [    0.014921] ACPI: LAPIC_NMI (acpi_id[0x21] high edge lint[0x1])
2025-07-22T11:03:55.206321-03:00 linux-lab01 kernel: [    0.014922] ACPI: LAPIC_NMI (acpi_id[0x22] high edge lint[0x1])
2025-07-22T11:03:55.206322-03:00 linux-lab01 kernel: [    0.014923] ACPI: LAPIC_NMI (acpi_id[0x23] high edge lint[0x1])
2025-07-22T11:03:55.206323-03:00 linux-lab01 kernel: [    0.014923] ACPI: LAPIC_NMI (acpi_id[0x24] high edge lint[0x1])
2025-07-22T11:03:55.206324-03:00 linux-lab01 kernel: [    0.014924] ACPI: LAPIC_NMI (acpi_id[0x25] high edge lint[0x1])
2025-07-22T11:03:55.206324-03:00 linux-lab01 kernel: [    0.014924] ACPI: LAPIC_NMI (acpi_id[0x26] high edge lint[0x1])
2025-07-22T11:03:55.206331-03:00 linux-lab01 kernel: [    0.014925] ACPI: LAPIC_NMI (acpi_id[0x27] high edge lint[0x1])
2025-07-22T11:03:55.206332-03:00 linux-lab01 kernel: [    0.014925] ACPI: LAPIC_NMI (acpi_id[0x28] high edge lint[0x1])
2025-07-22T11:03:55.206333-03:00 linux-lab01 kernel: [    0.014926] ACPI: LAPIC_NMI (acpi_id[0x29] high edge lint[0x1])
2025-07-22T11:03:55.206333-03:00 linux-lab01 kernel: [    0.014927] ACPI: LAPIC_NMI (acpi_id[0x2a] high edge lint[0x1])
2025-07-22T11:03:55.206334-03:00 linux-lab01 kernel: [    0.014927] ACPI: LAPIC_NMI (acpi_id[0x2b] high edge lint[0x1])
2025-07-22T11:03:55.206335-03:00 linux-lab01 kernel: [    0.014928] ACPI: LAPIC_NMI (acpi_id[0x2c] high edge lint[0x1])
2025-07-22T11:03:55.206340-03:00 linux-lab01 kernel: [    0.014928] ACPI: LAPIC_NMI (acpi_id[0x2d] high edge lint[0x1])
2025-07-22T11:03:55.206341-03:00 linux-lab01 kernel: [    0.014929] ACPI: LAPIC_NMI (acpi_id[0x2e] high edge lint[0x1])
2025-07-22T11:03:55.206341-03:00 linux-lab01 kernel: [    0.014930] ACPI: LAPIC_NMI (acpi_id[0x2f] high edge lint[0x1])
2025-07-22T11:03:55.206342-03:00 linux-lab01 kernel: [    0.014930] ACPI: LAPIC_NMI (acpi_id[0x30] high edge lint[0x1])
2025-07-22T11:03:55.206343-03:00 linux-lab01 kernel: [    0.014931] ACPI: LAPIC_NMI (acpi_id[0x31] high edge lint[0x1])
2025-07-22T11:03:55.206344-03:00 linux-lab01 kernel: [    0.014931] ACPI: LAPIC_NMI (acpi_id[0x32] high edge lint[0x1])
2025-07-22T11:03:55.206406-03:00 linux-lab01 kernel: [    0.014932] ACPI: LAPIC_NMI (acpi_id[0x33] high edge lint[0x1])
2025-07-22T11:03:55.206415-03:00 linux-lab01 kernel: [    0.014933] ACPI: LAPIC_NMI (acpi_id[0x34] high edge lint[0x1])
2025-07-22T11:03:55.206417-03:00 linux-lab01 kernel: [    0.014933] ACPI: LAPIC_NMI (acpi_id[0x35] high edge lint[0x1])
2025-07-22T11:03:55.206418-03:00 linux-lab01 kernel: [    0.014934] ACPI: LAPIC_NMI (acpi_id[0x36] high edge lint[0x1])
2025-07-22T11:03:55.206419-03:00 linux-lab01 kernel: [    0.014934] ACPI: LAPIC_NMI (acpi_id[0x37] high edge lint[0x1])
2025-07-22T11:03:55.206419-03:00 linux-lab01 kernel: [    0.014935] ACPI: LAPIC_NMI (acpi_id[0x38] high edge lint[0x1])
2025-07-22T11:03:55.206421-03:00 linux-lab01 kernel: [    0.014936] ACPI: LAPIC_NMI (acpi_id[0x39] high edge lint[0x1])
2025-07-22T11:03:55.206428-03:00 linux-lab01 kernel: [    0.014936] ACPI: LAPIC_NMI (acpi_id[0x3a] high edge lint[0x1])
2025-07-22T11:03:55.206429-03:00 linux-lab01 kernel: [    0.014937] ACPI: LAPIC_NMI (acpi_id[0x3b] high edge lint[0x1])
2025-07-22T11:03:55.206429-03:00 linux-lab01 kernel: [    0.014937] ACPI: LAPIC_NMI (acpi_id[0x3c] high edge lint[0x1])
2025-07-22T11:03:55.206430-03:00 linux-lab01 kernel: [    0.014938] ACPI: LAPIC_NMI (acpi_id[0x3d] high edge lint[0x1])
2025-07-22T11:03:55.206430-03:00 linux-lab01 kernel: [    0.014939] ACPI: LAPIC_NMI (acpi_id[0x3e] high edge lint[0x1])
2025-07-22T11:03:55.206431-03:00 linux-lab01 kernel: [    0.014939] ACPI: LAPIC_NMI (acpi_id[0x3f] high edge lint[0x1])
2025-07-22T11:03:55.206431-03:00 linux-lab01 kernel: [    0.014940] ACPI: LAPIC_NMI (acpi_id[0x40] high edge lint[0x1])
2025-07-22T11:03:55.206438-03:00 linux-lab01 kernel: [    0.014940] ACPI: LAPIC_NMI (acpi_id[0x41] high edge lint[0x1])
2025-07-22T11:03:55.206439-03:00 linux-lab01 kernel: [    0.014941] ACPI: LAPIC_NMI (acpi_id[0x42] high edge lint[0x1])
2025-07-22T11:03:55.206440-03:00 linux-lab01 kernel: [    0.014942] ACPI: LAPIC_NMI (acpi_id[0x43] high edge lint[0x1])
2025-07-22T11:03:55.206441-03:00 linux-lab01 kernel: [    0.014942] ACPI: LAPIC_NMI (acpi_id[0x44] high edge lint[0x1])
2025-07-22T11:03:55.206442-03:00 linux-lab01 kernel: [    0.014943] ACPI: LAPIC_NMI (acpi_id[0x45] high edge lint[0x1])
2025-07-22T11:03:55.206443-03:00 linux-lab01 kernel: [    0.014943] ACPI: LAPIC_NMI (acpi_id[0x46] high edge lint[0x1])
2025-07-22T11:03:55.206450-03:00 linux-lab01 kernel: [    0.014944] ACPI: LAPIC_NMI (acpi_id[0x47] high edge lint[0x1])
2025-07-22T11:03:55.206451-03:00 linux-lab01 kernel: [    0.014945] ACPI: LAPIC_NMI (acpi_id[0x48] high edge lint[0x1])
2025-07-22T11:03:55.206452-03:00 linux-lab01 kernel: [    0.014945] ACPI: LAPIC_NMI (acpi_id[0x49] high edge lint[0x1])
2025-07-22T11:03:55.206453-03:00 linux-lab01 kernel: [    0.014946] ACPI: LAPIC_NMI (acpi_id[0x4a] high edge lint[0x1])
2025-07-22T11:03:55.206453-03:00 linux-lab01 kernel: [    0.014946] ACPI: LAPIC_NMI (acpi_id[0x4b] high edge lint[0x1])
2025-07-22T11:03:55.206454-03:00 linux-lab01 kernel: [    0.014947] ACPI: LAPIC_NMI (acpi_id[0x4c] high edge lint[0x1])
2025-07-22T11:03:55.206459-03:00 linux-lab01 kernel: [    0.014948] ACPI: LAPIC_NMI (acpi_id[0x4d] high edge lint[0x1])
2025-07-22T11:03:55.206460-03:00 linux-lab01 kernel: [    0.014948] ACPI: LAPIC_NMI (acpi_id[0x4e] high edge lint[0x1])
2025-07-22T11:03:55.206461-03:00 linux-lab01 kernel: [    0.014949] ACPI: LAPIC_NMI (acpi_id[0x4f] high edge lint[0x1])
2025-07-22T11:03:55.206462-03:00 linux-lab01 kernel: [    0.014949] ACPI: LAPIC_NMI (acpi_id[0x50] high edge lint[0x1])
2025-07-22T11:03:55.206462-03:00 linux-lab01 kernel: [    0.014950] ACPI: LAPIC_NMI (acpi_id[0x51] high edge lint[0x1])
2025-07-22T11:03:55.206463-03:00 linux-lab01 kernel: [    0.014951] ACPI: LAPIC_NMI (acpi_id[0x52] high edge lint[0x1])
2025-07-22T11:03:55.206464-03:00 linux-lab01 kernel: [    0.014951] ACPI: LAPIC_NMI (acpi_id[0x53] high edge lint[0x1])
2025-07-22T11:03:55.206469-03:00 linux-lab01 kernel: [    0.014952] ACPI: LAPIC_NMI (acpi_id[0x54] high edge lint[0x1])
2025-07-22T11:03:55.206470-03:00 linux-lab01 kernel: [    0.014952] ACPI: LAPIC_NMI (acpi_id[0x55] high edge lint[0x1])
2025-07-22T11:03:55.206470-03:00 linux-lab01 kernel: [    0.014953] ACPI: LAPIC_NMI (acpi_id[0x56] high edge lint[0x1])
2025-07-22T11:03:55.206471-03:00 linux-lab01 kernel: [    0.014954] ACPI: LAPIC_NMI (acpi_id[0x57] high edge lint[0x1])
2025-07-22T11:03:55.206472-03:00 linux-lab01 kernel: [    0.014954] ACPI: LAPIC_NMI (acpi_id[0x58] high edge lint[0x1])
2025-07-22T11:03:55.206473-03:00 linux-lab01 kernel: [    0.014955] ACPI: LAPIC_NMI (acpi_id[0x59] high edge lint[0x1])
2025-07-22T11:03:55.206478-03:00 linux-lab01 kernel: [    0.014955] ACPI: LAPIC_NMI (acpi_id[0x5a] high edge lint[0x1])
2025-07-22T11:03:55.206479-03:00 linux-lab01 kernel: [    0.014956] ACPI: LAPIC_NMI (acpi_id[0x5b] high edge lint[0x1])
2025-07-22T11:03:55.206479-03:00 linux-lab01 kernel: [    0.014957] ACPI: LAPIC_NMI (acpi_id[0x5c] high edge lint[0x1])
2025-07-22T11:03:55.206480-03:00 linux-lab01 kernel: [    0.014957] ACPI: LAPIC_NMI (acpi_id[0x5d] high edge lint[0x1])
2025-07-22T11:03:55.206481-03:00 linux-lab01 kernel: [    0.014958] ACPI: LAPIC_NMI (acpi_id[0x5e] high edge lint[0x1])
2025-07-22T11:03:55.206481-03:00 linux-lab01 kernel: [    0.014958] ACPI: LAPIC_NMI (acpi_id[0x5f] high edge lint[0x1])
2025-07-22T11:03:55.206482-03:00 linux-lab01 kernel: [    0.014959] ACPI: LAPIC_NMI (acpi_id[0x60] high edge lint[0x1])
2025-07-22T11:03:55.206487-03:00 linux-lab01 kernel: [    0.014960] ACPI: LAPIC_NMI (acpi_id[0x61] high edge lint[0x1])
2025-07-22T11:03:55.206488-03:00 linux-lab01 kernel: [    0.014960] ACPI: LAPIC_NMI (acpi_id[0x62] high edge lint[0x1])
2025-07-22T11:03:55.206489-03:00 linux-lab01 kernel: [    0.014961] ACPI: LAPIC_NMI (acpi_id[0x63] high edge lint[0x1])
2025-07-22T11:03:55.206490-03:00 linux-lab01 kernel: [    0.014961] ACPI: LAPIC_NMI (acpi_id[0x64] high edge lint[0x1])
2025-07-22T11:03:55.206490-03:00 linux-lab01 kernel: [    0.014962] ACPI: LAPIC_NMI (acpi_id[0x65] high edge lint[0x1])
2025-07-22T11:03:55.206491-03:00 linux-lab01 kernel: [    0.014963] ACPI: LAPIC_NMI (acpi_id[0x66] high edge lint[0x1])
2025-07-22T11:03:55.206498-03:00 linux-lab01 kernel: [    0.014963] ACPI: LAPIC_NMI (acpi_id[0x67] high edge lint[0x1])
2025-07-22T11:03:55.206499-03:00 linux-lab01 kernel: [    0.014964] ACPI: LAPIC_NMI (acpi_id[0x68] high edge lint[0x1])
2025-07-22T11:03:55.206499-03:00 linux-lab01 kernel: [    0.014964] ACPI: LAPIC_NMI (acpi_id[0x69] high edge lint[0x1])
2025-07-22T11:03:55.206500-03:00 linux-lab01 kernel: [    0.014965] ACPI: LAPIC_NMI (acpi_id[0x6a] high edge lint[0x1])
2025-07-22T11:03:55.206500-03:00 linux-lab01 kernel: [    0.014966] ACPI: LAPIC_NMI (acpi_id[0x6b] high edge lint[0x1])
2025-07-22T11:03:55.206501-03:00 linux-lab01 kernel: [    0.014966] ACPI: LAPIC_NMI (acpi_id[0x6c] high edge lint[0x1])
2025-07-22T11:03:55.206507-03:00 linux-lab01 kernel: [    0.014967] ACPI: LAPIC_NMI (acpi_id[0x6d] high edge lint[0x1])
2025-07-22T11:03:55.206507-03:00 linux-lab01 kernel: [    0.014967] ACPI: LAPIC_NMI (acpi_id[0x6e] high edge lint[0x1])
2025-07-22T11:03:55.206508-03:00 linux-lab01 kernel: [    0.014968] ACPI: LAPIC_NMI (acpi_id[0x6f] high edge lint[0x1])
2025-07-22T11:03:55.206508-03:00 linux-lab01 kernel: [    0.014969] ACPI: LAPIC_NMI (acpi_id[0x70] high edge lint[0x1])
2025-07-22T11:03:55.206508-03:00 linux-lab01 kernel: [    0.014969] ACPI: LAPIC_NMI (acpi_id[0x71] high edge lint[0x1])
2025-07-22T11:03:55.206509-03:00 linux-lab01 kernel: [    0.014970] ACPI: LAPIC_NMI (acpi_id[0x72] high edge lint[0x1])
2025-07-22T11:03:55.206509-03:00 linux-lab01 kernel: [    0.014970] ACPI: LAPIC_NMI (acpi_id[0x73] high edge lint[0x1])
2025-07-22T11:03:55.206515-03:00 linux-lab01 kernel: [    0.014971] ACPI: LAPIC_NMI (acpi_id[0x74] high edge lint[0x1])
2025-07-22T11:03:55.206516-03:00 linux-lab01 kernel: [    0.014972] ACPI: LAPIC_NMI (acpi_id[0x75] high edge lint[0x1])
2025-07-22T11:03:55.206516-03:00 linux-lab01 kernel: [    0.014972] ACPI: LAPIC_NMI (acpi_id[0x76] high edge lint[0x1])
2025-07-22T11:03:55.206516-03:00 linux-lab01 kernel: [    0.014973] ACPI: LAPIC_NMI (acpi_id[0x77] high edge lint[0x1])
2025-07-22T11:03:55.206517-03:00 linux-lab01 kernel: [    0.014973] ACPI: LAPIC_NMI (acpi_id[0x78] high edge lint[0x1])
2025-07-22T11:03:55.206518-03:00 linux-lab01 kernel: [    0.014974] ACPI: LAPIC_NMI (acpi_id[0x79] high edge lint[0x1])
2025-07-22T11:03:55.206524-03:00 linux-lab01 kernel: [    0.014975] ACPI: LAPIC_NMI (acpi_id[0x7a] high edge lint[0x1])
2025-07-22T11:03:55.206525-03:00 linux-lab01 kernel: [    0.014975] ACPI: LAPIC_NMI (acpi_id[0x7b] high edge lint[0x1])
2025-07-22T11:03:55.206525-03:00 linux-lab01 kernel: [    0.014976] ACPI: LAPIC_NMI (acpi_id[0x7c] high edge lint[0x1])
2025-07-22T11:03:55.206526-03:00 linux-lab01 kernel: [    0.014976] ACPI: LAPIC_NMI (acpi_id[0x7d] high edge lint[0x1])
2025-07-22T11:03:55.206526-03:00 linux-lab01 kernel: [    0.014977] ACPI: LAPIC_NMI (acpi_id[0x7e] high edge lint[0x1])
2025-07-22T11:03:55.206526-03:00 linux-lab01 kernel: [    0.014977] ACPI: LAPIC_NMI (acpi_id[0x7f] high edge lint[0x1])
2025-07-22T11:03:55.206527-03:00 linux-lab01 kernel: [    0.015006] IOAPIC[0]: apic_id 1, version 32, address 0xfec00000, GSI 0-23
2025-07-22T11:03:55.206534-03:00 linux-lab01 kernel: [    0.015011] ACPI: INT_SRC_OVR (bus 0 bus_irq 0 global_irq 2 high edge)
2025-07-22T11:03:55.206535-03:00 linux-lab01 kernel: [    0.015019] ACPI: Using ACPI (MADT) for SMP configuration information
2025-07-22T11:03:55.206536-03:00 linux-lab01 kernel: [    0.015021] ACPI: HPET id: 0x8086af01 base: 0xfed00000
2025-07-22T11:03:55.206537-03:00 linux-lab01 kernel: [    0.015024] TSC deadline timer available
2025-07-22T11:03:55.206538-03:00 linux-lab01 kernel: [    0.015030] smpboot: Allowing 128 CPUs, 127 hotplug CPUs
2025-07-22T11:03:55.206539-03:00 linux-lab01 kernel: [    0.015041] PM: hibernation: Registered nosave memory: [mem 0x00000000-0x00000fff]
2025-07-22T11:03:55.206548-03:00 linux-lab01 kernel: [    0.015042] PM: hibernation: Registered nosave memory: [mem 0x0009e000-0x000fffff]
2025-07-22T11:03:55.206550-03:00 linux-lab01 kernel: [    0.015044] PM: hibernation: Registered nosave memory: [mem 0x7fee0000-0x7fefffff]
2025-07-22T11:03:55.206551-03:00 linux-lab01 kernel: [    0.015045] [mem 0x80000000-0xefffffff] available for PCI devices
2025-07-22T11:03:55.206552-03:00 linux-lab01 kernel: [    0.015046] Booting paravirtualized kernel on VMware hypervisor
2025-07-22T11:03:55.206553-03:00 linux-lab01 kernel: [    0.015048] clocksource: refined-jiffies: mask: 0xffffffff max_cycles: 0xffffffff, max_idle_ns: 7645519600211568 ns
2025-07-22T11:03:55.206554-03:00 linux-lab01 kernel: [    0.018924] setup_percpu: NR_CPUS:8192 nr_cpumask_bits:128 nr_cpu_ids:128 nr_node_ids:1
2025-07-22T11:03:55.206562-03:00 linux-lab01 kernel: [    0.113654] percpu: Embedded 61 pages/cpu s212992 r8192 d28672 u262144
2025-07-22T11:03:55.206563-03:00 linux-lab01 kernel: [    0.113666] pcpu-alloc: s212992 r8192 d28672 u262144 alloc=1*2097152
2025-07-22T11:03:55.206563-03:00 linux-lab01 kernel: [    0.113669] pcpu-alloc: [0] 000 001 002 003 004 005 006 007 
2025-07-22T11:03:55.206564-03:00 linux-lab01 kernel: [    0.113673] pcpu-alloc: [0] 008 009 010 011 012 013 014 015 
2025-07-22T11:03:55.206565-03:00 linux-lab01 kernel: [    0.113677] pcpu-alloc: [0] 016 017 018 019 020 021 022 023 
2025-07-22T11:03:55.206566-03:00 linux-lab01 kernel: [    0.113681] pcpu-alloc: [0] 024 025 026 027 028 029 030 031 
2025-07-22T11:03:55.206566-03:00 linux-lab01 kernel: [    0.113685] pcpu-alloc: [0] 032 033 034 035 036 037 038 039 
2025-07-22T11:03:55.206573-03:00 linux-lab01 kernel: [    0.113688] pcpu-alloc: [0] 040 041 042 043 044 045 046 047 
2025-07-22T11:03:55.206573-03:00 linux-lab01 kernel: [    0.113692] pcpu-alloc: [0] 048 049 050 051 052 053 054 055 
2025-07-22T11:03:55.206574-03:00 linux-lab01 kernel: [    0.113696] pcpu-alloc: [0] 056 057 058 059 060 061 062 063 
2025-07-22T11:03:55.206574-03:00 linux-lab01 kernel: [    0.113699] pcpu-alloc: [0] 064 065 066 067 068 069 070 071 
2025-07-22T11:03:55.206574-03:00 linux-lab01 kernel: [    0.113703] pcpu-alloc: [0] 072 073 074 075 076 077 078 079 
2025-07-22T11:03:55.206575-03:00 linux-lab01 kernel: [    0.113706] pcpu-alloc: [0] 080 081 082 083 084 085 086 087 
2025-07-22T11:03:55.206581-03:00 linux-lab01 kernel: [    0.113710] pcpu-alloc: [0] 088 089 090 091 092 093 094 095 
2025-07-22T11:03:55.206583-03:00 linux-lab01 kernel: [    0.113713] pcpu-alloc: [0] 096 097 098 099 100 101 102 103 
2025-07-22T11:03:55.206583-03:00 linux-lab01 kernel: [    0.113717] pcpu-alloc: [0] 104 105 106 107 108 109 110 111 
2025-07-22T11:03:55.206583-03:00 linux-lab01 kernel: [    0.113721] pcpu-alloc: [0] 112 113 114 115 116 117 118 119 
2025-07-22T11:03:55.206584-03:00 linux-lab01 kernel: [    0.113724] pcpu-alloc: [0] 120 121 122 123 124 125 126 127 
2025-07-22T11:03:55.206584-03:00 linux-lab01 kernel: [    0.113762] Fallback order for Node 0: 0 
2025-07-22T11:03:55.206590-03:00 linux-lab01 kernel: [    0.113771] Built 1 zonelists, mobility grouping on.  Total pages: 515808
2025-07-22T11:03:55.206591-03:00 linux-lab01 kernel: [    0.113773] Policy zone: DMA32
2025-07-22T11:03:55.206592-03:00 linux-lab01 kernel: [    0.113774] Kernel command line: BOOT_IMAGE=/vmlinuz-6.1.0-37-amd64 root=UUID=99157acc-a987-44e0-8818-94e856c52364 ro quiet
2025-07-22T11:03:55.206593-03:00 linux-lab01 kernel: [    0.113812] Unknown kernel command line parameters "BOOT_IMAGE=/vmlinuz-6.1.0-37-amd64", will be passed to user space.
2025-07-22T11:03:55.206673-03:00 linux-lab01 kernel: [    0.113837] random: crng init done
2025-07-22T11:03:55.206675-03:00 linux-lab01 kernel: [    0.113838] printk: log_buf_len individual max cpu contribution: 4096 bytes
2025-07-22T11:03:55.206687-03:00 linux-lab01 kernel: [    0.113838] printk: log_buf_len total cpu_extra contributions: 520192 bytes
2025-07-22T11:03:55.206688-03:00 linux-lab01 kernel: [    0.113839] printk: log_buf_len min size: 131072 bytes
2025-07-22T11:03:55.206689-03:00 linux-lab01 kernel: [    0.125711] printk: log_buf_len: 1048576 bytes
2025-07-22T11:03:55.206689-03:00 linux-lab01 kernel: [    0.125714] printk: early log buf free: 109024(83%)
2025-07-22T11:03:55.206690-03:00 linux-lab01 kernel: [    0.131851] Dentry cache hash table entries: 262144 (order: 9, 2097152 bytes, linear)
2025-07-22T11:03:55.206690-03:00 linux-lab01 kernel: [    0.134936] Inode-cache hash table entries: 131072 (order: 8, 1048576 bytes, linear)
2025-07-22T11:03:55.206691-03:00 linux-lab01 kernel: [    0.137448] mem auto-init: stack:all(zero), heap alloc:on, heap free:off
2025-07-22T11:03:55.206699-03:00 linux-lab01 kernel: [    0.139992] Memory: 260860K/2096628K available (14343K kernel code, 2339K rwdata, 9096K rodata, 2800K init, 17380K bss, 169116K reserved, 0K cma-reserved)
2025-07-22T11:03:55.206701-03:00 linux-lab01 kernel: [    0.140262] SLUB: HWalign=64, Order=0-3, MinObjects=0, CPUs=128, Nodes=1
2025-07-22T11:03:55.206702-03:00 linux-lab01 kernel: [    0.140281] Kernel/User page tables isolation: enabled
2025-07-22T11:03:55.206703-03:00 linux-lab01 kernel: [    0.140365] ftrace: allocating 40346 entries in 158 pages
2025-07-22T11:03:55.206704-03:00 linux-lab01 kernel: [    0.146073] ftrace: allocated 158 pages with 5 groups
2025-07-22T11:03:55.206704-03:00 linux-lab01 kernel: [    0.146749] Dynamic Preempt: voluntary
2025-07-22T11:03:55.206712-03:00 linux-lab01 kernel: [    0.146943] rcu: Preemptible hierarchical RCU implementation.
2025-07-22T11:03:55.206713-03:00 linux-lab01 kernel: [    0.146943] rcu: 	RCU restricting CPUs from NR_CPUS=8192 to nr_cpu_ids=128.
2025-07-22T11:03:55.206714-03:00 linux-lab01 kernel: [    0.146945] 	Trampoline variant of Tasks RCU enabled.
2025-07-22T11:03:55.206714-03:00 linux-lab01 kernel: [    0.146945] 	Rude variant of Tasks RCU enabled.
2025-07-22T11:03:55.206715-03:00 linux-lab01 kernel: [    0.146945] 	Tracing variant of Tasks RCU enabled.
2025-07-22T11:03:55.206715-03:00 linux-lab01 kernel: [    0.146946] rcu: RCU calculated value of scheduler-enlistment delay is 25 jiffies.
2025-07-22T11:03:55.206723-03:00 linux-lab01 kernel: [    0.146947] rcu: Adjusting geometry for rcu_fanout_leaf=16, nr_cpu_ids=128
2025-07-22T11:03:55.206725-03:00 linux-lab01 kernel: [    0.150826] NR_IRQS: 524544, nr_irqs: 1448, preallocated irqs: 16
2025-07-22T11:03:55.206726-03:00 linux-lab01 kernel: [    0.151065] rcu: srcu_init: Setting srcu_struct sizes to big.
2025-07-22T11:03:55.206727-03:00 linux-lab01 kernel: [    0.152817] Console: colour VGA+ 80x25
2025-07-22T11:03:55.206728-03:00 linux-lab01 kernel: [    0.152846] printk: console [tty0] enabled
2025-07-22T11:03:55.206729-03:00 linux-lab01 kernel: [    0.152889] ACPI: Core revision 20220331
2025-07-22T11:03:55.206729-03:00 linux-lab01 kernel: [    0.153054] clocksource: hpet: mask: 0xffffffff max_cycles: 0xffffffff, max_idle_ns: 133484882848 ns
2025-07-22T11:03:55.206737-03:00 linux-lab01 kernel: [    0.153100] APIC: Switch to symmetric I/O mode setup
2025-07-22T11:03:55.206738-03:00 linux-lab01 kernel: [    0.153159] x2apic enabled
2025-07-22T11:03:55.206739-03:00 linux-lab01 kernel: [    0.153212] Switched APIC routing to physical x2apic.
2025-07-22T11:03:55.206739-03:00 linux-lab01 kernel: [    0.153523] ..TIMER: vector=0x30 apic1=0 pin1=2 apic2=-1 pin2=-1
2025-07-22T11:03:55.206740-03:00 linux-lab01 kernel: [    0.153542] clocksource: tsc-early: mask: 0xffffffffffffffff max_cycles: 0x29dbec3a915, max_idle_ns: 440795282447 ns
2025-07-22T11:03:55.206740-03:00 linux-lab01 kernel: [    0.153547] Calibrating delay loop (skipped) preset value.. 5807.94 BogoMIPS (lpj=11615892)
2025-07-22T11:03:55.206748-03:00 linux-lab01 kernel: [    0.153588] Disabled fast string operations
2025-07-22T11:03:55.206749-03:00 linux-lab01 kernel: [    0.153680] Last level iTLB entries: 4KB 64, 2MB 8, 4MB 8
2025-07-22T11:03:55.206749-03:00 linux-lab01 kernel: [    0.153681] Last level dTLB entries: 4KB 64, 2MB 32, 4MB 32, 1GB 4
2025-07-22T11:03:55.206749-03:00 linux-lab01 kernel: [    0.153685] Spectre V1 : Mitigation: usercopy/swapgs barriers and __user pointer sanitization
2025-07-22T11:03:55.206750-03:00 linux-lab01 kernel: [    0.153728] Spectre V2 : Spectre BHI mitigation: SW BHB clearing on vm exit
2025-07-22T11:03:55.206750-03:00 linux-lab01 kernel: [    0.153729] Spectre V2 : Spectre BHI mitigation: SW BHB clearing on syscall
2025-07-22T11:03:55.206757-03:00 linux-lab01 kernel: [    0.153730] Spectre V2 : Mitigation: IBRS
2025-07-22T11:03:55.206757-03:00 linux-lab01 kernel: [    0.153731] Spectre V2 : Spectre v2 / SpectreRSB: Filling RSB on context switch and VMEXIT
2025-07-22T11:03:55.206758-03:00 linux-lab01 kernel: [    0.153732] RETBleed: Mitigation: IBRS
2025-07-22T11:03:55.206758-03:00 linux-lab01 kernel: [    0.153734] Spectre V2 : mitigation: Enabling conditional Indirect Branch Prediction Barrier
2025-07-22T11:03:55.206758-03:00 linux-lab01 kernel: [    0.153735] Speculative Store Bypass: Mitigation: Speculative Store Bypass disabled via prctl
2025-07-22T11:03:55.206759-03:00 linux-lab01 kernel: [    0.153739] MDS: Mitigation: Clear CPU buffers
2025-07-22T11:03:55.206759-03:00 linux-lab01 kernel: [    0.153740] MMIO Stale Data: Mitigation: Clear CPU buffers
2025-07-22T11:03:55.206766-03:00 linux-lab01 kernel: [    0.153741] SRBDS: Unknown: Dependent on hypervisor status
2025-07-22T11:03:55.206766-03:00 linux-lab01 kernel: [    0.153743] GDS: Unknown: Dependent on hypervisor status
2025-07-22T11:03:55.206767-03:00 linux-lab01 kernel: [    0.153743] ITS: Mitigation: Aligned branch/return thunks
2025-07-22T11:03:55.206767-03:00 linux-lab01 kernel: [    0.153758] x86/fpu: Supporting XSAVE feature 0x001: 'x87 floating point registers'
2025-07-22T11:03:55.206768-03:00 linux-lab01 kernel: [    0.153760] x86/fpu: Supporting XSAVE feature 0x002: 'SSE registers'
2025-07-22T11:03:55.206768-03:00 linux-lab01 kernel: [    0.153761] x86/fpu: Supporting XSAVE feature 0x004: 'AVX registers'
2025-07-22T11:03:55.206776-03:00 linux-lab01 kernel: [    0.153762] x86/fpu: xstate_offset[2]:  576, xstate_sizes[2]:  256
2025-07-22T11:03:55.206777-03:00 linux-lab01 kernel: [    0.153764] x86/fpu: Enabled xstate features 0x7, context size is 832 bytes, using 'compacted' format.
2025-07-22T11:03:55.206778-03:00 linux-lab01 kernel: [    0.237981] pid_max: default: 131072 minimum: 1024
2025-07-22T11:03:55.206779-03:00 linux-lab01 kernel: [    0.238070] LSM: Security Framework initializing
2025-07-22T11:03:55.206780-03:00 linux-lab01 kernel: [    0.238090] landlock: Up and running.
2025-07-22T11:03:55.206781-03:00 linux-lab01 kernel: [    0.238091] Yama: disabled by default; enable with sysctl kernel.yama.*
2025-07-22T11:03:55.206787-03:00 linux-lab01 kernel: [    0.238118] AppArmor: AppArmor initialized
2025-07-22T11:03:55.206788-03:00 linux-lab01 kernel: [    0.238120] TOMOYO Linux initialized
2025-07-22T11:03:55.206788-03:00 linux-lab01 kernel: [    0.238124] LSM support for eBPF active
2025-07-22T11:03:55.206789-03:00 linux-lab01 kernel: [    0.238165] Mount-cache hash table entries: 4096 (order: 3, 32768 bytes, linear)
2025-07-22T11:03:55.206790-03:00 linux-lab01 kernel: [    0.238170] Mountpoint-cache hash table entries: 4096 (order: 3, 32768 bytes, linear)
2025-07-22T11:03:55.206791-03:00 linux-lab01 kernel: [    0.239727] smpboot: CPU0: Intel(R) Core(TM) i7-7500U CPU @ 2.70GHz (family: 0x6, model: 0x8e, stepping: 0x9)
2025-07-22T11:03:55.206797-03:00 linux-lab01 kernel: [    0.239870] cblist_init_generic: Setting adjustable number of callback queues.
2025-07-22T11:03:55.206798-03:00 linux-lab01 kernel: [    0.239871] cblist_init_generic: Setting shift to 7 and lim to 1.
2025-07-22T11:03:55.206799-03:00 linux-lab01 kernel: [    0.239893] cblist_init_generic: Setting adjustable number of callback queues.
2025-07-22T11:03:55.206800-03:00 linux-lab01 kernel: [    0.239894] cblist_init_generic: Setting shift to 7 and lim to 1.
2025-07-22T11:03:55.206801-03:00 linux-lab01 kernel: [    0.239912] cblist_init_generic: Setting adjustable number of callback queues.
2025-07-22T11:03:55.206801-03:00 linux-lab01 kernel: [    0.239913] cblist_init_generic: Setting shift to 7 and lim to 1.
2025-07-22T11:03:55.206802-03:00 linux-lab01 kernel: [    0.239925] Performance Events: Skylake events, Intel PMU driver.
2025-07-22T11:03:55.206807-03:00 linux-lab01 kernel: [    0.239963] ... version:                4
2025-07-22T11:03:55.206808-03:00 linux-lab01 kernel: [    0.239964] ... bit width:              48
2025-07-22T11:03:55.206809-03:00 linux-lab01 kernel: [    0.239964] ... generic registers:      4
2025-07-22T11:03:55.206810-03:00 linux-lab01 kernel: [    0.239965] ... value mask:             0000ffffffffffff
2025-07-22T11:03:55.206811-03:00 linux-lab01 kernel: [    0.239966] ... max period:             000000007fffffff
2025-07-22T11:03:55.206811-03:00 linux-lab01 kernel: [    0.239967] ... fixed-purpose events:   3
2025-07-22T11:03:55.206816-03:00 linux-lab01 kernel: [    0.239968] ... event mask:             000000070000000f
2025-07-22T11:03:55.206817-03:00 linux-lab01 kernel: [    0.240127] signal: max sigframe size: 1776
2025-07-22T11:03:55.206818-03:00 linux-lab01 kernel: [    0.240151] rcu: Hierarchical SRCU implementation.
2025-07-22T11:03:55.206819-03:00 linux-lab01 kernel: [    0.240152] rcu: 	Max phase no-delay instances is 1000.
2025-07-22T11:03:55.206820-03:00 linux-lab01 kernel: [    0.240387] NMI watchdog: Enabled. Permanently consumes one hw-PMU counter.
2025-07-22T11:03:55.206820-03:00 linux-lab01 kernel: [    0.241248] smp: Bringing up secondary CPUs ...
2025-07-22T11:03:55.206821-03:00 linux-lab01 kernel: [    0.241249] smp: Brought up 1 node, 1 CPU
2025-07-22T11:03:55.206826-03:00 linux-lab01 kernel: [    0.241251] smpboot: Max logical packages: 128
2025-07-22T11:03:55.206827-03:00 linux-lab01 kernel: [    0.241253] smpboot: Total of 1 processors activated (5807.94 BogoMIPS)
2025-07-22T11:03:55.206828-03:00 linux-lab01 kernel: [    0.244127] node 0 deferred pages initialised in 4ms
2025-07-22T11:03:55.206829-03:00 linux-lab01 kernel: [    0.244313] devtmpfs: initialized
2025-07-22T11:03:55.206829-03:00 linux-lab01 kernel: [    0.244380] x86/mm: Memory block size: 128MB
2025-07-22T11:03:55.206830-03:00 linux-lab01 kernel: [    0.244828] ACPI: PM: Registering ACPI NVS region [mem 0x7feff000-0x7fefffff] (4096 bytes)
2025-07-22T11:03:55.206835-03:00 linux-lab01 kernel: [    0.244891] clocksource: jiffies: mask: 0xffffffff max_cycles: 0xffffffff, max_idle_ns: 7645041785100000 ns
2025-07-22T11:03:55.206836-03:00 linux-lab01 kernel: [    0.245050] futex hash table entries: 32768 (order: 9, 2097152 bytes, linear)
2025-07-22T11:03:55.206837-03:00 linux-lab01 kernel: [    0.245282] pinctrl core: initialized pinctrl subsystem
2025-07-22T11:03:55.206838-03:00 linux-lab01 kernel: [    0.246629] NET: Registered PF_NETLINK/PF_ROUTE protocol family
2025-07-22T11:03:55.206839-03:00 linux-lab01 kernel: [    0.246734] DMA: preallocated 256 KiB GFP_KERNEL pool for atomic allocations
2025-07-22T11:03:55.206839-03:00 linux-lab01 kernel: [    0.246811] DMA: preallocated 256 KiB GFP_KERNEL|GFP_DMA pool for atomic allocations
2025-07-22T11:03:55.206846-03:00 linux-lab01 kernel: [    0.246834] DMA: preallocated 256 KiB GFP_KERNEL|GFP_DMA32 pool for atomic allocations
2025-07-22T11:03:55.206847-03:00 linux-lab01 kernel: [    0.246842] audit: initializing netlink subsys (disabled)
2025-07-22T11:03:55.206848-03:00 linux-lab01 kernel: [    0.246983] thermal_sys: Registered thermal governor 'fair_share'
2025-07-22T11:03:55.206848-03:00 linux-lab01 kernel: [    0.246985] thermal_sys: Registered thermal governor 'bang_bang'
2025-07-22T11:03:55.206849-03:00 linux-lab01 kernel: [    0.246985] thermal_sys: Registered thermal governor 'step_wise'
2025-07-22T11:03:55.206850-03:00 linux-lab01 kernel: [    0.246986] thermal_sys: Registered thermal governor 'user_space'
2025-07-22T11:03:55.206851-03:00 linux-lab01 kernel: [    0.246987] thermal_sys: Registered thermal governor 'power_allocator'
2025-07-22T11:03:55.206856-03:00 linux-lab01 kernel: [    0.247012] audit: type=2000 audit(1753192430.092:1): state=initialized audit_enabled=0 res=1
2025-07-22T11:03:55.206857-03:00 linux-lab01 kernel: [    0.247022] cpuidle: using governor ladder
2025-07-22T11:03:55.206858-03:00 linux-lab01 kernel: [    0.247028] cpuidle: using governor menu
2025-07-22T11:03:55.206858-03:00 linux-lab01 kernel: [    0.247054] Simple Boot Flag at 0x36 set to 0x80
2025-07-22T11:03:55.206859-03:00 linux-lab01 kernel: [    0.247079] acpiphp: ACPI Hot Plug PCI Controller Driver version: 0.5
2025-07-22T11:03:55.206860-03:00 linux-lab01 kernel: [    0.247252] PCI: MMCONFIG for domain 0000 [bus 00-7f] at [mem 0xf0000000-0xf7ffffff] (base 0xf0000000)
2025-07-22T11:03:55.206866-03:00 linux-lab01 kernel: [    0.247257] PCI: MMCONFIG at [mem 0xf0000000-0xf7ffffff] reserved in E820
2025-07-22T11:03:55.206867-03:00 linux-lab01 kernel: [    0.247269] PCI: Using configuration type 1 for base access
2025-07-22T11:03:55.206867-03:00 linux-lab01 kernel: [    0.248244] kprobes: kprobe jump-optimization is enabled. All kprobes are optimized if possible.
2025-07-22T11:03:55.206919-03:00 linux-lab01 kernel: [    0.272131] HugeTLB: registered 1.00 GiB page size, pre-allocated 0 pages
2025-07-22T11:03:55.206920-03:00 linux-lab01 kernel: [    0.272133] HugeTLB: 16380 KiB vmemmap can be freed for a 1.00 GiB page
2025-07-22T11:03:55.206921-03:00 linux-lab01 kernel: [    0.272134] HugeTLB: registered 2.00 MiB page size, pre-allocated 0 pages
2025-07-22T11:03:55.206926-03:00 linux-lab01 kernel: [    0.272135] HugeTLB: 28 KiB vmemmap can be freed for a 2.00 MiB page
2025-07-22T11:03:55.206927-03:00 linux-lab01 kernel: [    0.272494] ACPI: Added _OSI(Module Device)
2025-07-22T11:03:55.206928-03:00 linux-lab01 kernel: [    0.272495] ACPI: Added _OSI(Processor Device)
2025-07-22T11:03:55.206928-03:00 linux-lab01 kernel: [    0.272496] ACPI: Added _OSI(3.0 _SCP Extensions)
2025-07-22T11:03:55.206929-03:00 linux-lab01 kernel: [    0.272497] ACPI: Added _OSI(Processor Aggregator Device)
2025-07-22T11:03:55.206930-03:00 linux-lab01 kernel: [    0.281085] ACPI: 1 ACPI AML tables successfully acquired and loaded
2025-07-22T11:03:55.206931-03:00 linux-lab01 kernel: [    0.282558] ACPI: [Firmware Bug]: BIOS _OSI(Linux) query ignored
2025-07-22T11:03:55.206936-03:00 linux-lab01 kernel: [    0.297511] ACPI: Interpreter enabled
2025-07-22T11:03:55.206937-03:00 linux-lab01 kernel: [    0.297524] ACPI: PM: (supports S0 S1 S4 S5)
2025-07-22T11:03:55.206938-03:00 linux-lab01 kernel: [    0.297526] ACPI: Using IOAPIC for interrupt routing
2025-07-22T11:03:55.206938-03:00 linux-lab01 kernel: [    0.297551] PCI: Using host bridge windows from ACPI; if necessary, use "pci=nocrs" and report a bug
2025-07-22T11:03:55.206939-03:00 linux-lab01 kernel: [    0.297553] PCI: Using E820 reservations for host bridge windows
2025-07-22T11:03:55.206940-03:00 linux-lab01 kernel: [    0.298101] ACPI: Enabled 4 GPEs in block 00 to 0F
2025-07-22T11:03:55.206945-03:00 linux-lab01 kernel: [    0.342417] ACPI: PCI Root Bridge [PCI0] (domain 0000 [bus 00-7f])
2025-07-22T11:03:55.206946-03:00 linux-lab01 kernel: [    0.342426] acpi PNP0A03:00: _OSC: OS supports [ExtendedConfig ASPM ClockPM Segments MSI HPX-Type3]
2025-07-22T11:03:55.206946-03:00 linux-lab01 kernel: [    0.342515] acpi PNP0A03:00: _OSC: platform does not support [AER LTR]
2025-07-22T11:03:55.206947-03:00 linux-lab01 kernel: [    0.342685] acpi PNP0A03:00: _OSC: OS now controls [PCIeHotplug SHPCHotplug PME PCIeCapability]
2025-07-22T11:03:55.206948-03:00 linux-lab01 kernel: [    0.344848] PCI host bridge to bus 0000:00
2025-07-22T11:03:55.206949-03:00 linux-lab01 kernel: [    0.344850] pci_bus 0000:00: root bus resource [mem 0x000a0000-0x000bffff window]
2025-07-22T11:03:55.206954-03:00 linux-lab01 kernel: [    0.344853] pci_bus 0000:00: root bus resource [mem 0x000d0000-0x000dbfff window]
2025-07-22T11:03:55.206955-03:00 linux-lab01 kernel: [    0.344854] pci_bus 0000:00: root bus resource [mem 0x80000000-0xfebfffff window]
2025-07-22T11:03:55.206955-03:00 linux-lab01 kernel: [    0.344856] pci_bus 0000:00: root bus resource [io  0x0000-0x0cf7 window]
2025-07-22T11:03:55.206956-03:00 linux-lab01 kernel: [    0.344857] pci_bus 0000:00: root bus resource [io  0x0d00-0xfeff window]
2025-07-22T11:03:55.206957-03:00 linux-lab01 kernel: [    0.344859] pci_bus 0000:00: root bus resource [bus 00-7f]
2025-07-22T11:03:55.206958-03:00 linux-lab01 kernel: [    0.344975] pci 0000:00:00.0: [8086:7190] type 00 class 0x060000
2025-07-22T11:03:55.206963-03:00 linux-lab01 kernel: [    0.345685] pci 0000:00:01.0: [8086:7191] type 01 class 0x060400
2025-07-22T11:03:55.206964-03:00 linux-lab01 kernel: [    0.346253] pci 0000:00:07.0: [8086:7110] type 00 class 0x060100
2025-07-22T11:03:55.207109-03:00 linux-lab01 kernel: [    0.347096] pci 0000:00:07.1: [8086:7111] type 00 class 0x01018a
2025-07-22T11:03:55.207111-03:00 linux-lab01 kernel: [    0.347936] pci 0000:00:07.1: reg 0x20: [io  0x1060-0x106f]
2025-07-22T11:03:55.207112-03:00 linux-lab01 kernel: [    0.348280] pci 0000:00:07.1: legacy IDE quirk: reg 0x10: [io  0x01f0-0x01f7]
2025-07-22T11:03:55.207113-03:00 linux-lab01 kernel: [    0.348281] pci 0000:00:07.1: legacy IDE quirk: reg 0x14: [io  0x03f6]
2025-07-22T11:03:55.207114-03:00 linux-lab01 kernel: [    0.348282] pci 0000:00:07.1: legacy IDE quirk: reg 0x18: [io  0x0170-0x0177]
2025-07-22T11:03:55.207122-03:00 linux-lab01 kernel: [    0.348284] pci 0000:00:07.1: legacy IDE quirk: reg 0x1c: [io  0x0376]
2025-07-22T11:03:55.207123-03:00 linux-lab01 kernel: [    0.348483] pci 0000:00:07.3: [8086:7113] type 00 class 0x068000
2025-07-22T11:03:55.207124-03:00 linux-lab01 kernel: [    0.349482] pci 0000:00:07.3: quirk: [io  0x1000-0x103f] claimed by PIIX4 ACPI
2025-07-22T11:03:55.207125-03:00 linux-lab01 kernel: [    0.349495] pci 0000:00:07.3: quirk: [io  0x1040-0x104f] claimed by PIIX4 SMB
2025-07-22T11:03:55.207125-03:00 linux-lab01 kernel: [    0.349817] pci 0000:00:07.7: [15ad:0740] type 00 class 0x088000
2025-07-22T11:03:55.207126-03:00 linux-lab01 kernel: [    0.350124] pci 0000:00:07.7: reg 0x10: [io  0x1080-0x10bf]
2025-07-22T11:03:55.207133-03:00 linux-lab01 kernel: [    0.350393] pci 0000:00:07.7: reg 0x14: [mem 0xfebc0000-0xfebfffff 64bit]
2025-07-22T11:03:55.207134-03:00 linux-lab01 kernel: [    0.351863] pci 0000:00:0f.0: [15ad:0405] type 00 class 0x030000
2025-07-22T11:03:55.207135-03:00 linux-lab01 kernel: [    0.352378] pci 0000:00:0f.0: reg 0x10: [io  0x1070-0x107f]
2025-07-22T11:03:55.207136-03:00 linux-lab01 kernel: [    0.352792] pci 0000:00:0f.0: reg 0x14: [mem 0xe8000000-0xefffffff pref]
2025-07-22T11:03:55.207136-03:00 linux-lab01 kernel: [    0.353202] pci 0000:00:0f.0: reg 0x18: [mem 0xfe000000-0xfe7fffff]
2025-07-22T11:03:55.207137-03:00 linux-lab01 kernel: [    0.354772] pci 0000:00:0f.0: reg 0x30: [mem 0x00000000-0x00007fff pref]
2025-07-22T11:03:55.207138-03:00 linux-lab01 kernel: [    0.354832] pci 0000:00:0f.0: Video device with shadowed ROM at [mem 0x000c0000-0x000dffff]
2025-07-22T11:03:55.207143-03:00 linux-lab01 kernel: [    0.355290] pci 0000:00:10.0: [1000:0030] type 00 class 0x010000
2025-07-22T11:03:55.207144-03:00 linux-lab01 kernel: [    0.355583] pci 0000:00:10.0: reg 0x10: [io  0x1400-0x14ff]
2025-07-22T11:03:55.207144-03:00 linux-lab01 kernel: [    0.355857] pci 0000:00:10.0: reg 0x14: [mem 0xfeb80000-0xfeb9ffff 64bit]
2025-07-22T11:03:55.207145-03:00 linux-lab01 kernel: [    0.356125] pci 0000:00:10.0: reg 0x1c: [mem 0xfeba0000-0xfebbffff 64bit]
2025-07-22T11:03:55.207146-03:00 linux-lab01 kernel: [    0.356576] pci 0000:00:10.0: reg 0x30: [mem 0x00000000-0x00003fff pref]
2025-07-22T11:03:55.207147-03:00 linux-lab01 kernel: [    0.356983] pci 0000:00:11.0: [15ad:0790] type 01 class 0x060401
2025-07-22T11:03:55.207152-03:00 linux-lab01 kernel: [    0.357891] pci 0000:00:15.0: [15ad:07a0] type 01 class 0x060400
2025-07-22T11:03:55.207152-03:00 linux-lab01 kernel: [    0.358751] pci 0000:00:15.0: PME# supported from D0 D3hot D3cold
2025-07-22T11:03:55.207153-03:00 linux-lab01 kernel: [    0.359240] pci 0000:00:15.1: [15ad:07a0] type 01 class 0x060400
2025-07-22T11:03:55.207154-03:00 linux-lab01 kernel: [    0.360117] pci 0000:00:15.1: PME# supported from D0 D3hot D3cold
2025-07-22T11:03:55.207155-03:00 linux-lab01 kernel: [    0.360610] pci 0000:00:15.2: [15ad:07a0] type 01 class 0x060400
2025-07-22T11:03:55.207155-03:00 linux-lab01 kernel: [    0.361482] pci 0000:00:15.2: PME# supported from D0 D3hot D3cold
2025-07-22T11:03:55.207160-03:00 linux-lab01 kernel: [    0.361967] pci 0000:00:15.3: [15ad:07a0] type 01 class 0x060400
2025-07-22T11:03:55.207161-03:00 linux-lab01 kernel: [    0.362827] pci 0000:00:15.3: PME# supported from D0 D3hot D3cold
2025-07-22T11:03:55.207162-03:00 linux-lab01 kernel: [    0.363309] pci 0000:00:15.4: [15ad:07a0] type 01 class 0x060400
2025-07-22T11:03:55.207163-03:00 linux-lab01 kernel: [    0.364179] pci 0000:00:15.4: PME# supported from D0 D3hot D3cold
2025-07-22T11:03:55.207163-03:00 linux-lab01 kernel: [    0.364666] pci 0000:00:15.5: [15ad:07a0] type 01 class 0x060400
2025-07-22T11:03:55.207164-03:00 linux-lab01 kernel: [    0.365535] pci 0000:00:15.5: PME# supported from D0 D3hot D3cold
2025-07-22T11:03:55.207165-03:00 linux-lab01 kernel: [    0.366022] pci 0000:00:15.6: [15ad:07a0] type 01 class 0x060400
2025-07-22T11:03:55.207170-03:00 linux-lab01 kernel: [    0.366880] pci 0000:00:15.6: PME# supported from D0 D3hot D3cold
2025-07-22T11:03:55.207171-03:00 linux-lab01 kernel: [    0.367362] pci 0000:00:15.7: [15ad:07a0] type 01 class 0x060400
2025-07-22T11:03:55.207171-03:00 linux-lab01 kernel: [    0.368239] pci 0000:00:15.7: PME# supported from D0 D3hot D3cold
2025-07-22T11:03:55.207172-03:00 linux-lab01 kernel: [    0.368727] pci 0000:00:16.0: [15ad:07a0] type 01 class 0x060400
2025-07-22T11:03:55.207173-03:00 linux-lab01 kernel: [    0.369589] pci 0000:00:16.0: PME# supported from D0 D3hot D3cold
2025-07-22T11:03:55.207174-03:00 linux-lab01 kernel: [    0.370074] pci 0000:00:16.1: [15ad:07a0] type 01 class 0x060400
2025-07-22T11:03:55.207179-03:00 linux-lab01 kernel: [    0.370934] pci 0000:00:16.1: PME# supported from D0 D3hot D3cold
2025-07-22T11:03:55.207180-03:00 linux-lab01 kernel: [    0.371415] pci 0000:00:16.2: [15ad:07a0] type 01 class 0x060400
2025-07-22T11:03:55.207180-03:00 linux-lab01 kernel: [    0.372318] pci 0000:00:16.2: PME# supported from D0 D3hot D3cold
2025-07-22T11:03:55.207181-03:00 linux-lab01 kernel: [    0.372808] pci 0000:00:16.3: [15ad:07a0] type 01 class 0x060400
2025-07-22T11:03:55.207182-03:00 linux-lab01 kernel: [    0.373680] pci 0000:00:16.3: PME# supported from D0 D3hot D3cold
2025-07-22T11:03:55.207183-03:00 linux-lab01 kernel: [    0.374171] pci 0000:00:16.4: [15ad:07a0] type 01 class 0x060400
2025-07-22T11:03:55.207183-03:00 linux-lab01 kernel: [    0.375033] pci 0000:00:16.4: PME# supported from D0 D3hot D3cold
2025-07-22T11:03:55.207192-03:00 linux-lab01 kernel: [    0.375513] pci 0000:00:16.5: [15ad:07a0] type 01 class 0x060400
2025-07-22T11:03:55.207193-03:00 linux-lab01 kernel: [    0.376398] pci 0000:00:16.5: PME# supported from D0 D3hot D3cold
2025-07-22T11:03:55.207194-03:00 linux-lab01 kernel: [    0.376887] pci 0000:00:16.6: [15ad:07a0] type 01 class 0x060400
2025-07-22T11:03:55.207195-03:00 linux-lab01 kernel: [    0.377749] pci 0000:00:16.6: PME# supported from D0 D3hot D3cold
2025-07-22T11:03:55.207195-03:00 linux-lab01 kernel: [    0.378231] pci 0000:00:16.7: [15ad:07a0] type 01 class 0x060400
2025-07-22T11:03:55.207196-03:00 linux-lab01 kernel: [    0.379090] pci 0000:00:16.7: PME# supported from D0 D3hot D3cold
2025-07-22T11:03:55.207202-03:00 linux-lab01 kernel: [    0.379578] pci 0000:00:17.0: [15ad:07a0] type 01 class 0x060400
2025-07-22T11:03:55.207203-03:00 linux-lab01 kernel: [    0.380448] pci 0000:00:17.0: PME# supported from D0 D3hot D3cold
2025-07-22T11:03:55.207203-03:00 linux-lab01 kernel: [    0.380938] pci 0000:00:17.1: [15ad:07a0] type 01 class 0x060400
2025-07-22T11:03:55.207204-03:00 linux-lab01 kernel: [    0.381799] pci 0000:00:17.1: PME# supported from D0 D3hot D3cold
2025-07-22T11:03:55.207205-03:00 linux-lab01 kernel: [    0.382292] pci 0000:00:17.2: [15ad:07a0] type 01 class 0x060400
2025-07-22T11:03:55.207206-03:00 linux-lab01 kernel: [    0.383152] pci 0000:00:17.2: PME# supported from D0 D3hot D3cold
2025-07-22T11:03:55.207211-03:00 linux-lab01 kernel: [    0.383642] pci 0000:00:17.3: [15ad:07a0] type 01 class 0x060400
2025-07-22T11:03:55.207212-03:00 linux-lab01 kernel: [    0.384512] pci 0000:00:17.3: PME# supported from D0 D3hot D3cold
2025-07-22T11:03:55.207212-03:00 linux-lab01 kernel: [    0.384999] pci 0000:00:17.4: [15ad:07a0] type 01 class 0x060400
2025-07-22T11:03:55.207213-03:00 linux-lab01 kernel: [    0.385860] pci 0000:00:17.4: PME# supported from D0 D3hot D3cold
2025-07-22T11:03:55.207214-03:00 linux-lab01 kernel: [    0.386343] pci 0000:00:17.5: [15ad:07a0] type 01 class 0x060400
2025-07-22T11:03:55.207215-03:00 linux-lab01 kernel: [    0.387203] pci 0000:00:17.5: PME# supported from D0 D3hot D3cold
2025-07-22T11:03:55.207215-03:00 linux-lab01 kernel: [    0.387691] pci 0000:00:17.6: [15ad:07a0] type 01 class 0x060400
2025-07-22T11:03:55.207220-03:00 linux-lab01 kernel: [    0.388560] pci 0000:00:17.6: PME# supported from D0 D3hot D3cold
2025-07-22T11:03:55.207221-03:00 linux-lab01 kernel: [    0.389049] pci 0000:00:17.7: [15ad:07a0] type 01 class 0x060400
2025-07-22T11:03:55.207222-03:00 linux-lab01 kernel: [    0.389909] pci 0000:00:17.7: PME# supported from D0 D3hot D3cold
2025-07-22T11:03:55.207223-03:00 linux-lab01 kernel: [    0.390392] pci 0000:00:18.0: [15ad:07a0] type 01 class 0x060400
2025-07-22T11:03:55.207224-03:00 linux-lab01 kernel: [    0.391250] pci 0000:00:18.0: PME# supported from D0 D3hot D3cold
2025-07-22T11:03:55.207224-03:00 linux-lab01 kernel: [    0.391749] pci 0000:00:18.1: [15ad:07a0] type 01 class 0x060400
2025-07-22T11:03:55.207230-03:00 linux-lab01 kernel: [    0.392627] pci 0000:00:18.1: PME# supported from D0 D3hot D3cold
2025-07-22T11:03:55.207231-03:00 linux-lab01 kernel: [    0.393116] pci 0000:00:18.2: [15ad:07a0] type 01 class 0x060400
2025-07-22T11:03:55.207232-03:00 linux-lab01 kernel: [    0.393979] pci 0000:00:18.2: PME# supported from D0 D3hot D3cold
2025-07-22T11:03:55.207232-03:00 linux-lab01 kernel: [    0.394465] pci 0000:00:18.3: [15ad:07a0] type 01 class 0x060400
2025-07-22T11:03:55.207233-03:00 linux-lab01 kernel: [    0.395324] pci 0000:00:18.3: PME# supported from D0 D3hot D3cold
2025-07-22T11:03:55.207234-03:00 linux-lab01 kernel: [    0.395827] pci 0000:00:18.4: [15ad:07a0] type 01 class 0x060400
2025-07-22T11:03:55.207301-03:00 linux-lab01 kernel: [    0.396696] pci 0000:00:18.4: PME# supported from D0 D3hot D3cold
2025-07-22T11:03:55.207312-03:00 linux-lab01 kernel: [    0.397184] pci 0000:00:18.5: [15ad:07a0] type 01 class 0x060400
2025-07-22T11:03:55.207313-03:00 linux-lab01 kernel: [    0.398044] pci 0000:00:18.5: PME# supported from D0 D3hot D3cold
2025-07-22T11:03:55.207313-03:00 linux-lab01 kernel: [    0.398525] pci 0000:00:18.6: [15ad:07a0] type 01 class 0x060400
2025-07-22T11:03:55.207314-03:00 linux-lab01 kernel: [    0.399383] pci 0000:00:18.6: PME# supported from D0 D3hot D3cold
2025-07-22T11:03:55.207314-03:00 linux-lab01 kernel: [    0.399880] pci 0000:00:18.7: [15ad:07a0] type 01 class 0x060400
2025-07-22T11:03:55.207315-03:00 linux-lab01 kernel: [    0.400750] pci 0000:00:18.7: PME# supported from D0 D3hot D3cold
2025-07-22T11:03:55.207321-03:00 linux-lab01 kernel: [    0.401250] pci_bus 0000:01: extended config space not accessible
2025-07-22T11:03:55.207322-03:00 linux-lab01 kernel: [    0.401309] pci 0000:00:01.0: PCI bridge to [bus 01]
2025-07-22T11:03:55.207322-03:00 linux-lab01 kernel: [    0.401541] pci_bus 0000:02: extended config space not accessible
2025-07-22T11:03:55.207323-03:00 linux-lab01 kernel: [    0.401712] acpiphp: Slot [32] registered
2025-07-22T11:03:55.207323-03:00 linux-lab01 kernel: [    0.401735] acpiphp: Slot [33] registered
2025-07-22T11:03:55.207323-03:00 linux-lab01 kernel: [    0.401754] acpiphp: Slot [34] registered
2025-07-22T11:03:55.207330-03:00 linux-lab01 kernel: [    0.401774] acpiphp: Slot [35] registered
2025-07-22T11:03:55.207331-03:00 linux-lab01 kernel: [    0.401793] acpiphp: Slot [36] registered
2025-07-22T11:03:55.207332-03:00 linux-lab01 kernel: [    0.401812] acpiphp: Slot [37] registered
2025-07-22T11:03:55.207332-03:00 linux-lab01 kernel: [    0.401832] acpiphp: Slot [38] registered
2025-07-22T11:03:55.207333-03:00 linux-lab01 kernel: [    0.401852] acpiphp: Slot [39] registered
2025-07-22T11:03:55.207334-03:00 linux-lab01 kernel: [    0.401871] acpiphp: Slot [40] registered
2025-07-22T11:03:55.207334-03:00 linux-lab01 kernel: [    0.401889] acpiphp: Slot [41] registered
2025-07-22T11:03:55.207341-03:00 linux-lab01 kernel: [    0.401908] acpiphp: Slot [42] registered
2025-07-22T11:03:55.207342-03:00 linux-lab01 kernel: [    0.401926] acpiphp: Slot [43] registered
2025-07-22T11:03:55.207342-03:00 linux-lab01 kernel: [    0.401945] acpiphp: Slot [44] registered
2025-07-22T11:03:55.207343-03:00 linux-lab01 kernel: [    0.401964] acpiphp: Slot [45] registered
2025-07-22T11:03:55.207343-03:00 linux-lab01 kernel: [    0.401982] acpiphp: Slot [46] registered
2025-07-22T11:03:55.207344-03:00 linux-lab01 kernel: [    0.402000] acpiphp: Slot [47] registered
2025-07-22T11:03:55.207352-03:00 linux-lab01 kernel: [    0.402019] acpiphp: Slot [48] registered
2025-07-22T11:03:55.207352-03:00 linux-lab01 kernel: [    0.402038] acpiphp: Slot [49] registered
2025-07-22T11:03:55.207353-03:00 linux-lab01 kernel: [    0.402056] acpiphp: Slot [50] registered
2025-07-22T11:03:55.207353-03:00 linux-lab01 kernel: [    0.402083] acpiphp: Slot [51] registered
2025-07-22T11:03:55.207354-03:00 linux-lab01 kernel: [    0.402106] acpiphp: Slot [52] registered
2025-07-22T11:03:55.207354-03:00 linux-lab01 kernel: [    0.402125] acpiphp: Slot [53] registered
2025-07-22T11:03:55.207355-03:00 linux-lab01 kernel: [    0.402144] acpiphp: Slot [54] registered
2025-07-22T11:03:55.207362-03:00 linux-lab01 kernel: [    0.402162] acpiphp: Slot [55] registered
2025-07-22T11:03:55.207363-03:00 linux-lab01 kernel: [    0.402181] acpiphp: Slot [56] registered
2025-07-22T11:03:55.207364-03:00 linux-lab01 kernel: [    0.402199] acpiphp: Slot [57] registered
2025-07-22T11:03:55.207364-03:00 linux-lab01 kernel: [    0.402218] acpiphp: Slot [58] registered
2025-07-22T11:03:55.207365-03:00 linux-lab01 kernel: [    0.402236] acpiphp: Slot [59] registered
2025-07-22T11:03:55.207365-03:00 linux-lab01 kernel: [    0.402255] acpiphp: Slot [60] registered
2025-07-22T11:03:55.207372-03:00 linux-lab01 kernel: [    0.402273] acpiphp: Slot [61] registered
2025-07-22T11:03:55.207373-03:00 linux-lab01 kernel: [    0.402292] acpiphp: Slot [62] registered
2025-07-22T11:03:55.207373-03:00 linux-lab01 kernel: [    0.402310] acpiphp: Slot [63] registered
2025-07-22T11:03:55.207374-03:00 linux-lab01 kernel: [    0.402392] pci 0000:02:00.0: [15ad:0774] type 00 class 0x0c0300
2025-07-22T11:03:55.207374-03:00 linux-lab01 kernel: [    0.403247] pci 0000:02:00.0: reg 0x20: [io  0x2080-0x209f]
2025-07-22T11:03:55.207374-03:00 linux-lab01 kernel: [    0.404330] pci 0000:02:01.0: [8086:100f] type 00 class 0x020000
2025-07-22T11:03:55.207381-03:00 linux-lab01 kernel: [    0.404673] pci 0000:02:01.0: reg 0x10: [mem 0xfd5c0000-0xfd5dffff 64bit]
2025-07-22T11:03:55.207382-03:00 linux-lab01 kernel: [    0.404939] pci 0000:02:01.0: reg 0x18: [mem 0xfdff0000-0xfdffffff 64bit]
2025-07-22T11:03:55.207382-03:00 linux-lab01 kernel: [    0.405160] pci 0000:02:01.0: reg 0x20: [io  0x2000-0x203f]
2025-07-22T11:03:55.207383-03:00 linux-lab01 kernel: [    0.405548] pci 0000:02:01.0: reg 0x30: [mem 0x00000000-0x0000ffff pref]
2025-07-22T11:03:55.207383-03:00 linux-lab01 kernel: [    0.405872] pci 0000:02:01.0: PME# supported from D0 D3hot D3cold
2025-07-22T11:03:55.207383-03:00 linux-lab01 kernel: [    0.406388] pci 0000:02:02.0: [1274:1371] type 00 class 0x040100
2025-07-22T11:03:55.207384-03:00 linux-lab01 kernel: [    0.406647] pci 0000:02:02.0: reg 0x10: [io  0x2040-0x207f]
2025-07-22T11:03:55.207390-03:00 linux-lab01 kernel: [    0.408530] pci 0000:02:03.0: [15ad:07e0] type 00 class 0x010601
2025-07-22T11:03:55.207391-03:00 linux-lab01 kernel: [    0.409548] pci 0000:02:03.0: reg 0x24: [mem 0xfd5ef000-0xfd5effff]
2025-07-22T11:03:55.207391-03:00 linux-lab01 kernel: [    0.409710] pci 0000:02:03.0: reg 0x30: [mem 0x00000000-0x0000ffff pref]
2025-07-22T11:03:55.207392-03:00 linux-lab01 kernel: [    0.410112] pci 0000:02:03.0: PME# supported from D3hot
2025-07-22T11:03:55.207392-03:00 linux-lab01 kernel: [    0.410886] pci 0000:00:11.0: PCI bridge to [bus 02] (subtractive decode)
2025-07-22T11:03:55.207393-03:00 linux-lab01 kernel: [    0.410909] pci 0000:00:11.0:   bridge window [io  0x2000-0x3fff]
2025-07-22T11:03:55.207401-03:00 linux-lab01 kernel: [    0.410932] pci 0000:00:11.0:   bridge window [mem 0xfd500000-0xfdffffff]
2025-07-22T11:03:55.207402-03:00 linux-lab01 kernel: [    0.410974] pci 0000:00:11.0:   bridge window [mem 0xe7b00000-0xe7ffffff 64bit pref]
2025-07-22T11:03:55.207402-03:00 linux-lab01 kernel: [    0.410975] pci 0000:00:11.0:   bridge window [mem 0x000a0000-0x000bffff window] (subtractive decode)
2025-07-22T11:03:55.207402-03:00 linux-lab01 kernel: [    0.410977] pci 0000:00:11.0:   bridge window [mem 0x000d0000-0x000dbfff window] (subtractive decode)
2025-07-22T11:03:55.207403-03:00 linux-lab01 kernel: [    0.410978] pci 0000:00:11.0:   bridge window [mem 0x80000000-0xfebfffff window] (subtractive decode)
2025-07-22T11:03:55.207403-03:00 linux-lab01 kernel: [    0.410979] pci 0000:00:11.0:   bridge window [io  0x0000-0x0cf7 window] (subtractive decode)
2025-07-22T11:03:55.207411-03:00 linux-lab01 kernel: [    0.410981] pci 0000:00:11.0:   bridge window [io  0x0d00-0xfeff window] (subtractive decode)
2025-07-22T11:03:55.207412-03:00 linux-lab01 kernel: [    0.411273] pci 0000:00:15.0: PCI bridge to [bus 03]
2025-07-22T11:03:55.207413-03:00 linux-lab01 kernel: [    0.411295] pci 0000:00:15.0:   bridge window [io  0x4000-0x4fff]
2025-07-22T11:03:55.207414-03:00 linux-lab01 kernel: [    0.411317] pci 0000:00:15.0:   bridge window [mem 0xfd400000-0xfd4fffff]
2025-07-22T11:03:55.207415-03:00 linux-lab01 kernel: [    0.411358] pci 0000:00:15.0:   bridge window [mem 0xe7a00000-0xe7afffff 64bit pref]
2025-07-22T11:03:55.207416-03:00 linux-lab01 kernel: [    0.411664] pci 0000:00:15.1: PCI bridge to [bus 04]
2025-07-22T11:03:55.207423-03:00 linux-lab01 kernel: [    0.411687] pci 0000:00:15.1:   bridge window [io  0x8000-0x8fff]
2025-07-22T11:03:55.207424-03:00 linux-lab01 kernel: [    0.411709] pci 0000:00:15.1:   bridge window [mem 0xfd000000-0xfd0fffff]
2025-07-22T11:03:55.207425-03:00 linux-lab01 kernel: [    0.411751] pci 0000:00:15.1:   bridge window [mem 0xe7600000-0xe76fffff 64bit pref]
2025-07-22T11:03:55.207426-03:00 linux-lab01 kernel: [    0.412042] pci 0000:00:15.2: PCI bridge to [bus 05]
2025-07-22T11:03:55.207426-03:00 linux-lab01 kernel: [    0.412072] pci 0000:00:15.2:   bridge window [io  0xc000-0xcfff]
2025-07-22T11:03:55.207427-03:00 linux-lab01 kernel: [    0.412096] pci 0000:00:15.2:   bridge window [mem 0xfcc00000-0xfccfffff]
2025-07-22T11:03:55.207428-03:00 linux-lab01 kernel: [    0.412139] pci 0000:00:15.2:   bridge window [mem 0xe7200000-0xe72fffff 64bit pref]
2025-07-22T11:03:55.207433-03:00 linux-lab01 kernel: [    0.412432] pci 0000:00:15.3: PCI bridge to [bus 06]
2025-07-22T11:03:55.207434-03:00 linux-lab01 kernel: [    0.412474] pci 0000:00:15.3:   bridge window [mem 0xfc800000-0xfc8fffff]
2025-07-22T11:03:55.207435-03:00 linux-lab01 kernel: [    0.412517] pci 0000:00:15.3:   bridge window [mem 0xe6e00000-0xe6efffff 64bit pref]
2025-07-22T11:03:55.207435-03:00 linux-lab01 kernel: [    0.412811] pci 0000:00:15.4: PCI bridge to [bus 07]
2025-07-22T11:03:55.207436-03:00 linux-lab01 kernel: [    0.412854] pci 0000:00:15.4:   bridge window [mem 0xfc400000-0xfc4fffff]
2025-07-22T11:03:55.207437-03:00 linux-lab01 kernel: [    0.412896] pci 0000:00:15.4:   bridge window [mem 0xe6a00000-0xe6afffff 64bit pref]
2025-07-22T11:03:55.207443-03:00 linux-lab01 kernel: [    0.413186] pci 0000:00:15.5: PCI bridge to [bus 08]
2025-07-22T11:03:55.207444-03:00 linux-lab01 kernel: [    0.413228] pci 0000:00:15.5:   bridge window [mem 0xfc000000-0xfc0fffff]
2025-07-22T11:03:55.207445-03:00 linux-lab01 kernel: [    0.413271] pci 0000:00:15.5:   bridge window [mem 0xe6600000-0xe66fffff 64bit pref]
2025-07-22T11:03:55.207446-03:00 linux-lab01 kernel: [    0.413563] pci 0000:00:15.6: PCI bridge to [bus 09]
2025-07-22T11:03:55.207446-03:00 linux-lab01 kernel: [    0.413606] pci 0000:00:15.6:   bridge window [mem 0xfbc00000-0xfbcfffff]
2025-07-22T11:03:55.207447-03:00 linux-lab01 kernel: [    0.413648] pci 0000:00:15.6:   bridge window [mem 0xe6200000-0xe62fffff 64bit pref]
2025-07-22T11:03:55.207448-03:00 linux-lab01 kernel: [    0.413942] pci 0000:00:15.7: PCI bridge to [bus 0a]
2025-07-22T11:03:55.207454-03:00 linux-lab01 kernel: [    0.413984] pci 0000:00:15.7:   bridge window [mem 0xfb800000-0xfb8fffff]
2025-07-22T11:03:55.207455-03:00 linux-lab01 kernel: [    0.414027] pci 0000:00:15.7:   bridge window [mem 0xe5e00000-0xe5efffff 64bit pref]
2025-07-22T11:03:55.207455-03:00 linux-lab01 kernel: [    0.414315] pci 0000:00:16.0: PCI bridge to [bus 0b]
2025-07-22T11:03:55.207456-03:00 linux-lab01 kernel: [    0.414336] pci 0000:00:16.0:   bridge window [io  0x5000-0x5fff]
2025-07-22T11:03:55.207457-03:00 linux-lab01 kernel: [    0.414358] pci 0000:00:16.0:   bridge window [mem 0xfd300000-0xfd3fffff]
2025-07-22T11:03:55.207458-03:00 linux-lab01 kernel: [    0.414400] pci 0000:00:16.0:   bridge window [mem 0xe7900000-0xe79fffff 64bit pref]
2025-07-22T11:03:55.207463-03:00 linux-lab01 kernel: [    0.414687] pci 0000:00:16.1: PCI bridge to [bus 0c]
2025-07-22T11:03:55.207464-03:00 linux-lab01 kernel: [    0.414709] pci 0000:00:16.1:   bridge window [io  0x9000-0x9fff]
2025-07-22T11:03:55.207464-03:00 linux-lab01 kernel: [    0.414731] pci 0000:00:16.1:   bridge window [mem 0xfcf00000-0xfcffffff]
2025-07-22T11:03:55.207465-03:00 linux-lab01 kernel: [    0.414773] pci 0000:00:16.1:   bridge window [mem 0xe7500000-0xe75fffff 64bit pref]
2025-07-22T11:03:55.207466-03:00 linux-lab01 kernel: [    0.415061] pci 0000:00:16.2: PCI bridge to [bus 0d]
2025-07-22T11:03:55.207467-03:00 linux-lab01 kernel: [    0.415083] pci 0000:00:16.2:   bridge window [io  0xd000-0xdfff]
2025-07-22T11:03:55.207472-03:00 linux-lab01 kernel: [    0.415104] pci 0000:00:16.2:   bridge window [mem 0xfcb00000-0xfcbfffff]
2025-07-22T11:03:55.207473-03:00 linux-lab01 kernel: [    0.415146] pci 0000:00:16.2:   bridge window [mem 0xe7100000-0xe71fffff 64bit pref]
2025-07-22T11:03:55.207473-03:00 linux-lab01 kernel: [    0.415444] pci 0000:00:16.3: PCI bridge to [bus 0e]
2025-07-22T11:03:55.207474-03:00 linux-lab01 kernel: [    0.415486] pci 0000:00:16.3:   bridge window [mem 0xfc700000-0xfc7fffff]
2025-07-22T11:03:55.207475-03:00 linux-lab01 kernel: [    0.415529] pci 0000:00:16.3:   bridge window [mem 0xe6d00000-0xe6dfffff 64bit pref]
2025-07-22T11:03:55.207476-03:00 linux-lab01 kernel: [    0.415821] pci 0000:00:16.4: PCI bridge to [bus 0f]
2025-07-22T11:03:55.207476-03:00 linux-lab01 kernel: [    0.415863] pci 0000:00:16.4:   bridge window [mem 0xfc300000-0xfc3fffff]
2025-07-22T11:03:55.207481-03:00 linux-lab01 kernel: [    0.415906] pci 0000:00:16.4:   bridge window [mem 0xe6900000-0xe69fffff 64bit pref]
2025-07-22T11:03:55.207482-03:00 linux-lab01 kernel: [    0.416196] pci 0000:00:16.5: PCI bridge to [bus 10]
2025-07-22T11:03:55.207483-03:00 linux-lab01 kernel: [    0.416238] pci 0000:00:16.5:   bridge window [mem 0xfbf00000-0xfbffffff]
2025-07-22T11:03:55.207484-03:00 linux-lab01 kernel: [    0.416281] pci 0000:00:16.5:   bridge window [mem 0xe6500000-0xe65fffff 64bit pref]
2025-07-22T11:03:55.207484-03:00 linux-lab01 kernel: [    0.416571] pci 0000:00:16.6: PCI bridge to [bus 11]
2025-07-22T11:03:55.207485-03:00 linux-lab01 kernel: [    0.416613] pci 0000:00:16.6:   bridge window [mem 0xfbb00000-0xfbbfffff]
2025-07-22T11:03:55.207490-03:00 linux-lab01 kernel: [    0.416655] pci 0000:00:16.6:   bridge window [mem 0xe6100000-0xe61fffff 64bit pref]
2025-07-22T11:03:55.207491-03:00 linux-lab01 kernel: [    0.416951] pci 0000:00:16.7: PCI bridge to [bus 12]
2025-07-22T11:03:55.207543-03:00 linux-lab01 kernel: [    0.416994] pci 0000:00:16.7:   bridge window [mem 0xfb700000-0xfb7fffff]
2025-07-22T11:03:55.207544-03:00 linux-lab01 kernel: [    0.417036] pci 0000:00:16.7:   bridge window [mem 0xe5d00000-0xe5dfffff 64bit pref]
2025-07-22T11:03:55.207544-03:00 linux-lab01 kernel: [    0.417328] pci 0000:00:17.0: PCI bridge to [bus 13]
2025-07-22T11:03:55.207545-03:00 linux-lab01 kernel: [    0.417350] pci 0000:00:17.0:   bridge window [io  0x6000-0x6fff]
2025-07-22T11:03:55.207546-03:00 linux-lab01 kernel: [    0.417372] pci 0000:00:17.0:   bridge window [mem 0xfd200000-0xfd2fffff]
2025-07-22T11:03:55.207553-03:00 linux-lab01 kernel: [    0.417414] pci 0000:00:17.0:   bridge window [mem 0xe7800000-0xe78fffff 64bit pref]
2025-07-22T11:03:55.207554-03:00 linux-lab01 kernel: [    0.417701] pci 0000:00:17.1: PCI bridge to [bus 14]
2025-07-22T11:03:55.207555-03:00 linux-lab01 kernel: [    0.417723] pci 0000:00:17.1:   bridge window [io  0xa000-0xafff]
2025-07-22T11:03:55.207555-03:00 linux-lab01 kernel: [    0.417745] pci 0000:00:17.1:   bridge window [mem 0xfce00000-0xfcefffff]
2025-07-22T11:03:55.207556-03:00 linux-lab01 kernel: [    0.417787] pci 0000:00:17.1:   bridge window [mem 0xe7400000-0xe74fffff 64bit pref]
2025-07-22T11:03:55.207557-03:00 linux-lab01 kernel: [    0.418077] pci 0000:00:17.2: PCI bridge to [bus 15]
2025-07-22T11:03:55.207562-03:00 linux-lab01 kernel: [    0.418099] pci 0000:00:17.2:   bridge window [io  0xe000-0xefff]
2025-07-22T11:03:55.207563-03:00 linux-lab01 kernel: [    0.418121] pci 0000:00:17.2:   bridge window [mem 0xfca00000-0xfcafffff]
2025-07-22T11:03:55.207563-03:00 linux-lab01 kernel: [    0.418163] pci 0000:00:17.2:   bridge window [mem 0xe7000000-0xe70fffff 64bit pref]
2025-07-22T11:03:55.207564-03:00 linux-lab01 kernel: [    0.418450] pci 0000:00:17.3: PCI bridge to [bus 16]
2025-07-22T11:03:55.207565-03:00 linux-lab01 kernel: [    0.418492] pci 0000:00:17.3:   bridge window [mem 0xfc600000-0xfc6fffff]
2025-07-22T11:03:55.207566-03:00 linux-lab01 kernel: [    0.418533] pci 0000:00:17.3:   bridge window [mem 0xe6c00000-0xe6cfffff 64bit pref]
2025-07-22T11:03:55.207571-03:00 linux-lab01 kernel: [    0.418821] pci 0000:00:17.4: PCI bridge to [bus 17]
2025-07-22T11:03:55.207571-03:00 linux-lab01 kernel: [    0.418863] pci 0000:00:17.4:   bridge window [mem 0xfc200000-0xfc2fffff]
2025-07-22T11:03:55.207572-03:00 linux-lab01 kernel: [    0.418904] pci 0000:00:17.4:   bridge window [mem 0xe6800000-0xe68fffff 64bit pref]
2025-07-22T11:03:55.207573-03:00 linux-lab01 kernel: [    0.419194] pci 0000:00:17.5: PCI bridge to [bus 18]
2025-07-22T11:03:55.207574-03:00 linux-lab01 kernel: [    0.419236] pci 0000:00:17.5:   bridge window [mem 0xfbe00000-0xfbefffff]
2025-07-22T11:03:55.207574-03:00 linux-lab01 kernel: [    0.419278] pci 0000:00:17.5:   bridge window [mem 0xe6400000-0xe64fffff 64bit pref]
2025-07-22T11:03:55.207575-03:00 linux-lab01 kernel: [    0.419574] pci 0000:00:17.6: PCI bridge to [bus 19]
2025-07-22T11:03:55.207581-03:00 linux-lab01 kernel: [    0.419617] pci 0000:00:17.6:   bridge window [mem 0xfba00000-0xfbafffff]
2025-07-22T11:03:55.207581-03:00 linux-lab01 kernel: [    0.419659] pci 0000:00:17.6:   bridge window [mem 0xe6000000-0xe60fffff 64bit pref]
2025-07-22T11:03:55.207582-03:00 linux-lab01 kernel: [    0.419950] pci 0000:00:17.7: PCI bridge to [bus 1a]
2025-07-22T11:03:55.207583-03:00 linux-lab01 kernel: [    0.419993] pci 0000:00:17.7:   bridge window [mem 0xfb600000-0xfb6fffff]
2025-07-22T11:03:55.207584-03:00 linux-lab01 kernel: [    0.420035] pci 0000:00:17.7:   bridge window [mem 0xe5c00000-0xe5cfffff 64bit pref]
2025-07-22T11:03:55.207584-03:00 linux-lab01 kernel: [    0.420328] pci 0000:00:18.0: PCI bridge to [bus 1b]
2025-07-22T11:03:55.207589-03:00 linux-lab01 kernel: [    0.420351] pci 0000:00:18.0:   bridge window [io  0x7000-0x7fff]
2025-07-22T11:03:55.207590-03:00 linux-lab01 kernel: [    0.420373] pci 0000:00:18.0:   bridge window [mem 0xfd100000-0xfd1fffff]
2025-07-22T11:03:55.207591-03:00 linux-lab01 kernel: [    0.420415] pci 0000:00:18.0:   bridge window [mem 0xe7700000-0xe77fffff 64bit pref]
2025-07-22T11:03:55.207592-03:00 linux-lab01 kernel: [    0.420706] pci 0000:00:18.1: PCI bridge to [bus 1c]
2025-07-22T11:03:55.207593-03:00 linux-lab01 kernel: [    0.420728] pci 0000:00:18.1:   bridge window [io  0xb000-0xbfff]
2025-07-22T11:03:55.207593-03:00 linux-lab01 kernel: [    0.420750] pci 0000:00:18.1:   bridge window [mem 0xfcd00000-0xfcdfffff]
2025-07-22T11:03:55.207594-03:00 linux-lab01 kernel: [    0.420793] pci 0000:00:18.1:   bridge window [mem 0xe7300000-0xe73fffff 64bit pref]
2025-07-22T11:03:55.207599-03:00 linux-lab01 kernel: [    0.421085] pci 0000:00:18.2: PCI bridge to [bus 1d]
2025-07-22T11:03:55.207600-03:00 linux-lab01 kernel: [    0.421128] pci 0000:00:18.2:   bridge window [mem 0xfc900000-0xfc9fffff]
2025-07-22T11:03:55.207601-03:00 linux-lab01 kernel: [    0.421170] pci 0000:00:18.2:   bridge window [mem 0xe6f00000-0xe6ffffff 64bit pref]
2025-07-22T11:03:55.207601-03:00 linux-lab01 kernel: [    0.421461] pci 0000:00:18.3: PCI bridge to [bus 1e]
2025-07-22T11:03:55.207602-03:00 linux-lab01 kernel: [    0.421503] pci 0000:00:18.3:   bridge window [mem 0xfc500000-0xfc5fffff]
2025-07-22T11:03:55.207603-03:00 linux-lab01 kernel: [    0.421547] pci 0000:00:18.3:   bridge window [mem 0xe6b00000-0xe6bfffff 64bit pref]
2025-07-22T11:03:55.207608-03:00 linux-lab01 kernel: [    0.421835] pci 0000:00:18.4: PCI bridge to [bus 1f]
2025-07-22T11:03:55.207609-03:00 linux-lab01 kernel: [    0.421877] pci 0000:00:18.4:   bridge window [mem 0xfc100000-0xfc1fffff]
2025-07-22T11:03:55.207610-03:00 linux-lab01 kernel: [    0.421919] pci 0000:00:18.4:   bridge window [mem 0xe6700000-0xe67fffff 64bit pref]
2025-07-22T11:03:55.207610-03:00 linux-lab01 kernel: [    0.422217] pci 0000:00:18.5: PCI bridge to [bus 20]
2025-07-22T11:03:55.207611-03:00 linux-lab01 kernel: [    0.422260] pci 0000:00:18.5:   bridge window [mem 0xfbd00000-0xfbdfffff]
2025-07-22T11:03:55.207612-03:00 linux-lab01 kernel: [    0.422302] pci 0000:00:18.5:   bridge window [mem 0xe6300000-0xe63fffff 64bit pref]
2025-07-22T11:03:55.207617-03:00 linux-lab01 kernel: [    0.422590] pci 0000:00:18.6: PCI bridge to [bus 21]
2025-07-22T11:03:55.207618-03:00 linux-lab01 kernel: [    0.422632] pci 0000:00:18.6:   bridge window [mem 0xfb900000-0xfb9fffff]
2025-07-22T11:03:55.207619-03:00 linux-lab01 kernel: [    0.422674] pci 0000:00:18.6:   bridge window [mem 0xe5f00000-0xe5ffffff 64bit pref]
2025-07-22T11:03:55.207619-03:00 linux-lab01 kernel: [    0.422965] pci 0000:00:18.7: PCI bridge to [bus 22]
2025-07-22T11:03:55.207620-03:00 linux-lab01 kernel: [    0.423007] pci 0000:00:18.7:   bridge window [mem 0xfb500000-0xfb5fffff]
2025-07-22T11:03:55.207621-03:00 linux-lab01 kernel: [    0.423049] pci 0000:00:18.7:   bridge window [mem 0xe5b00000-0xe5bfffff 64bit pref]
2025-07-22T11:03:55.207622-03:00 linux-lab01 kernel: [    0.425000] ACPI: PCI: Interrupt link LNKA configured for IRQ 9
2025-07-22T11:03:55.207627-03:00 linux-lab01 kernel: [    0.425076] ACPI: PCI: Interrupt link LNKB configured for IRQ 11
2025-07-22T11:03:55.207628-03:00 linux-lab01 kernel: [    0.425149] ACPI: PCI: Interrupt link LNKC configured for IRQ 10
2025-07-22T11:03:55.207628-03:00 linux-lab01 kernel: [    0.425221] ACPI: PCI: Interrupt link LNKD configured for IRQ 7
2025-07-22T11:03:55.207629-03:00 linux-lab01 kernel: [    0.436116] iommu: Default domain type: Translated 
2025-07-22T11:03:55.207630-03:00 linux-lab01 kernel: [    0.436118] iommu: DMA domain TLB invalidation policy: lazy mode 
2025-07-22T11:03:55.207631-03:00 linux-lab01 kernel: [    0.436183] pps_core: LinuxPPS API ver. 1 registered
2025-07-22T11:03:55.207636-03:00 linux-lab01 kernel: [    0.436184] pps_core: Software ver. 5.3.6 - Copyright 2005-2007 Rodolfo Giometti <giometti@linux.it>
2025-07-22T11:03:55.207637-03:00 linux-lab01 kernel: [    0.436187] PTP clock support registered
2025-07-22T11:03:55.207637-03:00 linux-lab01 kernel: [    0.436196] EDAC MC: Ver: 3.0.0
2025-07-22T11:03:55.207638-03:00 linux-lab01 kernel: [    0.437722] NetLabel: Initializing
2025-07-22T11:03:55.207639-03:00 linux-lab01 kernel: [    0.437723] NetLabel:  domain hash size = 128
2025-07-22T11:03:55.207639-03:00 linux-lab01 kernel: [    0.437724] NetLabel:  protocols = UNLABELED CIPSOv4 CALIPSO
2025-07-22T11:03:55.207644-03:00 linux-lab01 kernel: [    0.437736] NetLabel:  unlabeled traffic allowed by default
2025-07-22T11:03:55.207645-03:00 linux-lab01 kernel: [    0.437737] PCI: Using ACPI for IRQ routing
2025-07-22T11:03:55.207646-03:00 linux-lab01 kernel: [    0.441616] PCI: pci_cache_line_size set to 64 bytes
2025-07-22T11:03:55.207647-03:00 linux-lab01 kernel: [    0.442561] e820: reserve RAM buffer [mem 0x0009e800-0x0009ffff]
2025-07-22T11:03:55.207648-03:00 linux-lab01 kernel: [    0.442563] e820: reserve RAM buffer [mem 0x7fee0000-0x7fffffff]
2025-07-22T11:03:55.207648-03:00 linux-lab01 kernel: [    0.442609] pci 0000:00:0f.0: vgaarb: setting as boot VGA device
2025-07-22T11:03:55.207649-03:00 linux-lab01 kernel: [    0.442612] pci 0000:00:0f.0: vgaarb: bridge control possible
2025-07-22T11:03:55.207654-03:00 linux-lab01 kernel: [    0.442613] pci 0000:00:0f.0: vgaarb: VGA device added: decodes=io+mem,owns=io+mem,locks=none
2025-07-22T11:03:55.207655-03:00 linux-lab01 kernel: [    0.442618] vgaarb: loaded
2025-07-22T11:03:55.207656-03:00 linux-lab01 kernel: [    0.444479] hpet0: at MMIO 0xfed00000, IRQs 2, 8, 0, 0, 0, 0, 0, 0, 0, 0, 0, 0, 0, 0, 0, 0
2025-07-22T11:03:55.207657-03:00 linux-lab01 kernel: [    0.444490] hpet0: 16 comparators, 64-bit 14.318180 MHz counter
2025-07-22T11:03:55.207657-03:00 linux-lab01 kernel: [    0.446624] clocksource: Switched to clocksource tsc-early
2025-07-22T11:03:55.207658-03:00 linux-lab01 kernel: [    0.453812] VFS: Disk quotas dquot_6.6.0
2025-07-22T11:03:55.207663-03:00 linux-lab01 kernel: [    0.453842] VFS: Dquot-cache hash table entries: 512 (order 0, 4096 bytes)
2025-07-22T11:03:55.207664-03:00 linux-lab01 kernel: [    0.453972] AppArmor: AppArmor Filesystem Enabled
2025-07-22T11:03:55.207665-03:00 linux-lab01 kernel: [    0.453988] pnp: PnP ACPI init
2025-07-22T11:03:55.207666-03:00 linux-lab01 kernel: [    0.454157] system 00:00: [io  0x1000-0x103f] has been reserved
2025-07-22T11:03:55.207667-03:00 linux-lab01 kernel: [    0.454160] system 00:00: [io  0x1040-0x104f] has been reserved
2025-07-22T11:03:55.207667-03:00 linux-lab01 kernel: [    0.454162] system 00:00: [io  0x0cf0-0x0cf1] has been reserved
2025-07-22T11:03:55.207668-03:00 linux-lab01 kernel: [    0.454446] system 00:04: [mem 0xfed00000-0xfed003ff] has been reserved
2025-07-22T11:03:55.207673-03:00 linux-lab01 kernel: [    0.456204] system 00:05: [io  0xfce0-0xfcff] has been reserved
2025-07-22T11:03:55.207674-03:00 linux-lab01 kernel: [    0.456211] system 00:05: [mem 0xf0000000-0xf7ffffff] has been reserved
2025-07-22T11:03:55.207675-03:00 linux-lab01 kernel: [    0.456214] system 00:05: [mem 0xfe800000-0xfe9fffff] has been reserved
2025-07-22T11:03:55.207675-03:00 linux-lab01 kernel: [    0.460180] pnp: PnP ACPI: found 6 devices
2025-07-22T11:03:55.207676-03:00 linux-lab01 kernel: [    0.465659] clocksource: acpi_pm: mask: 0xffffff max_cycles: 0xffffff, max_idle_ns: 2085701024 ns
2025-07-22T11:03:55.207677-03:00 linux-lab01 kernel: [    0.465739] NET: Registered PF_INET protocol family
2025-07-22T11:03:55.207682-03:00 linux-lab01 kernel: [    0.465786] IP idents hash table entries: 32768 (order: 6, 262144 bytes, linear)
2025-07-22T11:03:55.207683-03:00 linux-lab01 kernel: [    0.466570] tcp_listen_portaddr_hash hash table entries: 1024 (order: 2, 16384 bytes, linear)
2025-07-22T11:03:55.207684-03:00 linux-lab01 kernel: [    0.466591] Table-perturb hash table entries: 65536 (order: 6, 262144 bytes, linear)
2025-07-22T11:03:55.207684-03:00 linux-lab01 kernel: [    0.466602] TCP established hash table entries: 16384 (order: 5, 131072 bytes, linear)
2025-07-22T11:03:55.207685-03:00 linux-lab01 kernel: [    0.466652] TCP bind hash table entries: 16384 (order: 7, 524288 bytes, linear)
2025-07-22T11:03:55.207686-03:00 linux-lab01 kernel: [    0.466689] TCP: Hash tables configured (established 16384 bind 16384)
2025-07-22T11:03:55.207692-03:00 linux-lab01 kernel: [    0.466916] MPTCP token hash table entries: 2048 (order: 3, 49152 bytes, linear)
2025-07-22T11:03:55.207693-03:00 linux-lab01 kernel: [    0.466931] UDP hash table entries: 1024 (order: 3, 32768 bytes, linear)
2025-07-22T11:03:55.207694-03:00 linux-lab01 kernel: [    0.466941] UDP-Lite hash table entries: 1024 (order: 3, 32768 bytes, linear)
2025-07-22T11:03:55.207695-03:00 linux-lab01 kernel: [    0.467076] NET: Registered PF_UNIX/PF_LOCAL protocol family
2025-07-22T11:03:55.207696-03:00 linux-lab01 kernel: [    0.467083] NET: Registered PF_XDP protocol family
2025-07-22T11:03:55.207696-03:00 linux-lab01 kernel: [    0.467098] pci 0000:00:15.3: bridge window [io  0x1000-0x0fff] to [bus 06] add_size 1000
2025-07-22T11:03:55.207697-03:00 linux-lab01 kernel: [    0.467102] pci 0000:00:15.4: bridge window [io  0x1000-0x0fff] to [bus 07] add_size 1000
2025-07-22T11:03:55.207702-03:00 linux-lab01 kernel: [    0.467104] pci 0000:00:15.5: bridge window [io  0x1000-0x0fff] to [bus 08] add_size 1000
2025-07-22T11:03:55.207703-03:00 linux-lab01 kernel: [    0.467105] pci 0000:00:15.6: bridge window [io  0x1000-0x0fff] to [bus 09] add_size 1000
2025-07-22T11:03:55.207747-03:00 linux-lab01 kernel: [    0.467107] pci 0000:00:15.7: bridge window [io  0x1000-0x0fff] to [bus 0a] add_size 1000
2025-07-22T11:03:55.207748-03:00 linux-lab01 kernel: [    0.467109] pci 0000:00:16.3: bridge window [io  0x1000-0x0fff] to [bus 0e] add_size 1000
2025-07-22T11:03:55.207749-03:00 linux-lab01 kernel: [    0.467111] pci 0000:00:16.4: bridge window [io  0x1000-0x0fff] to [bus 0f] add_size 1000
2025-07-22T11:03:55.207750-03:00 linux-lab01 kernel: [    0.467112] pci 0000:00:16.5: bridge window [io  0x1000-0x0fff] to [bus 10] add_size 1000
2025-07-22T11:03:55.207755-03:00 linux-lab01 kernel: [    0.467114] pci 0000:00:16.6: bridge window [io  0x1000-0x0fff] to [bus 11] add_size 1000
2025-07-22T11:03:55.207756-03:00 linux-lab01 kernel: [    0.467115] pci 0000:00:16.7: bridge window [io  0x1000-0x0fff] to [bus 12] add_size 1000
2025-07-22T11:03:55.207757-03:00 linux-lab01 kernel: [    0.467119] pci 0000:00:17.3: bridge window [io  0x1000-0x0fff] to [bus 16] add_size 1000
2025-07-22T11:03:55.207758-03:00 linux-lab01 kernel: [    0.467120] pci 0000:00:17.4: bridge window [io  0x1000-0x0fff] to [bus 17] add_size 1000
2025-07-22T11:03:55.207759-03:00 linux-lab01 kernel: [    0.467122] pci 0000:00:17.5: bridge window [io  0x1000-0x0fff] to [bus 18] add_size 1000
2025-07-22T11:03:55.207759-03:00 linux-lab01 kernel: [    0.467123] pci 0000:00:17.6: bridge window [io  0x1000-0x0fff] to [bus 19] add_size 1000
2025-07-22T11:03:55.207760-03:00 linux-lab01 kernel: [    0.467125] pci 0000:00:17.7: bridge window [io  0x1000-0x0fff] to [bus 1a] add_size 1000
2025-07-22T11:03:55.207765-03:00 linux-lab01 kernel: [    0.467127] pci 0000:00:18.2: bridge window [io  0x1000-0x0fff] to [bus 1d] add_size 1000
2025-07-22T11:03:55.207766-03:00 linux-lab01 kernel: [    0.467128] pci 0000:00:18.3: bridge window [io  0x1000-0x0fff] to [bus 1e] add_size 1000
2025-07-22T11:03:55.207767-03:00 linux-lab01 kernel: [    0.467130] pci 0000:00:18.4: bridge window [io  0x1000-0x0fff] to [bus 1f] add_size 1000
2025-07-22T11:03:55.207768-03:00 linux-lab01 kernel: [    0.467131] pci 0000:00:18.5: bridge window [io  0x1000-0x0fff] to [bus 20] add_size 1000
2025-07-22T11:03:55.207769-03:00 linux-lab01 kernel: [    0.467133] pci 0000:00:18.6: bridge window [io  0x1000-0x0fff] to [bus 21] add_size 1000
2025-07-22T11:03:55.207769-03:00 linux-lab01 kernel: [    0.467134] pci 0000:00:18.7: bridge window [io  0x1000-0x0fff] to [bus 22] add_size 1000
2025-07-22T11:03:55.207775-03:00 linux-lab01 kernel: [    0.467149] pci 0000:00:10.0: BAR 6: assigned [mem 0x80000000-0x80003fff pref]
2025-07-22T11:03:55.207776-03:00 linux-lab01 kernel: [    0.467153] pci 0000:00:15.3: BAR 13: no space for [io  size 0x1000]
2025-07-22T11:03:55.207776-03:00 linux-lab01 kernel: [    0.467155] pci 0000:00:15.3: BAR 13: failed to assign [io  size 0x1000]
2025-07-22T11:03:55.207777-03:00 linux-lab01 kernel: [    0.467157] pci 0000:00:15.4: BAR 13: no space for [io  size 0x1000]
2025-07-22T11:03:55.207778-03:00 linux-lab01 kernel: [    0.467158] pci 0000:00:15.4: BAR 13: failed to assign [io  size 0x1000]
2025-07-22T11:03:55.207778-03:00 linux-lab01 kernel: [    0.467160] pci 0000:00:15.5: BAR 13: no space for [io  size 0x1000]
2025-07-22T11:03:55.207784-03:00 linux-lab01 kernel: [    0.467161] pci 0000:00:15.5: BAR 13: failed to assign [io  size 0x1000]
2025-07-22T11:03:55.207785-03:00 linux-lab01 kernel: [    0.467163] pci 0000:00:15.6: BAR 13: no space for [io  size 0x1000]
2025-07-22T11:03:55.207786-03:00 linux-lab01 kernel: [    0.467164] pci 0000:00:15.6: BAR 13: failed to assign [io  size 0x1000]
2025-07-22T11:03:55.207787-03:00 linux-lab01 kernel: [    0.467166] pci 0000:00:15.7: BAR 13: no space for [io  size 0x1000]
2025-07-22T11:03:55.207787-03:00 linux-lab01 kernel: [    0.467167] pci 0000:00:15.7: BAR 13: failed to assign [io  size 0x1000]
2025-07-22T11:03:55.207788-03:00 linux-lab01 kernel: [    0.467169] pci 0000:00:16.3: BAR 13: no space for [io  size 0x1000]
2025-07-22T11:03:55.207789-03:00 linux-lab01 kernel: [    0.467170] pci 0000:00:16.3: BAR 13: failed to assign [io  size 0x1000]
2025-07-22T11:03:55.207794-03:00 linux-lab01 kernel: [    0.467172] pci 0000:00:16.4: BAR 13: no space for [io  size 0x1000]
2025-07-22T11:03:55.207795-03:00 linux-lab01 kernel: [    0.467173] pci 0000:00:16.4: BAR 13: failed to assign [io  size 0x1000]
2025-07-22T11:03:55.207796-03:00 linux-lab01 kernel: [    0.467175] pci 0000:00:16.5: BAR 13: no space for [io  size 0x1000]
2025-07-22T11:03:55.207797-03:00 linux-lab01 kernel: [    0.467176] pci 0000:00:16.5: BAR 13: failed to assign [io  size 0x1000]
2025-07-22T11:03:55.207798-03:00 linux-lab01 kernel: [    0.467178] pci 0000:00:16.6: BAR 13: no space for [io  size 0x1000]
2025-07-22T11:03:55.207798-03:00 linux-lab01 kernel: [    0.467179] pci 0000:00:16.6: BAR 13: failed to assign [io  size 0x1000]
2025-07-22T11:03:55.207803-03:00 linux-lab01 kernel: [    0.467181] pci 0000:00:16.7: BAR 13: no space for [io  size 0x1000]
2025-07-22T11:03:55.207804-03:00 linux-lab01 kernel: [    0.467182] pci 0000:00:16.7: BAR 13: failed to assign [io  size 0x1000]
2025-07-22T11:03:55.207805-03:00 linux-lab01 kernel: [    0.467184] pci 0000:00:17.3: BAR 13: no space for [io  size 0x1000]
2025-07-22T11:03:55.207806-03:00 linux-lab01 kernel: [    0.467185] pci 0000:00:17.3: BAR 13: failed to assign [io  size 0x1000]
2025-07-22T11:03:55.207807-03:00 linux-lab01 kernel: [    0.467187] pci 0000:00:17.4: BAR 13: no space for [io  size 0x1000]
2025-07-22T11:03:55.207807-03:00 linux-lab01 kernel: [    0.467188] pci 0000:00:17.4: BAR 13: failed to assign [io  size 0x1000]
2025-07-22T11:03:55.207808-03:00 linux-lab01 kernel: [    0.467190] pci 0000:00:17.5: BAR 13: no space for [io  size 0x1000]
2025-07-22T11:03:55.207813-03:00 linux-lab01 kernel: [    0.467191] pci 0000:00:17.5: BAR 13: failed to assign [io  size 0x1000]
2025-07-22T11:03:55.207814-03:00 linux-lab01 kernel: [    0.467193] pci 0000:00:17.6: BAR 13: no space for [io  size 0x1000]
2025-07-22T11:03:55.207815-03:00 linux-lab01 kernel: [    0.467194] pci 0000:00:17.6: BAR 13: failed to assign [io  size 0x1000]
2025-07-22T11:03:55.207815-03:00 linux-lab01 kernel: [    0.467196] pci 0000:00:17.7: BAR 13: no space for [io  size 0x1000]
2025-07-22T11:03:55.207816-03:00 linux-lab01 kernel: [    0.467197] pci 0000:00:17.7: BAR 13: failed to assign [io  size 0x1000]
2025-07-22T11:03:55.207817-03:00 linux-lab01 kernel: [    0.467199] pci 0000:00:18.2: BAR 13: no space for [io  size 0x1000]
2025-07-22T11:03:55.207822-03:00 linux-lab01 kernel: [    0.467200] pci 0000:00:18.2: BAR 13: failed to assign [io  size 0x1000]
2025-07-22T11:03:55.207823-03:00 linux-lab01 kernel: [    0.467202] pci 0000:00:18.3: BAR 13: no space for [io  size 0x1000]
2025-07-22T11:03:55.207824-03:00 linux-lab01 kernel: [    0.467203] pci 0000:00:18.3: BAR 13: failed to assign [io  size 0x1000]
2025-07-22T11:03:55.207824-03:00 linux-lab01 kernel: [    0.467205] pci 0000:00:18.4: BAR 13: no space for [io  size 0x1000]
2025-07-22T11:03:55.207825-03:00 linux-lab01 kernel: [    0.467206] pci 0000:00:18.4: BAR 13: failed to assign [io  size 0x1000]
2025-07-22T11:03:55.207826-03:00 linux-lab01 kernel: [    0.467208] pci 0000:00:18.5: BAR 13: no space for [io  size 0x1000]
2025-07-22T11:03:55.207831-03:00 linux-lab01 kernel: [    0.467209] pci 0000:00:18.5: BAR 13: failed to assign [io  size 0x1000]
2025-07-22T11:03:55.207832-03:00 linux-lab01 kernel: [    0.467211] pci 0000:00:18.6: BAR 13: no space for [io  size 0x1000]
2025-07-22T11:03:55.207832-03:00 linux-lab01 kernel: [    0.467212] pci 0000:00:18.6: BAR 13: failed to assign [io  size 0x1000]
2025-07-22T11:03:55.207833-03:00 linux-lab01 kernel: [    0.467214] pci 0000:00:18.7: BAR 13: no space for [io  size 0x1000]
2025-07-22T11:03:55.207834-03:00 linux-lab01 kernel: [    0.467215] pci 0000:00:18.7: BAR 13: failed to assign [io  size 0x1000]
2025-07-22T11:03:55.207835-03:00 linux-lab01 kernel: [    0.467219] pci 0000:00:18.7: BAR 13: no space for [io  size 0x1000]
2025-07-22T11:03:55.207835-03:00 linux-lab01 kernel: [    0.467221] pci 0000:00:18.7: BAR 13: failed to assign [io  size 0x1000]
2025-07-22T11:03:55.207840-03:00 linux-lab01 kernel: [    0.467222] pci 0000:00:18.6: BAR 13: no space for [io  size 0x1000]
2025-07-22T11:03:55.207841-03:00 linux-lab01 kernel: [    0.467224] pci 0000:00:18.6: BAR 13: failed to assign [io  size 0x1000]
2025-07-22T11:03:55.207842-03:00 linux-lab01 kernel: [    0.467226] pci 0000:00:18.5: BAR 13: no space for [io  size 0x1000]
2025-07-22T11:03:55.207843-03:00 linux-lab01 kernel: [    0.467227] pci 0000:00:18.5: BAR 13: failed to assign [io  size 0x1000]
2025-07-22T11:03:55.207844-03:00 linux-lab01 kernel: [    0.467229] pci 0000:00:18.4: BAR 13: no space for [io  size 0x1000]
2025-07-22T11:03:55.207844-03:00 linux-lab01 kernel: [    0.467230] pci 0000:00:18.4: BAR 13: failed to assign [io  size 0x1000]
2025-07-22T11:03:55.207849-03:00 linux-lab01 kernel: [    0.467232] pci 0000:00:18.3: BAR 13: no space for [io  size 0x1000]
2025-07-22T11:03:55.207850-03:00 linux-lab01 kernel: [    0.467233] pci 0000:00:18.3: BAR 13: failed to assign [io  size 0x1000]
2025-07-22T11:03:55.207851-03:00 linux-lab01 kernel: [    0.467235] pci 0000:00:18.2: BAR 13: no space for [io  size 0x1000]
2025-07-22T11:03:55.207852-03:00 linux-lab01 kernel: [    0.467236] pci 0000:00:18.2: BAR 13: failed to assign [io  size 0x1000]
2025-07-22T11:03:55.207852-03:00 linux-lab01 kernel: [    0.467238] pci 0000:00:17.7: BAR 13: no space for [io  size 0x1000]
2025-07-22T11:03:55.207853-03:00 linux-lab01 kernel: [    0.467239] pci 0000:00:17.7: BAR 13: failed to assign [io  size 0x1000]
2025-07-22T11:03:55.207854-03:00 linux-lab01 kernel: [    0.467241] pci 0000:00:17.6: BAR 13: no space for [io  size 0x1000]
2025-07-22T11:03:55.207859-03:00 linux-lab01 kernel: [    0.467242] pci 0000:00:17.6: BAR 13: failed to assign [io  size 0x1000]
2025-07-22T11:03:55.207860-03:00 linux-lab01 kernel: [    0.467244] pci 0000:00:17.5: BAR 13: no space for [io  size 0x1000]
2025-07-22T11:03:55.207861-03:00 linux-lab01 kernel: [    0.467245] pci 0000:00:17.5: BAR 13: failed to assign [io  size 0x1000]
2025-07-22T11:03:55.207861-03:00 linux-lab01 kernel: [    0.467247] pci 0000:00:17.4: BAR 13: no space for [io  size 0x1000]
2025-07-22T11:03:55.207862-03:00 linux-lab01 kernel: [    0.467248] pci 0000:00:17.4: BAR 13: failed to assign [io  size 0x1000]
2025-07-22T11:03:55.207863-03:00 linux-lab01 kernel: [    0.467250] pci 0000:00:17.3: BAR 13: no space for [io  size 0x1000]
2025-07-22T11:03:55.207868-03:00 linux-lab01 kernel: [    0.467251] pci 0000:00:17.3: BAR 13: failed to assign [io  size 0x1000]
2025-07-22T11:03:55.207869-03:00 linux-lab01 kernel: [    0.467253] pci 0000:00:16.7: BAR 13: no space for [io  size 0x1000]
2025-07-22T11:03:55.207869-03:00 linux-lab01 kernel: [    0.467254] pci 0000:00:16.7: BAR 13: failed to assign [io  size 0x1000]
2025-07-22T11:03:55.207870-03:00 linux-lab01 kernel: [    0.467256] pci 0000:00:16.6: BAR 13: no space for [io  size 0x1000]
2025-07-22T11:03:55.207871-03:00 linux-lab01 kernel: [    0.467257] pci 0000:00:16.6: BAR 13: failed to assign [io  size 0x1000]
2025-07-22T11:03:55.207872-03:00 linux-lab01 kernel: [    0.467259] pci 0000:00:16.5: BAR 13: no space for [io  size 0x1000]
2025-07-22T11:03:55.207879-03:00 linux-lab01 kernel: [    0.467260] pci 0000:00:16.5: BAR 13: failed to assign [io  size 0x1000]
2025-07-22T11:03:55.207879-03:00 linux-lab01 kernel: [    0.467262] pci 0000:00:16.4: BAR 13: no space for [io  size 0x1000]
2025-07-22T11:03:55.207880-03:00 linux-lab01 kernel: [    0.467263] pci 0000:00:16.4: BAR 13: failed to assign [io  size 0x1000]
2025-07-22T11:03:55.207881-03:00 linux-lab01 kernel: [    0.467265] pci 0000:00:16.3: BAR 13: no space for [io  size 0x1000]
2025-07-22T11:03:55.207882-03:00 linux-lab01 kernel: [    0.467266] pci 0000:00:16.3: BAR 13: failed to assign [io  size 0x1000]
2025-07-22T11:03:55.207882-03:00 linux-lab01 kernel: [    0.467268] pci 0000:00:15.7: BAR 13: no space for [io  size 0x1000]
2025-07-22T11:03:55.207883-03:00 linux-lab01 kernel: [    0.467269] pci 0000:00:15.7: BAR 13: failed to assign [io  size 0x1000]
2025-07-22T11:03:55.207888-03:00 linux-lab01 kernel: [    0.467271] pci 0000:00:15.6: BAR 13: no space for [io  size 0x1000]
2025-07-22T11:03:55.207889-03:00 linux-lab01 kernel: [    0.467272] pci 0000:00:15.6: BAR 13: failed to assign [io  size 0x1000]
2025-07-22T11:03:55.207890-03:00 linux-lab01 kernel: [    0.467274] pci 0000:00:15.5: BAR 13: no space for [io  size 0x1000]
2025-07-22T11:03:55.207891-03:00 linux-lab01 kernel: [    0.467275] pci 0000:00:15.5: BAR 13: failed to assign [io  size 0x1000]
2025-07-22T11:03:55.207891-03:00 linux-lab01 kernel: [    0.467277] pci 0000:00:15.4: BAR 13: no space for [io  size 0x1000]
2025-07-22T11:03:55.207892-03:00 linux-lab01 kernel: [    0.467278] pci 0000:00:15.4: BAR 13: failed to assign [io  size 0x1000]
2025-07-22T11:03:55.207944-03:00 linux-lab01 kernel: [    0.467280] pci 0000:00:15.3: BAR 13: no space for [io  size 0x1000]
2025-07-22T11:03:55.207945-03:00 linux-lab01 kernel: [    0.467281] pci 0000:00:15.3: BAR 13: failed to assign [io  size 0x1000]
2025-07-22T11:03:55.207946-03:00 linux-lab01 kernel: [    0.467283] pci 0000:00:01.0: PCI bridge to [bus 01]
2025-07-22T11:03:55.207947-03:00 linux-lab01 kernel: [    0.467392] pci 0000:02:01.0: BAR 6: assigned [mem 0xfd500000-0xfd50ffff pref]
2025-07-22T11:03:55.207948-03:00 linux-lab01 kernel: [    0.467395] pci 0000:02:03.0: BAR 6: assigned [mem 0xfd510000-0xfd51ffff pref]
2025-07-22T11:03:55.207948-03:00 linux-lab01 kernel: [    0.467396] pci 0000:00:11.0: PCI bridge to [bus 02]
2025-07-22T11:03:55.207949-03:00 linux-lab01 kernel: [    0.467409] pci 0000:00:11.0:   bridge window [io  0x2000-0x3fff]
2025-07-22T11:03:55.207955-03:00 linux-lab01 kernel: [    0.467441] pci 0000:00:11.0:   bridge window [mem 0xfd500000-0xfdffffff]
2025-07-22T11:03:55.207956-03:00 linux-lab01 kernel: [    0.467463] pci 0000:00:11.0:   bridge window [mem 0xe7b00000-0xe7ffffff 64bit pref]
2025-07-22T11:03:55.207956-03:00 linux-lab01 kernel: [    0.467505] pci 0000:00:15.0: PCI bridge to [bus 03]
2025-07-22T11:03:55.207957-03:00 linux-lab01 kernel: [    0.467517] pci 0000:00:15.0:   bridge window [io  0x4000-0x4fff]
2025-07-22T11:03:55.207958-03:00 linux-lab01 kernel: [    0.467549] pci 0000:00:15.0:   bridge window [mem 0xfd400000-0xfd4fffff]
2025-07-22T11:03:55.207958-03:00 linux-lab01 kernel: [    0.467571] pci 0000:00:15.0:   bridge window [mem 0xe7a00000-0xe7afffff 64bit pref]
2025-07-22T11:03:55.207963-03:00 linux-lab01 kernel: [    0.467612] pci 0000:00:15.1: PCI bridge to [bus 04]
2025-07-22T11:03:55.207964-03:00 linux-lab01 kernel: [    0.467624] pci 0000:00:15.1:   bridge window [io  0x8000-0x8fff]
2025-07-22T11:03:55.207965-03:00 linux-lab01 kernel: [    0.467656] pci 0000:00:15.1:   bridge window [mem 0xfd000000-0xfd0fffff]
2025-07-22T11:03:55.207966-03:00 linux-lab01 kernel: [    0.467677] pci 0000:00:15.1:   bridge window [mem 0xe7600000-0xe76fffff 64bit pref]
2025-07-22T11:03:55.207967-03:00 linux-lab01 kernel: [    0.467719] pci 0000:00:15.2: PCI bridge to [bus 05]
2025-07-22T11:03:55.207967-03:00 linux-lab01 kernel: [    0.467731] pci 0000:00:15.2:   bridge window [io  0xc000-0xcfff]
2025-07-22T11:03:55.208076-03:00 linux-lab01 kernel: [    0.467763] pci 0000:00:15.2:   bridge window [mem 0xfcc00000-0xfccfffff]
2025-07-22T11:03:55.208078-03:00 linux-lab01 kernel: [    0.467788] pci 0000:00:15.2:   bridge window [mem 0xe7200000-0xe72fffff 64bit pref]
2025-07-22T11:03:55.208079-03:00 linux-lab01 kernel: [    0.467845] pci 0000:00:15.3: PCI bridge to [bus 06]
2025-07-22T11:03:55.208079-03:00 linux-lab01 kernel: [    0.467882] pci 0000:00:15.3:   bridge window [mem 0xfc800000-0xfc8fffff]
2025-07-22T11:03:55.208080-03:00 linux-lab01 kernel: [    0.467904] pci 0000:00:15.3:   bridge window [mem 0xe6e00000-0xe6efffff 64bit pref]
2025-07-22T11:03:55.208081-03:00 linux-lab01 kernel: [    0.467946] pci 0000:00:15.4: PCI bridge to [bus 07]
2025-07-22T11:03:55.208082-03:00 linux-lab01 kernel: [    0.467978] pci 0000:00:15.4:   bridge window [mem 0xfc400000-0xfc4fffff]
2025-07-22T11:03:55.208087-03:00 linux-lab01 kernel: [    0.468000] pci 0000:00:15.4:   bridge window [mem 0xe6a00000-0xe6afffff 64bit pref]
2025-07-22T11:03:55.208088-03:00 linux-lab01 kernel: [    0.468042] pci 0000:00:15.5: PCI bridge to [bus 08]
2025-07-22T11:03:55.208089-03:00 linux-lab01 kernel: [    0.468073] pci 0000:00:15.5:   bridge window [mem 0xfc000000-0xfc0fffff]
2025-07-22T11:03:55.208089-03:00 linux-lab01 kernel: [    0.468095] pci 0000:00:15.5:   bridge window [mem 0xe6600000-0xe66fffff 64bit pref]
2025-07-22T11:03:55.208090-03:00 linux-lab01 kernel: [    0.468137] pci 0000:00:15.6: PCI bridge to [bus 09]
2025-07-22T11:03:55.208091-03:00 linux-lab01 kernel: [    0.468169] pci 0000:00:15.6:   bridge window [mem 0xfbc00000-0xfbcfffff]
2025-07-22T11:03:55.208096-03:00 linux-lab01 kernel: [    0.468190] pci 0000:00:15.6:   bridge window [mem 0xe6200000-0xe62fffff 64bit pref]
2025-07-22T11:03:55.208096-03:00 linux-lab01 kernel: [    0.468232] pci 0000:00:15.7: PCI bridge to [bus 0a]
2025-07-22T11:03:55.208097-03:00 linux-lab01 kernel: [    0.468264] pci 0000:00:15.7:   bridge window [mem 0xfb800000-0xfb8fffff]
2025-07-22T11:03:55.208098-03:00 linux-lab01 kernel: [    0.468285] pci 0000:00:15.7:   bridge window [mem 0xe5e00000-0xe5efffff 64bit pref]
2025-07-22T11:03:55.208099-03:00 linux-lab01 kernel: [    0.468327] pci 0000:00:16.0: PCI bridge to [bus 0b]
2025-07-22T11:03:55.208099-03:00 linux-lab01 kernel: [    0.468339] pci 0000:00:16.0:   bridge window [io  0x5000-0x5fff]
2025-07-22T11:03:55.208100-03:00 linux-lab01 kernel: [    0.468371] pci 0000:00:16.0:   bridge window [mem 0xfd300000-0xfd3fffff]
2025-07-22T11:03:55.208105-03:00 linux-lab01 kernel: [    0.468392] pci 0000:00:16.0:   bridge window [mem 0xe7900000-0xe79fffff 64bit pref]
2025-07-22T11:03:55.208106-03:00 linux-lab01 kernel: [    0.468434] pci 0000:00:16.1: PCI bridge to [bus 0c]
2025-07-22T11:03:55.208107-03:00 linux-lab01 kernel: [    0.468446] pci 0000:00:16.1:   bridge window [io  0x9000-0x9fff]
2025-07-22T11:03:55.208107-03:00 linux-lab01 kernel: [    0.468478] pci 0000:00:16.1:   bridge window [mem 0xfcf00000-0xfcffffff]
2025-07-22T11:03:55.208108-03:00 linux-lab01 kernel: [    0.468499] pci 0000:00:16.1:   bridge window [mem 0xe7500000-0xe75fffff 64bit pref]
2025-07-22T11:03:55.208109-03:00 linux-lab01 kernel: [    0.468541] pci 0000:00:16.2: PCI bridge to [bus 0d]
2025-07-22T11:03:55.208113-03:00 linux-lab01 kernel: [    0.468553] pci 0000:00:16.2:   bridge window [io  0xd000-0xdfff]
2025-07-22T11:03:55.208114-03:00 linux-lab01 kernel: [    0.468584] pci 0000:00:16.2:   bridge window [mem 0xfcb00000-0xfcbfffff]
2025-07-22T11:03:55.208115-03:00 linux-lab01 kernel: [    0.468606] pci 0000:00:16.2:   bridge window [mem 0xe7100000-0xe71fffff 64bit pref]
2025-07-22T11:03:55.208116-03:00 linux-lab01 kernel: [    0.468648] pci 0000:00:16.3: PCI bridge to [bus 0e]
2025-07-22T11:03:55.208117-03:00 linux-lab01 kernel: [    0.468679] pci 0000:00:16.3:   bridge window [mem 0xfc700000-0xfc7fffff]
2025-07-22T11:03:55.208117-03:00 linux-lab01 kernel: [    0.468701] pci 0000:00:16.3:   bridge window [mem 0xe6d00000-0xe6dfffff 64bit pref]
2025-07-22T11:03:55.208122-03:00 linux-lab01 kernel: [    0.468743] pci 0000:00:16.4: PCI bridge to [bus 0f]
2025-07-22T11:03:55.208123-03:00 linux-lab01 kernel: [    0.468775] pci 0000:00:16.4:   bridge window [mem 0xfc300000-0xfc3fffff]
2025-07-22T11:03:55.208124-03:00 linux-lab01 kernel: [    0.468797] pci 0000:00:16.4:   bridge window [mem 0xe6900000-0xe69fffff 64bit pref]
2025-07-22T11:03:55.208125-03:00 linux-lab01 kernel: [    0.468838] pci 0000:00:16.5: PCI bridge to [bus 10]
2025-07-22T11:03:55.208125-03:00 linux-lab01 kernel: [    0.468870] pci 0000:00:16.5:   bridge window [mem 0xfbf00000-0xfbffffff]
2025-07-22T11:03:55.208126-03:00 linux-lab01 kernel: [    0.468891] pci 0000:00:16.5:   bridge window [mem 0xe6500000-0xe65fffff 64bit pref]
2025-07-22T11:03:55.208127-03:00 linux-lab01 kernel: [    0.468933] pci 0000:00:16.6: PCI bridge to [bus 11]
2025-07-22T11:03:55.215147-03:00 linux-lab01 kernel: [    0.468965] pci 0000:00:16.6:   bridge window [mem 0xfbb00000-0xfbbfffff]
2025-07-22T11:03:55.219108-03:00 linux-lab01 kernel: [    0.468986] pci 0000:00:16.6:   bridge window [mem 0xe6100000-0xe61fffff 64bit pref]
2025-07-22T11:03:55.219113-03:00 linux-lab01 kernel: [    0.469028] pci 0000:00:16.7: PCI bridge to [bus 12]
2025-07-22T11:03:55.219114-03:00 linux-lab01 kernel: [    0.469060] pci 0000:00:16.7:   bridge window [mem 0xfb700000-0xfb7fffff]
2025-07-22T11:03:55.219114-03:00 linux-lab01 kernel: [    0.469081] pci 0000:00:16.7:   bridge window [mem 0xe5d00000-0xe5dfffff 64bit pref]
2025-07-22T11:03:55.219114-03:00 linux-lab01 kernel: [    0.469123] pci 0000:00:17.0: PCI bridge to [bus 13]
2025-07-22T11:03:55.219115-03:00 linux-lab01 kernel: [    0.469135] pci 0000:00:17.0:   bridge window [io  0x6000-0x6fff]
2025-07-22T11:03:55.219115-03:00 linux-lab01 kernel: [    0.469166] pci 0000:00:17.0:   bridge window [mem 0xfd200000-0xfd2fffff]
2025-07-22T11:03:55.219115-03:00 linux-lab01 kernel: [    0.469188] pci 0000:00:17.0:   bridge window [mem 0xe7800000-0xe78fffff 64bit pref]
2025-07-22T11:03:55.219116-03:00 linux-lab01 kernel: [    0.469230] pci 0000:00:17.1: PCI bridge to [bus 14]
2025-07-22T11:03:55.219116-03:00 linux-lab01 kernel: [    0.469242] pci 0000:00:17.1:   bridge window [io  0xa000-0xafff]
2025-07-22T11:03:55.219117-03:00 linux-lab01 kernel: [    0.469273] pci 0000:00:17.1:   bridge window [mem 0xfce00000-0xfcefffff]
2025-07-22T11:03:55.219117-03:00 linux-lab01 kernel: [    0.469304] pci 0000:00:17.1:   bridge window [mem 0xe7400000-0xe74fffff 64bit pref]
2025-07-22T11:03:55.219117-03:00 linux-lab01 kernel: [    0.469351] pci 0000:00:17.2: PCI bridge to [bus 15]
2025-07-22T11:03:55.219117-03:00 linux-lab01 kernel: [    0.469363] pci 0000:00:17.2:   bridge window [io  0xe000-0xefff]
2025-07-22T11:03:55.219118-03:00 linux-lab01 kernel: [    0.469395] pci 0000:00:17.2:   bridge window [mem 0xfca00000-0xfcafffff]
2025-07-22T11:03:55.219118-03:00 linux-lab01 kernel: [    0.469417] pci 0000:00:17.2:   bridge window [mem 0xe7000000-0xe70fffff 64bit pref]
2025-07-22T11:03:55.219118-03:00 linux-lab01 kernel: [    0.469460] pci 0000:00:17.3: PCI bridge to [bus 16]
2025-07-22T11:03:55.219119-03:00 linux-lab01 kernel: [    0.469492] pci 0000:00:17.3:   bridge window [mem 0xfc600000-0xfc6fffff]
2025-07-22T11:03:55.219119-03:00 linux-lab01 kernel: [    0.469514] pci 0000:00:17.3:   bridge window [mem 0xe6c00000-0xe6cfffff 64bit pref]
2025-07-22T11:03:55.219119-03:00 linux-lab01 kernel: [    0.469556] pci 0000:00:17.4: PCI bridge to [bus 17]
2025-07-22T11:03:55.219120-03:00 linux-lab01 kernel: [    0.469592] pci 0000:00:17.4:   bridge window [mem 0xfc200000-0xfc2fffff]
2025-07-22T11:03:55.219120-03:00 linux-lab01 kernel: [    0.469620] pci 0000:00:17.4:   bridge window [mem 0xe6800000-0xe68fffff 64bit pref]
2025-07-22T11:03:55.219120-03:00 linux-lab01 kernel: [    0.469664] pci 0000:00:17.5: PCI bridge to [bus 18]
2025-07-22T11:03:55.219121-03:00 linux-lab01 kernel: [    0.469696] pci 0000:00:17.5:   bridge window [mem 0xfbe00000-0xfbefffff]
2025-07-22T11:03:55.219121-03:00 linux-lab01 kernel: [    0.469718] pci 0000:00:17.5:   bridge window [mem 0xe6400000-0xe64fffff 64bit pref]
2025-07-22T11:03:55.219121-03:00 linux-lab01 kernel: [    0.469760] pci 0000:00:17.6: PCI bridge to [bus 19]
2025-07-22T11:03:55.219122-03:00 linux-lab01 kernel: [    0.469792] pci 0000:00:17.6:   bridge window [mem 0xfba00000-0xfbafffff]
2025-07-22T11:03:55.219122-03:00 linux-lab01 kernel: [    0.469814] pci 0000:00:17.6:   bridge window [mem 0xe6000000-0xe60fffff 64bit pref]
2025-07-22T11:03:55.219122-03:00 linux-lab01 kernel: [    0.469857] pci 0000:00:17.7: PCI bridge to [bus 1a]
2025-07-22T11:03:55.219122-03:00 linux-lab01 kernel: [    0.469889] pci 0000:00:17.7:   bridge window [mem 0xfb600000-0xfb6fffff]
2025-07-22T11:03:55.219123-03:00 linux-lab01 kernel: [    0.469911] pci 0000:00:17.7:   bridge window [mem 0xe5c00000-0xe5cfffff 64bit pref]
2025-07-22T11:03:55.219123-03:00 linux-lab01 kernel: [    0.469953] pci 0000:00:18.0: PCI bridge to [bus 1b]
2025-07-22T11:03:55.219123-03:00 linux-lab01 kernel: [    0.469965] pci 0000:00:18.0:   bridge window [io  0x7000-0x7fff]
2025-07-22T11:03:55.219124-03:00 linux-lab01 kernel: [    0.469997] pci 0000:00:18.0:   bridge window [mem 0xfd100000-0xfd1fffff]
2025-07-22T11:03:55.219124-03:00 linux-lab01 kernel: [    0.470019] pci 0000:00:18.0:   bridge window [mem 0xe7700000-0xe77fffff 64bit pref]
2025-07-22T11:03:55.219124-03:00 linux-lab01 kernel: [    0.470061] pci 0000:00:18.1: PCI bridge to [bus 1c]
2025-07-22T11:03:55.219125-03:00 linux-lab01 kernel: [    0.470073] pci 0000:00:18.1:   bridge window [io  0xb000-0xbfff]
2025-07-22T11:03:55.219125-03:00 linux-lab01 kernel: [    0.470105] pci 0000:00:18.1:   bridge window [mem 0xfcd00000-0xfcdfffff]
2025-07-22T11:03:55.219125-03:00 linux-lab01 kernel: [    0.470127] pci 0000:00:18.1:   bridge window [mem 0xe7300000-0xe73fffff 64bit pref]
2025-07-22T11:03:55.219126-03:00 linux-lab01 kernel: [    0.470169] pci 0000:00:18.2: PCI bridge to [bus 1d]
2025-07-22T11:03:55.219126-03:00 linux-lab01 kernel: [    0.470202] pci 0000:00:18.2:   bridge window [mem 0xfc900000-0xfc9fffff]
2025-07-22T11:03:55.219136-03:00 linux-lab01 kernel: [    0.470223] pci 0000:00:18.2:   bridge window [mem 0xe6f00000-0xe6ffffff 64bit pref]
2025-07-22T11:03:55.219136-03:00 linux-lab01 kernel: [    0.470278] pci 0000:00:18.3: PCI bridge to [bus 1e]
2025-07-22T11:03:55.219137-03:00 linux-lab01 kernel: [    0.470311] pci 0000:00:18.3:   bridge window [mem 0xfc500000-0xfc5fffff]
2025-07-22T11:03:55.219137-03:00 linux-lab01 kernel: [    0.470333] pci 0000:00:18.3:   bridge window [mem 0xe6b00000-0xe6bfffff 64bit pref]
2025-07-22T11:03:55.219137-03:00 linux-lab01 kernel: [    0.470375] pci 0000:00:18.4: PCI bridge to [bus 1f]
2025-07-22T11:03:55.219138-03:00 linux-lab01 kernel: [    0.470410] pci 0000:00:18.4:   bridge window [mem 0xfc100000-0xfc1fffff]
2025-07-22T11:03:55.219196-03:00 linux-lab01 kernel: [    0.470439] pci 0000:00:18.4:   bridge window [mem 0xe6700000-0xe67fffff 64bit pref]
2025-07-22T11:03:55.219197-03:00 linux-lab01 kernel: [    0.470482] pci 0000:00:18.5: PCI bridge to [bus 20]
2025-07-22T11:03:55.219197-03:00 linux-lab01 kernel: [    0.470514] pci 0000:00:18.5:   bridge window [mem 0xfbd00000-0xfbdfffff]
2025-07-22T11:03:55.219197-03:00 linux-lab01 kernel: [    0.470536] pci 0000:00:18.5:   bridge window [mem 0xe6300000-0xe63fffff 64bit pref]
2025-07-22T11:03:55.219198-03:00 linux-lab01 kernel: [    0.470578] pci 0000:00:18.6: PCI bridge to [bus 21]
2025-07-22T11:03:55.219198-03:00 linux-lab01 kernel: [    0.470610] pci 0000:00:18.6:   bridge window [mem 0xfb900000-0xfb9fffff]
2025-07-22T11:03:55.219198-03:00 linux-lab01 kernel: [    0.470632] pci 0000:00:18.6:   bridge window [mem 0xe5f00000-0xe5ffffff 64bit pref]
2025-07-22T11:03:55.219199-03:00 linux-lab01 kernel: [    0.470675] pci 0000:00:18.7: PCI bridge to [bus 22]
2025-07-22T11:03:55.219199-03:00 linux-lab01 kernel: [    0.470707] pci 0000:00:18.7:   bridge window [mem 0xfb500000-0xfb5fffff]
2025-07-22T11:03:55.219199-03:00 linux-lab01 kernel: [    0.470729] pci 0000:00:18.7:   bridge window [mem 0xe5b00000-0xe5bfffff 64bit pref]
2025-07-22T11:03:55.219199-03:00 linux-lab01 kernel: [    0.470771] pci_bus 0000:00: resource 4 [mem 0x000a0000-0x000bffff window]
2025-07-22T11:03:55.219200-03:00 linux-lab01 kernel: [    0.470773] pci_bus 0000:00: resource 5 [mem 0x000d0000-0x000dbfff window]
2025-07-22T11:03:55.219200-03:00 linux-lab01 kernel: [    0.470775] pci_bus 0000:00: resource 6 [mem 0x80000000-0xfebfffff window]
2025-07-22T11:03:55.219200-03:00 linux-lab01 kernel: [    0.470776] pci_bus 0000:00: resource 7 [io  0x0000-0x0cf7 window]
2025-07-22T11:03:55.219201-03:00 linux-lab01 kernel: [    0.470777] pci_bus 0000:00: resource 8 [io  0x0d00-0xfeff window]
2025-07-22T11:03:55.219201-03:00 linux-lab01 kernel: [    0.470779] pci_bus 0000:02: resource 0 [io  0x2000-0x3fff]
2025-07-22T11:03:55.219201-03:00 linux-lab01 kernel: [    0.470780] pci_bus 0000:02: resource 1 [mem 0xfd500000-0xfdffffff]
2025-07-22T11:03:55.219202-03:00 linux-lab01 kernel: [    0.470781] pci_bus 0000:02: resource 2 [mem 0xe7b00000-0xe7ffffff 64bit pref]
2025-07-22T11:03:55.219202-03:00 linux-lab01 kernel: [    0.470782] pci_bus 0000:02: resource 4 [mem 0x000a0000-0x000bffff window]
2025-07-22T11:03:55.219202-03:00 linux-lab01 kernel: [    0.470784] pci_bus 0000:02: resource 5 [mem 0x000d0000-0x000dbfff window]
2025-07-22T11:03:55.219203-03:00 linux-lab01 kernel: [    0.470785] pci_bus 0000:02: resource 6 [mem 0x80000000-0xfebfffff window]
2025-07-22T11:03:55.219203-03:00 linux-lab01 kernel: [    0.470786] pci_bus 0000:02: resource 7 [io  0x0000-0x0cf7 window]
2025-07-22T11:03:55.219203-03:00 linux-lab01 kernel: [    0.470787] pci_bus 0000:02: resource 8 [io  0x0d00-0xfeff window]
2025-07-22T11:03:55.219204-03:00 linux-lab01 kernel: [    0.470789] pci_bus 0000:03: resource 0 [io  0x4000-0x4fff]
2025-07-22T11:03:55.219204-03:00 linux-lab01 kernel: [    0.470790] pci_bus 0000:03: resource 1 [mem 0xfd400000-0xfd4fffff]
2025-07-22T11:03:55.219204-03:00 linux-lab01 kernel: [    0.470791] pci_bus 0000:03: resource 2 [mem 0xe7a00000-0xe7afffff 64bit pref]
2025-07-22T11:03:55.219205-03:00 linux-lab01 kernel: [    0.470792] pci_bus 0000:04: resource 0 [io  0x8000-0x8fff]
2025-07-22T11:03:55.219205-03:00 linux-lab01 kernel: [    0.470793] pci_bus 0000:04: resource 1 [mem 0xfd000000-0xfd0fffff]
2025-07-22T11:03:55.219205-03:00 linux-lab01 kernel: [    0.470795] pci_bus 0000:04: resource 2 [mem 0xe7600000-0xe76fffff 64bit pref]
2025-07-22T11:03:55.219205-03:00 linux-lab01 kernel: [    0.470796] pci_bus 0000:05: resource 0 [io  0xc000-0xcfff]
2025-07-22T11:03:55.219206-03:00 linux-lab01 kernel: [    0.470797] pci_bus 0000:05: resource 1 [mem 0xfcc00000-0xfccfffff]
2025-07-22T11:03:55.219206-03:00 linux-lab01 kernel: [    0.470798] pci_bus 0000:05: resource 2 [mem 0xe7200000-0xe72fffff 64bit pref]
2025-07-22T11:03:55.219206-03:00 linux-lab01 kernel: [    0.470799] pci_bus 0000:06: resource 1 [mem 0xfc800000-0xfc8fffff]
2025-07-22T11:03:55.219207-03:00 linux-lab01 kernel: [    0.470801] pci_bus 0000:06: resource 2 [mem 0xe6e00000-0xe6efffff 64bit pref]
2025-07-22T11:03:55.219207-03:00 linux-lab01 kernel: [    0.470802] pci_bus 0000:07: resource 1 [mem 0xfc400000-0xfc4fffff]
2025-07-22T11:03:55.219207-03:00 linux-lab01 kernel: [    0.470803] pci_bus 0000:07: resource 2 [mem 0xe6a00000-0xe6afffff 64bit pref]
2025-07-22T11:03:55.219208-03:00 linux-lab01 kernel: [    0.470804] pci_bus 0000:08: resource 1 [mem 0xfc000000-0xfc0fffff]
2025-07-22T11:03:55.219208-03:00 linux-lab01 kernel: [    0.470806] pci_bus 0000:08: resource 2 [mem 0xe6600000-0xe66fffff 64bit pref]
2025-07-22T11:03:55.219208-03:00 linux-lab01 kernel: [    0.470807] pci_bus 0000:09: resource 1 [mem 0xfbc00000-0xfbcfffff]
2025-07-22T11:03:55.219209-03:00 linux-lab01 kernel: [    0.470808] pci_bus 0000:09: resource 2 [mem 0xe6200000-0xe62fffff 64bit pref]
2025-07-22T11:03:55.219209-03:00 linux-lab01 kernel: [    0.470809] pci_bus 0000:0a: resource 1 [mem 0xfb800000-0xfb8fffff]
2025-07-22T11:03:55.219209-03:00 linux-lab01 kernel: [    0.470810] pci_bus 0000:0a: resource 2 [mem 0xe5e00000-0xe5efffff 64bit pref]
2025-07-22T11:03:55.219210-03:00 linux-lab01 kernel: [    0.470812] pci_bus 0000:0b: resource 0 [io  0x5000-0x5fff]
2025-07-22T11:03:55.219210-03:00 linux-lab01 kernel: [    0.470813] pci_bus 0000:0b: resource 1 [mem 0xfd300000-0xfd3fffff]
2025-07-22T11:03:55.219210-03:00 linux-lab01 kernel: [    0.470814] pci_bus 0000:0b: resource 2 [mem 0xe7900000-0xe79fffff 64bit pref]
2025-07-22T11:03:55.219211-03:00 linux-lab01 kernel: [    0.470815] pci_bus 0000:0c: resource 0 [io  0x9000-0x9fff]
2025-07-22T11:03:55.219211-03:00 linux-lab01 kernel: [    0.470816] pci_bus 0000:0c: resource 1 [mem 0xfcf00000-0xfcffffff]
2025-07-22T11:03:55.219211-03:00 linux-lab01 kernel: [    0.470817] pci_bus 0000:0c: resource 2 [mem 0xe7500000-0xe75fffff 64bit pref]
2025-07-22T11:03:55.219211-03:00 linux-lab01 kernel: [    0.470819] pci_bus 0000:0d: resource 0 [io  0xd000-0xdfff]
2025-07-22T11:03:55.219214-03:00 linux-lab01 kernel: [    0.470820] pci_bus 0000:0d: resource 1 [mem 0xfcb00000-0xfcbfffff]
2025-07-22T11:03:55.219214-03:00 linux-lab01 kernel: [    0.470821] pci_bus 0000:0d: resource 2 [mem 0xe7100000-0xe71fffff 64bit pref]
2025-07-22T11:03:55.219215-03:00 linux-lab01 kernel: [    0.470822] pci_bus 0000:0e: resource 1 [mem 0xfc700000-0xfc7fffff]
2025-07-22T11:03:55.219215-03:00 linux-lab01 kernel: [    0.470823] pci_bus 0000:0e: resource 2 [mem 0xe6d00000-0xe6dfffff 64bit pref]
2025-07-22T11:03:55.219215-03:00 linux-lab01 kernel: [    0.470825] pci_bus 0000:0f: resource 1 [mem 0xfc300000-0xfc3fffff]
2025-07-22T11:03:55.219216-03:00 linux-lab01 kernel: [    0.470826] pci_bus 0000:0f: resource 2 [mem 0xe6900000-0xe69fffff 64bit pref]
2025-07-22T11:03:55.219216-03:00 linux-lab01 kernel: [    0.470827] pci_bus 0000:10: resource 1 [mem 0xfbf00000-0xfbffffff]
2025-07-22T11:03:55.219216-03:00 linux-lab01 kernel: [    0.470828] pci_bus 0000:10: resource 2 [mem 0xe6500000-0xe65fffff 64bit pref]
2025-07-22T11:03:55.219217-03:00 linux-lab01 kernel: [    0.470830] pci_bus 0000:11: resource 1 [mem 0xfbb00000-0xfbbfffff]
2025-07-22T11:03:55.219217-03:00 linux-lab01 kernel: [    0.470831] pci_bus 0000:11: resource 2 [mem 0xe6100000-0xe61fffff 64bit pref]
2025-07-22T11:03:55.219217-03:00 linux-lab01 kernel: [    0.470832] pci_bus 0000:12: resource 1 [mem 0xfb700000-0xfb7fffff]
2025-07-22T11:03:55.219218-03:00 linux-lab01 kernel: [    0.470833] pci_bus 0000:12: resource 2 [mem 0xe5d00000-0xe5dfffff 64bit pref]
2025-07-22T11:03:55.219218-03:00 linux-lab01 kernel: [    0.470835] pci_bus 0000:13: resource 0 [io  0x6000-0x6fff]
2025-07-22T11:03:55.219218-03:00 linux-lab01 kernel: [    0.470836] pci_bus 0000:13: resource 1 [mem 0xfd200000-0xfd2fffff]
2025-07-22T11:03:55.219219-03:00 linux-lab01 kernel: [    0.470837] pci_bus 0000:13: resource 2 [mem 0xe7800000-0xe78fffff 64bit pref]
2025-07-22T11:03:55.219219-03:00 linux-lab01 kernel: [    0.470838] pci_bus 0000:14: resource 0 [io  0xa000-0xafff]
2025-07-22T11:03:55.219219-03:00 linux-lab01 kernel: [    0.470839] pci_bus 0000:14: resource 1 [mem 0xfce00000-0xfcefffff]
2025-07-22T11:03:55.219219-03:00 linux-lab01 kernel: [    0.470840] pci_bus 0000:14: resource 2 [mem 0xe7400000-0xe74fffff 64bit pref]
2025-07-22T11:03:55.219220-03:00 linux-lab01 kernel: [    0.470842] pci_bus 0000:15: resource 0 [io  0xe000-0xefff]
2025-07-22T11:03:55.219220-03:00 linux-lab01 kernel: [    0.470843] pci_bus 0000:15: resource 1 [mem 0xfca00000-0xfcafffff]
2025-07-22T11:03:55.219220-03:00 linux-lab01 kernel: [    0.470844] pci_bus 0000:15: resource 2 [mem 0xe7000000-0xe70fffff 64bit pref]
2025-07-22T11:03:55.219221-03:00 linux-lab01 kernel: [    0.470845] pci_bus 0000:16: resource 1 [mem 0xfc600000-0xfc6fffff]
2025-07-22T11:03:55.219221-03:00 linux-lab01 kernel: [    0.470846] pci_bus 0000:16: resource 2 [mem 0xe6c00000-0xe6cfffff 64bit pref]
2025-07-22T11:03:55.219221-03:00 linux-lab01 kernel: [    0.470848] pci_bus 0000:17: resource 1 [mem 0xfc200000-0xfc2fffff]
2025-07-22T11:03:55.219222-03:00 linux-lab01 kernel: [    0.470849] pci_bus 0000:17: resource 2 [mem 0xe6800000-0xe68fffff 64bit pref]
2025-07-22T11:03:55.219222-03:00 linux-lab01 kernel: [    0.470850] pci_bus 0000:18: resource 1 [mem 0xfbe00000-0xfbefffff]
2025-07-22T11:03:55.219222-03:00 linux-lab01 kernel: [    0.470851] pci_bus 0000:18: resource 2 [mem 0xe6400000-0xe64fffff 64bit pref]
2025-07-22T11:03:55.219223-03:00 linux-lab01 kernel: [    0.470852] pci_bus 0000:19: resource 1 [mem 0xfba00000-0xfbafffff]
2025-07-22T11:03:55.219223-03:00 linux-lab01 kernel: [    0.470854] pci_bus 0000:19: resource 2 [mem 0xe6000000-0xe60fffff 64bit pref]
2025-07-22T11:03:55.219223-03:00 linux-lab01 kernel: [    0.470855] pci_bus 0000:1a: resource 1 [mem 0xfb600000-0xfb6fffff]
2025-07-22T11:03:55.219224-03:00 linux-lab01 kernel: [    0.470856] pci_bus 0000:1a: resource 2 [mem 0xe5c00000-0xe5cfffff 64bit pref]
2025-07-22T11:03:55.219224-03:00 linux-lab01 kernel: [    0.470857] pci_bus 0000:1b: resource 0 [io  0x7000-0x7fff]
2025-07-22T11:03:55.219224-03:00 linux-lab01 kernel: [    0.470858] pci_bus 0000:1b: resource 1 [mem 0xfd100000-0xfd1fffff]
2025-07-22T11:03:55.219225-03:00 linux-lab01 kernel: [    0.470859] pci_bus 0000:1b: resource 2 [mem 0xe7700000-0xe77fffff 64bit pref]
2025-07-22T11:03:55.219225-03:00 linux-lab01 kernel: [    0.470861] pci_bus 0000:1c: resource 0 [io  0xb000-0xbfff]
2025-07-22T11:03:55.219225-03:00 linux-lab01 kernel: [    0.470862] pci_bus 0000:1c: resource 1 [mem 0xfcd00000-0xfcdfffff]
2025-07-22T11:03:55.219226-03:00 linux-lab01 kernel: [    0.470863] pci_bus 0000:1c: resource 2 [mem 0xe7300000-0xe73fffff 64bit pref]
2025-07-22T11:03:55.219226-03:00 linux-lab01 kernel: [    0.470864] pci_bus 0000:1d: resource 1 [mem 0xfc900000-0xfc9fffff]
2025-07-22T11:03:55.219226-03:00 linux-lab01 kernel: [    0.470866] pci_bus 0000:1d: resource 2 [mem 0xe6f00000-0xe6ffffff 64bit pref]
2025-07-22T11:03:55.219227-03:00 linux-lab01 kernel: [    0.470867] pci_bus 0000:1e: resource 1 [mem 0xfc500000-0xfc5fffff]
2025-07-22T11:03:55.219227-03:00 linux-lab01 kernel: [    0.470868] pci_bus 0000:1e: resource 2 [mem 0xe6b00000-0xe6bfffff 64bit pref]
2025-07-22T11:03:55.219227-03:00 linux-lab01 kernel: [    0.470869] pci_bus 0000:1f: resource 1 [mem 0xfc100000-0xfc1fffff]
2025-07-22T11:03:55.219228-03:00 linux-lab01 kernel: [    0.470870] pci_bus 0000:1f: resource 2 [mem 0xe6700000-0xe67fffff 64bit pref]
2025-07-22T11:03:55.219228-03:00 linux-lab01 kernel: [    0.470872] pci_bus 0000:20: resource 1 [mem 0xfbd00000-0xfbdfffff]
2025-07-22T11:03:55.219228-03:00 linux-lab01 kernel: [    0.470873] pci_bus 0000:20: resource 2 [mem 0xe6300000-0xe63fffff 64bit pref]
2025-07-22T11:03:55.219228-03:00 linux-lab01 kernel: [    0.470874] pci_bus 0000:21: resource 1 [mem 0xfb900000-0xfb9fffff]
2025-07-22T11:03:55.219229-03:00 linux-lab01 kernel: [    0.470875] pci_bus 0000:21: resource 2 [mem 0xe5f00000-0xe5ffffff 64bit pref]
2025-07-22T11:03:55.219229-03:00 linux-lab01 kernel: [    0.470877] pci_bus 0000:22: resource 1 [mem 0xfb500000-0xfb5fffff]
2025-07-22T11:03:55.219229-03:00 linux-lab01 kernel: [    0.470878] pci_bus 0000:22: resource 2 [mem 0xe5b00000-0xe5bfffff 64bit pref]
2025-07-22T11:03:55.219230-03:00 linux-lab01 kernel: [    0.471062] pci 0000:00:00.0: Limiting direct PCI/PCI transfers
2025-07-22T11:03:55.219230-03:00 linux-lab01 kernel: [    0.472267] pci 0000:02:01.0: CLS mismatch (32 != 64), using 64 bytes
2025-07-22T11:03:55.219230-03:00 linux-lab01 kernel: [    0.472367] Trying to unpack rootfs image as initramfs...
2025-07-22T11:03:55.219231-03:00 linux-lab01 kernel: [    0.478341] clocksource: tsc: mask: 0xffffffffffffffff max_cycles: 0x29dbec3a915, max_idle_ns: 440795282447 ns
2025-07-22T11:03:55.219231-03:00 linux-lab01 kernel: [    0.478360] clocksource: Switched to clocksource tsc
2025-07-22T11:03:55.219232-03:00 linux-lab01 kernel: [    0.479444] Initialise system trusted keyrings
2025-07-22T11:03:55.219232-03:00 linux-lab01 kernel: [    0.479451] Key type blacklist registered
2025-07-22T11:03:55.219268-03:00 linux-lab01 kernel: [    0.479486] workingset: timestamp_bits=36 max_order=19 bucket_order=0
2025-07-22T11:03:55.219269-03:00 linux-lab01 kernel: [    0.480664] zbud: loaded
2025-07-22T11:03:55.219269-03:00 linux-lab01 kernel: [    0.480859] integrity: Platform Keyring initialized
2025-07-22T11:03:55.219269-03:00 linux-lab01 kernel: [    0.480862] integrity: Machine keyring initialized
2025-07-22T11:03:55.219270-03:00 linux-lab01 kernel: [    0.480863] Key type asymmetric registered
2025-07-22T11:03:55.219270-03:00 linux-lab01 kernel: [    0.480864] Asymmetric key parser 'x509' registered
2025-07-22T11:03:55.219270-03:00 linux-lab01 kernel: [    1.113850] Freeing initrd memory: 43180K
2025-07-22T11:03:55.219271-03:00 linux-lab01 kernel: [    1.119065] alg: self-tests for CTR-KDF (hmac(sha256)) passed
2025-07-22T11:03:55.219271-03:00 linux-lab01 kernel: [    1.119193] Block layer SCSI generic (bsg) driver version 0.4 loaded (major 248)
2025-07-22T11:03:55.219271-03:00 linux-lab01 kernel: [    1.119254] io scheduler mq-deadline registered
2025-07-22T11:03:55.219272-03:00 linux-lab01 kernel: [    1.120415] pcieport 0000:00:15.0: PME: Signaling with IRQ 24
2025-07-22T11:03:55.219272-03:00 linux-lab01 kernel: [    1.120506] pcieport 0000:00:15.0: pciehp: Slot #160 AttnBtn+ PwrCtrl+ MRL- AttnInd- PwrInd- HotPlug+ Surprise- Interlock- NoCompl+ IbPresDis- LLActRep+
2025-07-22T11:03:55.219272-03:00 linux-lab01 kernel: [    1.121457] pcieport 0000:00:15.1: PME: Signaling with IRQ 25
2025-07-22T11:03:55.219273-03:00 linux-lab01 kernel: [    1.121550] pcieport 0000:00:15.1: pciehp: Slot #161 AttnBtn+ PwrCtrl+ MRL- AttnInd- PwrInd- HotPlug+ Surprise- Interlock- NoCompl+ IbPresDis- LLActRep+
2025-07-22T11:03:55.219273-03:00 linux-lab01 kernel: [    1.122494] pcieport 0000:00:15.2: PME: Signaling with IRQ 26
2025-07-22T11:03:55.219273-03:00 linux-lab01 kernel: [    1.122582] pcieport 0000:00:15.2: pciehp: Slot #162 AttnBtn+ PwrCtrl+ MRL- AttnInd- PwrInd- HotPlug+ Surprise- Interlock- NoCompl+ IbPresDis- LLActRep+
2025-07-22T11:03:55.219274-03:00 linux-lab01 kernel: [    1.123495] pcieport 0000:00:15.3: PME: Signaling with IRQ 27
2025-07-22T11:03:55.219274-03:00 linux-lab01 kernel: [    1.123585] pcieport 0000:00:15.3: pciehp: Slot #163 AttnBtn+ PwrCtrl+ MRL- AttnInd- PwrInd- HotPlug+ Surprise- Interlock- NoCompl+ IbPresDis- LLActRep+
2025-07-22T11:03:55.219274-03:00 linux-lab01 kernel: [    1.124526] pcieport 0000:00:15.4: PME: Signaling with IRQ 28
2025-07-22T11:03:55.219275-03:00 linux-lab01 kernel: [    1.124614] pcieport 0000:00:15.4: pciehp: Slot #164 AttnBtn+ PwrCtrl+ MRL- AttnInd- PwrInd- HotPlug+ Surprise- Interlock- NoCompl+ IbPresDis- LLActRep+
2025-07-22T11:03:55.219275-03:00 linux-lab01 kernel: [    1.125532] pcieport 0000:00:15.5: PME: Signaling with IRQ 29
2025-07-22T11:03:55.219276-03:00 linux-lab01 kernel: [    1.125621] pcieport 0000:00:15.5: pciehp: Slot #165 AttnBtn+ PwrCtrl+ MRL- AttnInd- PwrInd- HotPlug+ Surprise- Interlock- NoCompl+ IbPresDis- LLActRep+
2025-07-22T11:03:55.219276-03:00 linux-lab01 kernel: [    1.126640] pcieport 0000:00:15.6: PME: Signaling with IRQ 30
2025-07-22T11:03:55.219276-03:00 linux-lab01 kernel: [    1.126730] pcieport 0000:00:15.6: pciehp: Slot #166 AttnBtn+ PwrCtrl+ MRL- AttnInd- PwrInd- HotPlug+ Surprise- Interlock- NoCompl+ IbPresDis- LLActRep+
2025-07-22T11:03:55.219277-03:00 linux-lab01 kernel: [    1.127635] pcieport 0000:00:15.7: PME: Signaling with IRQ 31
2025-07-22T11:03:55.219277-03:00 linux-lab01 kernel: [    1.127741] pcieport 0000:00:15.7: pciehp: Slot #167 AttnBtn+ PwrCtrl+ MRL- AttnInd- PwrInd- HotPlug+ Surprise- Interlock- NoCompl+ IbPresDis- LLActRep+
2025-07-22T11:03:55.219277-03:00 linux-lab01 kernel: [    1.128651] pcieport 0000:00:16.0: PME: Signaling with IRQ 32
2025-07-22T11:03:55.219278-03:00 linux-lab01 kernel: [    1.128738] pcieport 0000:00:16.0: pciehp: Slot #192 AttnBtn+ PwrCtrl+ MRL- AttnInd- PwrInd- HotPlug+ Surprise- Interlock- NoCompl+ IbPresDis- LLActRep+
2025-07-22T11:03:55.219278-03:00 linux-lab01 kernel: [    1.129684] pcieport 0000:00:16.1: PME: Signaling with IRQ 33
2025-07-22T11:03:55.219279-03:00 linux-lab01 kernel: [    1.129774] pcieport 0000:00:16.1: pciehp: Slot #193 AttnBtn+ PwrCtrl+ MRL- AttnInd- PwrInd- HotPlug+ Surprise- Interlock- NoCompl+ IbPresDis- LLActRep+
2025-07-22T11:03:55.219279-03:00 linux-lab01 kernel: [    1.130804] pcieport 0000:00:16.2: PME: Signaling with IRQ 34
2025-07-22T11:03:55.219279-03:00 linux-lab01 kernel: [    1.130894] pcieport 0000:00:16.2: pciehp: Slot #194 AttnBtn+ PwrCtrl+ MRL- AttnInd- PwrInd- HotPlug+ Surprise- Interlock- NoCompl+ IbPresDis- LLActRep+
2025-07-22T11:03:55.219280-03:00 linux-lab01 kernel: [    1.131810] pcieport 0000:00:16.3: PME: Signaling with IRQ 35
2025-07-22T11:03:55.219280-03:00 linux-lab01 kernel: [    1.131926] pcieport 0000:00:16.3: pciehp: Slot #195 AttnBtn+ PwrCtrl+ MRL- AttnInd- PwrInd- HotPlug+ Surprise- Interlock- NoCompl+ IbPresDis- LLActRep+
2025-07-22T11:03:55.219280-03:00 linux-lab01 kernel: [    1.132851] pcieport 0000:00:16.4: PME: Signaling with IRQ 36
2025-07-22T11:03:55.219281-03:00 linux-lab01 kernel: [    1.132938] pcieport 0000:00:16.4: pciehp: Slot #196 AttnBtn+ PwrCtrl+ MRL- AttnInd- PwrInd- HotPlug+ Surprise- Interlock- NoCompl+ IbPresDis- LLActRep+
2025-07-22T11:03:55.219281-03:00 linux-lab01 kernel: [    1.133895] pcieport 0000:00:16.5: PME: Signaling with IRQ 37
2025-07-22T11:03:55.219281-03:00 linux-lab01 kernel: [    1.133986] pcieport 0000:00:16.5: pciehp: Slot #197 AttnBtn+ PwrCtrl+ MRL- AttnInd- PwrInd- HotPlug+ Surprise- Interlock- NoCompl+ IbPresDis- LLActRep+
2025-07-22T11:03:55.219282-03:00 linux-lab01 kernel: [    1.134966] pcieport 0000:00:16.6: PME: Signaling with IRQ 38
2025-07-22T11:03:55.219282-03:00 linux-lab01 kernel: [    1.135055] pcieport 0000:00:16.6: pciehp: Slot #198 AttnBtn+ PwrCtrl+ MRL- AttnInd- PwrInd- HotPlug+ Surprise- Interlock- NoCompl+ IbPresDis- LLActRep+
2025-07-22T11:03:55.219282-03:00 linux-lab01 kernel: [    1.136406] pcieport 0000:00:16.7: PME: Signaling with IRQ 39
2025-07-22T11:03:55.219283-03:00 linux-lab01 kernel: [    1.136500] pcieport 0000:00:16.7: pciehp: Slot #199 AttnBtn+ PwrCtrl+ MRL- AttnInd- PwrInd- HotPlug+ Surprise- Interlock- NoCompl+ IbPresDis- LLActRep+
2025-07-22T11:03:55.219283-03:00 linux-lab01 kernel: [    1.137555] pcieport 0000:00:17.0: PME: Signaling with IRQ 40
2025-07-22T11:03:55.219283-03:00 linux-lab01 kernel: [    1.137702] pcieport 0000:00:17.0: pciehp: Slot #224 AttnBtn+ PwrCtrl+ MRL- AttnInd- PwrInd- HotPlug+ Surprise- Interlock- NoCompl+ IbPresDis- LLActRep+
2025-07-22T11:03:55.219284-03:00 linux-lab01 kernel: [    1.138743] pcieport 0000:00:17.1: PME: Signaling with IRQ 41
2025-07-22T11:03:55.219284-03:00 linux-lab01 kernel: [    1.138839] pcieport 0000:00:17.1: pciehp: Slot #225 AttnBtn+ PwrCtrl+ MRL- AttnInd- PwrInd- HotPlug+ Surprise- Interlock- NoCompl+ IbPresDis- LLActRep+
2025-07-22T11:03:55.219285-03:00 linux-lab01 kernel: [    1.139915] pcieport 0000:00:17.2: PME: Signaling with IRQ 42
2025-07-22T11:03:55.219285-03:00 linux-lab01 kernel: [    1.140013] pcieport 0000:00:17.2: pciehp: Slot #226 AttnBtn+ PwrCtrl+ MRL- AttnInd- PwrInd- HotPlug+ Surprise- Interlock- NoCompl+ IbPresDis- LLActRep+
2025-07-22T11:03:55.219285-03:00 linux-lab01 kernel: [    1.141003] pcieport 0000:00:17.3: PME: Signaling with IRQ 43
2025-07-22T11:03:55.219286-03:00 linux-lab01 kernel: [    1.141097] pcieport 0000:00:17.3: pciehp: Slot #227 AttnBtn+ PwrCtrl+ MRL- AttnInd- PwrInd- HotPlug+ Surprise- Interlock- NoCompl+ IbPresDis- LLActRep+
2025-07-22T11:03:55.219286-03:00 linux-lab01 kernel: [    1.142241] pcieport 0000:00:17.4: PME: Signaling with IRQ 44
2025-07-22T11:03:55.219286-03:00 linux-lab01 kernel: [    1.142356] pcieport 0000:00:17.4: pciehp: Slot #228 AttnBtn+ PwrCtrl+ MRL- AttnInd- PwrInd- HotPlug+ Surprise- Interlock- NoCompl+ IbPresDis- LLActRep+
2025-07-22T11:03:55.219287-03:00 linux-lab01 kernel: [    1.143285] pcieport 0000:00:17.5: PME: Signaling with IRQ 45
2025-07-22T11:03:55.219287-03:00 linux-lab01 kernel: [    1.143375] pcieport 0000:00:17.5: pciehp: Slot #229 AttnBtn+ PwrCtrl+ MRL- AttnInd- PwrInd- HotPlug+ Surprise- Interlock- NoCompl+ IbPresDis- LLActRep+
2025-07-22T11:03:55.219287-03:00 linux-lab01 kernel: [    1.144352] pcieport 0000:00:17.6: PME: Signaling with IRQ 46
2025-07-22T11:03:55.219288-03:00 linux-lab01 kernel: [    1.144565] pcieport 0000:00:17.6: pciehp: Slot #230 AttnBtn+ PwrCtrl+ MRL- AttnInd- PwrInd- HotPlug+ Surprise- Interlock- NoCompl+ IbPresDis- LLActRep+
2025-07-22T11:03:55.219288-03:00 linux-lab01 kernel: [    1.145505] pcieport 0000:00:17.7: PME: Signaling with IRQ 47
2025-07-22T11:03:55.219289-03:00 linux-lab01 kernel: [    1.145623] pcieport 0000:00:17.7: pciehp: Slot #231 AttnBtn+ PwrCtrl+ MRL- AttnInd- PwrInd- HotPlug+ Surprise- Interlock- NoCompl+ IbPresDis- LLActRep+
2025-07-22T11:03:55.219289-03:00 linux-lab01 kernel: [    1.146556] pcieport 0000:00:18.0: PME: Signaling with IRQ 48
2025-07-22T11:03:55.219289-03:00 linux-lab01 kernel: [    1.146645] pcieport 0000:00:18.0: pciehp: Slot #256 AttnBtn+ PwrCtrl+ MRL- AttnInd- PwrInd- HotPlug+ Surprise- Interlock- NoCompl+ IbPresDis- LLActRep+
2025-07-22T11:03:55.219290-03:00 linux-lab01 kernel: [    1.147711] pcieport 0000:00:18.1: PME: Signaling with IRQ 49
2025-07-22T11:03:55.219290-03:00 linux-lab01 kernel: [    1.147799] pcieport 0000:00:18.1: pciehp: Slot #257 AttnBtn+ PwrCtrl+ MRL- AttnInd- PwrInd- HotPlug+ Surprise- Interlock- NoCompl+ IbPresDis- LLActRep+
2025-07-22T11:03:55.219290-03:00 linux-lab01 kernel: [    1.148734] pcieport 0000:00:18.2: PME: Signaling with IRQ 50
2025-07-22T11:03:55.219291-03:00 linux-lab01 kernel: [    1.148821] pcieport 0000:00:18.2: pciehp: Slot #258 AttnBtn+ PwrCtrl+ MRL- AttnInd- PwrInd- HotPlug+ Surprise- Interlock- NoCompl+ IbPresDis- LLActRep+
2025-07-22T11:03:55.219291-03:00 linux-lab01 kernel: [    1.149851] pcieport 0000:00:18.3: PME: Signaling with IRQ 51
2025-07-22T11:03:55.219291-03:00 linux-lab01 kernel: [    1.149943] pcieport 0000:00:18.3: pciehp: Slot #259 AttnBtn+ PwrCtrl+ MRL- AttnInd- PwrInd- HotPlug+ Surprise- Interlock- NoCompl+ IbPresDis- LLActRep+
2025-07-22T11:03:55.219292-03:00 linux-lab01 kernel: [    1.150872] pcieport 0000:00:18.4: PME: Signaling with IRQ 52
2025-07-22T11:03:55.219292-03:00 linux-lab01 kernel: [    1.150990] pcieport 0000:00:18.4: pciehp: Slot #260 AttnBtn+ PwrCtrl+ MRL- AttnInd- PwrInd- HotPlug+ Surprise- Interlock- NoCompl+ IbPresDis- LLActRep+
2025-07-22T11:03:55.219292-03:00 linux-lab01 kernel: [    1.151949] pcieport 0000:00:18.5: PME: Signaling with IRQ 53
2025-07-22T11:03:55.219293-03:00 linux-lab01 kernel: [    1.152040] pcieport 0000:00:18.5: pciehp: Slot #261 AttnBtn+ PwrCtrl+ MRL- AttnInd- PwrInd- HotPlug+ Surprise- Interlock- NoCompl+ IbPresDis- LLActRep+
2025-07-22T11:03:55.219293-03:00 linux-lab01 kernel: [    1.153312] pcieport 0000:00:18.6: PME: Signaling with IRQ 54
2025-07-22T11:03:55.219293-03:00 linux-lab01 kernel: [    1.153403] pcieport 0000:00:18.6: pciehp: Slot #262 AttnBtn+ PwrCtrl+ MRL- AttnInd- PwrInd- HotPlug+ Surprise- Interlock- NoCompl+ IbPresDis- LLActRep+
2025-07-22T11:03:55.219294-03:00 linux-lab01 kernel: [    1.154450] pcieport 0000:00:18.7: PME: Signaling with IRQ 55
2025-07-22T11:03:55.219294-03:00 linux-lab01 kernel: [    1.154539] pcieport 0000:00:18.7: pciehp: Slot #263 AttnBtn+ PwrCtrl+ MRL- AttnInd- PwrInd- HotPlug+ Surprise- Interlock- NoCompl+ IbPresDis- LLActRep+
2025-07-22T11:03:55.219294-03:00 linux-lab01 kernel: [    1.155103] shpchp: Standard Hot Plug PCI Controller Driver version: 0.4
2025-07-22T11:03:55.219295-03:00 linux-lab01 kernel: [    1.155471] Serial: 8250/16550 driver, 4 ports, IRQ sharing enabled
2025-07-22T11:03:55.219295-03:00 linux-lab01 kernel: [    1.156063] Linux agpgart interface v0.103
2025-07-22T11:03:55.219356-03:00 linux-lab01 kernel: [    1.156140] agpgart-intel 0000:00:00.0: Intel 440BX Chipset
2025-07-22T11:03:55.219356-03:00 linux-lab01 kernel: [    1.157189] agpgart-intel 0000:00:00.0: AGP aperture is 256M @ 0x0
2025-07-22T11:03:55.219356-03:00 linux-lab01 kernel: [    1.157268] AMD-Vi: AMD IOMMUv2 functionality not available on this system - This is not a bug.
2025-07-22T11:03:55.219357-03:00 linux-lab01 kernel: [    1.157468] i8042: PNP: PS/2 Controller [PNP0303:KBC,PNP0f13:MOUS] at 0x60,0x64 irq 1,12
2025-07-22T11:03:55.219357-03:00 linux-lab01 kernel: [    1.158158] serio: i8042 KBD port at 0x60,0x64 irq 1
2025-07-22T11:03:55.219358-03:00 linux-lab01 kernel: [    1.158164] serio: i8042 AUX port at 0x60,0x64 irq 12
2025-07-22T11:03:55.219358-03:00 linux-lab01 kernel: [    1.158361] mousedev: PS/2 mouse device common for all mice
2025-07-22T11:03:55.219358-03:00 linux-lab01 kernel: [    1.159167] rtc_cmos 00:01: registered as rtc0
2025-07-22T11:03:55.219359-03:00 linux-lab01 kernel: [    1.159290] rtc_cmos 00:01: setting system clock to 2025-07-22T13:53:51 UTC (1753192431)
2025-07-22T11:03:55.219359-03:00 linux-lab01 kernel: [    1.159388] rtc_cmos 00:01: alarms up to one month, y3k, 114 bytes nvram
2025-07-22T11:03:55.219360-03:00 linux-lab01 kernel: [    1.159399] intel_pstate: CPU model not supported
2025-07-22T11:03:55.219360-03:00 linux-lab01 kernel: [    1.159424] ledtrig-cpu: registered to indicate activity on CPUs
2025-07-22T11:03:55.219360-03:00 linux-lab01 kernel: [    1.160909] input: AT Translated Set 2 keyboard as /devices/platform/i8042/serio0/input/input0
2025-07-22T11:03:55.219361-03:00 linux-lab01 kernel: [    1.183814] NET: Registered PF_INET6 protocol family
2025-07-22T11:03:55.219361-03:00 linux-lab01 kernel: [    1.188450] Segment Routing with IPv6
2025-07-22T11:03:55.219361-03:00 linux-lab01 kernel: [    1.188463] In-situ OAM (IOAM) with IPv6
2025-07-22T11:03:55.219362-03:00 linux-lab01 kernel: [    1.188486] mip6: Mobile IPv6
2025-07-22T11:03:55.219362-03:00 linux-lab01 kernel: [    1.188490] NET: Registered PF_PACKET protocol family
2025-07-22T11:03:55.219362-03:00 linux-lab01 kernel: [    1.188513] mpls_gso: MPLS GSO support
2025-07-22T11:03:55.219363-03:00 linux-lab01 kernel: [    1.188599] IPI shorthand broadcast: enabled
2025-07-22T11:03:55.219363-03:00 linux-lab01 kernel: [    1.188618] sched_clock: Marking stable (1184009399, 2254217)->(1190561320, -4297704)
2025-07-22T11:03:55.219363-03:00 linux-lab01 kernel: [    1.188873] registered taskstats version 1
2025-07-22T11:03:55.219364-03:00 linux-lab01 kernel: [    1.188886] Loading compiled-in X.509 certificates
2025-07-22T11:03:55.219364-03:00 linux-lab01 kernel: [    1.202590] Loaded X.509 cert 'Debian Secure Boot CA: 6ccece7e4c6c0d1f6149f3dd27dfcc5cbb419ea1'
2025-07-22T11:03:55.219364-03:00 linux-lab01 kernel: [    1.202604] Loaded X.509 cert 'Debian Secure Boot Signer 2022 - linux: 14011249c2675ea8e5148542202005810584b25f'
2025-07-22T11:03:55.219365-03:00 linux-lab01 kernel: [    1.208841] zswap: loaded using pool lzo/zbud
2025-07-22T11:03:55.219365-03:00 linux-lab01 kernel: [    1.209006] Key type .fscrypt registered
2025-07-22T11:03:55.219365-03:00 linux-lab01 kernel: [    1.209008] Key type fscrypt-provisioning registered
2025-07-22T11:03:55.219366-03:00 linux-lab01 kernel: [    1.212812] Key type encrypted registered
2025-07-22T11:03:55.219366-03:00 linux-lab01 kernel: [    1.212817] AppArmor: AppArmor sha1 policy hashing enabled
2025-07-22T11:03:55.219367-03:00 linux-lab01 kernel: [    1.212825] ima: No TPM chip found, activating TPM-bypass!
2025-07-22T11:03:55.219367-03:00 linux-lab01 kernel: [    1.212826] ima: Allocated hash algorithm: sha256
2025-07-22T11:03:55.219367-03:00 linux-lab01 kernel: [    1.212834] ima: No architecture policies found
2025-07-22T11:03:55.219367-03:00 linux-lab01 kernel: [    1.212848] evm: Initialising EVM extended attributes:
2025-07-22T11:03:55.219368-03:00 linux-lab01 kernel: [    1.212848] evm: security.selinux
2025-07-22T11:03:55.219368-03:00 linux-lab01 kernel: [    1.212849] evm: security.SMACK64 (disabled)
2025-07-22T11:03:55.219368-03:00 linux-lab01 kernel: [    1.212850] evm: security.SMACK64EXEC (disabled)
2025-07-22T11:03:55.219369-03:00 linux-lab01 kernel: [    1.212850] evm: security.SMACK64TRANSMUTE (disabled)
2025-07-22T11:03:55.219369-03:00 linux-lab01 kernel: [    1.212851] evm: security.SMACK64MMAP (disabled)
2025-07-22T11:03:55.219369-03:00 linux-lab01 kernel: [    1.212852] evm: security.apparmor
2025-07-22T11:03:55.219370-03:00 linux-lab01 kernel: [    1.212852] evm: security.ima
2025-07-22T11:03:55.219370-03:00 linux-lab01 kernel: [    1.212853] evm: security.capability
2025-07-22T11:03:55.219371-03:00 linux-lab01 kernel: [    1.212854] evm: HMAC attrs: 0x1
2025-07-22T11:03:55.219371-03:00 linux-lab01 kernel: [    1.284752] clk: Disabling unused clocks
2025-07-22T11:03:55.219371-03:00 linux-lab01 kernel: [    1.285698] Freeing unused decrypted memory: 2036K
2025-07-22T11:03:55.219372-03:00 linux-lab01 kernel: [    1.286019] Freeing unused kernel image (initmem) memory: 2800K
2025-07-22T11:03:55.219372-03:00 linux-lab01 kernel: [    1.286065] Write protecting the kernel read-only data: 26624k
2025-07-22T11:03:55.219372-03:00 linux-lab01 kernel: [    1.286506] Freeing unused kernel image (text/rodata gap) memory: 2040K
2025-07-22T11:03:55.219373-03:00 linux-lab01 kernel: [    1.286671] Freeing unused kernel image (rodata/data gap) memory: 1144K
2025-07-22T11:03:55.219373-03:00 linux-lab01 kernel: [    1.331060] x86/mm: Checked W+X mappings: passed, no W+X pages found.
2025-07-22T11:03:55.219373-03:00 linux-lab01 kernel: [    1.331063] x86/mm: Checking user space page tables
2025-07-22T11:03:55.219374-03:00 linux-lab01 kernel: [    1.373697] x86/mm: Checked W+X mappings: passed, no W+X pages found.
2025-07-22T11:03:55.219374-03:00 linux-lab01 kernel: [    1.373718] Run /init as init process
2025-07-22T11:03:55.219374-03:00 linux-lab01 kernel: [    1.373720]   with arguments:
2025-07-22T11:03:55.219375-03:00 linux-lab01 kernel: [    1.373721]     /init
2025-07-22T11:03:55.219375-03:00 linux-lab01 kernel: [    1.373722]   with environment:
2025-07-22T11:03:55.219375-03:00 linux-lab01 kernel: [    1.373723]     HOME=/
2025-07-22T11:03:55.219376-03:00 linux-lab01 kernel: [    1.373723]     TERM=linux
2025-07-22T11:03:55.219376-03:00 linux-lab01 kernel: [    1.373724]     BOOT_IMAGE=/vmlinuz-6.1.0-37-amd64
2025-07-22T11:03:55.219376-03:00 linux-lab01 kernel: [    1.659757] piix4_smbus 0000:00:07.3: SMBus Host Controller not enabled!
2025-07-22T11:03:55.219377-03:00 linux-lab01 kernel: [    1.716070] e1000: Intel(R) PRO/1000 Network Driver
2025-07-22T11:03:55.219377-03:00 linux-lab01 kernel: [    1.716072] e1000: Copyright (c) 1999-2006 Intel Corporation.
2025-07-22T11:03:55.219377-03:00 linux-lab01 kernel: [    1.719532] SCSI subsystem initialized
2025-07-22T11:03:55.219378-03:00 linux-lab01 kernel: [    1.733463] input: VirtualPS/2 VMware VMMouse as /devices/platform/i8042/serio1/input/input3
2025-07-22T11:03:55.219378-03:00 linux-lab01 kernel: [    1.733711] input: VirtualPS/2 VMware VMMouse as /devices/platform/i8042/serio1/input/input2
2025-07-22T11:03:55.219378-03:00 linux-lab01 kernel: [    1.744266] Fusion MPT base driver 3.04.20
2025-07-22T11:03:55.219379-03:00 linux-lab01 kernel: [    1.744269] Copyright (c) 1999-2008 LSI Corporation
2025-07-22T11:03:55.219379-03:00 linux-lab01 kernel: [    1.760273] ACPI: bus type USB registered
2025-07-22T11:03:55.219379-03:00 linux-lab01 kernel: [    1.760295] usbcore: registered new interface driver usbfs
2025-07-22T11:03:55.219379-03:00 linux-lab01 kernel: [    1.760302] usbcore: registered new interface driver hub
2025-07-22T11:03:55.219380-03:00 linux-lab01 kernel: [    1.760378] usbcore: registered new device driver usb
2025-07-22T11:03:55.219380-03:00 linux-lab01 kernel: [    1.768251] Fusion MPT SPI Host driver 3.04.20
2025-07-22T11:03:55.219381-03:00 linux-lab01 kernel: [    1.785864] uhci_hcd 0000:02:00.0: UHCI Host Controller
2025-07-22T11:03:55.219381-03:00 linux-lab01 kernel: [    1.785871] uhci_hcd 0000:02:00.0: new USB bus registered, assigned bus number 1
2025-07-22T11:03:55.219381-03:00 linux-lab01 kernel: [    1.785918] uhci_hcd 0000:02:00.0: detected 2 ports
2025-07-22T11:03:55.219382-03:00 linux-lab01 kernel: [    1.786039] uhci_hcd 0000:02:00.0: irq 18, io port 0x00002080
2025-07-22T11:03:55.219382-03:00 linux-lab01 kernel: [    1.800189] mptbase: ioc0: Initiating bringup
2025-07-22T11:03:55.219382-03:00 linux-lab01 kernel: [    1.807239] usb usb1: New USB device found, idVendor=1d6b, idProduct=0001, bcdDevice= 6.01
2025-07-22T11:03:55.219383-03:00 linux-lab01 kernel: [    1.807243] usb usb1: New USB device strings: Mfr=3, Product=2, SerialNumber=1
2025-07-22T11:03:55.219383-03:00 linux-lab01 kernel: [    1.807245] usb usb1: Product: UHCI Host Controller
2025-07-22T11:03:55.219383-03:00 linux-lab01 kernel: [    1.807247] usb usb1: Manufacturer: Linux 6.1.0-37-amd64 uhci_hcd
2025-07-22T11:03:55.219384-03:00 linux-lab01 kernel: [    1.807248] usb usb1: SerialNumber: 0000:02:00.0
2025-07-22T11:03:55.219384-03:00 linux-lab01 kernel: [    1.807371] hub 1-0:1.0: USB hub found
2025-07-22T11:03:55.219384-03:00 linux-lab01 kernel: [    1.811436] hub 1-0:1.0: 2 ports detected
2025-07-22T11:03:55.219384-03:00 linux-lab01 kernel: [    1.825334] libata version 3.00 loaded.
2025-07-22T11:03:55.219385-03:00 linux-lab01 kernel: [    1.826750] ata_piix 0000:00:07.1: version 2.13
2025-07-22T11:03:55.219385-03:00 linux-lab01 kernel: [    1.831643] ahci 0000:02:03.0: version 3.0
2025-07-22T11:03:55.219385-03:00 linux-lab01 kernel: [    1.833571] ahci 0000:02:03.0: AHCI 0001.0300 32 slots 30 ports 6 Gbps 0x3fffffff impl SATA mode
2025-07-22T11:03:55.219386-03:00 linux-lab01 kernel: [    1.833576] ahci 0000:02:03.0: flags: 64bit ncq clo only 
2025-07-22T11:03:55.219386-03:00 linux-lab01 kernel: [    1.839210] scsi host0: ata_piix
2025-07-22T11:03:55.219386-03:00 linux-lab01 kernel: [    1.839766] scsi host1: ata_piix
2025-07-22T11:03:55.219387-03:00 linux-lab01 kernel: [    1.839841] ata1: PATA max UDMA/33 cmd 0x1f0 ctl 0x3f6 bmdma 0x1060 irq 14
2025-07-22T11:03:55.219387-03:00 linux-lab01 kernel: [    1.839843] ata2: PATA max UDMA/33 cmd 0x170 ctl 0x376 bmdma 0x1068 irq 15
2025-07-22T11:03:55.219387-03:00 linux-lab01 kernel: [    1.885526] scsi host2: ahci
2025-07-22T11:03:55.219388-03:00 linux-lab01 kernel: [    1.885978] scsi host3: ahci
2025-07-22T11:03:55.219388-03:00 linux-lab01 kernel: [    1.891072] scsi host4: ahci
2025-07-22T11:03:55.219388-03:00 linux-lab01 kernel: [    1.896038] scsi host5: ahci
2025-07-22T11:03:55.219389-03:00 linux-lab01 kernel: [    1.901173] scsi host6: ahci
2025-07-22T11:03:55.219389-03:00 linux-lab01 kernel: [    1.906621] ioc0: LSI53C1030 B0: Capabilities={Initiator}
2025-07-22T11:03:55.219389-03:00 linux-lab01 kernel: [    1.912265] scsi host7: ahci
2025-07-22T11:03:55.219390-03:00 linux-lab01 kernel: [    1.912790] scsi host8: ahci
2025-07-22T11:03:55.219390-03:00 linux-lab01 kernel: [    1.922715] scsi host9: ahci
2025-07-22T11:03:55.219390-03:00 linux-lab01 kernel: [    1.923349] scsi host10: ahci
2025-07-22T11:03:55.219391-03:00 linux-lab01 kernel: [    1.928501] scsi host11: ahci
2025-07-22T11:03:55.219391-03:00 linux-lab01 kernel: [    1.942681] scsi host12: ahci
2025-07-22T11:03:55.219391-03:00 linux-lab01 kernel: [    1.943164] scsi host13: ahci
2025-07-22T11:03:55.219392-03:00 linux-lab01 kernel: [    1.948386] scsi host14: ahci
2025-07-22T11:03:55.219392-03:00 linux-lab01 kernel: [    1.953307] scsi host15: ahci
2025-07-22T11:03:55.219392-03:00 linux-lab01 kernel: [    1.958532] scsi host16: ahci
2025-07-22T11:03:55.219393-03:00 linux-lab01 kernel: [    1.963364] scsi host17: ahci
2025-07-22T11:03:55.219393-03:00 linux-lab01 kernel: [    1.968285] scsi host18: ahci
2025-07-22T11:03:55.219393-03:00 linux-lab01 kernel: [    1.973344] scsi host19: ahci
2025-07-22T11:03:55.219394-03:00 linux-lab01 kernel: [    1.982784] scsi host20: ahci
2025-07-22T11:03:55.219394-03:00 linux-lab01 kernel: [    1.983419] scsi host21: ahci
2025-07-22T11:03:55.219394-03:00 linux-lab01 kernel: [    1.992914] scsi host22: ahci
2025-07-22T11:03:55.219394-03:00 linux-lab01 kernel: [    1.997844] scsi host23: ahci
2025-07-22T11:03:55.219395-03:00 linux-lab01 kernel: [    2.027058] scsi host24: ahci
2025-07-22T11:03:55.219395-03:00 linux-lab01 kernel: [    2.032315] scsi host25: ahci
2025-07-22T11:03:55.219395-03:00 linux-lab01 kernel: [    2.041869] scsi host26: ahci
2025-07-22T11:03:55.219396-03:00 linux-lab01 kernel: [    2.047183] scsi host27: ahci
2025-07-22T11:03:55.219396-03:00 linux-lab01 kernel: [    2.052526] usb 1-1: new full-speed USB device number 2 using uhci_hcd
2025-07-22T11:03:55.219396-03:00 linux-lab01 kernel: [    2.052587] scsi host28: ahci
2025-07-22T11:03:55.219397-03:00 linux-lab01 kernel: [    2.058384] scsi host29: ahci
2025-07-22T11:03:55.219397-03:00 linux-lab01 kernel: [    2.063533] scsi host30: ahci
2025-07-22T11:03:55.219397-03:00 linux-lab01 kernel: [    2.068785] scsi host31: ahci
2025-07-22T11:03:55.219398-03:00 linux-lab01 kernel: [    2.069037] ata3: SATA max UDMA/133 abar m4096@0xfd5ef000 port 0xfd5ef100 irq 56
2025-07-22T11:03:55.219398-03:00 linux-lab01 kernel: [    2.069040] ata4: SATA max UDMA/133 abar m4096@0xfd5ef000 port 0xfd5ef180 irq 56
2025-07-22T11:03:55.219398-03:00 linux-lab01 kernel: [    2.069041] ata5: SATA max UDMA/133 abar m4096@0xfd5ef000 port 0xfd5ef200 irq 56
2025-07-22T11:03:55.219399-03:00 linux-lab01 kernel: [    2.069042] ata6: SATA max UDMA/133 abar m4096@0xfd5ef000 port 0xfd5ef280 irq 56
2025-07-22T11:03:55.219399-03:00 linux-lab01 kernel: [    2.069043] ata7: SATA max UDMA/133 abar m4096@0xfd5ef000 port 0xfd5ef300 irq 56
2025-07-22T11:03:55.219399-03:00 linux-lab01 kernel: [    2.069044] ata8: SATA max UDMA/133 abar m4096@0xfd5ef000 port 0xfd5ef380 irq 56
2025-07-22T11:03:55.219400-03:00 linux-lab01 kernel: [    2.069045] ata9: SATA max UDMA/133 abar m4096@0xfd5ef000 port 0xfd5ef400 irq 56
2025-07-22T11:03:55.219400-03:00 linux-lab01 kernel: [    2.069046] ata10: SATA max UDMA/133 abar m4096@0xfd5ef000 port 0xfd5ef480 irq 56
2025-07-22T11:03:55.219400-03:00 linux-lab01 kernel: [    2.069048] ata11: SATA max UDMA/133 abar m4096@0xfd5ef000 port 0xfd5ef500 irq 56
2025-07-22T11:03:55.219400-03:00 linux-lab01 kernel: [    2.069048] ata12: SATA max UDMA/133 abar m4096@0xfd5ef000 port 0xfd5ef580 irq 56
2025-07-22T11:03:55.219401-03:00 linux-lab01 kernel: [    2.069049] ata13: SATA max UDMA/133 abar m4096@0xfd5ef000 port 0xfd5ef600 irq 56
2025-07-22T11:03:55.219401-03:00 linux-lab01 kernel: [    2.069050] ata14: SATA max UDMA/133 abar m4096@0xfd5ef000 port 0xfd5ef680 irq 56
2025-07-22T11:03:55.219401-03:00 linux-lab01 kernel: [    2.069051] ata15: SATA max UDMA/133 abar m4096@0xfd5ef000 port 0xfd5ef700 irq 56
2025-07-22T11:03:55.219447-03:00 linux-lab01 kernel: [    2.069052] ata16: SATA max UDMA/133 abar m4096@0xfd5ef000 port 0xfd5ef780 irq 56
2025-07-22T11:03:55.219448-03:00 linux-lab01 kernel: [    2.069053] ata17: SATA max UDMA/133 abar m4096@0xfd5ef000 port 0xfd5ef800 irq 56
2025-07-22T11:03:55.219448-03:00 linux-lab01 kernel: [    2.069054] ata18: SATA max UDMA/133 abar m4096@0xfd5ef000 port 0xfd5ef880 irq 56
2025-07-22T11:03:55.219448-03:00 linux-lab01 kernel: [    2.069055] ata19: SATA max UDMA/133 abar m4096@0xfd5ef000 port 0xfd5ef900 irq 56
2025-07-22T11:03:55.219449-03:00 linux-lab01 kernel: [    2.069056] ata20: SATA max UDMA/133 abar m4096@0xfd5ef000 port 0xfd5ef980 irq 56
2025-07-22T11:03:55.219449-03:00 linux-lab01 kernel: [    2.069057] ata21: SATA max UDMA/133 abar m4096@0xfd5ef000 port 0xfd5efa00 irq 56
2025-07-22T11:03:55.219450-03:00 linux-lab01 kernel: [    2.069058] ata22: SATA max UDMA/133 abar m4096@0xfd5ef000 port 0xfd5efa80 irq 56
2025-07-22T11:03:55.219450-03:00 linux-lab01 kernel: [    2.069059] ata23: SATA max UDMA/133 abar m4096@0xfd5ef000 port 0xfd5efb00 irq 56
2025-07-22T11:03:55.219450-03:00 linux-lab01 kernel: [    2.069060] ata24: SATA max UDMA/133 abar m4096@0xfd5ef000 port 0xfd5efb80 irq 56
2025-07-22T11:03:55.219451-03:00 linux-lab01 kernel: [    2.069061] ata25: SATA max UDMA/133 abar m4096@0xfd5ef000 port 0xfd5efc00 irq 56
2025-07-22T11:03:55.219451-03:00 linux-lab01 kernel: [    2.069062] ata26: SATA max UDMA/133 abar m4096@0xfd5ef000 port 0xfd5efc80 irq 56
2025-07-22T11:03:55.219451-03:00 linux-lab01 kernel: [    2.069063] ata27: SATA max UDMA/133 abar m4096@0xfd5ef000 port 0xfd5efd00 irq 56
2025-07-22T11:03:55.219452-03:00 linux-lab01 kernel: [    2.069064] ata28: SATA max UDMA/133 abar m4096@0xfd5ef000 port 0xfd5efd80 irq 56
2025-07-22T11:03:55.219452-03:00 linux-lab01 kernel: [    2.069065] ata29: SATA max UDMA/133 abar m4096@0xfd5ef000 port 0xfd5efe00 irq 56
2025-07-22T11:03:55.219452-03:00 linux-lab01 kernel: [    2.069066] ata30: SATA max UDMA/133 abar m4096@0xfd5ef000 port 0xfd5efe80 irq 56
2025-07-22T11:03:55.219452-03:00 linux-lab01 kernel: [    2.069067] ata31: SATA max UDMA/133 abar m4096@0xfd5ef000 port 0xfd5eff00 irq 56
2025-07-22T11:03:55.219453-03:00 linux-lab01 kernel: [    2.069068] ata32: SATA max UDMA/133 abar m4096@0xfd5ef000 port 0xfd5eff80 irq 56
2025-07-22T11:03:55.219453-03:00 linux-lab01 kernel: [    2.182792] scsi host32: ioc0: LSI53C1030 B0, FwRev=01032920h, Ports=1, MaxQ=128, IRQ=17
2025-07-22T11:03:55.219453-03:00 linux-lab01 kernel: [    2.220452] usb 1-1: New USB device found, idVendor=0e0f, idProduct=0003, bcdDevice= 1.03
2025-07-22T11:03:55.219454-03:00 linux-lab01 kernel: [    2.220458] usb 1-1: New USB device strings: Mfr=1, Product=2, SerialNumber=0
2025-07-22T11:03:55.219454-03:00 linux-lab01 kernel: [    2.220459] usb 1-1: Product: VMware Virtual USB Mouse
2025-07-22T11:03:55.219454-03:00 linux-lab01 kernel: [    2.220461] usb 1-1: Manufacturer: VMware
2025-07-22T11:03:55.219455-03:00 linux-lab01 kernel: [    2.239974] hid: raw HID events driver (C) Jiri Kosina
2025-07-22T11:03:55.219455-03:00 linux-lab01 kernel: [    2.243169] e1000 0000:02:01.0 eth0: (PCI:66MHz:32-bit) 00:0c:29:e8:e0:04
2025-07-22T11:03:55.219455-03:00 linux-lab01 kernel: [    2.243176] e1000 0000:02:01.0 eth0: Intel(R) PRO/1000 Network Connection
2025-07-22T11:03:55.219456-03:00 linux-lab01 kernel: [    2.351671] scsi 32:0:0:0: Direct-Access     VMware,  VMware Virtual S 1.0  PQ: 0 ANSI: 2
2025-07-22T11:03:55.219456-03:00 linux-lab01 kernel: [    2.362429] usb 1-2: new full-speed USB device number 3 using uhci_hcd
2025-07-22T11:03:55.219456-03:00 linux-lab01 kernel: [    2.362472] scsi target32:0:0: Beginning Domain Validation
2025-07-22T11:03:55.219457-03:00 linux-lab01 kernel: [    2.365011] scsi target32:0:0: Domain Validation skipping write tests
2025-07-22T11:03:55.219457-03:00 linux-lab01 kernel: [    2.365020] scsi target32:0:0: Ending Domain Validation
2025-07-22T11:03:55.219457-03:00 linux-lab01 kernel: [    2.365094] scsi target32:0:0: FAST-40 WIDE SCSI 80.0 MB/s ST (25 ns, offset 127)
2025-07-22T11:03:55.219457-03:00 linux-lab01 kernel: [    2.386451] ata4: SATA link up 6.0 Gbps (SStatus 133 SControl 300)
2025-07-22T11:03:55.219458-03:00 linux-lab01 kernel: [    2.386679] ata4.00: ATAPI: VMware Virtual SATA CDRW Drive, 00000001, max UDMA/33
2025-07-22T11:03:55.219458-03:00 linux-lab01 kernel: [    2.386933] ata4.00: configured for UDMA/33
2025-07-22T11:03:55.219458-03:00 linux-lab01 kernel: [    2.387113] ata3: SATA link down (SStatus 0 SControl 300)
2025-07-22T11:03:55.219459-03:00 linux-lab01 kernel: [    2.387651] scsi 3:0:0:0: CD-ROM            NECVMWar VMware SATA CD01 1.00 PQ: 0 ANSI: 5
2025-07-22T11:03:55.219459-03:00 linux-lab01 kernel: [    2.388284] ata5: SATA link down (SStatus 0 SControl 300)
2025-07-22T11:03:55.219459-03:00 linux-lab01 kernel: [    2.390724] ata7: SATA link down (SStatus 0 SControl 300)
2025-07-22T11:03:55.219460-03:00 linux-lab01 kernel: [    2.390765] ata8: SATA link down (SStatus 0 SControl 300)
2025-07-22T11:03:55.219460-03:00 linux-lab01 kernel: [    2.390796] ata6: SATA link down (SStatus 0 SControl 300)
2025-07-22T11:03:55.219460-03:00 linux-lab01 kernel: [    2.395438] ata10: SATA link down (SStatus 0 SControl 300)
2025-07-22T11:03:55.219461-03:00 linux-lab01 kernel: [    2.395504] ata9: SATA link down (SStatus 0 SControl 300)
2025-07-22T11:03:55.219461-03:00 linux-lab01 kernel: [    2.400805] ata11: SATA link down (SStatus 0 SControl 300)
2025-07-22T11:03:55.219461-03:00 linux-lab01 kernel: [    2.403730] ata12: SATA link down (SStatus 0 SControl 300)
2025-07-22T11:03:55.219461-03:00 linux-lab01 kernel: [    2.411508] ata13: SATA link down (SStatus 0 SControl 300)
2025-07-22T11:03:55.219462-03:00 linux-lab01 kernel: [    2.416757] ata14: SATA link down (SStatus 0 SControl 300)
2025-07-22T11:03:55.219462-03:00 linux-lab01 kernel: [    2.416848] ata15: SATA link down (SStatus 0 SControl 300)
2025-07-22T11:03:55.219462-03:00 linux-lab01 kernel: [    2.416907] ata16: SATA link down (SStatus 0 SControl 300)
2025-07-22T11:03:55.219463-03:00 linux-lab01 kernel: [    2.419607] ata18: SATA link down (SStatus 0 SControl 300)
2025-07-22T11:03:55.219463-03:00 linux-lab01 kernel: [    2.419669] ata17: SATA link down (SStatus 0 SControl 300)
2025-07-22T11:03:55.219463-03:00 linux-lab01 kernel: [    2.423162] ata20: SATA link down (SStatus 0 SControl 300)
2025-07-22T11:03:55.219464-03:00 linux-lab01 kernel: [    2.423215] ata19: SATA link down (SStatus 0 SControl 300)
2025-07-22T11:03:55.219464-03:00 linux-lab01 kernel: [    2.427310] ata21: SATA link down (SStatus 0 SControl 300)
2025-07-22T11:03:55.219464-03:00 linux-lab01 kernel: [    2.438971] ata25: SATA link down (SStatus 0 SControl 300)
2025-07-22T11:03:55.219464-03:00 linux-lab01 kernel: [    2.439034] ata22: SATA link down (SStatus 0 SControl 300)
2025-07-22T11:03:55.219465-03:00 linux-lab01 kernel: [    2.439392] ata23: SATA link down (SStatus 0 SControl 300)
2025-07-22T11:03:55.219465-03:00 linux-lab01 kernel: [    2.440771] ata24: SATA link down (SStatus 0 SControl 300)
2025-07-22T11:03:55.219465-03:00 linux-lab01 kernel: [    2.443329] ata26: SATA link down (SStatus 0 SControl 300)
2025-07-22T11:03:55.219466-03:00 linux-lab01 kernel: [    2.443423] ata27: SATA link down (SStatus 0 SControl 300)
2025-07-22T11:03:55.219466-03:00 linux-lab01 kernel: [    2.448662] ata29: SATA link down (SStatus 0 SControl 300)
2025-07-22T11:03:55.219466-03:00 linux-lab01 kernel: [    2.448725] ata28: SATA link down (SStatus 0 SControl 300)
2025-07-22T11:03:55.219467-03:00 linux-lab01 kernel: [    2.451432] ata30: SATA link down (SStatus 0 SControl 300)
2025-07-22T11:03:55.219467-03:00 linux-lab01 kernel: [    2.456767] ata31: SATA link down (SStatus 0 SControl 300)
2025-07-22T11:03:55.219467-03:00 linux-lab01 kernel: [    2.467495] ata32: SATA link down (SStatus 0 SControl 300)
2025-07-22T11:03:55.219468-03:00 linux-lab01 kernel: [    2.518561] e1000 0000:02:01.0 ens33: renamed from eth0
2025-07-22T11:03:55.219468-03:00 linux-lab01 kernel: [    2.521070] sr 3:0:0:0: [sr0] scsi3-mmc drive: 1x/1x writer dvd-ram cd/rw xa/form2 cdda tray
2025-07-22T11:03:55.219468-03:00 linux-lab01 kernel: [    2.521074] cdrom: Uniform CD-ROM driver Revision: 3.20
2025-07-22T11:03:55.219468-03:00 linux-lab01 kernel: [    2.521735] usb 1-2: New USB device found, idVendor=0e0f, idProduct=0002, bcdDevice= 1.00
2025-07-22T11:03:55.219469-03:00 linux-lab01 kernel: [    2.521739] usb 1-2: New USB device strings: Mfr=1, Product=2, SerialNumber=0
2025-07-22T11:03:55.219469-03:00 linux-lab01 kernel: [    2.521741] usb 1-2: Product: VMware Virtual USB Hub
2025-07-22T11:03:55.219469-03:00 linux-lab01 kernel: [    2.521742] usb 1-2: Manufacturer: VMware, Inc.
2025-07-22T11:03:55.219470-03:00 linux-lab01 kernel: [    2.524435] usbcore: registered new interface driver usbhid
2025-07-22T11:03:55.219470-03:00 linux-lab01 kernel: [    2.524437] usbhid: USB HID core driver
2025-07-22T11:03:55.219470-03:00 linux-lab01 kernel: [    2.528303] hub 1-2:1.0: USB hub found
2025-07-22T11:03:55.219471-03:00 linux-lab01 kernel: [    2.528489] input: VMware VMware Virtual USB Mouse as /devices/pci0000:00/0000:00:11.0/0000:02:00.0/usb1/1-1/1-1:1.0/0003:0E0F:0003.0001/input/input4
2025-07-22T11:03:55.219471-03:00 linux-lab01 kernel: [    2.528587] hid-generic 0003:0E0F:0003.0001: input,hidraw0: USB HID v1.10 Mouse [VMware VMware Virtual USB Mouse] on usb-0000:02:00.0-1/input0
2025-07-22T11:03:55.219472-03:00 linux-lab01 kernel: [    2.530577] hub 1-2:1.0: 7 ports detected
2025-07-22T11:03:55.219472-03:00 linux-lab01 kernel: [    2.541181] sd 32:0:0:0: [sda] 41943040 512-byte logical blocks: (21.5 GB/20.0 GiB)
2025-07-22T11:03:55.219472-03:00 linux-lab01 kernel: [    2.541213] sd 32:0:0:0: [sda] Write Protect is off
2025-07-22T11:03:55.219473-03:00 linux-lab01 kernel: [    2.541215] sd 32:0:0:0: [sda] Mode Sense: 61 00 00 00
2025-07-22T11:03:55.219473-03:00 linux-lab01 kernel: [    2.541272] sd 32:0:0:0: [sda] Cache data unavailable
2025-07-22T11:03:55.219473-03:00 linux-lab01 kernel: [    2.541273] sd 32:0:0:0: [sda] Assuming drive cache: write through
2025-07-22T11:03:55.219474-03:00 linux-lab01 kernel: [    2.550011] sr 3:0:0:0: Attached scsi CD-ROM sr0
2025-07-22T11:03:55.219474-03:00 linux-lab01 kernel: [    2.554204]  sda: sda1 sda2 sda3
2025-07-22T11:03:55.219474-03:00 linux-lab01 kernel: [    2.554727] sd 32:0:0:0: [sda] Attached SCSI disk
2025-07-22T11:03:55.219475-03:00 linux-lab01 kernel: [    2.620395] PM: Image not found (code -22)
2025-07-22T11:03:55.219475-03:00 linux-lab01 kernel: [    2.739934] EXT4-fs (sda3): mounted filesystem with ordered data mode. Quota mode: none.
2025-07-22T11:03:55.219475-03:00 linux-lab01 kernel: [    2.793132] Not activating Mandatory Access Control as /sbin/tomoyo-init does not exist.
2025-07-22T11:03:55.219516-03:00 linux-lab01 kernel: [    3.366420] EXT4-fs (sda3): re-mounted. Quota mode: none.
2025-07-22T11:03:55.219517-03:00 linux-lab01 kernel: [    3.542549] device-mapper: core: CONFIG_IMA_DISABLE_HTABLE is disabled. Duplicate IMA measurements will not be recorded in the IMA log.
2025-07-22T11:03:55.219517-03:00 linux-lab01 kernel: [    3.542584] device-mapper: uevent: version 1.0.3
2025-07-22T11:03:55.219518-03:00 linux-lab01 kernel: [    3.542649] device-mapper: ioctl: 4.47.0-ioctl (2022-07-28) initialised: dm-devel@redhat.com
2025-07-22T11:03:55.219518-03:00 linux-lab01 kernel: [    3.603735] fuse: init (API version 7.38)
2025-07-22T11:03:55.219518-03:00 linux-lab01 kernel: [    3.627181] loop: module loaded
2025-07-22T11:03:55.219519-03:00 linux-lab01 kernel: [    3.690789] ACPI: bus type drm_connector registered
2025-07-22T11:03:55.219519-03:00 linux-lab01 kernel: [    4.115109] sd 32:0:0:0: Attached scsi generic sg0 type 0
2025-07-22T11:03:55.219545-03:00 linux-lab01 kernel: [    4.116006] sr 3:0:0:0: Attached scsi generic sg1 type 5
2025-07-22T11:03:55.219546-03:00 linux-lab01 kernel: [    4.236875] input: Power Button as /devices/LNXSYSTM:00/LNXPWRBN:00/input/input5
2025-07-22T11:03:55.219546-03:00 linux-lab01 kernel: [    4.250325] ACPI: button: Power Button [PWRF]
2025-07-22T11:03:55.219546-03:00 linux-lab01 kernel: [    4.261851] ACPI: AC: AC Adapter [ACAD] (on-line)
2025-07-22T11:03:55.219546-03:00 linux-lab01 kernel: [    4.264275] Adding 3906556k swap on /dev/sda2.  Priority:-2 extents:1 across:3906556k FS
2025-07-22T11:03:55.219547-03:00 linux-lab01 kernel: [    4.336374] EXT4-fs (sda1): mounted filesystem with ordered data mode. Quota mode: none.
2025-07-22T11:03:55.219547-03:00 linux-lab01 kernel: [    4.521736] audit: type=1400 audit(1753192434.856:2): apparmor="STATUS" operation="profile_load" profile="unconfined" name="lsb_release" pid=419 comm="apparmor_parser"
2025-07-22T11:03:55.219548-03:00 linux-lab01 kernel: [    4.535823] audit: type=1400 audit(1753192434.872:3): apparmor="STATUS" operation="profile_load" profile="unconfined" name="nvidia_modprobe" pid=420 comm="apparmor_parser"
2025-07-22T11:03:55.219548-03:00 linux-lab01 kernel: [    4.535828] audit: type=1400 audit(1753192434.872:4): apparmor="STATUS" operation="profile_load" profile="unconfined" name="nvidia_modprobe//kmod" pid=420 comm="apparmor_parser"
2025-07-22T11:03:55.219548-03:00 linux-lab01 kernel: [    4.568050] audit: type=1400 audit(1753192434.904:5): apparmor="STATUS" operation="profile_load" profile="unconfined" name="/usr/lib/NetworkManager/nm-dhcp-client.action" pid=421 comm="apparmor_parser"
2025-07-22T11:03:55.219549-03:00 linux-lab01 kernel: [    4.568054] audit: type=1400 audit(1753192434.904:6): apparmor="STATUS" operation="profile_load" profile="unconfined" name="/usr/lib/NetworkManager/nm-dhcp-helper" pid=421 comm="apparmor_parser"
2025-07-22T11:03:55.219549-03:00 linux-lab01 kernel: [    4.568056] audit: type=1400 audit(1753192434.904:7): apparmor="STATUS" operation="profile_load" profile="unconfined" name="/usr/lib/connman/scripts/dhclient-script" pid=421 comm="apparmor_parser"
2025-07-22T11:03:55.219550-03:00 linux-lab01 kernel: [    4.568058] audit: type=1400 audit(1753192434.904:8): apparmor="STATUS" operation="profile_load" profile="unconfined" name="/{,usr/}sbin/dhclient" pid=421 comm="apparmor_parser"
2025-07-22T11:03:55.219550-03:00 linux-lab01 kernel: [    4.591688] audit: type=1400 audit(1753192434.928:9): apparmor="STATUS" operation="profile_load" profile="unconfined" name="/usr/bin/man" pid=422 comm="apparmor_parser"
2025-07-22T11:03:55.219550-03:00 linux-lab01 kernel: [    4.591693] audit: type=1400 audit(1753192434.928:10): apparmor="STATUS" operation="profile_load" profile="unconfined" name="man_filter" pid=422 comm="apparmor_parser"
2025-07-22T11:03:55.219551-03:00 linux-lab01 kernel: [    4.813655] vmw_vmci 0000:00:07.7: MMIO register access is available
2025-07-22T11:03:55.219551-03:00 linux-lab01 kernel: [    4.818281] vmw_vmci 0000:00:07.7: Using capabilities 0x3c
2025-07-22T11:03:55.219551-03:00 linux-lab01 kernel: [    4.831821] Guest personality initialized and is active
2025-07-22T11:03:55.219551-03:00 linux-lab01 kernel: [    4.831857] VMCI host device registered (name=vmci, major=10, minor=124)
2025-07-22T11:03:55.219552-03:00 linux-lab01 kernel: [    4.831859] Initialized host personality
2025-07-22T11:03:55.219552-03:00 linux-lab01 kernel: [    4.835985] NET: Registered PF_VSOCK protocol family
2025-07-22T11:03:55.219552-03:00 linux-lab01 kernel: [    5.146866] e1000: ens33 NIC Link is Up 1000 Mbps Full Duplex, Flow Control: None
2025-07-22T11:03:55.219553-03:00 linux-lab01 kernel: [    5.152587] IPv6: ADDRCONF(NETDEV_CHANGE): ens33: link becomes ready
2025-07-22T11:03:55.219553-03:00 linux-lab01 kernel: [    5.527787] input: PC Speaker as /devices/platform/pcspkr/input/input6
2025-07-22T11:03:55.219553-03:00 linux-lab01 kernel: [    5.727667] RAPL PMU: API unit is 2^-32 Joules, 0 fixed counters, 10737418240 ms ovfl timer
2025-07-22T11:03:55.219554-03:00 linux-lab01 kernel: [    5.728671] vmwgfx 0000:00:0f.0: vgaarb: deactivate vga console
2025-07-22T11:03:55.219554-03:00 linux-lab01 kernel: [    5.728796] Console: switching to colour dummy device 80x25
2025-07-22T11:03:55.219554-03:00 linux-lab01 kernel: [    5.735113] vmwgfx 0000:00:0f.0: [drm] FIFO at 0x00000000fe000000 size is 8192 kiB
2025-07-22T11:03:55.219555-03:00 linux-lab01 kernel: [    5.735127] vmwgfx 0000:00:0f.0: [drm] VRAM at 0x00000000e8000000 size is 131072 kiB
2025-07-22T11:03:55.219555-03:00 linux-lab01 kernel: [    5.735145] vmwgfx 0000:00:0f.0: [drm] Running on SVGA version 2.
2025-07-22T11:03:55.219556-03:00 linux-lab01 kernel: [    5.735154] vmwgfx 0000:00:0f.0: [drm] Capabilities: rect copy, cursor, cursor bypass, cursor bypass 2, 8bit emulation, alpha cursor, extended fifo, multimon, pitchlock, irq mask, display topology, gmr, traces, gmr2, screen object 2, command buffers, command buffers 2, gbobject, dx, hp cmd queue, no bb restriction, cap2 register, 
2025-07-22T11:03:55.219556-03:00 linux-lab01 kernel: [    5.735161] vmwgfx 0000:00:0f.0: [drm] Capabilities2: grow otable, intra surface copy, dx2, gb memsize 2, screendma reg, otable ptdepth2, non ms to ms stretchblt, cursor mob, mshint, cb max size 4mb, dx3, frame type, trace full fb, extra regs, lo staging, 
2025-07-22T11:03:55.219557-03:00 linux-lab01 kernel: [    5.735162] vmwgfx 0000:00:0f.0: [drm] DMA map mode: Caching DMA mappings.
2025-07-22T11:03:55.219557-03:00 linux-lab01 kernel: [    5.735246] vmwgfx 0000:00:0f.0: [drm] Legacy memory limits: VRAM = 4096 kB, FIFO = 256 kB, surface = 0 kB
2025-07-22T11:03:55.219573-03:00 linux-lab01 kernel: [    5.735248] vmwgfx 0000:00:0f.0: [drm] MOB limits: max mob size = 262144 kB, max mob pages = 65536
2025-07-22T11:03:55.219574-03:00 linux-lab01 kernel: [    5.735250] vmwgfx 0000:00:0f.0: [drm] Max GMR ids is 64
2025-07-22T11:03:55.219574-03:00 linux-lab01 kernel: [    5.735251] vmwgfx 0000:00:0f.0: [drm] Max number of GMR pages is 65536
2025-07-22T11:03:55.219575-03:00 linux-lab01 kernel: [    5.735252] vmwgfx 0000:00:0f.0: [drm] Maximum display memory size is 262144 kiB
2025-07-22T11:03:55.219575-03:00 linux-lab01 kernel: [    5.751292] cryptd: max_cpu_qlen set to 1000
2025-07-22T11:03:55.219575-03:00 linux-lab01 kernel: [    5.757796] vmwgfx 0000:00:0f.0: [drm] Screen Target display unit initialized
2025-07-22T11:03:55.219583-03:00 linux-lab01 kernel: [    5.763645] vmwgfx 0000:00:0f.0: [drm] Fifo max 0x00040000 min 0x00001000 cap 0x0000077f
2025-07-22T11:03:55.219583-03:00 linux-lab01 kernel: [    5.764106] vmwgfx 0000:00:0f.0: [drm] Using command buffers with DMA pool.
2025-07-22T11:03:55.219584-03:00 linux-lab01 kernel: [    5.764112] vmwgfx 0000:00:0f.0: [drm] Available shader model: Legacy.
2025-07-22T11:03:55.219584-03:00 linux-lab01 kernel: [    5.770802] [drm] Initialized vmwgfx 2.20.0 20211206 for 0000:00:0f.0 on minor 0
2025-07-22T11:03:55.219584-03:00 linux-lab01 kernel: [    5.773861] AVX2 version of gcm_enc/dec engaged.
2025-07-22T11:03:55.219585-03:00 linux-lab01 kernel: [    5.773885] AES CTR mode by8 optimization enabled
2025-07-22T11:03:55.219589-03:00 linux-lab01 kernel: [    5.776299] fbcon: vmwgfxdrmfb (fb0) is primary device
2025-07-22T11:03:55.219589-03:00 linux-lab01 kernel: [    5.777255] Console: switching to colour frame buffer device 160x50
2025-07-22T11:03:55.219590-03:00 linux-lab01 kernel: [    5.778646] vmwgfx 0000:00:0f.0: [drm] fb0: vmwgfxdrmfb frame buffer device
2025-07-22T11:03:55.219590-03:00 linux-lab01 kernel: [   59.068434] perf: interrupt took too long (3389 > 2500), lowering kernel.perf_event_max_sample_rate to 59000
2025-07-22T11:03:55.219591-03:00 linux-lab01 kernel: [  207.783325] perf: interrupt took too long (4558 > 4236), lowering kernel.perf_event_max_sample_rate to 43750
2025-07-22T11:03:55.219591-03:00 linux-lab01 kernel: [  396.107779] perf: interrupt took too long (5856 > 5697), lowering kernel.perf_event_max_sample_rate to 34000
2025-07-22T11:04:02.592194-03:00 linux-lab01 kernel: [  611.825406] perf: interrupt took too long (7391 > 7320), lowering kernel.perf_event_max_sample_rate to 27000
2025-07-22T11:06:39.943099-03:00 linux-lab01 kernel: [  769.177034] perf: interrupt took too long (9406 > 9238), lowering kernel.perf_event_max_sample_rate to 21250
2025-07-22T11:08:17.206004-03:00 linux-lab01 kernel: [  866.435251] perf: interrupt took too long (11875 > 11757), lowering kernel.perf_event_max_sample_rate to 16750
2025-07-22T11:10:18.473662-03:00 linux-lab01 kernel: [  987.694965] perf: interrupt took too long (15001 > 14843), lowering kernel.perf_event_max_sample_rate to 13250
2025-07-22T11:12:24.691467-03:00 linux-lab01 kernel: [ 1113.914114] perf: interrupt took too long (18966 > 18751), lowering kernel.perf_event_max_sample_rate to 10500
2025-07-22T11:20:39.361892-03:00 linux-lab01 kernel: [ 1608.574658] perf: interrupt took too long (23770 > 23707), lowering kernel.perf_event_max_sample_rate to 8250
2025-07-22T11:49:05.066587-03:00 linux-lab01 kernel: [ 3314.233668] perf: interrupt took too long (29947 > 29712), lowering kernel.perf_event_max_sample_rate to 6500
2025-07-22T12:07:06.995886-03:00 linux-lab01 kernel: [ 4396.145860] perf: interrupt took too long (37514 > 37433), lowering kernel.perf_event_max_sample_rate to 5250
2025-07-22T16:36:38.535989-03:00 linux-lab01 kernel: [20567.464402] perf: interrupt took too long (46964 > 46892), lowering kernel.perf_event_max_sample_rate to 4250
2025-07-23T09:30:43.014021-03:00 linux-lab01 kernel: [    0.000000] Linux version 6.1.0-37-amd64 (debian-kernel@lists.debian.org) (gcc-12 (Debian 12.2.0-14+deb12u1) 12.2.0, GNU ld (GNU Binutils for Debian) 2.40) #1 SMP PREEMPT_DYNAMIC Debian 6.1.140-1 (2025-05-22)
2025-07-23T09:30:43.014135-03:00 linux-lab01 kernel: [    0.000000] Command line: BOOT_IMAGE=/vmlinuz-6.1.0-37-amd64 root=UUID=99157acc-a987-44e0-8818-94e856c52364 ro quiet
2025-07-23T09:30:43.014138-03:00 linux-lab01 kernel: [    0.000000] Disabled fast string operations
2025-07-23T09:30:43.014138-03:00 linux-lab01 kernel: [    0.000000] BIOS-provided physical RAM map:
2025-07-23T09:30:43.014139-03:00 linux-lab01 kernel: [    0.000000] BIOS-e820: [mem 0x0000000000000000-0x000000000009e7ff] usable
2025-07-23T09:30:43.014140-03:00 linux-lab01 kernel: [    0.000000] BIOS-e820: [mem 0x000000000009e800-0x000000000009ffff] reserved
2025-07-23T09:30:43.014141-03:00 linux-lab01 kernel: [    0.000000] BIOS-e820: [mem 0x00000000000dc000-0x00000000000fffff] reserved
2025-07-23T09:30:43.014193-03:00 linux-lab01 kernel: [    0.000000] BIOS-e820: [mem 0x0000000000100000-0x000000007fedffff] usable
2025-07-23T09:30:43.014195-03:00 linux-lab01 kernel: [    0.000000] BIOS-e820: [mem 0x000000007fee0000-0x000000007fefefff] ACPI data
2025-07-23T09:30:43.014196-03:00 linux-lab01 kernel: [    0.000000] BIOS-e820: [mem 0x000000007feff000-0x000000007fefffff] ACPI NVS
2025-07-23T09:30:43.014197-03:00 linux-lab01 kernel: [    0.000000] BIOS-e820: [mem 0x000000007ff00000-0x000000007fffffff] usable
2025-07-23T09:30:43.014198-03:00 linux-lab01 kernel: [    0.000000] BIOS-e820: [mem 0x00000000f0000000-0x00000000f7ffffff] reserved
2025-07-23T09:30:43.014198-03:00 linux-lab01 kernel: [    0.000000] BIOS-e820: [mem 0x00000000fec00000-0x00000000fec0ffff] reserved
2025-07-23T09:30:43.014199-03:00 linux-lab01 kernel: [    0.000000] BIOS-e820: [mem 0x00000000fee00000-0x00000000fee00fff] reserved
2025-07-23T09:30:43.014216-03:00 linux-lab01 kernel: [    0.000000] BIOS-e820: [mem 0x00000000fffe0000-0x00000000ffffffff] reserved
2025-07-23T09:30:43.014218-03:00 linux-lab01 kernel: [    0.000000] NX (Execute Disable) protection: active
2025-07-23T09:30:43.014219-03:00 linux-lab01 kernel: [    0.000000] SMBIOS 2.7 present.
2025-07-23T09:30:43.014219-03:00 linux-lab01 kernel: [    0.000000] DMI: VMware, Inc. VMware Virtual Platform/440BX Desktop Reference Platform, BIOS 6.00 11/12/2020
2025-07-23T09:30:43.014220-03:00 linux-lab01 kernel: [    0.000000] vmware: hypercall mode: 0x02
2025-07-23T09:30:43.014221-03:00 linux-lab01 kernel: [    0.000000] Hypervisor detected: VMware
2025-07-23T09:30:43.014237-03:00 linux-lab01 kernel: [    0.000000] vmware: TSC freq read from hypervisor : 2903.974 MHz
2025-07-23T09:30:43.014239-03:00 linux-lab01 kernel: [    0.000000] vmware: Host bus clock speed read from hypervisor : 66000000 Hz
2025-07-23T09:30:43.014240-03:00 linux-lab01 kernel: [    0.000000] vmware: using clock offset of 16976572300 ns
2025-07-23T09:30:43.014240-03:00 linux-lab01 kernel: [    0.000019] tsc: Detected 2903.974 MHz processor
2025-07-23T09:30:43.014241-03:00 linux-lab01 kernel: [    0.003361] e820: update [mem 0x00000000-0x00000fff] usable ==> reserved
2025-07-23T09:30:43.014242-03:00 linux-lab01 kernel: [    0.003367] e820: remove [mem 0x000a0000-0x000fffff] usable
2025-07-23T09:30:43.014259-03:00 linux-lab01 kernel: [    0.003374] last_pfn = 0x80000 max_arch_pfn = 0x400000000
2025-07-23T09:30:43.014260-03:00 linux-lab01 kernel: [    0.003407] x86/PAT: Configuration [0-7]: WB  WC  UC- UC  WB  WP  UC- WT  
2025-07-23T09:30:43.014261-03:00 linux-lab01 kernel: [    0.013445] found SMP MP-table at [mem 0x000f6a70-0x000f6a7f]
2025-07-23T09:30:43.014262-03:00 linux-lab01 kernel: [    0.013488] Using GB pages for direct mapping
2025-07-23T09:30:43.014262-03:00 linux-lab01 kernel: [    0.013710] RAMDISK: [mem 0x32b99000-0x355c3fff]
2025-07-23T09:30:43.014263-03:00 linux-lab01 kernel: [    0.013718] ACPI: Early table checksum verification disabled
2025-07-23T09:30:43.014264-03:00 linux-lab01 kernel: [    0.013722] ACPI: RSDP 0x00000000000F6A00 000024 (v02 PTLTD )
2025-07-23T09:30:43.014280-03:00 linux-lab01 kernel: [    0.013728] ACPI: XSDT 0x000000007FEEA683 00005C (v01 INTEL  440BX    06040000 VMW  01324272)
2025-07-23T09:30:43.014282-03:00 linux-lab01 kernel: [    0.013735] ACPI: FACP 0x000000007FEFEE73 0000F4 (v04 INTEL  440BX    06040000 PTL  000F4240)
2025-07-23T09:30:43.014282-03:00 linux-lab01 kernel: [    0.013742] ACPI: DSDT 0x000000007FEEB7E9 01368A (v01 PTLTD  Custom   06040000 MSFT 03000001)
2025-07-23T09:30:43.014283-03:00 linux-lab01 kernel: [    0.013753] ACPI: FACS 0x000000007FEFFFC0 000040
2025-07-23T09:30:43.014284-03:00 linux-lab01 kernel: [    0.013757] ACPI: FACS 0x000000007FEFFFC0 000040
2025-07-23T09:30:43.014285-03:00 linux-lab01 kernel: [    0.013761] ACPI: BOOT 0x000000007FEEB7C1 000028 (v01 PTLTD  $SBFTBL$ 06040000  LTP 00000001)
2025-07-23T09:30:43.014301-03:00 linux-lab01 kernel: [    0.013765] ACPI: APIC 0x000000007FEEB07F 000742 (v01 PTLTD  ? APIC   06040000  LTP 00000000)
2025-07-23T09:30:43.014302-03:00 linux-lab01 kernel: [    0.013769] ACPI: MCFG 0x000000007FEEB043 00003C (v01 PTLTD  $PCITBL$ 06040000  LTP 00000001)
2025-07-23T09:30:43.014303-03:00 linux-lab01 kernel: [    0.013773] ACPI: SRAT 0x000000007FEEA77F 000880 (v02 VMWARE MEMPLUG  06040000 VMW  00000001)
2025-07-23T09:30:43.014304-03:00 linux-lab01 kernel: [    0.013777] ACPI: HPET 0x000000007FEEA747 000038 (v01 VMWARE VMW HPET 06040000 VMW  00000001)
2025-07-23T09:30:43.014305-03:00 linux-lab01 kernel: [    0.013782] ACPI: WAET 0x000000007FEEA71F 000028 (v01 VMWARE VMW WAET 06040000 VMW  00000001)
2025-07-23T09:30:43.014305-03:00 linux-lab01 kernel: [    0.013785] ACPI: Reserving FACP table memory at [mem 0x7fefee73-0x7fefef66]
2025-07-23T09:30:43.014322-03:00 linux-lab01 kernel: [    0.013787] ACPI: Reserving DSDT table memory at [mem 0x7feeb7e9-0x7fefee72]
2025-07-23T09:30:43.014323-03:00 linux-lab01 kernel: [    0.013788] ACPI: Reserving FACS table memory at [mem 0x7fefffc0-0x7fefffff]
2025-07-23T09:30:43.014324-03:00 linux-lab01 kernel: [    0.013789] ACPI: Reserving FACS table memory at [mem 0x7fefffc0-0x7fefffff]
2025-07-23T09:30:43.014325-03:00 linux-lab01 kernel: [    0.013790] ACPI: Reserving BOOT table memory at [mem 0x7feeb7c1-0x7feeb7e8]
2025-07-23T09:30:43.014325-03:00 linux-lab01 kernel: [    0.013791] ACPI: Reserving APIC table memory at [mem 0x7feeb07f-0x7feeb7c0]
2025-07-23T09:30:43.014326-03:00 linux-lab01 kernel: [    0.013792] ACPI: Reserving MCFG table memory at [mem 0x7feeb043-0x7feeb07e]
2025-07-23T09:30:43.014327-03:00 linux-lab01 kernel: [    0.013793] ACPI: Reserving SRAT table memory at [mem 0x7feea77f-0x7feeaffe]
2025-07-23T09:30:43.014368-03:00 linux-lab01 kernel: [    0.013793] ACPI: Reserving HPET table memory at [mem 0x7feea747-0x7feea77e]
2025-07-23T09:30:43.014370-03:00 linux-lab01 kernel: [    0.013794] ACPI: Reserving WAET table memory at [mem 0x7feea71f-0x7feea746]
2025-07-23T09:30:43.014371-03:00 linux-lab01 kernel: [    0.013855] system APIC only can use physical flat
2025-07-23T09:30:43.014371-03:00 linux-lab01 kernel: [    0.013857] Setting APIC routing to physical flat.
2025-07-23T09:30:43.014372-03:00 linux-lab01 kernel: [    0.013889] SRAT: PXM 0 -> APIC 0x00 -> Node 0
2025-07-23T09:30:43.014373-03:00 linux-lab01 kernel: [    0.013891] SRAT: PXM 0 -> APIC 0x02 -> Node 0
2025-07-23T09:30:43.014390-03:00 linux-lab01 kernel: [    0.013892] SRAT: PXM 0 -> APIC 0x04 -> Node 0
2025-07-23T09:30:43.014391-03:00 linux-lab01 kernel: [    0.013893] SRAT: PXM 0 -> APIC 0x06 -> Node 0
2025-07-23T09:30:43.014392-03:00 linux-lab01 kernel: [    0.013894] SRAT: PXM 0 -> APIC 0x08 -> Node 0
2025-07-23T09:30:43.014393-03:00 linux-lab01 kernel: [    0.013895] SRAT: PXM 0 -> APIC 0x0a -> Node 0
2025-07-23T09:30:43.014393-03:00 linux-lab01 kernel: [    0.013895] SRAT: PXM 0 -> APIC 0x0c -> Node 0
2025-07-23T09:30:43.014394-03:00 linux-lab01 kernel: [    0.013896] SRAT: PXM 0 -> APIC 0x0e -> Node 0
2025-07-23T09:30:43.014395-03:00 linux-lab01 kernel: [    0.013897] SRAT: PXM 0 -> APIC 0x10 -> Node 0
2025-07-23T09:30:43.014411-03:00 linux-lab01 kernel: [    0.013898] SRAT: PXM 0 -> APIC 0x12 -> Node 0
2025-07-23T09:30:43.014413-03:00 linux-lab01 kernel: [    0.013899] SRAT: PXM 0 -> APIC 0x14 -> Node 0
2025-07-23T09:30:43.014414-03:00 linux-lab01 kernel: [    0.013900] SRAT: PXM 0 -> APIC 0x16 -> Node 0
2025-07-23T09:30:43.014414-03:00 linux-lab01 kernel: [    0.013901] SRAT: PXM 0 -> APIC 0x18 -> Node 0
2025-07-23T09:30:43.014415-03:00 linux-lab01 kernel: [    0.013902] SRAT: PXM 0 -> APIC 0x1a -> Node 0
2025-07-23T09:30:43.014416-03:00 linux-lab01 kernel: [    0.013902] SRAT: PXM 0 -> APIC 0x1c -> Node 0
2025-07-23T09:30:43.014432-03:00 linux-lab01 kernel: [    0.013903] SRAT: PXM 0 -> APIC 0x1e -> Node 0
2025-07-23T09:30:43.014434-03:00 linux-lab01 kernel: [    0.013904] SRAT: PXM 0 -> APIC 0x20 -> Node 0
2025-07-23T09:30:43.014434-03:00 linux-lab01 kernel: [    0.013905] SRAT: PXM 0 -> APIC 0x22 -> Node 0
2025-07-23T09:30:43.014435-03:00 linux-lab01 kernel: [    0.013906] SRAT: PXM 0 -> APIC 0x24 -> Node 0
2025-07-23T09:30:43.014436-03:00 linux-lab01 kernel: [    0.013906] SRAT: PXM 0 -> APIC 0x26 -> Node 0
2025-07-23T09:30:43.014437-03:00 linux-lab01 kernel: [    0.013907] SRAT: PXM 0 -> APIC 0x28 -> Node 0
2025-07-23T09:30:43.014453-03:00 linux-lab01 kernel: [    0.013908] SRAT: PXM 0 -> APIC 0x2a -> Node 0
2025-07-23T09:30:43.014455-03:00 linux-lab01 kernel: [    0.013909] SRAT: PXM 0 -> APIC 0x2c -> Node 0
2025-07-23T09:30:43.014455-03:00 linux-lab01 kernel: [    0.013910] SRAT: PXM 0 -> APIC 0x2e -> Node 0
2025-07-23T09:30:43.014456-03:00 linux-lab01 kernel: [    0.013911] SRAT: PXM 0 -> APIC 0x30 -> Node 0
2025-07-23T09:30:43.014457-03:00 linux-lab01 kernel: [    0.013911] SRAT: PXM 0 -> APIC 0x32 -> Node 0
2025-07-23T09:30:43.014458-03:00 linux-lab01 kernel: [    0.013912] SRAT: PXM 0 -> APIC 0x34 -> Node 0
2025-07-23T09:30:43.014458-03:00 linux-lab01 kernel: [    0.013913] SRAT: PXM 0 -> APIC 0x36 -> Node 0
2025-07-23T09:30:43.014476-03:00 linux-lab01 kernel: [    0.013914] SRAT: PXM 0 -> APIC 0x38 -> Node 0
2025-07-23T09:30:43.014478-03:00 linux-lab01 kernel: [    0.013915] SRAT: PXM 0 -> APIC 0x3a -> Node 0
2025-07-23T09:30:43.014479-03:00 linux-lab01 kernel: [    0.013916] SRAT: PXM 0 -> APIC 0x3c -> Node 0
2025-07-23T09:30:43.014479-03:00 linux-lab01 kernel: [    0.013917] SRAT: PXM 0 -> APIC 0x3e -> Node 0
2025-07-23T09:30:43.014480-03:00 linux-lab01 kernel: [    0.013917] SRAT: PXM 0 -> APIC 0x40 -> Node 0
2025-07-23T09:30:43.014481-03:00 linux-lab01 kernel: [    0.013918] SRAT: PXM 0 -> APIC 0x42 -> Node 0
2025-07-23T09:30:43.014497-03:00 linux-lab01 kernel: [    0.013919] SRAT: PXM 0 -> APIC 0x44 -> Node 0
2025-07-23T09:30:43.014499-03:00 linux-lab01 kernel: [    0.013920] SRAT: PXM 0 -> APIC 0x46 -> Node 0
2025-07-23T09:30:43.014500-03:00 linux-lab01 kernel: [    0.013921] SRAT: PXM 0 -> APIC 0x48 -> Node 0
2025-07-23T09:30:43.014500-03:00 linux-lab01 kernel: [    0.013922] SRAT: PXM 0 -> APIC 0x4a -> Node 0
2025-07-23T09:30:43.014501-03:00 linux-lab01 kernel: [    0.013923] SRAT: PXM 0 -> APIC 0x4c -> Node 0
2025-07-23T09:30:43.014502-03:00 linux-lab01 kernel: [    0.013924] SRAT: PXM 0 -> APIC 0x4e -> Node 0
2025-07-23T09:30:43.014502-03:00 linux-lab01 kernel: [    0.013925] SRAT: PXM 0 -> APIC 0x50 -> Node 0
2025-07-23T09:30:43.014519-03:00 linux-lab01 kernel: [    0.013926] SRAT: PXM 0 -> APIC 0x52 -> Node 0
2025-07-23T09:30:43.014520-03:00 linux-lab01 kernel: [    0.013926] SRAT: PXM 0 -> APIC 0x54 -> Node 0
2025-07-23T09:30:43.014521-03:00 linux-lab01 kernel: [    0.013927] SRAT: PXM 0 -> APIC 0x56 -> Node 0
2025-07-23T09:30:43.014522-03:00 linux-lab01 kernel: [    0.013928] SRAT: PXM 0 -> APIC 0x58 -> Node 0
2025-07-23T09:30:43.014523-03:00 linux-lab01 kernel: [    0.013929] SRAT: PXM 0 -> APIC 0x5a -> Node 0
2025-07-23T09:30:43.014523-03:00 linux-lab01 kernel: [    0.013930] SRAT: PXM 0 -> APIC 0x5c -> Node 0
2025-07-23T09:30:43.014540-03:00 linux-lab01 kernel: [    0.013931] SRAT: PXM 0 -> APIC 0x5e -> Node 0
2025-07-23T09:30:43.014542-03:00 linux-lab01 kernel: [    0.013932] SRAT: PXM 0 -> APIC 0x60 -> Node 0
2025-07-23T09:30:43.014542-03:00 linux-lab01 kernel: [    0.013933] SRAT: PXM 0 -> APIC 0x62 -> Node 0
2025-07-23T09:30:43.014543-03:00 linux-lab01 kernel: [    0.013934] SRAT: PXM 0 -> APIC 0x64 -> Node 0
2025-07-23T09:30:43.014544-03:00 linux-lab01 kernel: [    0.013935] SRAT: PXM 0 -> APIC 0x66 -> Node 0
2025-07-23T09:30:43.014545-03:00 linux-lab01 kernel: [    0.013936] SRAT: PXM 0 -> APIC 0x68 -> Node 0
2025-07-23T09:30:43.014565-03:00 linux-lab01 kernel: [    0.013937] SRAT: PXM 0 -> APIC 0x6a -> Node 0
2025-07-23T09:30:43.014567-03:00 linux-lab01 kernel: [    0.013937] SRAT: PXM 0 -> APIC 0x6c -> Node 0
2025-07-23T09:30:43.014567-03:00 linux-lab01 kernel: [    0.013938] SRAT: PXM 0 -> APIC 0x6e -> Node 0
2025-07-23T09:30:43.014568-03:00 linux-lab01 kernel: [    0.013939] SRAT: PXM 0 -> APIC 0x70 -> Node 0
2025-07-23T09:30:43.014569-03:00 linux-lab01 kernel: [    0.013940] SRAT: PXM 0 -> APIC 0x72 -> Node 0
2025-07-23T09:30:43.014570-03:00 linux-lab01 kernel: [    0.013941] SRAT: PXM 0 -> APIC 0x74 -> Node 0
2025-07-23T09:30:43.014570-03:00 linux-lab01 kernel: [    0.013942] SRAT: PXM 0 -> APIC 0x76 -> Node 0
2025-07-23T09:30:43.014587-03:00 linux-lab01 kernel: [    0.013943] SRAT: PXM 0 -> APIC 0x78 -> Node 0
2025-07-23T09:30:43.014588-03:00 linux-lab01 kernel: [    0.013943] SRAT: PXM 0 -> APIC 0x7a -> Node 0
2025-07-23T09:30:43.014589-03:00 linux-lab01 kernel: [    0.013944] SRAT: PXM 0 -> APIC 0x7c -> Node 0
2025-07-23T09:30:43.014590-03:00 linux-lab01 kernel: [    0.013945] SRAT: PXM 0 -> APIC 0x7e -> Node 0
2025-07-23T09:30:43.014591-03:00 linux-lab01 kernel: [    0.013946] SRAT: PXM 0 -> APIC 0x80 -> Node 0
2025-07-23T09:30:43.014591-03:00 linux-lab01 kernel: [    0.013947] SRAT: PXM 0 -> APIC 0x82 -> Node 0
2025-07-23T09:30:43.014608-03:00 linux-lab01 kernel: [    0.013948] SRAT: PXM 0 -> APIC 0x84 -> Node 0
2025-07-23T09:30:43.014609-03:00 linux-lab01 kernel: [    0.013949] SRAT: PXM 0 -> APIC 0x86 -> Node 0
2025-07-23T09:30:43.014668-03:00 linux-lab01 kernel: [    0.013949] SRAT: PXM 0 -> APIC 0x88 -> Node 0
2025-07-23T09:30:43.014669-03:00 linux-lab01 kernel: [    0.013951] SRAT: PXM 0 -> APIC 0x8a -> Node 0
2025-07-23T09:30:43.014669-03:00 linux-lab01 kernel: [    0.013952] SRAT: PXM 0 -> APIC 0x8c -> Node 0
2025-07-23T09:30:43.014670-03:00 linux-lab01 kernel: [    0.013952] SRAT: PXM 0 -> APIC 0x8e -> Node 0
2025-07-23T09:30:43.014671-03:00 linux-lab01 kernel: [    0.013953] SRAT: PXM 0 -> APIC 0x90 -> Node 0
2025-07-23T09:30:43.014688-03:00 linux-lab01 kernel: [    0.013954] SRAT: PXM 0 -> APIC 0x92 -> Node 0
2025-07-23T09:30:43.014690-03:00 linux-lab01 kernel: [    0.013955] SRAT: PXM 0 -> APIC 0x94 -> Node 0
2025-07-23T09:30:43.014691-03:00 linux-lab01 kernel: [    0.013956] SRAT: PXM 0 -> APIC 0x96 -> Node 0
2025-07-23T09:30:43.014692-03:00 linux-lab01 kernel: [    0.013957] SRAT: PXM 0 -> APIC 0x98 -> Node 0
2025-07-23T09:30:43.014692-03:00 linux-lab01 kernel: [    0.013958] SRAT: PXM 0 -> APIC 0x9a -> Node 0
2025-07-23T09:30:43.014693-03:00 linux-lab01 kernel: [    0.013959] SRAT: PXM 0 -> APIC 0x9c -> Node 0
2025-07-23T09:30:43.014709-03:00 linux-lab01 kernel: [    0.013960] SRAT: PXM 0 -> APIC 0x9e -> Node 0
2025-07-23T09:30:43.014711-03:00 linux-lab01 kernel: [    0.013961] SRAT: PXM 0 -> APIC 0xa0 -> Node 0
2025-07-23T09:30:43.014712-03:00 linux-lab01 kernel: [    0.013962] SRAT: PXM 0 -> APIC 0xa2 -> Node 0
2025-07-23T09:30:43.014712-03:00 linux-lab01 kernel: [    0.013962] SRAT: PXM 0 -> APIC 0xa4 -> Node 0
2025-07-23T09:30:43.014713-03:00 linux-lab01 kernel: [    0.013963] SRAT: PXM 0 -> APIC 0xa6 -> Node 0
2025-07-23T09:30:43.014714-03:00 linux-lab01 kernel: [    0.013964] SRAT: PXM 0 -> APIC 0xa8 -> Node 0
2025-07-23T09:30:43.014730-03:00 linux-lab01 kernel: [    0.013965] SRAT: PXM 0 -> APIC 0xaa -> Node 0
2025-07-23T09:30:43.014732-03:00 linux-lab01 kernel: [    0.013966] SRAT: PXM 0 -> APIC 0xac -> Node 0
2025-07-23T09:30:43.014733-03:00 linux-lab01 kernel: [    0.013967] SRAT: PXM 0 -> APIC 0xae -> Node 0
2025-07-23T09:30:43.014733-03:00 linux-lab01 kernel: [    0.013967] SRAT: PXM 0 -> APIC 0xb0 -> Node 0
2025-07-23T09:30:43.014734-03:00 linux-lab01 kernel: [    0.013968] SRAT: PXM 0 -> APIC 0xb2 -> Node 0
2025-07-23T09:30:43.014735-03:00 linux-lab01 kernel: [    0.013969] SRAT: PXM 0 -> APIC 0xb4 -> Node 0
2025-07-23T09:30:43.014736-03:00 linux-lab01 kernel: [    0.013970] SRAT: PXM 0 -> APIC 0xb6 -> Node 0
2025-07-23T09:30:43.014752-03:00 linux-lab01 kernel: [    0.013971] SRAT: PXM 0 -> APIC 0xb8 -> Node 0
2025-07-23T09:30:43.014753-03:00 linux-lab01 kernel: [    0.013972] SRAT: PXM 0 -> APIC 0xba -> Node 0
2025-07-23T09:30:43.014754-03:00 linux-lab01 kernel: [    0.013973] SRAT: PXM 0 -> APIC 0xbc -> Node 0
2025-07-23T09:30:43.014755-03:00 linux-lab01 kernel: [    0.013974] SRAT: PXM 0 -> APIC 0xbe -> Node 0
2025-07-23T09:30:43.014756-03:00 linux-lab01 kernel: [    0.013974] SRAT: PXM 0 -> APIC 0xc0 -> Node 0
2025-07-23T09:30:43.014756-03:00 linux-lab01 kernel: [    0.013975] SRAT: PXM 0 -> APIC 0xc2 -> Node 0
2025-07-23T09:30:43.014773-03:00 linux-lab01 kernel: [    0.013976] SRAT: PXM 0 -> APIC 0xc4 -> Node 0
2025-07-23T09:30:43.014774-03:00 linux-lab01 kernel: [    0.013977] SRAT: PXM 0 -> APIC 0xc6 -> Node 0
2025-07-23T09:30:43.014775-03:00 linux-lab01 kernel: [    0.013978] SRAT: PXM 0 -> APIC 0xc8 -> Node 0
2025-07-23T09:30:43.014776-03:00 linux-lab01 kernel: [    0.013979] SRAT: PXM 0 -> APIC 0xca -> Node 0
2025-07-23T09:30:43.014776-03:00 linux-lab01 kernel: [    0.013980] SRAT: PXM 0 -> APIC 0xcc -> Node 0
2025-07-23T09:30:43.014777-03:00 linux-lab01 kernel: [    0.013981] SRAT: PXM 0 -> APIC 0xce -> Node 0
2025-07-23T09:30:43.014778-03:00 linux-lab01 kernel: [    0.013982] SRAT: PXM 0 -> APIC 0xd0 -> Node 0
2025-07-23T09:30:43.014794-03:00 linux-lab01 kernel: [    0.013982] SRAT: PXM 0 -> APIC 0xd2 -> Node 0
2025-07-23T09:30:43.014796-03:00 linux-lab01 kernel: [    0.013983] SRAT: PXM 0 -> APIC 0xd4 -> Node 0
2025-07-23T09:30:43.014796-03:00 linux-lab01 kernel: [    0.013984] SRAT: PXM 0 -> APIC 0xd6 -> Node 0
2025-07-23T09:30:43.014797-03:00 linux-lab01 kernel: [    0.013984] SRAT: PXM 0 -> APIC 0xd8 -> Node 0
2025-07-23T09:30:43.014798-03:00 linux-lab01 kernel: [    0.013985] SRAT: PXM 0 -> APIC 0xda -> Node 0
2025-07-23T09:30:43.014799-03:00 linux-lab01 kernel: [    0.013986] SRAT: PXM 0 -> APIC 0xdc -> Node 0
2025-07-23T09:30:43.014815-03:00 linux-lab01 kernel: [    0.013987] SRAT: PXM 0 -> APIC 0xde -> Node 0
2025-07-23T09:30:43.014816-03:00 linux-lab01 kernel: [    0.013988] SRAT: PXM 0 -> APIC 0xe0 -> Node 0
2025-07-23T09:30:43.014817-03:00 linux-lab01 kernel: [    0.013988] SRAT: PXM 0 -> APIC 0xe2 -> Node 0
2025-07-23T09:30:43.014818-03:00 linux-lab01 kernel: [    0.013989] SRAT: PXM 0 -> APIC 0xe4 -> Node 0
2025-07-23T09:30:43.014819-03:00 linux-lab01 kernel: [    0.013990] SRAT: PXM 0 -> APIC 0xe6 -> Node 0
2025-07-23T09:30:43.014819-03:00 linux-lab01 kernel: [    0.013990] SRAT: PXM 0 -> APIC 0xe8 -> Node 0
2025-07-23T09:30:43.014836-03:00 linux-lab01 kernel: [    0.013991] SRAT: PXM 0 -> APIC 0xea -> Node 0
2025-07-23T09:30:43.014837-03:00 linux-lab01 kernel: [    0.013992] SRAT: PXM 0 -> APIC 0xec -> Node 0
2025-07-23T09:30:43.014838-03:00 linux-lab01 kernel: [    0.013993] SRAT: PXM 0 -> APIC 0xee -> Node 0
2025-07-23T09:30:43.014839-03:00 linux-lab01 kernel: [    0.013994] SRAT: PXM 0 -> APIC 0xf0 -> Node 0
2025-07-23T09:30:43.014839-03:00 linux-lab01 kernel: [    0.013994] SRAT: PXM 0 -> APIC 0xf2 -> Node 0
2025-07-23T09:30:43.014840-03:00 linux-lab01 kernel: [    0.013995] SRAT: PXM 0 -> APIC 0xf4 -> Node 0
2025-07-23T09:30:43.014841-03:00 linux-lab01 kernel: [    0.013996] SRAT: PXM 0 -> APIC 0xf6 -> Node 0
2025-07-23T09:30:43.014859-03:00 linux-lab01 kernel: [    0.013997] SRAT: PXM 0 -> APIC 0xf8 -> Node 0
2025-07-23T09:30:43.014860-03:00 linux-lab01 kernel: [    0.013998] SRAT: PXM 0 -> APIC 0xfa -> Node 0
2025-07-23T09:30:43.014861-03:00 linux-lab01 kernel: [    0.013998] SRAT: PXM 0 -> APIC 0xfc -> Node 0
2025-07-23T09:30:43.014862-03:00 linux-lab01 kernel: [    0.013999] SRAT: PXM 0 -> APIC 0xfe -> Node 0
2025-07-23T09:30:43.014863-03:00 linux-lab01 kernel: [    0.014004] ACPI: SRAT: Node 0 PXM 0 [mem 0x00000000-0x0009ffff]
2025-07-23T09:30:43.014863-03:00 linux-lab01 kernel: [    0.014006] ACPI: SRAT: Node 0 PXM 0 [mem 0x00100000-0x7fffffff]
2025-07-23T09:30:43.014880-03:00 linux-lab01 kernel: [    0.014011] NUMA: Node 0 [mem 0x00000000-0x0009ffff] + [mem 0x00100000-0x7fffffff] -> [mem 0x00000000-0x7fffffff]
2025-07-23T09:30:43.014881-03:00 linux-lab01 kernel: [    0.014023] NODE_DATA(0) allocated [mem 0x7ffd5000-0x7fffffff]
2025-07-23T09:30:43.014882-03:00 linux-lab01 kernel: [    0.014350] Zone ranges:
2025-07-23T09:30:43.014883-03:00 linux-lab01 kernel: [    0.014351]   DMA      [mem 0x0000000000001000-0x0000000000ffffff]
2025-07-23T09:30:43.014884-03:00 linux-lab01 kernel: [    0.014354]   DMA32    [mem 0x0000000001000000-0x000000007fffffff]
2025-07-23T09:30:43.014884-03:00 linux-lab01 kernel: [    0.014356]   Normal   empty
2025-07-23T09:30:43.014901-03:00 linux-lab01 kernel: [    0.014358]   Device   empty
2025-07-23T09:30:43.014902-03:00 linux-lab01 kernel: [    0.014359] Movable zone start for each node
2025-07-23T09:30:43.014903-03:00 linux-lab01 kernel: [    0.014362] Early memory node ranges
2025-07-23T09:30:43.014904-03:00 linux-lab01 kernel: [    0.014362]   node   0: [mem 0x0000000000001000-0x000000000009dfff]
2025-07-23T09:30:43.014905-03:00 linux-lab01 kernel: [    0.014364]   node   0: [mem 0x0000000000100000-0x000000007fedffff]
2025-07-23T09:30:43.014905-03:00 linux-lab01 kernel: [    0.014366]   node   0: [mem 0x000000007ff00000-0x000000007fffffff]
2025-07-23T09:30:43.014906-03:00 linux-lab01 kernel: [    0.014368] Initmem setup node 0 [mem 0x0000000000001000-0x000000007fffffff]
2025-07-23T09:30:43.014922-03:00 linux-lab01 kernel: [    0.014374] On node 0, zone DMA: 1 pages in unavailable ranges
2025-07-23T09:30:43.014924-03:00 linux-lab01 kernel: [    0.014416] On node 0, zone DMA: 98 pages in unavailable ranges
2025-07-23T09:30:43.014925-03:00 linux-lab01 kernel: [    0.015105] On node 0, zone DMA32: 32 pages in unavailable ranges
2025-07-23T09:30:43.014925-03:00 linux-lab01 kernel: [    0.018708] ACPI: PM-Timer IO Port: 0x1008
2025-07-23T09:30:43.014926-03:00 linux-lab01 kernel: [    0.018715] system APIC only can use physical flat
2025-07-23T09:30:43.014927-03:00 linux-lab01 kernel: [    0.018732] ACPI: LAPIC_NMI (acpi_id[0x00] high edge lint[0x1])
2025-07-23T09:30:43.014949-03:00 linux-lab01 kernel: [    0.018735] ACPI: LAPIC_NMI (acpi_id[0x01] high edge lint[0x1])
2025-07-23T09:30:43.014951-03:00 linux-lab01 kernel: [    0.018736] ACPI: LAPIC_NMI (acpi_id[0x02] high edge lint[0x1])
2025-07-23T09:30:43.014952-03:00 linux-lab01 kernel: [    0.018737] ACPI: LAPIC_NMI (acpi_id[0x03] high edge lint[0x1])
2025-07-23T09:30:43.014952-03:00 linux-lab01 kernel: [    0.018738] ACPI: LAPIC_NMI (acpi_id[0x04] high edge lint[0x1])
2025-07-23T09:30:43.014953-03:00 linux-lab01 kernel: [    0.018739] ACPI: LAPIC_NMI (acpi_id[0x05] high edge lint[0x1])
2025-07-23T09:30:43.014954-03:00 linux-lab01 kernel: [    0.018740] ACPI: LAPIC_NMI (acpi_id[0x06] high edge lint[0x1])
2025-07-23T09:30:43.014955-03:00 linux-lab01 kernel: [    0.018740] ACPI: LAPIC_NMI (acpi_id[0x07] high edge lint[0x1])
2025-07-23T09:30:43.015005-03:00 linux-lab01 kernel: [    0.018741] ACPI: LAPIC_NMI (acpi_id[0x08] high edge lint[0x1])
2025-07-23T09:30:43.015007-03:00 linux-lab01 kernel: [    0.018742] ACPI: LAPIC_NMI (acpi_id[0x09] high edge lint[0x1])
2025-07-23T09:30:43.015007-03:00 linux-lab01 kernel: [    0.018743] ACPI: LAPIC_NMI (acpi_id[0x0a] high edge lint[0x1])
2025-07-23T09:30:43.015008-03:00 linux-lab01 kernel: [    0.018744] ACPI: LAPIC_NMI (acpi_id[0x0b] high edge lint[0x1])
2025-07-23T09:30:43.015009-03:00 linux-lab01 kernel: [    0.018745] ACPI: LAPIC_NMI (acpi_id[0x0c] high edge lint[0x1])
2025-07-23T09:30:43.015010-03:00 linux-lab01 kernel: [    0.018746] ACPI: LAPIC_NMI (acpi_id[0x0d] high edge lint[0x1])
2025-07-23T09:30:43.015030-03:00 linux-lab01 kernel: [    0.018747] ACPI: LAPIC_NMI (acpi_id[0x0e] high edge lint[0x1])
2025-07-23T09:30:43.015032-03:00 linux-lab01 kernel: [    0.018748] ACPI: LAPIC_NMI (acpi_id[0x0f] high edge lint[0x1])
2025-07-23T09:30:43.015033-03:00 linux-lab01 kernel: [    0.018749] ACPI: LAPIC_NMI (acpi_id[0x10] high edge lint[0x1])
2025-07-23T09:30:43.015034-03:00 linux-lab01 kernel: [    0.018750] ACPI: LAPIC_NMI (acpi_id[0x11] high edge lint[0x1])
2025-07-23T09:30:43.015034-03:00 linux-lab01 kernel: [    0.018751] ACPI: LAPIC_NMI (acpi_id[0x12] high edge lint[0x1])
2025-07-23T09:30:43.015035-03:00 linux-lab01 kernel: [    0.018752] ACPI: LAPIC_NMI (acpi_id[0x13] high edge lint[0x1])
2025-07-23T09:30:43.015055-03:00 linux-lab01 kernel: [    0.018753] ACPI: LAPIC_NMI (acpi_id[0x14] high edge lint[0x1])
2025-07-23T09:30:43.015057-03:00 linux-lab01 kernel: [    0.018754] ACPI: LAPIC_NMI (acpi_id[0x15] high edge lint[0x1])
2025-07-23T09:30:43.015057-03:00 linux-lab01 kernel: [    0.018755] ACPI: LAPIC_NMI (acpi_id[0x16] high edge lint[0x1])
2025-07-23T09:30:43.015058-03:00 linux-lab01 kernel: [    0.018755] ACPI: LAPIC_NMI (acpi_id[0x17] high edge lint[0x1])
2025-07-23T09:30:43.015059-03:00 linux-lab01 kernel: [    0.018756] ACPI: LAPIC_NMI (acpi_id[0x18] high edge lint[0x1])
2025-07-23T09:30:43.015060-03:00 linux-lab01 kernel: [    0.018757] ACPI: LAPIC_NMI (acpi_id[0x19] high edge lint[0x1])
2025-07-23T09:30:43.015060-03:00 linux-lab01 kernel: [    0.018758] ACPI: LAPIC_NMI (acpi_id[0x1a] high edge lint[0x1])
2025-07-23T09:30:43.015080-03:00 linux-lab01 kernel: [    0.018759] ACPI: LAPIC_NMI (acpi_id[0x1b] high edge lint[0x1])
2025-07-23T09:30:43.015082-03:00 linux-lab01 kernel: [    0.018760] ACPI: LAPIC_NMI (acpi_id[0x1c] high edge lint[0x1])
2025-07-23T09:30:43.015082-03:00 linux-lab01 kernel: [    0.018761] ACPI: LAPIC_NMI (acpi_id[0x1d] high edge lint[0x1])
2025-07-23T09:30:43.015083-03:00 linux-lab01 kernel: [    0.018762] ACPI: LAPIC_NMI (acpi_id[0x1e] high edge lint[0x1])
2025-07-23T09:30:43.015084-03:00 linux-lab01 kernel: [    0.018763] ACPI: LAPIC_NMI (acpi_id[0x1f] high edge lint[0x1])
2025-07-23T09:30:43.015085-03:00 linux-lab01 kernel: [    0.018764] ACPI: LAPIC_NMI (acpi_id[0x20] high edge lint[0x1])
2025-07-23T09:30:43.015104-03:00 linux-lab01 kernel: [    0.018765] ACPI: LAPIC_NMI (acpi_id[0x21] high edge lint[0x1])
2025-07-23T09:30:43.015106-03:00 linux-lab01 kernel: [    0.018766] ACPI: LAPIC_NMI (acpi_id[0x22] high edge lint[0x1])
2025-07-23T09:30:43.015106-03:00 linux-lab01 kernel: [    0.018767] ACPI: LAPIC_NMI (acpi_id[0x23] high edge lint[0x1])
2025-07-23T09:30:43.015107-03:00 linux-lab01 kernel: [    0.018768] ACPI: LAPIC_NMI (acpi_id[0x24] high edge lint[0x1])
2025-07-23T09:30:43.015108-03:00 linux-lab01 kernel: [    0.018768] ACPI: LAPIC_NMI (acpi_id[0x25] high edge lint[0x1])
2025-07-23T09:30:43.015109-03:00 linux-lab01 kernel: [    0.018769] ACPI: LAPIC_NMI (acpi_id[0x26] high edge lint[0x1])
2025-07-23T09:30:43.015109-03:00 linux-lab01 kernel: [    0.018770] ACPI: LAPIC_NMI (acpi_id[0x27] high edge lint[0x1])
2025-07-23T09:30:43.015129-03:00 linux-lab01 kernel: [    0.018771] ACPI: LAPIC_NMI (acpi_id[0x28] high edge lint[0x1])
2025-07-23T09:30:43.015131-03:00 linux-lab01 kernel: [    0.018772] ACPI: LAPIC_NMI (acpi_id[0x29] high edge lint[0x1])
2025-07-23T09:30:43.015132-03:00 linux-lab01 kernel: [    0.018773] ACPI: LAPIC_NMI (acpi_id[0x2a] high edge lint[0x1])
2025-07-23T09:30:43.015132-03:00 linux-lab01 kernel: [    0.018774] ACPI: LAPIC_NMI (acpi_id[0x2b] high edge lint[0x1])
2025-07-23T09:30:43.015133-03:00 linux-lab01 kernel: [    0.018775] ACPI: LAPIC_NMI (acpi_id[0x2c] high edge lint[0x1])
2025-07-23T09:30:43.015134-03:00 linux-lab01 kernel: [    0.018776] ACPI: LAPIC_NMI (acpi_id[0x2d] high edge lint[0x1])
2025-07-23T09:30:43.015153-03:00 linux-lab01 kernel: [    0.018777] ACPI: LAPIC_NMI (acpi_id[0x2e] high edge lint[0x1])
2025-07-23T09:30:43.015155-03:00 linux-lab01 kernel: [    0.018778] ACPI: LAPIC_NMI (acpi_id[0x2f] high edge lint[0x1])
2025-07-23T09:30:43.015156-03:00 linux-lab01 kernel: [    0.018779] ACPI: LAPIC_NMI (acpi_id[0x30] high edge lint[0x1])
2025-07-23T09:30:43.015157-03:00 linux-lab01 kernel: [    0.018780] ACPI: LAPIC_NMI (acpi_id[0x31] high edge lint[0x1])
2025-07-23T09:30:43.015157-03:00 linux-lab01 kernel: [    0.018781] ACPI: LAPIC_NMI (acpi_id[0x32] high edge lint[0x1])
2025-07-23T09:30:43.015207-03:00 linux-lab01 kernel: [    0.018782] ACPI: LAPIC_NMI (acpi_id[0x33] high edge lint[0x1])
2025-07-23T09:30:43.015228-03:00 linux-lab01 kernel: [    0.018782] ACPI: LAPIC_NMI (acpi_id[0x34] high edge lint[0x1])
2025-07-23T09:30:43.015230-03:00 linux-lab01 kernel: [    0.018783] ACPI: LAPIC_NMI (acpi_id[0x35] high edge lint[0x1])
2025-07-23T09:30:43.015230-03:00 linux-lab01 kernel: [    0.018784] ACPI: LAPIC_NMI (acpi_id[0x36] high edge lint[0x1])
2025-07-23T09:30:43.015231-03:00 linux-lab01 kernel: [    0.018785] ACPI: LAPIC_NMI (acpi_id[0x37] high edge lint[0x1])
2025-07-23T09:30:43.015232-03:00 linux-lab01 kernel: [    0.018786] ACPI: LAPIC_NMI (acpi_id[0x38] high edge lint[0x1])
2025-07-23T09:30:43.015233-03:00 linux-lab01 kernel: [    0.018787] ACPI: LAPIC_NMI (acpi_id[0x39] high edge lint[0x1])
2025-07-23T09:30:43.015233-03:00 linux-lab01 kernel: [    0.018788] ACPI: LAPIC_NMI (acpi_id[0x3a] high edge lint[0x1])
2025-07-23T09:30:43.015253-03:00 linux-lab01 kernel: [    0.018789] ACPI: LAPIC_NMI (acpi_id[0x3b] high edge lint[0x1])
2025-07-23T09:30:43.015255-03:00 linux-lab01 kernel: [    0.018790] ACPI: LAPIC_NMI (acpi_id[0x3c] high edge lint[0x1])
2025-07-23T09:30:43.015256-03:00 linux-lab01 kernel: [    0.018791] ACPI: LAPIC_NMI (acpi_id[0x3d] high edge lint[0x1])
2025-07-23T09:30:43.015256-03:00 linux-lab01 kernel: [    0.018792] ACPI: LAPIC_NMI (acpi_id[0x3e] high edge lint[0x1])
2025-07-23T09:30:43.015257-03:00 linux-lab01 kernel: [    0.018793] ACPI: LAPIC_NMI (acpi_id[0x3f] high edge lint[0x1])
2025-07-23T09:30:43.015258-03:00 linux-lab01 kernel: [    0.018794] ACPI: LAPIC_NMI (acpi_id[0x40] high edge lint[0x1])
2025-07-23T09:30:43.015277-03:00 linux-lab01 kernel: [    0.018795] ACPI: LAPIC_NMI (acpi_id[0x41] high edge lint[0x1])
2025-07-23T09:30:43.015279-03:00 linux-lab01 kernel: [    0.018795] ACPI: LAPIC_NMI (acpi_id[0x42] high edge lint[0x1])
2025-07-23T09:30:43.015280-03:00 linux-lab01 kernel: [    0.018796] ACPI: LAPIC_NMI (acpi_id[0x43] high edge lint[0x1])
2025-07-23T09:30:43.015281-03:00 linux-lab01 kernel: [    0.018797] ACPI: LAPIC_NMI (acpi_id[0x44] high edge lint[0x1])
2025-07-23T09:30:43.015281-03:00 linux-lab01 kernel: [    0.018798] ACPI: LAPIC_NMI (acpi_id[0x45] high edge lint[0x1])
2025-07-23T09:30:43.015282-03:00 linux-lab01 kernel: [    0.018799] ACPI: LAPIC_NMI (acpi_id[0x46] high edge lint[0x1])
2025-07-23T09:30:43.015283-03:00 linux-lab01 kernel: [    0.018800] ACPI: LAPIC_NMI (acpi_id[0x47] high edge lint[0x1])
2025-07-23T09:30:43.015304-03:00 linux-lab01 kernel: [    0.018801] ACPI: LAPIC_NMI (acpi_id[0x48] high edge lint[0x1])
2025-07-23T09:30:43.015306-03:00 linux-lab01 kernel: [    0.018802] ACPI: LAPIC_NMI (acpi_id[0x49] high edge lint[0x1])
2025-07-23T09:30:43.015307-03:00 linux-lab01 kernel: [    0.018803] ACPI: LAPIC_NMI (acpi_id[0x4a] high edge lint[0x1])
2025-07-23T09:30:43.015307-03:00 linux-lab01 kernel: [    0.018804] ACPI: LAPIC_NMI (acpi_id[0x4b] high edge lint[0x1])
2025-07-23T09:30:43.015308-03:00 linux-lab01 kernel: [    0.018805] ACPI: LAPIC_NMI (acpi_id[0x4c] high edge lint[0x1])
2025-07-23T09:30:43.015309-03:00 linux-lab01 kernel: [    0.018806] ACPI: LAPIC_NMI (acpi_id[0x4d] high edge lint[0x1])
2025-07-23T09:30:43.015328-03:00 linux-lab01 kernel: [    0.018807] ACPI: LAPIC_NMI (acpi_id[0x4e] high edge lint[0x1])
2025-07-23T09:30:43.015330-03:00 linux-lab01 kernel: [    0.018808] ACPI: LAPIC_NMI (acpi_id[0x4f] high edge lint[0x1])
2025-07-23T09:30:43.015331-03:00 linux-lab01 kernel: [    0.018808] ACPI: LAPIC_NMI (acpi_id[0x50] high edge lint[0x1])
2025-07-23T09:30:43.015332-03:00 linux-lab01 kernel: [    0.018809] ACPI: LAPIC_NMI (acpi_id[0x51] high edge lint[0x1])
2025-07-23T09:30:43.015332-03:00 linux-lab01 kernel: [    0.018810] ACPI: LAPIC_NMI (acpi_id[0x52] high edge lint[0x1])
2025-07-23T09:30:43.015333-03:00 linux-lab01 kernel: [    0.018811] ACPI: LAPIC_NMI (acpi_id[0x53] high edge lint[0x1])
2025-07-23T09:30:43.015353-03:00 linux-lab01 kernel: [    0.018812] ACPI: LAPIC_NMI (acpi_id[0x54] high edge lint[0x1])
2025-07-23T09:30:43.015355-03:00 linux-lab01 kernel: [    0.018813] ACPI: LAPIC_NMI (acpi_id[0x55] high edge lint[0x1])
2025-07-23T09:30:43.015355-03:00 linux-lab01 kernel: [    0.018814] ACPI: LAPIC_NMI (acpi_id[0x56] high edge lint[0x1])
2025-07-23T09:30:43.015356-03:00 linux-lab01 kernel: [    0.018815] ACPI: LAPIC_NMI (acpi_id[0x57] high edge lint[0x1])
2025-07-23T09:30:43.015357-03:00 linux-lab01 kernel: [    0.018816] ACPI: LAPIC_NMI (acpi_id[0x58] high edge lint[0x1])
2025-07-23T09:30:43.015358-03:00 linux-lab01 kernel: [    0.018817] ACPI: LAPIC_NMI (acpi_id[0x59] high edge lint[0x1])
2025-07-23T09:30:43.015358-03:00 linux-lab01 kernel: [    0.018818] ACPI: LAPIC_NMI (acpi_id[0x5a] high edge lint[0x1])
2025-07-23T09:30:43.015378-03:00 linux-lab01 kernel: [    0.018819] ACPI: LAPIC_NMI (acpi_id[0x5b] high edge lint[0x1])
2025-07-23T09:30:43.015379-03:00 linux-lab01 kernel: [    0.018820] ACPI: LAPIC_NMI (acpi_id[0x5c] high edge lint[0x1])
2025-07-23T09:30:43.015380-03:00 linux-lab01 kernel: [    0.018821] ACPI: LAPIC_NMI (acpi_id[0x5d] high edge lint[0x1])
2025-07-23T09:30:43.015381-03:00 linux-lab01 kernel: [    0.018821] ACPI: LAPIC_NMI (acpi_id[0x5e] high edge lint[0x1])
2025-07-23T09:30:43.015382-03:00 linux-lab01 kernel: [    0.018822] ACPI: LAPIC_NMI (acpi_id[0x5f] high edge lint[0x1])
2025-07-23T09:30:43.015382-03:00 linux-lab01 kernel: [    0.018823] ACPI: LAPIC_NMI (acpi_id[0x60] high edge lint[0x1])
2025-07-23T09:30:43.015402-03:00 linux-lab01 kernel: [    0.018824] ACPI: LAPIC_NMI (acpi_id[0x61] high edge lint[0x1])
2025-07-23T09:30:43.015404-03:00 linux-lab01 kernel: [    0.018825] ACPI: LAPIC_NMI (acpi_id[0x62] high edge lint[0x1])
2025-07-23T09:30:43.015404-03:00 linux-lab01 kernel: [    0.018826] ACPI: LAPIC_NMI (acpi_id[0x63] high edge lint[0x1])
2025-07-23T09:30:43.015405-03:00 linux-lab01 kernel: [    0.018827] ACPI: LAPIC_NMI (acpi_id[0x64] high edge lint[0x1])
2025-07-23T09:30:43.015406-03:00 linux-lab01 kernel: [    0.018828] ACPI: LAPIC_NMI (acpi_id[0x65] high edge lint[0x1])
2025-07-23T09:30:43.015407-03:00 linux-lab01 kernel: [    0.018829] ACPI: LAPIC_NMI (acpi_id[0x66] high edge lint[0x1])
2025-07-23T09:30:43.015407-03:00 linux-lab01 kernel: [    0.018830] ACPI: LAPIC_NMI (acpi_id[0x67] high edge lint[0x1])
2025-07-23T09:30:43.015427-03:00 linux-lab01 kernel: [    0.018831] ACPI: LAPIC_NMI (acpi_id[0x68] high edge lint[0x1])
2025-07-23T09:30:43.015429-03:00 linux-lab01 kernel: [    0.018832] ACPI: LAPIC_NMI (acpi_id[0x69] high edge lint[0x1])
2025-07-23T09:30:43.015430-03:00 linux-lab01 kernel: [    0.018833] ACPI: LAPIC_NMI (acpi_id[0x6a] high edge lint[0x1])
2025-07-23T09:30:43.015430-03:00 linux-lab01 kernel: [    0.018834] ACPI: LAPIC_NMI (acpi_id[0x6b] high edge lint[0x1])
2025-07-23T09:30:43.015431-03:00 linux-lab01 kernel: [    0.018834] ACPI: LAPIC_NMI (acpi_id[0x6c] high edge lint[0x1])
2025-07-23T09:30:43.015432-03:00 linux-lab01 kernel: [    0.018835] ACPI: LAPIC_NMI (acpi_id[0x6d] high edge lint[0x1])
2025-07-23T09:30:43.015456-03:00 linux-lab01 kernel: [    0.018836] ACPI: LAPIC_NMI (acpi_id[0x6e] high edge lint[0x1])
2025-07-23T09:30:43.015458-03:00 linux-lab01 kernel: [    0.018837] ACPI: LAPIC_NMI (acpi_id[0x6f] high edge lint[0x1])
2025-07-23T09:30:43.015458-03:00 linux-lab01 kernel: [    0.018838] ACPI: LAPIC_NMI (acpi_id[0x70] high edge lint[0x1])
2025-07-23T09:30:43.015459-03:00 linux-lab01 kernel: [    0.018839] ACPI: LAPIC_NMI (acpi_id[0x71] high edge lint[0x1])
2025-07-23T09:30:43.015460-03:00 linux-lab01 kernel: [    0.018840] ACPI: LAPIC_NMI (acpi_id[0x72] high edge lint[0x1])
2025-07-23T09:30:43.015461-03:00 linux-lab01 kernel: [    0.018841] ACPI: LAPIC_NMI (acpi_id[0x73] high edge lint[0x1])
2025-07-23T09:30:43.015481-03:00 linux-lab01 kernel: [    0.018842] ACPI: LAPIC_NMI (acpi_id[0x74] high edge lint[0x1])
2025-07-23T09:30:43.015482-03:00 linux-lab01 kernel: [    0.018843] ACPI: LAPIC_NMI (acpi_id[0x75] high edge lint[0x1])
2025-07-23T09:30:43.015483-03:00 linux-lab01 kernel: [    0.018844] ACPI: LAPIC_NMI (acpi_id[0x76] high edge lint[0x1])
2025-07-23T09:30:43.015484-03:00 linux-lab01 kernel: [    0.018845] ACPI: LAPIC_NMI (acpi_id[0x77] high edge lint[0x1])
2025-07-23T09:30:43.015485-03:00 linux-lab01 kernel: [    0.018846] ACPI: LAPIC_NMI (acpi_id[0x78] high edge lint[0x1])
2025-07-23T09:30:43.015485-03:00 linux-lab01 kernel: [    0.018847] ACPI: LAPIC_NMI (acpi_id[0x79] high edge lint[0x1])
2025-07-23T09:30:43.015486-03:00 linux-lab01 kernel: [    0.018848] ACPI: LAPIC_NMI (acpi_id[0x7a] high edge lint[0x1])
2025-07-23T09:30:43.015506-03:00 linux-lab01 kernel: [    0.018848] ACPI: LAPIC_NMI (acpi_id[0x7b] high edge lint[0x1])
2025-07-23T09:30:43.015507-03:00 linux-lab01 kernel: [    0.018849] ACPI: LAPIC_NMI (acpi_id[0x7c] high edge lint[0x1])
2025-07-23T09:30:43.015508-03:00 linux-lab01 kernel: [    0.018850] ACPI: LAPIC_NMI (acpi_id[0x7d] high edge lint[0x1])
2025-07-23T09:30:43.015509-03:00 linux-lab01 kernel: [    0.018851] ACPI: LAPIC_NMI (acpi_id[0x7e] high edge lint[0x1])
2025-07-23T09:30:43.015510-03:00 linux-lab01 kernel: [    0.018852] ACPI: LAPIC_NMI (acpi_id[0x7f] high edge lint[0x1])
2025-07-23T09:30:43.015510-03:00 linux-lab01 kernel: [    0.018903] IOAPIC[0]: apic_id 1, version 32, address 0xfec00000, GSI 0-23
2025-07-23T09:30:43.015530-03:00 linux-lab01 kernel: [    0.018909] ACPI: INT_SRC_OVR (bus 0 bus_irq 0 global_irq 2 high edge)
2025-07-23T09:30:43.015531-03:00 linux-lab01 kernel: [    0.018918] ACPI: Using ACPI (MADT) for SMP configuration information
2025-07-23T09:30:43.015532-03:00 linux-lab01 kernel: [    0.018920] ACPI: HPET id: 0x8086af01 base: 0xfed00000
2025-07-23T09:30:43.015533-03:00 linux-lab01 kernel: [    0.018925] TSC deadline timer available
2025-07-23T09:30:43.015534-03:00 linux-lab01 kernel: [    0.018934] smpboot: Allowing 128 CPUs, 127 hotplug CPUs
2025-07-23T09:30:43.015534-03:00 linux-lab01 kernel: [    0.018949] PM: hibernation: Registered nosave memory: [mem 0x00000000-0x00000fff]
2025-07-23T09:30:43.015535-03:00 linux-lab01 kernel: [    0.018951] PM: hibernation: Registered nosave memory: [mem 0x0009e000-0x000fffff]
2025-07-23T09:30:43.015555-03:00 linux-lab01 kernel: [    0.018953] PM: hibernation: Registered nosave memory: [mem 0x7fee0000-0x7fefffff]
2025-07-23T09:30:43.015556-03:00 linux-lab01 kernel: [    0.018955] [mem 0x80000000-0xefffffff] available for PCI devices
2025-07-23T09:30:43.015557-03:00 linux-lab01 kernel: [    0.018956] Booting paravirtualized kernel on VMware hypervisor
2025-07-23T09:30:43.015558-03:00 linux-lab01 kernel: [    0.018959] clocksource: refined-jiffies: mask: 0xffffffff max_cycles: 0xffffffff, max_idle_ns: 7645519600211568 ns
2025-07-23T09:30:43.015559-03:00 linux-lab01 kernel: [    0.022898] setup_percpu: NR_CPUS:8192 nr_cpumask_bits:128 nr_cpu_ids:128 nr_node_ids:1
2025-07-23T09:30:43.015559-03:00 linux-lab01 kernel: [    0.125339] percpu: Embedded 61 pages/cpu s212992 r8192 d28672 u262144
2025-07-23T09:30:43.015579-03:00 linux-lab01 kernel: [    0.125352] pcpu-alloc: s212992 r8192 d28672 u262144 alloc=1*2097152
2025-07-23T09:30:43.015581-03:00 linux-lab01 kernel: [    0.125355] pcpu-alloc: [0] 000 001 002 003 004 005 006 007 
2025-07-23T09:30:43.015581-03:00 linux-lab01 kernel: [    0.125359] pcpu-alloc: [0] 008 009 010 011 012 013 014 015 
2025-07-23T09:30:43.015582-03:00 linux-lab01 kernel: [    0.125363] pcpu-alloc: [0] 016 017 018 019 020 021 022 023 
2025-07-23T09:30:43.015583-03:00 linux-lab01 kernel: [    0.125367] pcpu-alloc: [0] 024 025 026 027 028 029 030 031 
2025-07-23T09:30:43.015584-03:00 linux-lab01 kernel: [    0.125370] pcpu-alloc: [0] 032 033 034 035 036 037 038 039 
2025-07-23T09:30:43.015603-03:00 linux-lab01 kernel: [    0.125374] pcpu-alloc: [0] 040 041 042 043 044 045 046 047 
2025-07-23T09:30:43.015605-03:00 linux-lab01 kernel: [    0.125377] pcpu-alloc: [0] 048 049 050 051 052 053 054 055 
2025-07-23T09:30:43.015606-03:00 linux-lab01 kernel: [    0.125381] pcpu-alloc: [0] 056 057 058 059 060 061 062 063 
2025-07-23T09:30:43.015606-03:00 linux-lab01 kernel: [    0.125385] pcpu-alloc: [0] 064 065 066 067 068 069 070 071 
2025-07-23T09:30:43.015607-03:00 linux-lab01 kernel: [    0.125388] pcpu-alloc: [0] 072 073 074 075 076 077 078 079 
2025-07-23T09:30:43.015608-03:00 linux-lab01 kernel: [    0.125392] pcpu-alloc: [0] 080 081 082 083 084 085 086 087 
2025-07-23T09:30:43.015609-03:00 linux-lab01 kernel: [    0.125395] pcpu-alloc: [0] 088 089 090 091 092 093 094 095 
2025-07-23T09:30:43.015628-03:00 linux-lab01 kernel: [    0.125399] pcpu-alloc: [0] 096 097 098 099 100 101 102 103 
2025-07-23T09:30:43.015630-03:00 linux-lab01 kernel: [    0.125403] pcpu-alloc: [0] 104 105 106 107 108 109 110 111 
2025-07-23T09:30:43.015631-03:00 linux-lab01 kernel: [    0.125406] pcpu-alloc: [0] 112 113 114 115 116 117 118 119 
2025-07-23T09:30:43.015631-03:00 linux-lab01 kernel: [    0.125410] pcpu-alloc: [0] 120 121 122 123 124 125 126 127 
2025-07-23T09:30:43.015632-03:00 linux-lab01 kernel: [    0.125447] Fallback order for Node 0: 0 
2025-07-23T09:30:43.015633-03:00 linux-lab01 kernel: [    0.125458] Built 1 zonelists, mobility grouping on.  Total pages: 515808
2025-07-23T09:30:43.015655-03:00 linux-lab01 kernel: [    0.125459] Policy zone: DMA32
2025-07-23T09:30:43.015657-03:00 linux-lab01 kernel: [    0.125460] Kernel command line: BOOT_IMAGE=/vmlinuz-6.1.0-37-amd64 root=UUID=99157acc-a987-44e0-8818-94e856c52364 ro quiet
2025-07-23T09:30:43.015658-03:00 linux-lab01 kernel: [    0.125498] Unknown kernel command line parameters "BOOT_IMAGE=/vmlinuz-6.1.0-37-amd64", will be passed to user space.
2025-07-23T09:30:43.015711-03:00 linux-lab01 kernel: [    0.125523] random: crng init done
2025-07-23T09:30:43.015712-03:00 linux-lab01 kernel: [    0.125524] printk: log_buf_len individual max cpu contribution: 4096 bytes
2025-07-23T09:30:43.015713-03:00 linux-lab01 kernel: [    0.125525] printk: log_buf_len total cpu_extra contributions: 520192 bytes
2025-07-23T09:30:43.015734-03:00 linux-lab01 kernel: [    0.125526] printk: log_buf_len min size: 131072 bytes
2025-07-23T09:30:43.015736-03:00 linux-lab01 kernel: [    0.138549] printk: log_buf_len: 1048576 bytes
2025-07-23T09:30:43.015737-03:00 linux-lab01 kernel: [    0.138553] printk: early log buf free: 109024(83%)
2025-07-23T09:30:43.015737-03:00 linux-lab01 kernel: [    0.144982] Dentry cache hash table entries: 262144 (order: 9, 2097152 bytes, linear)
2025-07-23T09:30:43.015738-03:00 linux-lab01 kernel: [    0.149145] Inode-cache hash table entries: 131072 (order: 8, 1048576 bytes, linear)
2025-07-23T09:30:43.015739-03:00 linux-lab01 kernel: [    0.152395] mem auto-init: stack:all(zero), heap alloc:on, heap free:off
2025-07-23T09:30:43.015759-03:00 linux-lab01 kernel: [    0.157165] Memory: 260860K/2096628K available (14343K kernel code, 2339K rwdata, 9096K rodata, 2800K init, 17380K bss, 169116K reserved, 0K cma-reserved)
2025-07-23T09:30:43.015761-03:00 linux-lab01 kernel: [    0.157485] SLUB: HWalign=64, Order=0-3, MinObjects=0, CPUs=128, Nodes=1
2025-07-23T09:30:43.015762-03:00 linux-lab01 kernel: [    0.157506] Kernel/User page tables isolation: enabled
2025-07-23T09:30:43.015762-03:00 linux-lab01 kernel: [    0.157595] ftrace: allocating 40346 entries in 158 pages
2025-07-23T09:30:43.015763-03:00 linux-lab01 kernel: [    0.163773] ftrace: allocated 158 pages with 5 groups
2025-07-23T09:30:43.015764-03:00 linux-lab01 kernel: [    0.164526] Dynamic Preempt: voluntary
2025-07-23T09:30:43.015784-03:00 linux-lab01 kernel: [    0.164913] rcu: Preemptible hierarchical RCU implementation.
2025-07-23T09:30:43.015785-03:00 linux-lab01 kernel: [    0.164914] rcu: 	RCU restricting CPUs from NR_CPUS=8192 to nr_cpu_ids=128.
2025-07-23T09:30:43.015786-03:00 linux-lab01 kernel: [    0.164916] 	Trampoline variant of Tasks RCU enabled.
2025-07-23T09:30:43.015787-03:00 linux-lab01 kernel: [    0.164916] 	Rude variant of Tasks RCU enabled.
2025-07-23T09:30:43.015788-03:00 linux-lab01 kernel: [    0.164916] 	Tracing variant of Tasks RCU enabled.
2025-07-23T09:30:43.015788-03:00 linux-lab01 kernel: [    0.164917] rcu: RCU calculated value of scheduler-enlistment delay is 25 jiffies.
2025-07-23T09:30:43.015789-03:00 linux-lab01 kernel: [    0.164918] rcu: Adjusting geometry for rcu_fanout_leaf=16, nr_cpu_ids=128
2025-07-23T09:30:43.015809-03:00 linux-lab01 kernel: [    0.169074] NR_IRQS: 524544, nr_irqs: 1448, preallocated irqs: 16
2025-07-23T09:30:43.015810-03:00 linux-lab01 kernel: [    0.169348] rcu: srcu_init: Setting srcu_struct sizes to big.
2025-07-23T09:30:43.015811-03:00 linux-lab01 kernel: [    0.171264] Console: colour VGA+ 80x25
2025-07-23T09:30:43.015812-03:00 linux-lab01 kernel: [    0.171293] printk: console [tty0] enabled
2025-07-23T09:30:43.015813-03:00 linux-lab01 kernel: [    0.171361] ACPI: Core revision 20220331
2025-07-23T09:30:43.015813-03:00 linux-lab01 kernel: [    0.171530] clocksource: hpet: mask: 0xffffffff max_cycles: 0xffffffff, max_idle_ns: 133484882848 ns
2025-07-23T09:30:43.015833-03:00 linux-lab01 kernel: [    0.171578] APIC: Switch to symmetric I/O mode setup
2025-07-23T09:30:43.015835-03:00 linux-lab01 kernel: [    0.171639] x2apic enabled
2025-07-23T09:30:43.015835-03:00 linux-lab01 kernel: [    0.171692] Switched APIC routing to physical x2apic.
2025-07-23T09:30:43.015836-03:00 linux-lab01 kernel: [    0.172004] ..TIMER: vector=0x30 apic1=0 pin1=2 apic2=-1 pin2=-1
2025-07-23T09:30:43.015837-03:00 linux-lab01 kernel: [    0.172023] clocksource: tsc-early: mask: 0xffffffffffffffff max_cycles: 0x29dbed15972, max_idle_ns: 440795248465 ns
2025-07-23T09:30:43.015838-03:00 linux-lab01 kernel: [    0.172029] Calibrating delay loop (skipped) preset value.. 5807.94 BogoMIPS (lpj=11615896)
2025-07-23T09:30:43.015857-03:00 linux-lab01 kernel: [    0.172071] Disabled fast string operations
2025-07-23T09:30:43.015859-03:00 linux-lab01 kernel: [    0.172147] Last level iTLB entries: 4KB 64, 2MB 8, 4MB 8
2025-07-23T09:30:43.015860-03:00 linux-lab01 kernel: [    0.172149] Last level dTLB entries: 4KB 64, 2MB 32, 4MB 32, 1GB 4
2025-07-23T09:30:43.015860-03:00 linux-lab01 kernel: [    0.172153] Spectre V1 : Mitigation: usercopy/swapgs barriers and __user pointer sanitization
2025-07-23T09:30:43.015861-03:00 linux-lab01 kernel: [    0.172195] Spectre V2 : Spectre BHI mitigation: SW BHB clearing on vm exit
2025-07-23T09:30:43.015862-03:00 linux-lab01 kernel: [    0.172196] Spectre V2 : Spectre BHI mitigation: SW BHB clearing on syscall
2025-07-23T09:30:43.015863-03:00 linux-lab01 kernel: [    0.172197] Spectre V2 : Mitigation: IBRS
2025-07-23T09:30:43.015882-03:00 linux-lab01 kernel: [    0.172198] Spectre V2 : Spectre v2 / SpectreRSB: Filling RSB on context switch and VMEXIT
2025-07-23T09:30:43.015884-03:00 linux-lab01 kernel: [    0.172199] RETBleed: Mitigation: IBRS
2025-07-23T09:30:43.015885-03:00 linux-lab01 kernel: [    0.172201] Spectre V2 : mitigation: Enabling conditional Indirect Branch Prediction Barrier
2025-07-23T09:30:43.015885-03:00 linux-lab01 kernel: [    0.172203] Speculative Store Bypass: Mitigation: Speculative Store Bypass disabled via prctl
2025-07-23T09:30:43.015886-03:00 linux-lab01 kernel: [    0.172207] MDS: Mitigation: Clear CPU buffers
2025-07-23T09:30:43.015887-03:00 linux-lab01 kernel: [    0.172208] MMIO Stale Data: Mitigation: Clear CPU buffers
2025-07-23T09:30:43.015938-03:00 linux-lab01 kernel: [    0.172209] SRBDS: Unknown: Dependent on hypervisor status
2025-07-23T09:30:43.015940-03:00 linux-lab01 kernel: [    0.172210] GDS: Unknown: Dependent on hypervisor status
2025-07-23T09:30:43.015941-03:00 linux-lab01 kernel: [    0.172211] ITS: Mitigation: Aligned branch/return thunks
2025-07-23T09:30:43.015942-03:00 linux-lab01 kernel: [    0.172226] x86/fpu: Supporting XSAVE feature 0x001: 'x87 floating point registers'
2025-07-23T09:30:43.015943-03:00 linux-lab01 kernel: [    0.172227] x86/fpu: Supporting XSAVE feature 0x002: 'SSE registers'
2025-07-23T09:30:43.015943-03:00 linux-lab01 kernel: [    0.172228] x86/fpu: Supporting XSAVE feature 0x004: 'AVX registers'
2025-07-23T09:30:43.015964-03:00 linux-lab01 kernel: [    0.172230] x86/fpu: xstate_offset[2]:  576, xstate_sizes[2]:  256
2025-07-23T09:30:43.015966-03:00 linux-lab01 kernel: [    0.172231] x86/fpu: Enabled xstate features 0x7, context size is 832 bytes, using 'compacted' format.
2025-07-23T09:30:43.015967-03:00 linux-lab01 kernel: [    0.316724] pid_max: default: 131072 minimum: 1024
2025-07-23T09:30:43.015968-03:00 linux-lab01 kernel: [    0.316814] LSM: Security Framework initializing
2025-07-23T09:30:43.015968-03:00 linux-lab01 kernel: [    0.316837] landlock: Up and running.
2025-07-23T09:30:43.015969-03:00 linux-lab01 kernel: [    0.316838] Yama: disabled by default; enable with sysctl kernel.yama.*
2025-07-23T09:30:43.015970-03:00 linux-lab01 kernel: [    0.316870] AppArmor: AppArmor initialized
2025-07-23T09:30:43.015989-03:00 linux-lab01 kernel: [    0.316872] TOMOYO Linux initialized
2025-07-23T09:30:43.015991-03:00 linux-lab01 kernel: [    0.316876] LSM support for eBPF active
2025-07-23T09:30:43.015992-03:00 linux-lab01 kernel: [    0.316927] Mount-cache hash table entries: 4096 (order: 3, 32768 bytes, linear)
2025-07-23T09:30:43.015993-03:00 linux-lab01 kernel: [    0.316933] Mountpoint-cache hash table entries: 4096 (order: 3, 32768 bytes, linear)
2025-07-23T09:30:43.015993-03:00 linux-lab01 kernel: [    0.318674] smpboot: CPU0: Intel(R) Core(TM) i7-7500U CPU @ 2.70GHz (family: 0x6, model: 0x8e, stepping: 0x9)
2025-07-23T09:30:43.015994-03:00 linux-lab01 kernel: [    0.318867] cblist_init_generic: Setting adjustable number of callback queues.
2025-07-23T09:30:43.016014-03:00 linux-lab01 kernel: [    0.318868] cblist_init_generic: Setting shift to 7 and lim to 1.
2025-07-23T09:30:43.016015-03:00 linux-lab01 kernel: [    0.318892] cblist_init_generic: Setting adjustable number of callback queues.
2025-07-23T09:30:43.016016-03:00 linux-lab01 kernel: [    0.318893] cblist_init_generic: Setting shift to 7 and lim to 1.
2025-07-23T09:30:43.016017-03:00 linux-lab01 kernel: [    0.318911] cblist_init_generic: Setting adjustable number of callback queues.
2025-07-23T09:30:43.016018-03:00 linux-lab01 kernel: [    0.318912] cblist_init_generic: Setting shift to 7 and lim to 1.
2025-07-23T09:30:43.016018-03:00 linux-lab01 kernel: [    0.318931] Performance Events: Skylake events, Intel PMU driver.
2025-07-23T09:30:43.016038-03:00 linux-lab01 kernel: [    0.318975] ... version:                4
2025-07-23T09:30:43.016040-03:00 linux-lab01 kernel: [    0.318976] ... bit width:              48
2025-07-23T09:30:43.016040-03:00 linux-lab01 kernel: [    0.318976] ... generic registers:      4
2025-07-23T09:30:43.016041-03:00 linux-lab01 kernel: [    0.318977] ... value mask:             0000ffffffffffff
2025-07-23T09:30:43.016042-03:00 linux-lab01 kernel: [    0.318978] ... max period:             000000007fffffff
2025-07-23T09:30:43.016043-03:00 linux-lab01 kernel: [    0.318979] ... fixed-purpose events:   3
2025-07-23T09:30:43.016043-03:00 linux-lab01 kernel: [    0.318979] ... event mask:             000000070000000f
2025-07-23T09:30:43.016063-03:00 linux-lab01 kernel: [    0.319165] signal: max sigframe size: 1776
2025-07-23T09:30:43.016065-03:00 linux-lab01 kernel: [    0.319197] rcu: Hierarchical SRCU implementation.
2025-07-23T09:30:43.016065-03:00 linux-lab01 kernel: [    0.319198] rcu: 	Max phase no-delay instances is 1000.
2025-07-23T09:30:43.016066-03:00 linux-lab01 kernel: [    0.319446] NMI watchdog: Enabled. Permanently consumes one hw-PMU counter.
2025-07-23T09:30:43.016067-03:00 linux-lab01 kernel: [    0.320026] smp: Bringing up secondary CPUs ...
2025-07-23T09:30:43.016068-03:00 linux-lab01 kernel: [    0.320026] smp: Brought up 1 node, 1 CPU
2025-07-23T09:30:43.016087-03:00 linux-lab01 kernel: [    0.320026] smpboot: Max logical packages: 128
2025-07-23T09:30:43.016089-03:00 linux-lab01 kernel: [    0.320026] smpboot: Total of 1 processors activated (5807.94 BogoMIPS)
2025-07-23T09:30:43.016089-03:00 linux-lab01 kernel: [    0.322711] node 0 deferred pages initialised in 4ms
2025-07-23T09:30:43.016090-03:00 linux-lab01 kernel: [    0.322901] devtmpfs: initialized
2025-07-23T09:30:43.016091-03:00 linux-lab01 kernel: [    0.322973] x86/mm: Memory block size: 128MB
2025-07-23T09:30:43.016092-03:00 linux-lab01 kernel: [    0.323439] ACPI: PM: Registering ACPI NVS region [mem 0x7feff000-0x7fefffff] (4096 bytes)
2025-07-23T09:30:43.016111-03:00 linux-lab01 kernel: [    0.323513] clocksource: jiffies: mask: 0xffffffff max_cycles: 0xffffffff, max_idle_ns: 7645041785100000 ns
2025-07-23T09:30:43.016114-03:00 linux-lab01 kernel: [    0.323670] futex hash table entries: 32768 (order: 9, 2097152 bytes, linear)
2025-07-23T09:30:43.016115-03:00 linux-lab01 kernel: [    0.323940] pinctrl core: initialized pinctrl subsystem
2025-07-23T09:30:43.016116-03:00 linux-lab01 kernel: [    0.325667] NET: Registered PF_NETLINK/PF_ROUTE protocol family
2025-07-23T09:30:43.016116-03:00 linux-lab01 kernel: [    0.325863] DMA: preallocated 256 KiB GFP_KERNEL pool for atomic allocations
2025-07-23T09:30:43.016117-03:00 linux-lab01 kernel: [    0.325982] DMA: preallocated 256 KiB GFP_KERNEL|GFP_DMA pool for atomic allocations
2025-07-23T09:30:43.016118-03:00 linux-lab01 kernel: [    0.326031] DMA: preallocated 256 KiB GFP_KERNEL|GFP_DMA32 pool for atomic allocations
2025-07-23T09:30:43.016149-03:00 linux-lab01 kernel: [    0.326051] audit: initializing netlink subsys (disabled)
2025-07-23T09:30:43.016151-03:00 linux-lab01 kernel: [    0.326292] thermal_sys: Registered thermal governor 'fair_share'
2025-07-23T09:30:43.016151-03:00 linux-lab01 kernel: [    0.326294] thermal_sys: Registered thermal governor 'bang_bang'
2025-07-23T09:30:43.016152-03:00 linux-lab01 kernel: [    0.326295] thermal_sys: Registered thermal governor 'step_wise'
2025-07-23T09:30:43.016152-03:00 linux-lab01 kernel: [    0.326295] thermal_sys: Registered thermal governor 'user_space'
2025-07-23T09:30:43.016153-03:00 linux-lab01 kernel: [    0.326296] thermal_sys: Registered thermal governor 'power_allocator'
2025-07-23T09:30:43.016176-03:00 linux-lab01 kernel: [    0.326332] audit: type=2000 audit(1753273837.152:1): state=initialized audit_enabled=0 res=1
2025-07-23T09:30:43.016178-03:00 linux-lab01 kernel: [    0.326346] cpuidle: using governor ladder
2025-07-23T09:30:43.016178-03:00 linux-lab01 kernel: [    0.326352] cpuidle: using governor menu
2025-07-23T09:30:43.016179-03:00 linux-lab01 kernel: [    0.326390] Simple Boot Flag at 0x36 set to 0x80
2025-07-23T09:30:43.016179-03:00 linux-lab01 kernel: [    0.326436] acpiphp: ACPI Hot Plug PCI Controller Driver version: 0.5
2025-07-23T09:30:43.016180-03:00 linux-lab01 kernel: [    0.326748] PCI: MMCONFIG for domain 0000 [bus 00-7f] at [mem 0xf0000000-0xf7ffffff] (base 0xf0000000)
2025-07-23T09:30:43.016205-03:00 linux-lab01 kernel: [    0.326756] PCI: MMCONFIG at [mem 0xf0000000-0xf7ffffff] reserved in E820
2025-07-23T09:30:43.016206-03:00 linux-lab01 kernel: [    0.326775] PCI: Using configuration type 1 for base access
2025-07-23T09:30:43.016207-03:00 linux-lab01 kernel: [    0.328072] kprobes: kprobe jump-optimization is enabled. All kprobes are optimized if possible.
2025-07-23T09:30:43.016275-03:00 linux-lab01 kernel: [    0.352206] HugeTLB: registered 1.00 GiB page size, pre-allocated 0 pages
2025-07-23T09:30:43.016276-03:00 linux-lab01 kernel: [    0.352209] HugeTLB: 16380 KiB vmemmap can be freed for a 1.00 GiB page
2025-07-23T09:30:43.016277-03:00 linux-lab01 kernel: [    0.352211] HugeTLB: registered 2.00 MiB page size, pre-allocated 0 pages
2025-07-23T09:30:43.016278-03:00 linux-lab01 kernel: [    0.352212] HugeTLB: 28 KiB vmemmap can be freed for a 2.00 MiB page
2025-07-23T09:30:43.016307-03:00 linux-lab01 kernel: [    0.353204] ACPI: Added _OSI(Module Device)
2025-07-23T09:30:43.016308-03:00 linux-lab01 kernel: [    0.353205] ACPI: Added _OSI(Processor Device)
2025-07-23T09:30:43.016309-03:00 linux-lab01 kernel: [    0.353206] ACPI: Added _OSI(3.0 _SCP Extensions)
2025-07-23T09:30:43.016309-03:00 linux-lab01 kernel: [    0.353207] ACPI: Added _OSI(Processor Aggregator Device)
2025-07-23T09:30:43.016309-03:00 linux-lab01 kernel: [    0.362559] ACPI: 1 ACPI AML tables successfully acquired and loaded
2025-07-23T09:30:43.016310-03:00 linux-lab01 kernel: [    0.364211] ACPI: [Firmware Bug]: BIOS _OSI(Linux) query ignored
2025-07-23T09:30:43.016334-03:00 linux-lab01 kernel: [    0.381516] ACPI: Interpreter enabled
2025-07-23T09:30:43.016336-03:00 linux-lab01 kernel: [    0.381531] ACPI: PM: (supports S0 S1 S4 S5)
2025-07-23T09:30:43.016337-03:00 linux-lab01 kernel: [    0.381533] ACPI: Using IOAPIC for interrupt routing
2025-07-23T09:30:43.016337-03:00 linux-lab01 kernel: [    0.381558] PCI: Using host bridge windows from ACPI; if necessary, use "pci=nocrs" and report a bug
2025-07-23T09:30:43.016338-03:00 linux-lab01 kernel: [    0.381559] PCI: Using E820 reservations for host bridge windows
2025-07-23T09:30:43.016338-03:00 linux-lab01 kernel: [    0.382101] ACPI: Enabled 4 GPEs in block 00 to 0F
2025-07-23T09:30:43.016365-03:00 linux-lab01 kernel: [    0.430960] ACPI: PCI Root Bridge [PCI0] (domain 0000 [bus 00-7f])
2025-07-23T09:30:43.016368-03:00 linux-lab01 kernel: [    0.430972] acpi PNP0A03:00: _OSC: OS supports [ExtendedConfig ASPM ClockPM Segments MSI HPX-Type3]
2025-07-23T09:30:43.016369-03:00 linux-lab01 kernel: [    0.431077] acpi PNP0A03:00: _OSC: platform does not support [AER LTR]
2025-07-23T09:30:43.016370-03:00 linux-lab01 kernel: [    0.431258] acpi PNP0A03:00: _OSC: OS now controls [PCIeHotplug SHPCHotplug PME PCIeCapability]
2025-07-23T09:30:43.016371-03:00 linux-lab01 kernel: [    0.433550] PCI host bridge to bus 0000:00
2025-07-23T09:30:43.016371-03:00 linux-lab01 kernel: [    0.433555] pci_bus 0000:00: root bus resource [mem 0x000a0000-0x000bffff window]
2025-07-23T09:30:43.016399-03:00 linux-lab01 kernel: [    0.433559] pci_bus 0000:00: root bus resource [mem 0x000d0000-0x000dbfff window]
2025-07-23T09:30:43.016402-03:00 linux-lab01 kernel: [    0.433560] pci_bus 0000:00: root bus resource [mem 0x80000000-0xfebfffff window]
2025-07-23T09:30:43.016402-03:00 linux-lab01 kernel: [    0.433562] pci_bus 0000:00: root bus resource [io  0x0000-0x0cf7 window]
2025-07-23T09:30:43.016403-03:00 linux-lab01 kernel: [    0.433563] pci_bus 0000:00: root bus resource [io  0x0d00-0xfeff window]
2025-07-23T09:30:43.016404-03:00 linux-lab01 kernel: [    0.433565] pci_bus 0000:00: root bus resource [bus 00-7f]
2025-07-23T09:30:43.016404-03:00 linux-lab01 kernel: [    0.433693] pci 0000:00:00.0: [8086:7190] type 00 class 0x060000
2025-07-23T09:30:43.016405-03:00 linux-lab01 kernel: [    0.434417] pci 0000:00:01.0: [8086:7191] type 01 class 0x060400
2025-07-23T09:30:43.016450-03:00 linux-lab01 kernel: [    0.434998] pci 0000:00:07.0: [8086:7110] type 00 class 0x060100
2025-07-23T09:30:43.016452-03:00 linux-lab01 kernel: [    0.435856] pci 0000:00:07.1: [8086:7111] type 00 class 0x01018a
2025-07-23T09:30:43.016453-03:00 linux-lab01 kernel: [    0.436651] pci 0000:00:07.1: reg 0x20: [io  0x1060-0x106f]
2025-07-23T09:30:43.016453-03:00 linux-lab01 kernel: [    0.436993] pci 0000:00:07.1: legacy IDE quirk: reg 0x10: [io  0x01f0-0x01f7]
2025-07-23T09:30:43.016454-03:00 linux-lab01 kernel: [    0.436995] pci 0000:00:07.1: legacy IDE quirk: reg 0x14: [io  0x03f6]
2025-07-23T09:30:43.016455-03:00 linux-lab01 kernel: [    0.436996] pci 0000:00:07.1: legacy IDE quirk: reg 0x18: [io  0x0170-0x0177]
2025-07-23T09:30:43.016475-03:00 linux-lab01 kernel: [    0.436997] pci 0000:00:07.1: legacy IDE quirk: reg 0x1c: [io  0x0376]
2025-07-23T09:30:43.016477-03:00 linux-lab01 kernel: [    0.437196] pci 0000:00:07.3: [8086:7113] type 00 class 0x068000
2025-07-23T09:30:43.016477-03:00 linux-lab01 kernel: [    0.438197] pci 0000:00:07.3: quirk: [io  0x1000-0x103f] claimed by PIIX4 ACPI
2025-07-23T09:30:43.016478-03:00 linux-lab01 kernel: [    0.438211] pci 0000:00:07.3: quirk: [io  0x1040-0x104f] claimed by PIIX4 SMB
2025-07-23T09:30:43.016479-03:00 linux-lab01 kernel: [    0.438538] pci 0000:00:07.7: [15ad:0740] type 00 class 0x088000
2025-07-23T09:30:43.016480-03:00 linux-lab01 kernel: [    0.438851] pci 0000:00:07.7: reg 0x10: [io  0x1080-0x10bf]
2025-07-23T09:30:43.016480-03:00 linux-lab01 kernel: [    0.439124] pci 0000:00:07.7: reg 0x14: [mem 0xfebc0000-0xfebfffff 64bit]
2025-07-23T09:30:43.016500-03:00 linux-lab01 kernel: [    0.440684] pci 0000:00:0f.0: [15ad:0405] type 00 class 0x030000
2025-07-23T09:30:43.016502-03:00 linux-lab01 kernel: [    0.441307] pci 0000:00:0f.0: reg 0x10: [io  0x1070-0x107f]
2025-07-23T09:30:43.016503-03:00 linux-lab01 kernel: [    0.441925] pci 0000:00:0f.0: reg 0x14: [mem 0xe8000000-0xefffffff pref]
2025-07-23T09:30:43.016503-03:00 linux-lab01 kernel: [    0.442664] pci 0000:00:0f.0: reg 0x18: [mem 0xfe000000-0xfe7fffff]
2025-07-23T09:30:43.016504-03:00 linux-lab01 kernel: [    0.444955] pci 0000:00:0f.0: reg 0x30: [mem 0x00000000-0x00007fff pref]
2025-07-23T09:30:43.016505-03:00 linux-lab01 kernel: [    0.445067] pci 0000:00:0f.0: Video device with shadowed ROM at [mem 0x000c0000-0x000dffff]
2025-07-23T09:30:43.016524-03:00 linux-lab01 kernel: [    0.445696] pci 0000:00:10.0: [1000:0030] type 00 class 0x010000
2025-07-23T09:30:43.016526-03:00 linux-lab01 kernel: [    0.446123] pci 0000:00:10.0: reg 0x10: [io  0x1400-0x14ff]
2025-07-23T09:30:43.016527-03:00 linux-lab01 kernel: [    0.446505] pci 0000:00:10.0: reg 0x14: [mem 0xfeb80000-0xfeb9ffff 64bit]
2025-07-23T09:30:43.016528-03:00 linux-lab01 kernel: [    0.446878] pci 0000:00:10.0: reg 0x1c: [mem 0xfeba0000-0xfebbffff 64bit]
2025-07-23T09:30:43.016528-03:00 linux-lab01 kernel: [    0.447524] pci 0000:00:10.0: reg 0x30: [mem 0x00000000-0x00003fff pref]
2025-07-23T09:30:43.016529-03:00 linux-lab01 kernel: [    0.448117] pci 0000:00:11.0: [15ad:0790] type 01 class 0x060401
2025-07-23T09:30:43.016548-03:00 linux-lab01 kernel: [    0.449384] pci 0000:00:15.0: [15ad:07a0] type 01 class 0x060400
2025-07-23T09:30:43.016550-03:00 linux-lab01 kernel: [    0.450377] pci 0000:00:15.0: PME# supported from D0 D3hot D3cold
2025-07-23T09:30:43.016551-03:00 linux-lab01 kernel: [    0.450920] pci 0000:00:15.1: [15ad:07a0] type 01 class 0x060400
2025-07-23T09:30:43.016552-03:00 linux-lab01 kernel: [    0.451804] pci 0000:00:15.1: PME# supported from D0 D3hot D3cold
2025-07-23T09:30:43.016552-03:00 linux-lab01 kernel: [    0.452299] pci 0000:00:15.2: [15ad:07a0] type 01 class 0x060400
2025-07-23T09:30:43.016553-03:00 linux-lab01 kernel: [    0.453164] pci 0000:00:15.2: PME# supported from D0 D3hot D3cold
2025-07-23T09:30:43.016554-03:00 linux-lab01 kernel: [    0.453648] pci 0000:00:15.3: [15ad:07a0] type 01 class 0x060400
2025-07-23T09:30:43.016573-03:00 linux-lab01 kernel: [    0.454541] pci 0000:00:15.3: PME# supported from D0 D3hot D3cold
2025-07-23T09:30:43.016575-03:00 linux-lab01 kernel: [    0.455033] pci 0000:00:15.4: [15ad:07a0] type 01 class 0x060400
2025-07-23T09:30:43.016576-03:00 linux-lab01 kernel: [    0.455974] pci 0000:00:15.4: PME# supported from D0 D3hot D3cold
2025-07-23T09:30:43.016576-03:00 linux-lab01 kernel: [    0.456570] pci 0000:00:15.5: [15ad:07a0] type 01 class 0x060400
2025-07-23T09:30:43.016577-03:00 linux-lab01 kernel: [    0.457536] pci 0000:00:15.5: PME# supported from D0 D3hot D3cold
2025-07-23T09:30:43.016578-03:00 linux-lab01 kernel: [    0.458182] pci 0000:00:15.6: [15ad:07a0] type 01 class 0x060400
2025-07-23T09:30:43.016598-03:00 linux-lab01 kernel: [    0.459372] pci 0000:00:15.6: PME# supported from D0 D3hot D3cold
2025-07-23T09:30:43.016599-03:00 linux-lab01 kernel: [    0.460008] pci 0000:00:15.7: [15ad:07a0] type 01 class 0x060400
2025-07-23T09:30:43.016600-03:00 linux-lab01 kernel: [    0.460917] pci 0000:00:15.7: PME# supported from D0 D3hot D3cold
2025-07-23T09:30:43.016601-03:00 linux-lab01 kernel: [    0.461447] pci 0000:00:16.0: [15ad:07a0] type 01 class 0x060400
2025-07-23T09:30:43.016602-03:00 linux-lab01 kernel: [    0.462507] pci 0000:00:16.0: PME# supported from D0 D3hot D3cold
2025-07-23T09:30:43.016602-03:00 linux-lab01 kernel: [    0.463196] pci 0000:00:16.1: [15ad:07a0] type 01 class 0x060400
2025-07-23T09:30:43.016603-03:00 linux-lab01 kernel: [    0.464320] pci 0000:00:16.1: PME# supported from D0 D3hot D3cold
2025-07-23T09:30:43.016624-03:00 linux-lab01 kernel: [    0.465063] pci 0000:00:16.2: [15ad:07a0] type 01 class 0x060400
2025-07-23T09:30:43.016626-03:00 linux-lab01 kernel: [    0.466059] pci 0000:00:16.2: PME# supported from D0 D3hot D3cold
2025-07-23T09:30:43.016627-03:00 linux-lab01 kernel: [    0.466608] pci 0000:00:16.3: [15ad:07a0] type 01 class 0x060400
2025-07-23T09:30:43.016627-03:00 linux-lab01 kernel: [    0.467493] pci 0000:00:16.3: PME# supported from D0 D3hot D3cold
2025-07-23T09:30:43.016628-03:00 linux-lab01 kernel: [    0.468001] pci 0000:00:16.4: [15ad:07a0] type 01 class 0x060400
2025-07-23T09:30:43.016629-03:00 linux-lab01 kernel: [    0.468870] pci 0000:00:16.4: PME# supported from D0 D3hot D3cold
2025-07-23T09:30:43.016649-03:00 linux-lab01 kernel: [    0.469369] pci 0000:00:16.5: [15ad:07a0] type 01 class 0x060400
2025-07-23T09:30:43.016650-03:00 linux-lab01 kernel: [    0.470297] pci 0000:00:16.5: PME# supported from D0 D3hot D3cold
2025-07-23T09:30:43.016651-03:00 linux-lab01 kernel: [    0.470797] pci 0000:00:16.6: [15ad:07a0] type 01 class 0x060400
2025-07-23T09:30:43.016652-03:00 linux-lab01 kernel: [    0.471674] pci 0000:00:16.6: PME# supported from D0 D3hot D3cold
2025-07-23T09:30:43.016653-03:00 linux-lab01 kernel: [    0.472161] pci 0000:00:16.7: [15ad:07a0] type 01 class 0x060400
2025-07-23T09:30:43.016653-03:00 linux-lab01 kernel: [    0.473025] pci 0000:00:16.7: PME# supported from D0 D3hot D3cold
2025-07-23T09:30:43.016673-03:00 linux-lab01 kernel: [    0.473538] pci 0000:00:17.0: [15ad:07a0] type 01 class 0x060400
2025-07-23T09:30:43.016675-03:00 linux-lab01 kernel: [    0.474492] pci 0000:00:17.0: PME# supported from D0 D3hot D3cold
2025-07-23T09:30:43.016675-03:00 linux-lab01 kernel: [    0.475313] pci 0000:00:17.1: [15ad:07a0] type 01 class 0x060400
2025-07-23T09:30:43.016676-03:00 linux-lab01 kernel: [    0.476569] pci 0000:00:17.1: PME# supported from D0 D3hot D3cold
2025-07-23T09:30:43.016677-03:00 linux-lab01 kernel: [    0.477251] pci 0000:00:17.2: [15ad:07a0] type 01 class 0x060400
2025-07-23T09:30:43.016678-03:00 linux-lab01 kernel: [    0.478326] pci 0000:00:17.2: PME# supported from D0 D3hot D3cold
2025-07-23T09:30:43.016678-03:00 linux-lab01 kernel: [    0.478958] pci 0000:00:17.3: [15ad:07a0] type 01 class 0x060400
2025-07-23T09:30:43.016698-03:00 linux-lab01 kernel: [    0.479955] pci 0000:00:17.3: PME# supported from D0 D3hot D3cold
2025-07-23T09:30:43.016700-03:00 linux-lab01 kernel: [    0.480514] pci 0000:00:17.4: [15ad:07a0] type 01 class 0x060400
2025-07-23T09:30:43.016700-03:00 linux-lab01 kernel: [    0.481441] pci 0000:00:17.4: PME# supported from D0 D3hot D3cold
2025-07-23T09:30:43.016701-03:00 linux-lab01 kernel: [    0.482089] pci 0000:00:17.5: [15ad:07a0] type 01 class 0x060400
2025-07-23T09:30:43.016702-03:00 linux-lab01 kernel: [    0.483009] pci 0000:00:17.5: PME# supported from D0 D3hot D3cold
2025-07-23T09:30:43.016703-03:00 linux-lab01 kernel: [    0.483535] pci 0000:00:17.6: [15ad:07a0] type 01 class 0x060400
2025-07-23T09:30:43.016722-03:00 linux-lab01 kernel: [    0.484413] pci 0000:00:17.6: PME# supported from D0 D3hot D3cold
2025-07-23T09:30:43.016724-03:00 linux-lab01 kernel: [    0.484909] pci 0000:00:17.7: [15ad:07a0] type 01 class 0x060400
2025-07-23T09:30:43.016725-03:00 linux-lab01 kernel: [    0.485785] pci 0000:00:17.7: PME# supported from D0 D3hot D3cold
2025-07-23T09:30:43.016725-03:00 linux-lab01 kernel: [    0.486293] pci 0000:00:18.0: [15ad:07a0] type 01 class 0x060400
2025-07-23T09:30:43.016726-03:00 linux-lab01 kernel: [    0.487169] pci 0000:00:18.0: PME# supported from D0 D3hot D3cold
2025-07-23T09:30:43.016727-03:00 linux-lab01 kernel: [    0.487661] pci 0000:00:18.1: [15ad:07a0] type 01 class 0x060400
2025-07-23T09:30:43.016728-03:00 linux-lab01 kernel: [    0.488529] pci 0000:00:18.1: PME# supported from D0 D3hot D3cold
2025-07-23T09:30:43.016747-03:00 linux-lab01 kernel: [    0.489014] pci 0000:00:18.2: [15ad:07a0] type 01 class 0x060400
2025-07-23T09:30:43.016749-03:00 linux-lab01 kernel: [    0.489893] pci 0000:00:18.2: PME# supported from D0 D3hot D3cold
2025-07-23T09:30:43.016750-03:00 linux-lab01 kernel: [    0.490396] pci 0000:00:18.3: [15ad:07a0] type 01 class 0x060400
2025-07-23T09:30:43.016751-03:00 linux-lab01 kernel: [    0.491395] pci 0000:00:18.3: PME# supported from D0 D3hot D3cold
2025-07-23T09:30:43.016751-03:00 linux-lab01 kernel: [    0.492251] pci 0000:00:18.4: [15ad:07a0] type 01 class 0x060400
2025-07-23T09:30:43.016804-03:00 linux-lab01 kernel: [    0.493223] pci 0000:00:18.4: PME# supported from D0 D3hot D3cold
2025-07-23T09:30:43.016826-03:00 linux-lab01 kernel: [    0.493890] pci 0000:00:18.5: [15ad:07a0] type 01 class 0x060400
2025-07-23T09:30:43.016828-03:00 linux-lab01 kernel: [    0.494799] pci 0000:00:18.5: PME# supported from D0 D3hot D3cold
2025-07-23T09:30:43.016828-03:00 linux-lab01 kernel: [    0.495345] pci 0000:00:18.6: [15ad:07a0] type 01 class 0x060400
2025-07-23T09:30:43.016829-03:00 linux-lab01 kernel: [    0.496280] pci 0000:00:18.6: PME# supported from D0 D3hot D3cold
2025-07-23T09:30:43.016830-03:00 linux-lab01 kernel: [    0.496835] pci 0000:00:18.7: [15ad:07a0] type 01 class 0x060400
2025-07-23T09:30:43.016831-03:00 linux-lab01 kernel: [    0.497773] pci 0000:00:18.7: PME# supported from D0 D3hot D3cold
2025-07-23T09:30:43.016851-03:00 linux-lab01 kernel: [    0.498382] pci_bus 0000:01: extended config space not accessible
2025-07-23T09:30:43.016852-03:00 linux-lab01 kernel: [    0.498449] pci 0000:00:01.0: PCI bridge to [bus 01]
2025-07-23T09:30:43.016853-03:00 linux-lab01 kernel: [    0.498698] pci_bus 0000:02: extended config space not accessible
2025-07-23T09:30:43.016854-03:00 linux-lab01 kernel: [    0.498875] acpiphp: Slot [32] registered
2025-07-23T09:30:43.016855-03:00 linux-lab01 kernel: [    0.498900] acpiphp: Slot [33] registered
2025-07-23T09:30:43.016855-03:00 linux-lab01 kernel: [    0.498921] acpiphp: Slot [34] registered
2025-07-23T09:30:43.016856-03:00 linux-lab01 kernel: [    0.498941] acpiphp: Slot [35] registered
2025-07-23T09:30:43.016877-03:00 linux-lab01 kernel: [    0.498961] acpiphp: Slot [36] registered
2025-07-23T09:30:43.016878-03:00 linux-lab01 kernel: [    0.498980] acpiphp: Slot [37] registered
2025-07-23T09:30:43.016879-03:00 linux-lab01 kernel: [    0.499000] acpiphp: Slot [38] registered
2025-07-23T09:30:43.016880-03:00 linux-lab01 kernel: [    0.499020] acpiphp: Slot [39] registered
2025-07-23T09:30:43.016881-03:00 linux-lab01 kernel: [    0.499039] acpiphp: Slot [40] registered
2025-07-23T09:30:43.016881-03:00 linux-lab01 kernel: [    0.499058] acpiphp: Slot [41] registered
2025-07-23T09:30:43.016935-03:00 linux-lab01 kernel: [    0.499077] acpiphp: Slot [42] registered
2025-07-23T09:30:43.016937-03:00 linux-lab01 kernel: [    0.499096] acpiphp: Slot [43] registered
2025-07-23T09:30:43.016938-03:00 linux-lab01 kernel: [    0.499115] acpiphp: Slot [44] registered
2025-07-23T09:30:43.016939-03:00 linux-lab01 kernel: [    0.499133] acpiphp: Slot [45] registered
2025-07-23T09:30:43.016939-03:00 linux-lab01 kernel: [    0.499152] acpiphp: Slot [46] registered
2025-07-23T09:30:43.016940-03:00 linux-lab01 kernel: [    0.499171] acpiphp: Slot [47] registered
2025-07-23T09:30:43.016941-03:00 linux-lab01 kernel: [    0.499189] acpiphp: Slot [48] registered
2025-07-23T09:30:43.016962-03:00 linux-lab01 kernel: [    0.499208] acpiphp: Slot [49] registered
2025-07-23T09:30:43.016964-03:00 linux-lab01 kernel: [    0.499227] acpiphp: Slot [50] registered
2025-07-23T09:30:43.016965-03:00 linux-lab01 kernel: [    0.499246] acpiphp: Slot [51] registered
2025-07-23T09:30:43.016965-03:00 linux-lab01 kernel: [    0.499266] acpiphp: Slot [52] registered
2025-07-23T09:30:43.016966-03:00 linux-lab01 kernel: [    0.499285] acpiphp: Slot [53] registered
2025-07-23T09:30:43.016967-03:00 linux-lab01 kernel: [    0.499304] acpiphp: Slot [54] registered
2025-07-23T09:30:43.016987-03:00 linux-lab01 kernel: [    0.499322] acpiphp: Slot [55] registered
2025-07-23T09:30:43.016989-03:00 linux-lab01 kernel: [    0.499341] acpiphp: Slot [56] registered
2025-07-23T09:30:43.016989-03:00 linux-lab01 kernel: [    0.499360] acpiphp: Slot [57] registered
2025-07-23T09:30:43.016990-03:00 linux-lab01 kernel: [    0.499378] acpiphp: Slot [58] registered
2025-07-23T09:30:43.016991-03:00 linux-lab01 kernel: [    0.499397] acpiphp: Slot [59] registered
2025-07-23T09:30:43.016992-03:00 linux-lab01 kernel: [    0.499416] acpiphp: Slot [60] registered
2025-07-23T09:30:43.017012-03:00 linux-lab01 kernel: [    0.499435] acpiphp: Slot [61] registered
2025-07-23T09:30:43.017013-03:00 linux-lab01 kernel: [    0.499454] acpiphp: Slot [62] registered
2025-07-23T09:30:43.017014-03:00 linux-lab01 kernel: [    0.499473] acpiphp: Slot [63] registered
2025-07-23T09:30:43.017015-03:00 linux-lab01 kernel: [    0.499558] pci 0000:02:00.0: [15ad:0774] type 00 class 0x0c0300
2025-07-23T09:30:43.017016-03:00 linux-lab01 kernel: [    0.500430] pci 0000:02:00.0: reg 0x20: [io  0x2080-0x209f]
2025-07-23T09:30:43.017016-03:00 linux-lab01 kernel: [    0.501527] pci 0000:02:01.0: [8086:100f] type 00 class 0x020000
2025-07-23T09:30:43.017017-03:00 linux-lab01 kernel: [    0.501888] pci 0000:02:01.0: reg 0x10: [mem 0xfd5c0000-0xfd5dffff 64bit]
2025-07-23T09:30:43.017037-03:00 linux-lab01 kernel: [    0.502155] pci 0000:02:01.0: reg 0x18: [mem 0xfdff0000-0xfdffffff 64bit]
2025-07-23T09:30:43.017039-03:00 linux-lab01 kernel: [    0.502378] pci 0000:02:01.0: reg 0x20: [io  0x2000-0x203f]
2025-07-23T09:30:43.017040-03:00 linux-lab01 kernel: [    0.502816] pci 0000:02:01.0: reg 0x30: [mem 0x00000000-0x0000ffff pref]
2025-07-23T09:30:43.017040-03:00 linux-lab01 kernel: [    0.503146] pci 0000:02:01.0: PME# supported from D0 D3hot D3cold
2025-07-23T09:30:43.017041-03:00 linux-lab01 kernel: [    0.503670] pci 0000:02:02.0: [1274:1371] type 00 class 0x040100
2025-07-23T09:30:43.017042-03:00 linux-lab01 kernel: [    0.503930] pci 0000:02:02.0: reg 0x10: [io  0x2040-0x207f]
2025-07-23T09:30:43.017063-03:00 linux-lab01 kernel: [    0.505836] pci 0000:02:03.0: [15ad:07e0] type 00 class 0x010601
2025-07-23T09:30:43.017065-03:00 linux-lab01 kernel: [    0.506884] pci 0000:02:03.0: reg 0x24: [mem 0xfd5ef000-0xfd5effff]
2025-07-23T09:30:43.017066-03:00 linux-lab01 kernel: [    0.507055] pci 0000:02:03.0: reg 0x30: [mem 0x00000000-0x0000ffff pref]
2025-07-23T09:30:43.017068-03:00 linux-lab01 kernel: [    0.507495] pci 0000:02:03.0: PME# supported from D3hot
2025-07-23T09:30:43.017069-03:00 linux-lab01 kernel: [    0.508532] pci 0000:00:11.0: PCI bridge to [bus 02] (subtractive decode)
2025-07-23T09:30:43.017069-03:00 linux-lab01 kernel: [    0.508589] pci 0000:00:11.0:   bridge window [io  0x2000-0x3fff]
2025-07-23T09:30:43.017070-03:00 linux-lab01 kernel: [    0.508627] pci 0000:00:11.0:   bridge window [mem 0xfd500000-0xfdffffff]
2025-07-23T09:30:43.017102-03:00 linux-lab01 kernel: [    0.508693] pci 0000:00:11.0:   bridge window [mem 0xe7b00000-0xe7ffffff 64bit pref]
2025-07-23T09:30:43.017104-03:00 linux-lab01 kernel: [    0.508699] pci 0000:00:11.0:   bridge window [mem 0x000a0000-0x000bffff window] (subtractive decode)
2025-07-23T09:30:43.017104-03:00 linux-lab01 kernel: [    0.508702] pci 0000:00:11.0:   bridge window [mem 0x000d0000-0x000dbfff window] (subtractive decode)
2025-07-23T09:30:43.017105-03:00 linux-lab01 kernel: [    0.508703] pci 0000:00:11.0:   bridge window [mem 0x80000000-0xfebfffff window] (subtractive decode)
2025-07-23T09:30:43.017105-03:00 linux-lab01 kernel: [    0.508705] pci 0000:00:11.0:   bridge window [io  0x0000-0x0cf7 window] (subtractive decode)
2025-07-23T09:30:43.017127-03:00 linux-lab01 kernel: [    0.508707] pci 0000:00:11.0:   bridge window [io  0x0d00-0xfeff window] (subtractive decode)
2025-07-23T09:30:43.017130-03:00 linux-lab01 kernel: [    0.509155] pci 0000:00:15.0: PCI bridge to [bus 03]
2025-07-23T09:30:43.017131-03:00 linux-lab01 kernel: [    0.509188] pci 0000:00:15.0:   bridge window [io  0x4000-0x4fff]
2025-07-23T09:30:43.017132-03:00 linux-lab01 kernel: [    0.509220] pci 0000:00:15.0:   bridge window [mem 0xfd400000-0xfd4fffff]
2025-07-23T09:30:43.017133-03:00 linux-lab01 kernel: [    0.509280] pci 0000:00:15.0:   bridge window [mem 0xe7a00000-0xe7afffff 64bit pref]
2025-07-23T09:30:43.017134-03:00 linux-lab01 kernel: [    0.509735] pci 0000:00:15.1: PCI bridge to [bus 04]
2025-07-23T09:30:43.017135-03:00 linux-lab01 kernel: [    0.509767] pci 0000:00:15.1:   bridge window [io  0x8000-0x8fff]
2025-07-23T09:30:43.017165-03:00 linux-lab01 kernel: [    0.509798] pci 0000:00:15.1:   bridge window [mem 0xfd000000-0xfd0fffff]
2025-07-23T09:30:43.017168-03:00 linux-lab01 kernel: [    0.509856] pci 0000:00:15.1:   bridge window [mem 0xe7600000-0xe76fffff 64bit pref]
2025-07-23T09:30:43.017169-03:00 linux-lab01 kernel: [    0.510299] pci 0000:00:15.2: PCI bridge to [bus 05]
2025-07-23T09:30:43.017170-03:00 linux-lab01 kernel: [    0.510334] pci 0000:00:15.2:   bridge window [io  0xc000-0xcfff]
2025-07-23T09:30:43.017171-03:00 linux-lab01 kernel: [    0.510364] pci 0000:00:15.2:   bridge window [mem 0xfcc00000-0xfccfffff]
2025-07-23T09:30:43.017172-03:00 linux-lab01 kernel: [    0.510422] pci 0000:00:15.2:   bridge window [mem 0xe7200000-0xe72fffff 64bit pref]
2025-07-23T09:30:43.017199-03:00 linux-lab01 kernel: [    0.510844] pci 0000:00:15.3: PCI bridge to [bus 06]
2025-07-23T09:30:43.017201-03:00 linux-lab01 kernel: [    0.510914] pci 0000:00:15.3:   bridge window [mem 0xfc800000-0xfc8fffff]
2025-07-23T09:30:43.017201-03:00 linux-lab01 kernel: [    0.510971] pci 0000:00:15.3:   bridge window [mem 0xe6e00000-0xe6efffff 64bit pref]
2025-07-23T09:30:43.017201-03:00 linux-lab01 kernel: [    0.511362] pci 0000:00:15.4: PCI bridge to [bus 07]
2025-07-23T09:30:43.017202-03:00 linux-lab01 kernel: [    0.511415] pci 0000:00:15.4:   bridge window [mem 0xfc400000-0xfc4fffff]
2025-07-23T09:30:43.017202-03:00 linux-lab01 kernel: [    0.511468] pci 0000:00:15.4:   bridge window [mem 0xe6a00000-0xe6afffff 64bit pref]
2025-07-23T09:30:43.017203-03:00 linux-lab01 kernel: [    0.511799] pci 0000:00:15.5: PCI bridge to [bus 08]
2025-07-23T09:30:43.017228-03:00 linux-lab01 kernel: [    0.511843] pci 0000:00:15.5:   bridge window [mem 0xfc000000-0xfc0fffff]
2025-07-23T09:30:43.017230-03:00 linux-lab01 kernel: [    0.511886] pci 0000:00:15.5:   bridge window [mem 0xe6600000-0xe66fffff 64bit pref]
2025-07-23T09:30:43.017230-03:00 linux-lab01 kernel: [    0.512291] pci 0000:00:15.6: PCI bridge to [bus 09]
2025-07-23T09:30:43.017230-03:00 linux-lab01 kernel: [    0.512359] pci 0000:00:15.6:   bridge window [mem 0xfbc00000-0xfbcfffff]
2025-07-23T09:30:43.017231-03:00 linux-lab01 kernel: [    0.512421] pci 0000:00:15.6:   bridge window [mem 0xe6200000-0xe62fffff 64bit pref]
2025-07-23T09:30:43.017231-03:00 linux-lab01 kernel: [    0.512822] pci 0000:00:15.7: PCI bridge to [bus 0a]
2025-07-23T09:30:43.017255-03:00 linux-lab01 kernel: [    0.512866] pci 0000:00:15.7:   bridge window [mem 0xfb800000-0xfb8fffff]
2025-07-23T09:30:43.017256-03:00 linux-lab01 kernel: [    0.512910] pci 0000:00:15.7:   bridge window [mem 0xe5e00000-0xe5efffff 64bit pref]
2025-07-23T09:30:43.017257-03:00 linux-lab01 kernel: [    0.513268] pci 0000:00:16.0: PCI bridge to [bus 0b]
2025-07-23T09:30:43.017257-03:00 linux-lab01 kernel: [    0.513292] pci 0000:00:16.0:   bridge window [io  0x5000-0x5fff]
2025-07-23T09:30:43.017257-03:00 linux-lab01 kernel: [    0.513322] pci 0000:00:16.0:   bridge window [mem 0xfd300000-0xfd3fffff]
2025-07-23T09:30:43.017258-03:00 linux-lab01 kernel: [    0.513368] pci 0000:00:16.0:   bridge window [mem 0xe7900000-0xe79fffff 64bit pref]
2025-07-23T09:30:43.017282-03:00 linux-lab01 kernel: [    0.513697] pci 0000:00:16.1: PCI bridge to [bus 0c]
2025-07-23T09:30:43.017285-03:00 linux-lab01 kernel: [    0.513723] pci 0000:00:16.1:   bridge window [io  0x9000-0x9fff]
2025-07-23T09:30:43.017286-03:00 linux-lab01 kernel: [    0.513749] pci 0000:00:16.1:   bridge window [mem 0xfcf00000-0xfcffffff]
2025-07-23T09:30:43.017287-03:00 linux-lab01 kernel: [    0.513794] pci 0000:00:16.1:   bridge window [mem 0xe7500000-0xe75fffff 64bit pref]
2025-07-23T09:30:43.017287-03:00 linux-lab01 kernel: [    0.514129] pci 0000:00:16.2: PCI bridge to [bus 0d]
2025-07-23T09:30:43.017288-03:00 linux-lab01 kernel: [    0.514153] pci 0000:00:16.2:   bridge window [io  0xd000-0xdfff]
2025-07-23T09:30:43.017289-03:00 linux-lab01 kernel: [    0.514176] pci 0000:00:16.2:   bridge window [mem 0xfcb00000-0xfcbfffff]
2025-07-23T09:30:43.017315-03:00 linux-lab01 kernel: [    0.514219] pci 0000:00:16.2:   bridge window [mem 0xe7100000-0xe71fffff 64bit pref]
2025-07-23T09:30:43.017317-03:00 linux-lab01 kernel: [    0.514524] pci 0000:00:16.3: PCI bridge to [bus 0e]
2025-07-23T09:30:43.017317-03:00 linux-lab01 kernel: [    0.514574] pci 0000:00:16.3:   bridge window [mem 0xfc700000-0xfc7fffff]
2025-07-23T09:30:43.017317-03:00 linux-lab01 kernel: [    0.514631] pci 0000:00:16.3:   bridge window [mem 0xe6d00000-0xe6dfffff 64bit pref]
2025-07-23T09:30:43.017318-03:00 linux-lab01 kernel: [    0.514972] pci 0000:00:16.4: PCI bridge to [bus 0f]
2025-07-23T09:30:43.017318-03:00 linux-lab01 kernel: [    0.515028] pci 0000:00:16.4:   bridge window [mem 0xfc300000-0xfc3fffff]
2025-07-23T09:30:43.017338-03:00 linux-lab01 kernel: [    0.515082] pci 0000:00:16.4:   bridge window [mem 0xe6900000-0xe69fffff 64bit pref]
2025-07-23T09:30:43.017339-03:00 linux-lab01 kernel: [    0.515461] pci 0000:00:16.5: PCI bridge to [bus 10]
2025-07-23T09:30:43.017339-03:00 linux-lab01 kernel: [    0.515518] pci 0000:00:16.5:   bridge window [mem 0xfbf00000-0xfbffffff]
2025-07-23T09:30:43.017340-03:00 linux-lab01 kernel: [    0.515577] pci 0000:00:16.5:   bridge window [mem 0xe6500000-0xe65fffff 64bit pref]
2025-07-23T09:30:43.017340-03:00 linux-lab01 kernel: [    0.516045] pci 0000:00:16.6: PCI bridge to [bus 11]
2025-07-23T09:30:43.017340-03:00 linux-lab01 kernel: [    0.516116] pci 0000:00:16.6:   bridge window [mem 0xfbb00000-0xfbbfffff]
2025-07-23T09:30:43.017341-03:00 linux-lab01 kernel: [    0.516176] pci 0000:00:16.6:   bridge window [mem 0xe6100000-0xe61fffff 64bit pref]
2025-07-23T09:30:43.017360-03:00 linux-lab01 kernel: [    0.516607] pci 0000:00:16.7: PCI bridge to [bus 12]
2025-07-23T09:30:43.017416-03:00 linux-lab01 kernel: [    0.516662] pci 0000:00:16.7:   bridge window [mem 0xfb700000-0xfb7fffff]
2025-07-23T09:30:43.017416-03:00 linux-lab01 kernel: [    0.516708] pci 0000:00:16.7:   bridge window [mem 0xe5d00000-0xe5dfffff 64bit pref]
2025-07-23T09:30:43.017417-03:00 linux-lab01 kernel: [    0.517019] pci 0000:00:17.0: PCI bridge to [bus 13]
2025-07-23T09:30:43.017417-03:00 linux-lab01 kernel: [    0.517042] pci 0000:00:17.0:   bridge window [io  0x6000-0x6fff]
2025-07-23T09:30:43.017417-03:00 linux-lab01 kernel: [    0.517064] pci 0000:00:17.0:   bridge window [mem 0xfd200000-0xfd2fffff]
2025-07-23T09:30:43.017447-03:00 linux-lab01 kernel: [    0.517106] pci 0000:00:17.0:   bridge window [mem 0xe7800000-0xe78fffff 64bit pref]
2025-07-23T09:30:43.017448-03:00 linux-lab01 kernel: [    0.517398] pci 0000:00:17.1: PCI bridge to [bus 14]
2025-07-23T09:30:43.017448-03:00 linux-lab01 kernel: [    0.517420] pci 0000:00:17.1:   bridge window [io  0xa000-0xafff]
2025-07-23T09:30:43.017449-03:00 linux-lab01 kernel: [    0.517442] pci 0000:00:17.1:   bridge window [mem 0xfce00000-0xfcefffff]
2025-07-23T09:30:43.017449-03:00 linux-lab01 kernel: [    0.517484] pci 0000:00:17.1:   bridge window [mem 0xe7400000-0xe74fffff 64bit pref]
2025-07-23T09:30:43.017449-03:00 linux-lab01 kernel: [    0.517797] pci 0000:00:17.2: PCI bridge to [bus 15]
2025-07-23T09:30:43.017470-03:00 linux-lab01 kernel: [    0.517820] pci 0000:00:17.2:   bridge window [io  0xe000-0xefff]
2025-07-23T09:30:43.017472-03:00 linux-lab01 kernel: [    0.517843] pci 0000:00:17.2:   bridge window [mem 0xfca00000-0xfcafffff]
2025-07-23T09:30:43.017472-03:00 linux-lab01 kernel: [    0.517885] pci 0000:00:17.2:   bridge window [mem 0xe7000000-0xe70fffff 64bit pref]
2025-07-23T09:30:43.017472-03:00 linux-lab01 kernel: [    0.518179] pci 0000:00:17.3: PCI bridge to [bus 16]
2025-07-23T09:30:43.017472-03:00 linux-lab01 kernel: [    0.518222] pci 0000:00:17.3:   bridge window [mem 0xfc600000-0xfc6fffff]
2025-07-23T09:30:43.017473-03:00 linux-lab01 kernel: [    0.518265] pci 0000:00:17.3:   bridge window [mem 0xe6c00000-0xe6cfffff 64bit pref]
2025-07-23T09:30:43.017473-03:00 linux-lab01 kernel: [    0.518559] pci 0000:00:17.4: PCI bridge to [bus 17]
2025-07-23T09:30:43.017493-03:00 linux-lab01 kernel: [    0.518602] pci 0000:00:17.4:   bridge window [mem 0xfc200000-0xfc2fffff]
2025-07-23T09:30:43.017494-03:00 linux-lab01 kernel: [    0.518644] pci 0000:00:17.4:   bridge window [mem 0xe6800000-0xe68fffff 64bit pref]
2025-07-23T09:30:43.017495-03:00 linux-lab01 kernel: [    0.518940] pci 0000:00:17.5: PCI bridge to [bus 18]
2025-07-23T09:30:43.017495-03:00 linux-lab01 kernel: [    0.518983] pci 0000:00:17.5:   bridge window [mem 0xfbe00000-0xfbefffff]
2025-07-23T09:30:43.017495-03:00 linux-lab01 kernel: [    0.519025] pci 0000:00:17.5:   bridge window [mem 0xe6400000-0xe64fffff 64bit pref]
2025-07-23T09:30:43.017496-03:00 linux-lab01 kernel: [    0.519319] pci 0000:00:17.6: PCI bridge to [bus 19]
2025-07-23T09:30:43.017521-03:00 linux-lab01 kernel: [    0.519362] pci 0000:00:17.6:   bridge window [mem 0xfba00000-0xfbafffff]
2025-07-23T09:30:43.017523-03:00 linux-lab01 kernel: [    0.519405] pci 0000:00:17.6:   bridge window [mem 0xe6000000-0xe60fffff 64bit pref]
2025-07-23T09:30:43.017524-03:00 linux-lab01 kernel: [    0.519698] pci 0000:00:17.7: PCI bridge to [bus 1a]
2025-07-23T09:30:43.017525-03:00 linux-lab01 kernel: [    0.519741] pci 0000:00:17.7:   bridge window [mem 0xfb600000-0xfb6fffff]
2025-07-23T09:30:43.017526-03:00 linux-lab01 kernel: [    0.519783] pci 0000:00:17.7:   bridge window [mem 0xe5c00000-0xe5cfffff 64bit pref]
2025-07-23T09:30:43.017527-03:00 linux-lab01 kernel: [    0.520079] pci 0000:00:18.0: PCI bridge to [bus 1b]
2025-07-23T09:30:43.017528-03:00 linux-lab01 kernel: [    0.520101] pci 0000:00:18.0:   bridge window [io  0x7000-0x7fff]
2025-07-23T09:30:43.063301-03:00 linux-lab01 kernel: [    0.520123] pci 0000:00:18.0:   bridge window [mem 0xfd100000-0xfd1fffff]
2025-07-23T09:30:43.063305-03:00 linux-lab01 kernel: [    0.520166] pci 0000:00:18.0:   bridge window [mem 0xe7700000-0xe77fffff 64bit pref]
2025-07-23T09:30:43.063305-03:00 linux-lab01 kernel: [    0.520456] pci 0000:00:18.1: PCI bridge to [bus 1c]
2025-07-23T09:30:43.063306-03:00 linux-lab01 kernel: [    0.520478] pci 0000:00:18.1:   bridge window [io  0xb000-0xbfff]
2025-07-23T09:30:43.063306-03:00 linux-lab01 kernel: [    0.520500] pci 0000:00:18.1:   bridge window [mem 0xfcd00000-0xfcdfffff]
2025-07-23T09:30:43.063307-03:00 linux-lab01 kernel: [    0.520542] pci 0000:00:18.1:   bridge window [mem 0xe7300000-0xe73fffff 64bit pref]
2025-07-23T09:30:43.063320-03:00 linux-lab01 kernel: [    0.520834] pci 0000:00:18.2: PCI bridge to [bus 1d]
2025-07-23T09:30:43.063321-03:00 linux-lab01 kernel: [    0.520877] pci 0000:00:18.2:   bridge window [mem 0xfc900000-0xfc9fffff]
2025-07-23T09:30:43.063321-03:00 linux-lab01 kernel: [    0.520919] pci 0000:00:18.2:   bridge window [mem 0xe6f00000-0xe6ffffff 64bit pref]
2025-07-23T09:30:43.063321-03:00 linux-lab01 kernel: [    0.521209] pci 0000:00:18.3: PCI bridge to [bus 1e]
2025-07-23T09:30:43.063321-03:00 linux-lab01 kernel: [    0.521251] pci 0000:00:18.3:   bridge window [mem 0xfc500000-0xfc5fffff]
2025-07-23T09:30:43.063322-03:00 linux-lab01 kernel: [    0.521293] pci 0000:00:18.3:   bridge window [mem 0xe6b00000-0xe6bfffff 64bit pref]
2025-07-23T09:30:43.063326-03:00 linux-lab01 kernel: [    0.521584] pci 0000:00:18.4: PCI bridge to [bus 1f]
2025-07-23T09:30:43.063326-03:00 linux-lab01 kernel: [    0.521626] pci 0000:00:18.4:   bridge window [mem 0xfc100000-0xfc1fffff]
2025-07-23T09:30:43.063327-03:00 linux-lab01 kernel: [    0.521675] pci 0000:00:18.4:   bridge window [mem 0xe6700000-0xe67fffff 64bit pref]
2025-07-23T09:30:43.063327-03:00 linux-lab01 kernel: [    0.521979] pci 0000:00:18.5: PCI bridge to [bus 20]
2025-07-23T09:30:43.063327-03:00 linux-lab01 kernel: [    0.522023] pci 0000:00:18.5:   bridge window [mem 0xfbd00000-0xfbdfffff]
2025-07-23T09:30:43.063328-03:00 linux-lab01 kernel: [    0.522066] pci 0000:00:18.5:   bridge window [mem 0xe6300000-0xe63fffff 64bit pref]
2025-07-23T09:30:43.063328-03:00 linux-lab01 kernel: [    0.522366] pci 0000:00:18.6: PCI bridge to [bus 21]
2025-07-23T09:30:43.063355-03:00 linux-lab01 kernel: [    0.522410] pci 0000:00:18.6:   bridge window [mem 0xfb900000-0xfb9fffff]
2025-07-23T09:30:43.063357-03:00 linux-lab01 kernel: [    0.522453] pci 0000:00:18.6:   bridge window [mem 0xe5f00000-0xe5ffffff 64bit pref]
2025-07-23T09:30:43.063357-03:00 linux-lab01 kernel: [    0.522756] pci 0000:00:18.7: PCI bridge to [bus 22]
2025-07-23T09:30:43.063357-03:00 linux-lab01 kernel: [    0.522800] pci 0000:00:18.7:   bridge window [mem 0xfb500000-0xfb5fffff]
2025-07-23T09:30:43.063357-03:00 linux-lab01 kernel: [    0.522843] pci 0000:00:18.7:   bridge window [mem 0xe5b00000-0xe5bfffff 64bit pref]
2025-07-23T09:30:43.063358-03:00 linux-lab01 kernel: [    0.525185] ACPI: PCI: Interrupt link LNKA configured for IRQ 9
2025-07-23T09:30:43.063378-03:00 linux-lab01 kernel: [    0.525272] ACPI: PCI: Interrupt link LNKB configured for IRQ 11
2025-07-23T09:30:43.063379-03:00 linux-lab01 kernel: [    0.525350] ACPI: PCI: Interrupt link LNKC configured for IRQ 10
2025-07-23T09:30:43.063379-03:00 linux-lab01 kernel: [    0.525431] ACPI: PCI: Interrupt link LNKD configured for IRQ 7
2025-07-23T09:30:43.063379-03:00 linux-lab01 kernel: [    0.537322] iommu: Default domain type: Translated 
2025-07-23T09:30:43.063379-03:00 linux-lab01 kernel: [    0.537325] iommu: DMA domain TLB invalidation policy: lazy mode 
2025-07-23T09:30:43.063380-03:00 linux-lab01 kernel: [    0.537396] pps_core: LinuxPPS API ver. 1 registered
2025-07-23T09:30:43.063380-03:00 linux-lab01 kernel: [    0.537397] pps_core: Software ver. 5.3.6 - Copyright 2005-2007 Rodolfo Giometti <giometti@linux.it>
2025-07-23T09:30:43.063401-03:00 linux-lab01 kernel: [    0.537399] PTP clock support registered
2025-07-23T09:30:43.063402-03:00 linux-lab01 kernel: [    0.537409] EDAC MC: Ver: 3.0.0
2025-07-23T09:30:43.063402-03:00 linux-lab01 kernel: [    0.538982] NetLabel: Initializing
2025-07-23T09:30:43.063403-03:00 linux-lab01 kernel: [    0.538984] NetLabel:  domain hash size = 128
2025-07-23T09:30:43.063403-03:00 linux-lab01 kernel: [    0.538984] NetLabel:  protocols = UNLABELED CIPSOv4 CALIPSO
2025-07-23T09:30:43.063403-03:00 linux-lab01 kernel: [    0.538997] NetLabel:  unlabeled traffic allowed by default
2025-07-23T09:30:43.063423-03:00 linux-lab01 kernel: [    0.538998] PCI: Using ACPI for IRQ routing
2025-07-23T09:30:43.063424-03:00 linux-lab01 kernel: [    0.543847] PCI: pci_cache_line_size set to 64 bytes
2025-07-23T09:30:43.063424-03:00 linux-lab01 kernel: [    0.545012] e820: reserve RAM buffer [mem 0x0009e800-0x0009ffff]
2025-07-23T09:30:43.063424-03:00 linux-lab01 kernel: [    0.545019] e820: reserve RAM buffer [mem 0x7fee0000-0x7fffffff]
2025-07-23T09:30:43.063425-03:00 linux-lab01 kernel: [    0.545126] pci 0000:00:0f.0: vgaarb: setting as boot VGA device
2025-07-23T09:30:43.063425-03:00 linux-lab01 kernel: [    0.545130] pci 0000:00:0f.0: vgaarb: bridge control possible
2025-07-23T09:30:43.063444-03:00 linux-lab01 kernel: [    0.545132] pci 0000:00:0f.0: vgaarb: VGA device added: decodes=io+mem,owns=io+mem,locks=none
2025-07-23T09:30:43.063445-03:00 linux-lab01 kernel: [    0.545144] vgaarb: loaded
2025-07-23T09:30:43.063445-03:00 linux-lab01 kernel: [    0.547121] hpet0: at MMIO 0xfed00000, IRQs 2, 8, 0, 0, 0, 0, 0, 0, 0, 0, 0, 0, 0, 0, 0, 0
2025-07-23T09:30:43.063446-03:00 linux-lab01 kernel: [    0.547134] hpet0: 16 comparators, 64-bit 14.318180 MHz counter
2025-07-23T09:30:43.063446-03:00 linux-lab01 kernel: [    0.550128] clocksource: Switched to clocksource tsc-early
2025-07-23T09:30:43.063446-03:00 linux-lab01 kernel: [    0.557212] VFS: Disk quotas dquot_6.6.0
2025-07-23T09:30:43.063447-03:00 linux-lab01 kernel: [    0.557253] VFS: Dquot-cache hash table entries: 512 (order 0, 4096 bytes)
2025-07-23T09:30:43.063465-03:00 linux-lab01 kernel: [    0.557408] AppArmor: AppArmor Filesystem Enabled
2025-07-23T09:30:43.063466-03:00 linux-lab01 kernel: [    0.557426] pnp: PnP ACPI init
2025-07-23T09:30:43.063467-03:00 linux-lab01 kernel: [    0.557634] system 00:00: [io  0x1000-0x103f] has been reserved
2025-07-23T09:30:43.063467-03:00 linux-lab01 kernel: [    0.557637] system 00:00: [io  0x1040-0x104f] has been reserved
2025-07-23T09:30:43.063467-03:00 linux-lab01 kernel: [    0.557639] system 00:00: [io  0x0cf0-0x0cf1] has been reserved
2025-07-23T09:30:43.063468-03:00 linux-lab01 kernel: [    0.557884] system 00:04: [mem 0xfed00000-0xfed003ff] has been reserved
2025-07-23T09:30:43.063486-03:00 linux-lab01 kernel: [    0.559721] system 00:05: [io  0xfce0-0xfcff] has been reserved
2025-07-23T09:30:43.063487-03:00 linux-lab01 kernel: [    0.559730] system 00:05: [mem 0xf0000000-0xf7ffffff] has been reserved
2025-07-23T09:30:43.063488-03:00 linux-lab01 kernel: [    0.559733] system 00:05: [mem 0xfe800000-0xfe9fffff] has been reserved
2025-07-23T09:30:43.063488-03:00 linux-lab01 kernel: [    0.564007] pnp: PnP ACPI: found 6 devices
2025-07-23T09:30:43.063488-03:00 linux-lab01 kernel: [    0.569515] clocksource: acpi_pm: mask: 0xffffff max_cycles: 0xffffff, max_idle_ns: 2085701024 ns
2025-07-23T09:30:43.063489-03:00 linux-lab01 kernel: [    0.569599] NET: Registered PF_INET protocol family
2025-07-23T09:30:43.063492-03:00 linux-lab01 kernel: [    0.569646] IP idents hash table entries: 32768 (order: 6, 262144 bytes, linear)
2025-07-23T09:30:43.063508-03:00 linux-lab01 kernel: [    0.570452] tcp_listen_portaddr_hash hash table entries: 1024 (order: 2, 16384 bytes, linear)
2025-07-23T09:30:43.063509-03:00 linux-lab01 kernel: [    0.570480] Table-perturb hash table entries: 65536 (order: 6, 262144 bytes, linear)
2025-07-23T09:30:43.063509-03:00 linux-lab01 kernel: [    0.570491] TCP established hash table entries: 16384 (order: 5, 131072 bytes, linear)
2025-07-23T09:30:43.063510-03:00 linux-lab01 kernel: [    0.570542] TCP bind hash table entries: 16384 (order: 7, 524288 bytes, linear)
2025-07-23T09:30:43.063510-03:00 linux-lab01 kernel: [    0.570577] TCP: Hash tables configured (established 16384 bind 16384)
2025-07-23T09:30:43.063510-03:00 linux-lab01 kernel: [    0.570814] MPTCP token hash table entries: 2048 (order: 3, 49152 bytes, linear)
2025-07-23T09:30:43.063566-03:00 linux-lab01 kernel: [    0.570834] UDP hash table entries: 1024 (order: 3, 32768 bytes, linear)
2025-07-23T09:30:43.063567-03:00 linux-lab01 kernel: [    0.570849] UDP-Lite hash table entries: 1024 (order: 3, 32768 bytes, linear)
2025-07-23T09:30:43.063567-03:00 linux-lab01 kernel: [    0.571032] NET: Registered PF_UNIX/PF_LOCAL protocol family
2025-07-23T09:30:43.063568-03:00 linux-lab01 kernel: [    0.571040] NET: Registered PF_XDP protocol family
2025-07-23T09:30:43.063568-03:00 linux-lab01 kernel: [    0.571055] pci 0000:00:15.3: bridge window [io  0x1000-0x0fff] to [bus 06] add_size 1000
2025-07-23T09:30:43.063568-03:00 linux-lab01 kernel: [    0.571059] pci 0000:00:15.4: bridge window [io  0x1000-0x0fff] to [bus 07] add_size 1000
2025-07-23T09:30:43.063621-03:00 linux-lab01 kernel: [    0.571060] pci 0000:00:15.5: bridge window [io  0x1000-0x0fff] to [bus 08] add_size 1000
2025-07-23T09:30:43.063622-03:00 linux-lab01 kernel: [    0.571062] pci 0000:00:15.6: bridge window [io  0x1000-0x0fff] to [bus 09] add_size 1000
2025-07-23T09:30:43.063669-03:00 linux-lab01 kernel: [    0.571064] pci 0000:00:15.7: bridge window [io  0x1000-0x0fff] to [bus 0a] add_size 1000
2025-07-23T09:30:43.063670-03:00 linux-lab01 kernel: [    0.571066] pci 0000:00:16.3: bridge window [io  0x1000-0x0fff] to [bus 0e] add_size 1000
2025-07-23T09:30:43.063670-03:00 linux-lab01 kernel: [    0.571068] pci 0000:00:16.4: bridge window [io  0x1000-0x0fff] to [bus 0f] add_size 1000
2025-07-23T09:30:43.063670-03:00 linux-lab01 kernel: [    0.571069] pci 0000:00:16.5: bridge window [io  0x1000-0x0fff] to [bus 10] add_size 1000
2025-07-23T09:30:43.063671-03:00 linux-lab01 kernel: [    0.571071] pci 0000:00:16.6: bridge window [io  0x1000-0x0fff] to [bus 11] add_size 1000
2025-07-23T09:30:43.063691-03:00 linux-lab01 kernel: [    0.571072] pci 0000:00:16.7: bridge window [io  0x1000-0x0fff] to [bus 12] add_size 1000
2025-07-23T09:30:43.063692-03:00 linux-lab01 kernel: [    0.571075] pci 0000:00:17.3: bridge window [io  0x1000-0x0fff] to [bus 16] add_size 1000
2025-07-23T09:30:43.063692-03:00 linux-lab01 kernel: [    0.571077] pci 0000:00:17.4: bridge window [io  0x1000-0x0fff] to [bus 17] add_size 1000
2025-07-23T09:30:43.063693-03:00 linux-lab01 kernel: [    0.571079] pci 0000:00:17.5: bridge window [io  0x1000-0x0fff] to [bus 18] add_size 1000
2025-07-23T09:30:43.063693-03:00 linux-lab01 kernel: [    0.571080] pci 0000:00:17.6: bridge window [io  0x1000-0x0fff] to [bus 19] add_size 1000
2025-07-23T09:30:43.063693-03:00 linux-lab01 kernel: [    0.571082] pci 0000:00:17.7: bridge window [io  0x1000-0x0fff] to [bus 1a] add_size 1000
2025-07-23T09:30:43.063712-03:00 linux-lab01 kernel: [    0.571084] pci 0000:00:18.2: bridge window [io  0x1000-0x0fff] to [bus 1d] add_size 1000
2025-07-23T09:30:43.063714-03:00 linux-lab01 kernel: [    0.571085] pci 0000:00:18.3: bridge window [io  0x1000-0x0fff] to [bus 1e] add_size 1000
2025-07-23T09:30:43.063714-03:00 linux-lab01 kernel: [    0.571087] pci 0000:00:18.4: bridge window [io  0x1000-0x0fff] to [bus 1f] add_size 1000
2025-07-23T09:30:43.063714-03:00 linux-lab01 kernel: [    0.571088] pci 0000:00:18.5: bridge window [io  0x1000-0x0fff] to [bus 20] add_size 1000
2025-07-23T09:30:43.063714-03:00 linux-lab01 kernel: [    0.571090] pci 0000:00:18.6: bridge window [io  0x1000-0x0fff] to [bus 21] add_size 1000
2025-07-23T09:30:43.063715-03:00 linux-lab01 kernel: [    0.571091] pci 0000:00:18.7: bridge window [io  0x1000-0x0fff] to [bus 22] add_size 1000
2025-07-23T09:30:43.063718-03:00 linux-lab01 kernel: [    0.571106] pci 0000:00:10.0: BAR 6: assigned [mem 0x80000000-0x80003fff pref]
2025-07-23T09:30:43.063734-03:00 linux-lab01 kernel: [    0.571110] pci 0000:00:15.3: BAR 13: no space for [io  size 0x1000]
2025-07-23T09:30:43.063735-03:00 linux-lab01 kernel: [    0.571111] pci 0000:00:15.3: BAR 13: failed to assign [io  size 0x1000]
2025-07-23T09:30:43.063735-03:00 linux-lab01 kernel: [    0.571113] pci 0000:00:15.4: BAR 13: no space for [io  size 0x1000]
2025-07-23T09:30:43.063735-03:00 linux-lab01 kernel: [    0.571115] pci 0000:00:15.4: BAR 13: failed to assign [io  size 0x1000]
2025-07-23T09:30:43.063736-03:00 linux-lab01 kernel: [    0.571116] pci 0000:00:15.5: BAR 13: no space for [io  size 0x1000]
2025-07-23T09:30:43.063736-03:00 linux-lab01 kernel: [    0.571118] pci 0000:00:15.5: BAR 13: failed to assign [io  size 0x1000]
2025-07-23T09:30:43.063755-03:00 linux-lab01 kernel: [    0.571119] pci 0000:00:15.6: BAR 13: no space for [io  size 0x1000]
2025-07-23T09:30:43.063756-03:00 linux-lab01 kernel: [    0.571121] pci 0000:00:15.6: BAR 13: failed to assign [io  size 0x1000]
2025-07-23T09:30:43.063756-03:00 linux-lab01 kernel: [    0.571122] pci 0000:00:15.7: BAR 13: no space for [io  size 0x1000]
2025-07-23T09:30:43.063756-03:00 linux-lab01 kernel: [    0.571124] pci 0000:00:15.7: BAR 13: failed to assign [io  size 0x1000]
2025-07-23T09:30:43.063757-03:00 linux-lab01 kernel: [    0.571125] pci 0000:00:16.3: BAR 13: no space for [io  size 0x1000]
2025-07-23T09:30:43.063757-03:00 linux-lab01 kernel: [    0.571127] pci 0000:00:16.3: BAR 13: failed to assign [io  size 0x1000]
2025-07-23T09:30:43.063776-03:00 linux-lab01 kernel: [    0.571128] pci 0000:00:16.4: BAR 13: no space for [io  size 0x1000]
2025-07-23T09:30:43.063777-03:00 linux-lab01 kernel: [    0.571130] pci 0000:00:16.4: BAR 13: failed to assign [io  size 0x1000]
2025-07-23T09:30:43.063777-03:00 linux-lab01 kernel: [    0.571131] pci 0000:00:16.5: BAR 13: no space for [io  size 0x1000]
2025-07-23T09:30:43.063777-03:00 linux-lab01 kernel: [    0.571133] pci 0000:00:16.5: BAR 13: failed to assign [io  size 0x1000]
2025-07-23T09:30:43.063778-03:00 linux-lab01 kernel: [    0.571134] pci 0000:00:16.6: BAR 13: no space for [io  size 0x1000]
2025-07-23T09:30:43.063778-03:00 linux-lab01 kernel: [    0.571136] pci 0000:00:16.6: BAR 13: failed to assign [io  size 0x1000]
2025-07-23T09:30:43.063778-03:00 linux-lab01 kernel: [    0.571137] pci 0000:00:16.7: BAR 13: no space for [io  size 0x1000]
2025-07-23T09:30:43.063797-03:00 linux-lab01 kernel: [    0.571139] pci 0000:00:16.7: BAR 13: failed to assign [io  size 0x1000]
2025-07-23T09:30:43.063798-03:00 linux-lab01 kernel: [    0.571140] pci 0000:00:17.3: BAR 13: no space for [io  size 0x1000]
2025-07-23T09:30:43.063798-03:00 linux-lab01 kernel: [    0.571142] pci 0000:00:17.3: BAR 13: failed to assign [io  size 0x1000]
2025-07-23T09:30:43.063799-03:00 linux-lab01 kernel: [    0.571143] pci 0000:00:17.4: BAR 13: no space for [io  size 0x1000]
2025-07-23T09:30:43.063799-03:00 linux-lab01 kernel: [    0.571145] pci 0000:00:17.4: BAR 13: failed to assign [io  size 0x1000]
2025-07-23T09:30:43.063799-03:00 linux-lab01 kernel: [    0.571146] pci 0000:00:17.5: BAR 13: no space for [io  size 0x1000]
2025-07-23T09:30:43.063818-03:00 linux-lab01 kernel: [    0.571148] pci 0000:00:17.5: BAR 13: failed to assign [io  size 0x1000]
2025-07-23T09:30:43.063819-03:00 linux-lab01 kernel: [    0.571149] pci 0000:00:17.6: BAR 13: no space for [io  size 0x1000]
2025-07-23T09:30:43.063819-03:00 linux-lab01 kernel: [    0.571151] pci 0000:00:17.6: BAR 13: failed to assign [io  size 0x1000]
2025-07-23T09:30:43.063820-03:00 linux-lab01 kernel: [    0.571152] pci 0000:00:17.7: BAR 13: no space for [io  size 0x1000]
2025-07-23T09:30:43.063820-03:00 linux-lab01 kernel: [    0.571154] pci 0000:00:17.7: BAR 13: failed to assign [io  size 0x1000]
2025-07-23T09:30:43.063820-03:00 linux-lab01 kernel: [    0.571155] pci 0000:00:18.2: BAR 13: no space for [io  size 0x1000]
2025-07-23T09:30:43.063823-03:00 linux-lab01 kernel: [    0.571157] pci 0000:00:18.2: BAR 13: failed to assign [io  size 0x1000]
2025-07-23T09:30:43.063841-03:00 linux-lab01 kernel: [    0.571158] pci 0000:00:18.3: BAR 13: no space for [io  size 0x1000]
2025-07-23T09:30:43.063842-03:00 linux-lab01 kernel: [    0.571160] pci 0000:00:18.3: BAR 13: failed to assign [io  size 0x1000]
2025-07-23T09:30:43.063842-03:00 linux-lab01 kernel: [    0.571161] pci 0000:00:18.4: BAR 13: no space for [io  size 0x1000]
2025-07-23T09:30:43.063843-03:00 linux-lab01 kernel: [    0.571163] pci 0000:00:18.4: BAR 13: failed to assign [io  size 0x1000]
2025-07-23T09:30:43.063843-03:00 linux-lab01 kernel: [    0.571164] pci 0000:00:18.5: BAR 13: no space for [io  size 0x1000]
2025-07-23T09:30:43.063843-03:00 linux-lab01 kernel: [    0.571166] pci 0000:00:18.5: BAR 13: failed to assign [io  size 0x1000]
2025-07-23T09:30:43.063862-03:00 linux-lab01 kernel: [    0.571167] pci 0000:00:18.6: BAR 13: no space for [io  size 0x1000]
2025-07-23T09:30:43.063863-03:00 linux-lab01 kernel: [    0.571168] pci 0000:00:18.6: BAR 13: failed to assign [io  size 0x1000]
2025-07-23T09:30:43.063863-03:00 linux-lab01 kernel: [    0.571170] pci 0000:00:18.7: BAR 13: no space for [io  size 0x1000]
2025-07-23T09:30:43.063864-03:00 linux-lab01 kernel: [    0.571171] pci 0000:00:18.7: BAR 13: failed to assign [io  size 0x1000]
2025-07-23T09:30:43.063864-03:00 linux-lab01 kernel: [    0.571175] pci 0000:00:18.7: BAR 13: no space for [io  size 0x1000]
2025-07-23T09:30:43.063864-03:00 linux-lab01 kernel: [    0.571176] pci 0000:00:18.7: BAR 13: failed to assign [io  size 0x1000]
2025-07-23T09:30:43.063883-03:00 linux-lab01 kernel: [    0.571178] pci 0000:00:18.6: BAR 13: no space for [io  size 0x1000]
2025-07-23T09:30:43.063884-03:00 linux-lab01 kernel: [    0.571179] pci 0000:00:18.6: BAR 13: failed to assign [io  size 0x1000]
2025-07-23T09:30:43.063884-03:00 linux-lab01 kernel: [    0.571181] pci 0000:00:18.5: BAR 13: no space for [io  size 0x1000]
2025-07-23T09:30:43.063885-03:00 linux-lab01 kernel: [    0.571183] pci 0000:00:18.5: BAR 13: failed to assign [io  size 0x1000]
2025-07-23T09:30:43.063885-03:00 linux-lab01 kernel: [    0.571184] pci 0000:00:18.4: BAR 13: no space for [io  size 0x1000]
2025-07-23T09:30:43.063885-03:00 linux-lab01 kernel: [    0.571186] pci 0000:00:18.4: BAR 13: failed to assign [io  size 0x1000]
2025-07-23T09:30:43.063886-03:00 linux-lab01 kernel: [    0.571187] pci 0000:00:18.3: BAR 13: no space for [io  size 0x1000]
2025-07-23T09:30:43.063904-03:00 linux-lab01 kernel: [    0.571189] pci 0000:00:18.3: BAR 13: failed to assign [io  size 0x1000]
2025-07-23T09:30:43.063905-03:00 linux-lab01 kernel: [    0.571190] pci 0000:00:18.2: BAR 13: no space for [io  size 0x1000]
2025-07-23T09:30:43.063906-03:00 linux-lab01 kernel: [    0.571192] pci 0000:00:18.2: BAR 13: failed to assign [io  size 0x1000]
2025-07-23T09:30:43.063906-03:00 linux-lab01 kernel: [    0.571193] pci 0000:00:17.7: BAR 13: no space for [io  size 0x1000]
2025-07-23T09:30:43.063906-03:00 linux-lab01 kernel: [    0.571195] pci 0000:00:17.7: BAR 13: failed to assign [io  size 0x1000]
2025-07-23T09:30:43.063907-03:00 linux-lab01 kernel: [    0.571196] pci 0000:00:17.6: BAR 13: no space for [io  size 0x1000]
2025-07-23T09:30:43.063925-03:00 linux-lab01 kernel: [    0.571198] pci 0000:00:17.6: BAR 13: failed to assign [io  size 0x1000]
2025-07-23T09:30:43.063927-03:00 linux-lab01 kernel: [    0.571199] pci 0000:00:17.5: BAR 13: no space for [io  size 0x1000]
2025-07-23T09:30:43.063927-03:00 linux-lab01 kernel: [    0.571201] pci 0000:00:17.5: BAR 13: failed to assign [io  size 0x1000]
2025-07-23T09:30:43.063927-03:00 linux-lab01 kernel: [    0.571202] pci 0000:00:17.4: BAR 13: no space for [io  size 0x1000]
2025-07-23T09:30:43.063927-03:00 linux-lab01 kernel: [    0.571204] pci 0000:00:17.4: BAR 13: failed to assign [io  size 0x1000]
2025-07-23T09:30:43.063928-03:00 linux-lab01 kernel: [    0.571205] pci 0000:00:17.3: BAR 13: no space for [io  size 0x1000]
2025-07-23T09:30:43.063931-03:00 linux-lab01 kernel: [    0.571207] pci 0000:00:17.3: BAR 13: failed to assign [io  size 0x1000]
2025-07-23T09:30:43.063947-03:00 linux-lab01 kernel: [    0.571208] pci 0000:00:16.7: BAR 13: no space for [io  size 0x1000]
2025-07-23T09:30:43.063948-03:00 linux-lab01 kernel: [    0.571210] pci 0000:00:16.7: BAR 13: failed to assign [io  size 0x1000]
2025-07-23T09:30:43.063948-03:00 linux-lab01 kernel: [    0.571212] pci 0000:00:16.6: BAR 13: no space for [io  size 0x1000]
2025-07-23T09:30:43.063948-03:00 linux-lab01 kernel: [    0.571213] pci 0000:00:16.6: BAR 13: failed to assign [io  size 0x1000]
2025-07-23T09:30:43.063949-03:00 linux-lab01 kernel: [    0.571215] pci 0000:00:16.5: BAR 13: no space for [io  size 0x1000]
2025-07-23T09:30:43.063949-03:00 linux-lab01 kernel: [    0.571216] pci 0000:00:16.5: BAR 13: failed to assign [io  size 0x1000]
2025-07-23T09:30:43.063968-03:00 linux-lab01 kernel: [    0.571218] pci 0000:00:16.4: BAR 13: no space for [io  size 0x1000]
2025-07-23T09:30:43.063969-03:00 linux-lab01 kernel: [    0.571219] pci 0000:00:16.4: BAR 13: failed to assign [io  size 0x1000]
2025-07-23T09:30:43.063969-03:00 linux-lab01 kernel: [    0.571221] pci 0000:00:16.3: BAR 13: no space for [io  size 0x1000]
2025-07-23T09:30:43.063969-03:00 linux-lab01 kernel: [    0.571222] pci 0000:00:16.3: BAR 13: failed to assign [io  size 0x1000]
2025-07-23T09:30:43.063990-03:00 linux-lab01 kernel: [    0.571224] pci 0000:00:15.7: BAR 13: no space for [io  size 0x1000]
2025-07-23T09:30:43.063990-03:00 linux-lab01 kernel: [    0.571225] pci 0000:00:15.7: BAR 13: failed to assign [io  size 0x1000]
2025-07-23T09:30:43.064012-03:00 linux-lab01 kernel: [    0.571227] pci 0000:00:15.6: BAR 13: no space for [io  size 0x1000]
2025-07-23T09:30:43.064013-03:00 linux-lab01 kernel: [    0.571228] pci 0000:00:15.6: BAR 13: failed to assign [io  size 0x1000]
2025-07-23T09:30:43.064014-03:00 linux-lab01 kernel: [    0.571230] pci 0000:00:15.5: BAR 13: no space for [io  size 0x1000]
2025-07-23T09:30:43.064014-03:00 linux-lab01 kernel: [    0.571231] pci 0000:00:15.5: BAR 13: failed to assign [io  size 0x1000]
2025-07-23T09:30:43.064014-03:00 linux-lab01 kernel: [    0.571233] pci 0000:00:15.4: BAR 13: no space for [io  size 0x1000]
2025-07-23T09:30:43.064015-03:00 linux-lab01 kernel: [    0.571234] pci 0000:00:15.4: BAR 13: failed to assign [io  size 0x1000]
2025-07-23T09:30:43.064062-03:00 linux-lab01 kernel: [    0.571236] pci 0000:00:15.3: BAR 13: no space for [io  size 0x1000]
2025-07-23T09:30:43.064084-03:00 linux-lab01 kernel: [    0.571237] pci 0000:00:15.3: BAR 13: failed to assign [io  size 0x1000]
2025-07-23T09:30:43.064086-03:00 linux-lab01 kernel: [    0.571239] pci 0000:00:01.0: PCI bridge to [bus 01]
2025-07-23T09:30:43.064086-03:00 linux-lab01 kernel: [    0.571375] pci 0000:02:01.0: BAR 6: assigned [mem 0xfd500000-0xfd50ffff pref]
2025-07-23T09:30:43.064086-03:00 linux-lab01 kernel: [    0.571377] pci 0000:02:03.0: BAR 6: assigned [mem 0xfd510000-0xfd51ffff pref]
2025-07-23T09:30:43.064086-03:00 linux-lab01 kernel: [    0.571379] pci 0000:00:11.0: PCI bridge to [bus 02]
2025-07-23T09:30:43.064087-03:00 linux-lab01 kernel: [    0.571393] pci 0000:00:11.0:   bridge window [io  0x2000-0x3fff]
2025-07-23T09:30:43.064106-03:00 linux-lab01 kernel: [    0.571427] pci 0000:00:11.0:   bridge window [mem 0xfd500000-0xfdffffff]
2025-07-23T09:30:43.064107-03:00 linux-lab01 kernel: [    0.571449] pci 0000:00:11.0:   bridge window [mem 0xe7b00000-0xe7ffffff 64bit pref]
2025-07-23T09:30:43.064107-03:00 linux-lab01 kernel: [    0.571493] pci 0000:00:15.0: PCI bridge to [bus 03]
2025-07-23T09:30:43.064107-03:00 linux-lab01 kernel: [    0.571505] pci 0000:00:15.0:   bridge window [io  0x4000-0x4fff]
2025-07-23T09:30:43.064108-03:00 linux-lab01 kernel: [    0.571539] pci 0000:00:15.0:   bridge window [mem 0xfd400000-0xfd4fffff]
2025-07-23T09:30:43.064108-03:00 linux-lab01 kernel: [    0.571561] pci 0000:00:15.0:   bridge window [mem 0xe7a00000-0xe7afffff 64bit pref]
2025-07-23T09:30:43.064111-03:00 linux-lab01 kernel: [    0.571606] pci 0000:00:15.1: PCI bridge to [bus 04]
2025-07-23T09:30:43.064127-03:00 linux-lab01 kernel: [    0.571619] pci 0000:00:15.1:   bridge window [io  0x8000-0x8fff]
2025-07-23T09:30:43.064128-03:00 linux-lab01 kernel: [    0.571652] pci 0000:00:15.1:   bridge window [mem 0xfd000000-0xfd0fffff]
2025-07-23T09:30:43.064129-03:00 linux-lab01 kernel: [    0.571675] pci 0000:00:15.1:   bridge window [mem 0xe7600000-0xe76fffff 64bit pref]
2025-07-23T09:30:43.064129-03:00 linux-lab01 kernel: [    0.571720] pci 0000:00:15.2: PCI bridge to [bus 05]
2025-07-23T09:30:43.064129-03:00 linux-lab01 kernel: [    0.571733] pci 0000:00:15.2:   bridge window [io  0xc000-0xcfff]
2025-07-23T09:30:43.064130-03:00 linux-lab01 kernel: [    0.571766] pci 0000:00:15.2:   bridge window [mem 0xfcc00000-0xfccfffff]
2025-07-23T09:30:43.064149-03:00 linux-lab01 kernel: [    0.571789] pci 0000:00:15.2:   bridge window [mem 0xe7200000-0xe72fffff 64bit pref]
2025-07-23T09:30:43.064150-03:00 linux-lab01 kernel: [    0.571835] pci 0000:00:15.3: PCI bridge to [bus 06]
2025-07-23T09:30:43.064150-03:00 linux-lab01 kernel: [    0.571869] pci 0000:00:15.3:   bridge window [mem 0xfc800000-0xfc8fffff]
2025-07-23T09:30:43.064150-03:00 linux-lab01 kernel: [    0.571894] pci 0000:00:15.3:   bridge window [mem 0xe6e00000-0xe6efffff 64bit pref]
2025-07-23T09:30:43.064150-03:00 linux-lab01 kernel: [    0.571939] pci 0000:00:15.4: PCI bridge to [bus 07]
2025-07-23T09:30:43.064151-03:00 linux-lab01 kernel: [    0.571974] pci 0000:00:15.4:   bridge window [mem 0xfc400000-0xfc4fffff]
2025-07-23T09:30:43.064170-03:00 linux-lab01 kernel: [    0.571998] pci 0000:00:15.4:   bridge window [mem 0xe6a00000-0xe6afffff 64bit pref]
2025-07-23T09:30:43.064171-03:00 linux-lab01 kernel: [    0.572046] pci 0000:00:15.5: PCI bridge to [bus 08]
2025-07-23T09:30:43.064171-03:00 linux-lab01 kernel: [    0.572083] pci 0000:00:15.5:   bridge window [mem 0xfc000000-0xfc0fffff]
2025-07-23T09:30:43.064171-03:00 linux-lab01 kernel: [    0.572107] pci 0000:00:15.5:   bridge window [mem 0xe6600000-0xe66fffff 64bit pref]
2025-07-23T09:30:43.064172-03:00 linux-lab01 kernel: [    0.572153] pci 0000:00:15.6: PCI bridge to [bus 09]
2025-07-23T09:30:43.064172-03:00 linux-lab01 kernel: [    0.572187] pci 0000:00:15.6:   bridge window [mem 0xfbc00000-0xfbcfffff]
2025-07-23T09:30:43.064172-03:00 linux-lab01 kernel: [    0.572211] pci 0000:00:15.6:   bridge window [mem 0xe6200000-0xe62fffff 64bit pref]
2025-07-23T09:30:43.064191-03:00 linux-lab01 kernel: [    0.572254] pci 0000:00:15.7: PCI bridge to [bus 0a]
2025-07-23T09:30:43.064192-03:00 linux-lab01 kernel: [    0.572287] pci 0000:00:15.7:   bridge window [mem 0xfb800000-0xfb8fffff]
2025-07-23T09:30:43.064192-03:00 linux-lab01 kernel: [    0.572309] pci 0000:00:15.7:   bridge window [mem 0xe5e00000-0xe5efffff 64bit pref]
2025-07-23T09:30:43.064192-03:00 linux-lab01 kernel: [    0.572356] pci 0000:00:16.0: PCI bridge to [bus 0b]
2025-07-23T09:30:43.064193-03:00 linux-lab01 kernel: [    0.572372] pci 0000:00:16.0:   bridge window [io  0x5000-0x5fff]
2025-07-23T09:30:43.064193-03:00 linux-lab01 kernel: [    0.572410] pci 0000:00:16.0:   bridge window [mem 0xfd300000-0xfd3fffff]
2025-07-23T09:30:43.064213-03:00 linux-lab01 kernel: [    0.572439] pci 0000:00:16.0:   bridge window [mem 0xe7900000-0xe79fffff 64bit pref]
2025-07-23T09:30:43.064214-03:00 linux-lab01 kernel: [    0.572497] pci 0000:00:16.1: PCI bridge to [bus 0c]
2025-07-23T09:30:43.064214-03:00 linux-lab01 kernel: [    0.572521] pci 0000:00:16.1:   bridge window [io  0x9000-0x9fff]
2025-07-23T09:30:43.064215-03:00 linux-lab01 kernel: [    0.572574] pci 0000:00:16.1:   bridge window [mem 0xfcf00000-0xfcffffff]
2025-07-23T09:30:43.064215-03:00 linux-lab01 kernel: [    0.572617] pci 0000:00:16.1:   bridge window [mem 0xe7500000-0xe75fffff 64bit pref]
2025-07-23T09:30:43.064215-03:00 linux-lab01 kernel: [    0.572696] pci 0000:00:16.2: PCI bridge to [bus 0d]
2025-07-23T09:30:43.064219-03:00 linux-lab01 kernel: [    0.572728] pci 0000:00:16.2:   bridge window [io  0xd000-0xdfff]
2025-07-23T09:30:43.064235-03:00 linux-lab01 kernel: [    0.572795] pci 0000:00:16.2:   bridge window [mem 0xfcb00000-0xfcbfffff]
2025-07-23T09:30:43.064236-03:00 linux-lab01 kernel: [    0.572842] pci 0000:00:16.2:   bridge window [mem 0xe7100000-0xe71fffff 64bit pref]
2025-07-23T09:30:43.064236-03:00 linux-lab01 kernel: [    0.572921] pci 0000:00:16.3: PCI bridge to [bus 0e]
2025-07-23T09:30:43.064236-03:00 linux-lab01 kernel: [    0.572998] pci 0000:00:16.3:   bridge window [mem 0xfc700000-0xfc7fffff]
2025-07-23T09:30:43.064237-03:00 linux-lab01 kernel: [    0.573043] pci 0000:00:16.3:   bridge window [mem 0xe6d00000-0xe6dfffff 64bit pref]
2025-07-23T09:30:43.064237-03:00 linux-lab01 kernel: [    0.573122] pci 0000:00:16.4: PCI bridge to [bus 0f]
2025-07-23T09:30:43.064256-03:00 linux-lab01 kernel: [    0.573175] pci 0000:00:16.4:   bridge window [mem 0xfc300000-0xfc3fffff]
2025-07-23T09:30:43.064257-03:00 linux-lab01 kernel: [    0.573204] pci 0000:00:16.4:   bridge window [mem 0xe6900000-0xe69fffff 64bit pref]
2025-07-23T09:30:43.064257-03:00 linux-lab01 kernel: [    0.573258] pci 0000:00:16.5: PCI bridge to [bus 10]
2025-07-23T09:30:43.064258-03:00 linux-lab01 kernel: [    0.573299] pci 0000:00:16.5:   bridge window [mem 0xfbf00000-0xfbffffff]
2025-07-23T09:30:43.064258-03:00 linux-lab01 kernel: [    0.573327] pci 0000:00:16.5:   bridge window [mem 0xe6500000-0xe65fffff 64bit pref]
2025-07-23T09:30:43.064258-03:00 linux-lab01 kernel: [    0.573383] pci 0000:00:16.6: PCI bridge to [bus 11]
2025-07-23T09:30:43.064277-03:00 linux-lab01 kernel: [    0.573424] pci 0000:00:16.6:   bridge window [mem 0xfbb00000-0xfbbfffff]
2025-07-23T09:30:43.064278-03:00 linux-lab01 kernel: [    0.573452] pci 0000:00:16.6:   bridge window [mem 0xe6100000-0xe61fffff 64bit pref]
2025-07-23T09:30:43.064278-03:00 linux-lab01 kernel: [    0.573507] pci 0000:00:16.7: PCI bridge to [bus 12]
2025-07-23T09:30:43.064279-03:00 linux-lab01 kernel: [    0.573550] pci 0000:00:16.7:   bridge window [mem 0xfb700000-0xfb7fffff]
2025-07-23T09:30:43.064279-03:00 linux-lab01 kernel: [    0.573578] pci 0000:00:16.7:   bridge window [mem 0xe5d00000-0xe5dfffff 64bit pref]
2025-07-23T09:30:43.064279-03:00 linux-lab01 kernel: [    0.573633] pci 0000:00:17.0: PCI bridge to [bus 13]
2025-07-23T09:30:43.064280-03:00 linux-lab01 kernel: [    0.573650] pci 0000:00:17.0:   bridge window [io  0x6000-0x6fff]
2025-07-23T09:30:43.064298-03:00 linux-lab01 kernel: [    0.573690] pci 0000:00:17.0:   bridge window [mem 0xfd200000-0xfd2fffff]
2025-07-23T09:30:43.064299-03:00 linux-lab01 kernel: [    0.573717] pci 0000:00:17.0:   bridge window [mem 0xe7800000-0xe78fffff 64bit pref]
2025-07-23T09:30:43.064300-03:00 linux-lab01 kernel: [    0.573771] pci 0000:00:17.1: PCI bridge to [bus 14]
2025-07-23T09:30:43.064300-03:00 linux-lab01 kernel: [    0.573787] pci 0000:00:17.1:   bridge window [io  0xa000-0xafff]
2025-07-23T09:30:43.064300-03:00 linux-lab01 kernel: [    0.573827] pci 0000:00:17.1:   bridge window [mem 0xfce00000-0xfcefffff]
2025-07-23T09:30:43.064300-03:00 linux-lab01 kernel: [    0.573855] pci 0000:00:17.1:   bridge window [mem 0xe7400000-0xe74fffff 64bit pref]
2025-07-23T09:30:43.064319-03:00 linux-lab01 kernel: [    0.573909] pci 0000:00:17.2: PCI bridge to [bus 15]
2025-07-23T09:30:43.064320-03:00 linux-lab01 kernel: [    0.573925] pci 0000:00:17.2:   bridge window [io  0xe000-0xefff]
2025-07-23T09:30:43.064320-03:00 linux-lab01 kernel: [    0.573964] pci 0000:00:17.2:   bridge window [mem 0xfca00000-0xfcafffff]
2025-07-23T09:30:43.064321-03:00 linux-lab01 kernel: [    0.573991] pci 0000:00:17.2:   bridge window [mem 0xe7000000-0xe70fffff 64bit pref]
2025-07-23T09:30:43.064321-03:00 linux-lab01 kernel: [    0.574044] pci 0000:00:17.3: PCI bridge to [bus 16]
2025-07-23T09:30:43.064321-03:00 linux-lab01 kernel: [    0.574085] pci 0000:00:17.3:   bridge window [mem 0xfc600000-0xfc6fffff]
2025-07-23T09:30:43.064324-03:00 linux-lab01 kernel: [    0.574112] pci 0000:00:17.3:   bridge window [mem 0xe6c00000-0xe6cfffff 64bit pref]
2025-07-23T09:30:43.064340-03:00 linux-lab01 kernel: [    0.574167] pci 0000:00:17.4: PCI bridge to [bus 17]
2025-07-23T09:30:43.064341-03:00 linux-lab01 kernel: [    0.574207] pci 0000:00:17.4:   bridge window [mem 0xfc200000-0xfc2fffff]
2025-07-23T09:30:43.064342-03:00 linux-lab01 kernel: [    0.574234] pci 0000:00:17.4:   bridge window [mem 0xe6800000-0xe68fffff 64bit pref]
2025-07-23T09:30:43.064342-03:00 linux-lab01 kernel: [    0.574291] pci 0000:00:17.5: PCI bridge to [bus 18]
2025-07-23T09:30:43.064342-03:00 linux-lab01 kernel: [    0.574336] pci 0000:00:17.5:   bridge window [mem 0xfbe00000-0xfbefffff]
2025-07-23T09:30:43.064342-03:00 linux-lab01 kernel: [    0.574366] pci 0000:00:17.5:   bridge window [mem 0xe6400000-0xe64fffff 64bit pref]
2025-07-23T09:30:43.064361-03:00 linux-lab01 kernel: [    0.574420] pci 0000:00:17.6: PCI bridge to [bus 19]
2025-07-23T09:30:43.064362-03:00 linux-lab01 kernel: [    0.574483] pci 0000:00:17.6:   bridge window [mem 0xfba00000-0xfbafffff]
2025-07-23T09:30:43.064363-03:00 linux-lab01 kernel: [    0.574513] pci 0000:00:17.6:   bridge window [mem 0xe6000000-0xe60fffff 64bit pref]
2025-07-23T09:30:43.064363-03:00 linux-lab01 kernel: [    0.574565] pci 0000:00:17.7: PCI bridge to [bus 1a]
2025-07-23T09:30:43.064363-03:00 linux-lab01 kernel: [    0.574603] pci 0000:00:17.7:   bridge window [mem 0xfb600000-0xfb6fffff]
2025-07-23T09:30:43.064363-03:00 linux-lab01 kernel: [    0.574630] pci 0000:00:17.7:   bridge window [mem 0xe5c00000-0xe5cfffff 64bit pref]
2025-07-23T09:30:43.064416-03:00 linux-lab01 kernel: [    0.574684] pci 0000:00:18.0: PCI bridge to [bus 1b]
2025-07-23T09:30:43.064418-03:00 linux-lab01 kernel: [    0.574699] pci 0000:00:18.0:   bridge window [io  0x7000-0x7fff]
2025-07-23T09:30:43.064418-03:00 linux-lab01 kernel: [    0.574740] pci 0000:00:18.0:   bridge window [mem 0xfd100000-0xfd1fffff]
2025-07-23T09:30:43.064418-03:00 linux-lab01 kernel: [    0.574770] pci 0000:00:18.0:   bridge window [mem 0xe7700000-0xe77fffff 64bit pref]
2025-07-23T09:30:43.064419-03:00 linux-lab01 kernel: [    0.574822] pci 0000:00:18.1: PCI bridge to [bus 1c]
2025-07-23T09:30:43.064419-03:00 linux-lab01 kernel: [    0.574839] pci 0000:00:18.1:   bridge window [io  0xb000-0xbfff]
2025-07-23T09:30:43.064419-03:00 linux-lab01 kernel: [    0.574880] pci 0000:00:18.1:   bridge window [mem 0xfcd00000-0xfcdfffff]
2025-07-23T09:30:43.064439-03:00 linux-lab01 kernel: [    0.574908] pci 0000:00:18.1:   bridge window [mem 0xe7300000-0xe73fffff 64bit pref]
2025-07-23T09:30:43.064440-03:00 linux-lab01 kernel: [    0.574962] pci 0000:00:18.2: PCI bridge to [bus 1d]
2025-07-23T09:30:43.064440-03:00 linux-lab01 kernel: [    0.575003] pci 0000:00:18.2:   bridge window [mem 0xfc900000-0xfc9fffff]
2025-07-23T09:30:43.064441-03:00 linux-lab01 kernel: [    0.575030] pci 0000:00:18.2:   bridge window [mem 0xe6f00000-0xe6ffffff 64bit pref]
2025-07-23T09:30:43.064441-03:00 linux-lab01 kernel: [    0.575081] pci 0000:00:18.3: PCI bridge to [bus 1e]
2025-07-23T09:30:43.064441-03:00 linux-lab01 kernel: [    0.575121] pci 0000:00:18.3:   bridge window [mem 0xfc500000-0xfc5fffff]
2025-07-23T09:30:43.064460-03:00 linux-lab01 kernel: [    0.575149] pci 0000:00:18.3:   bridge window [mem 0xe6b00000-0xe6bfffff 64bit pref]
2025-07-23T09:30:43.064461-03:00 linux-lab01 kernel: [    0.575206] pci 0000:00:18.4: PCI bridge to [bus 1f]
2025-07-23T09:30:43.064462-03:00 linux-lab01 kernel: [    0.575250] pci 0000:00:18.4:   bridge window [mem 0xfc100000-0xfc1fffff]
2025-07-23T09:30:43.064509-03:00 linux-lab01 kernel: [    0.575278] pci 0000:00:18.4:   bridge window [mem 0xe6700000-0xe67fffff 64bit pref]
2025-07-23T09:30:43.064509-03:00 linux-lab01 kernel: [    0.575352] pci 0000:00:18.5: PCI bridge to [bus 20]
2025-07-23T09:30:43.064510-03:00 linux-lab01 kernel: [    0.575396] pci 0000:00:18.5:   bridge window [mem 0xfbd00000-0xfbdfffff]
2025-07-23T09:30:43.064513-03:00 linux-lab01 kernel: [    0.575425] pci 0000:00:18.5:   bridge window [mem 0xe6300000-0xe63fffff 64bit pref]
2025-07-23T09:30:43.064530-03:00 linux-lab01 kernel: [    0.575480] pci 0000:00:18.6: PCI bridge to [bus 21]
2025-07-23T09:30:43.064531-03:00 linux-lab01 kernel: [    0.575522] pci 0000:00:18.6:   bridge window [mem 0xfb900000-0xfb9fffff]
2025-07-23T09:30:43.064531-03:00 linux-lab01 kernel: [    0.575551] pci 0000:00:18.6:   bridge window [mem 0xe5f00000-0xe5ffffff 64bit pref]
2025-07-23T09:30:43.064532-03:00 linux-lab01 kernel: [    0.575606] pci 0000:00:18.7: PCI bridge to [bus 22]
2025-07-23T09:30:43.064532-03:00 linux-lab01 kernel: [    0.575647] pci 0000:00:18.7:   bridge window [mem 0xfb500000-0xfb5fffff]
2025-07-23T09:30:43.064532-03:00 linux-lab01 kernel: [    0.575674] pci 0000:00:18.7:   bridge window [mem 0xe5b00000-0xe5bfffff 64bit pref]
2025-07-23T09:30:43.064551-03:00 linux-lab01 kernel: [    0.575725] pci_bus 0000:00: resource 4 [mem 0x000a0000-0x000bffff window]
2025-07-23T09:30:43.064552-03:00 linux-lab01 kernel: [    0.575727] pci_bus 0000:00: resource 5 [mem 0x000d0000-0x000dbfff window]
2025-07-23T09:30:43.064553-03:00 linux-lab01 kernel: [    0.575729] pci_bus 0000:00: resource 6 [mem 0x80000000-0xfebfffff window]
2025-07-23T09:30:43.064553-03:00 linux-lab01 kernel: [    0.575730] pci_bus 0000:00: resource 7 [io  0x0000-0x0cf7 window]
2025-07-23T09:30:43.064553-03:00 linux-lab01 kernel: [    0.575732] pci_bus 0000:00: resource 8 [io  0x0d00-0xfeff window]
2025-07-23T09:30:43.064553-03:00 linux-lab01 kernel: [    0.575734] pci_bus 0000:02: resource 0 [io  0x2000-0x3fff]
2025-07-23T09:30:43.064572-03:00 linux-lab01 kernel: [    0.575735] pci_bus 0000:02: resource 1 [mem 0xfd500000-0xfdffffff]
2025-07-23T09:30:43.064573-03:00 linux-lab01 kernel: [    0.575736] pci_bus 0000:02: resource 2 [mem 0xe7b00000-0xe7ffffff 64bit pref]
2025-07-23T09:30:43.064574-03:00 linux-lab01 kernel: [    0.575738] pci_bus 0000:02: resource 4 [mem 0x000a0000-0x000bffff window]
2025-07-23T09:30:43.064574-03:00 linux-lab01 kernel: [    0.575739] pci_bus 0000:02: resource 5 [mem 0x000d0000-0x000dbfff window]
2025-07-23T09:30:43.064574-03:00 linux-lab01 kernel: [    0.575740] pci_bus 0000:02: resource 6 [mem 0x80000000-0xfebfffff window]
2025-07-23T09:30:43.064575-03:00 linux-lab01 kernel: [    0.575741] pci_bus 0000:02: resource 7 [io  0x0000-0x0cf7 window]
2025-07-23T09:30:43.064575-03:00 linux-lab01 kernel: [    0.575742] pci_bus 0000:02: resource 8 [io  0x0d00-0xfeff window]
2025-07-23T09:30:43.064593-03:00 linux-lab01 kernel: [    0.575744] pci_bus 0000:03: resource 0 [io  0x4000-0x4fff]
2025-07-23T09:30:43.064595-03:00 linux-lab01 kernel: [    0.575745] pci_bus 0000:03: resource 1 [mem 0xfd400000-0xfd4fffff]
2025-07-23T09:30:43.064595-03:00 linux-lab01 kernel: [    0.575747] pci_bus 0000:03: resource 2 [mem 0xe7a00000-0xe7afffff 64bit pref]
2025-07-23T09:30:43.064595-03:00 linux-lab01 kernel: [    0.575748] pci_bus 0000:04: resource 0 [io  0x8000-0x8fff]
2025-07-23T09:30:43.064595-03:00 linux-lab01 kernel: [    0.575749] pci_bus 0000:04: resource 1 [mem 0xfd000000-0xfd0fffff]
2025-07-23T09:30:43.064596-03:00 linux-lab01 kernel: [    0.575750] pci_bus 0000:04: resource 2 [mem 0xe7600000-0xe76fffff 64bit pref]
2025-07-23T09:30:43.064616-03:00 linux-lab01 kernel: [    0.575752] pci_bus 0000:05: resource 0 [io  0xc000-0xcfff]
2025-07-23T09:30:43.064617-03:00 linux-lab01 kernel: [    0.575753] pci_bus 0000:05: resource 1 [mem 0xfcc00000-0xfccfffff]
2025-07-23T09:30:43.064617-03:00 linux-lab01 kernel: [    0.575754] pci_bus 0000:05: resource 2 [mem 0xe7200000-0xe72fffff 64bit pref]
2025-07-23T09:30:43.064617-03:00 linux-lab01 kernel: [    0.575756] pci_bus 0000:06: resource 1 [mem 0xfc800000-0xfc8fffff]
2025-07-23T09:30:43.064618-03:00 linux-lab01 kernel: [    0.575757] pci_bus 0000:06: resource 2 [mem 0xe6e00000-0xe6efffff 64bit pref]
2025-07-23T09:30:43.064618-03:00 linux-lab01 kernel: [    0.575758] pci_bus 0000:07: resource 1 [mem 0xfc400000-0xfc4fffff]
2025-07-23T09:30:43.064621-03:00 linux-lab01 kernel: [    0.575759] pci_bus 0000:07: resource 2 [mem 0xe6a00000-0xe6afffff 64bit pref]
2025-07-23T09:30:43.064638-03:00 linux-lab01 kernel: [    0.575761] pci_bus 0000:08: resource 1 [mem 0xfc000000-0xfc0fffff]
2025-07-23T09:30:43.064639-03:00 linux-lab01 kernel: [    0.575762] pci_bus 0000:08: resource 2 [mem 0xe6600000-0xe66fffff 64bit pref]
2025-07-23T09:30:43.064639-03:00 linux-lab01 kernel: [    0.575763] pci_bus 0000:09: resource 1 [mem 0xfbc00000-0xfbcfffff]
2025-07-23T09:30:43.064639-03:00 linux-lab01 kernel: [    0.575765] pci_bus 0000:09: resource 2 [mem 0xe6200000-0xe62fffff 64bit pref]
2025-07-23T09:30:43.064640-03:00 linux-lab01 kernel: [    0.575766] pci_bus 0000:0a: resource 1 [mem 0xfb800000-0xfb8fffff]
2025-07-23T09:30:43.064640-03:00 linux-lab01 kernel: [    0.575767] pci_bus 0000:0a: resource 2 [mem 0xe5e00000-0xe5efffff 64bit pref]
2025-07-23T09:30:43.064658-03:00 linux-lab01 kernel: [    0.575769] pci_bus 0000:0b: resource 0 [io  0x5000-0x5fff]
2025-07-23T09:30:43.064660-03:00 linux-lab01 kernel: [    0.575770] pci_bus 0000:0b: resource 1 [mem 0xfd300000-0xfd3fffff]
2025-07-23T09:30:43.064660-03:00 linux-lab01 kernel: [    0.575771] pci_bus 0000:0b: resource 2 [mem 0xe7900000-0xe79fffff 64bit pref]
2025-07-23T09:30:43.064660-03:00 linux-lab01 kernel: [    0.575772] pci_bus 0000:0c: resource 0 [io  0x9000-0x9fff]
2025-07-23T09:30:43.064660-03:00 linux-lab01 kernel: [    0.575774] pci_bus 0000:0c: resource 1 [mem 0xfcf00000-0xfcffffff]
2025-07-23T09:30:43.064661-03:00 linux-lab01 kernel: [    0.575775] pci_bus 0000:0c: resource 2 [mem 0xe7500000-0xe75fffff 64bit pref]
2025-07-23T09:30:43.064679-03:00 linux-lab01 kernel: [    0.575776] pci_bus 0000:0d: resource 0 [io  0xd000-0xdfff]
2025-07-23T09:30:43.064680-03:00 linux-lab01 kernel: [    0.575777] pci_bus 0000:0d: resource 1 [mem 0xfcb00000-0xfcbfffff]
2025-07-23T09:30:43.064681-03:00 linux-lab01 kernel: [    0.575778] pci_bus 0000:0d: resource 2 [mem 0xe7100000-0xe71fffff 64bit pref]
2025-07-23T09:30:43.064681-03:00 linux-lab01 kernel: [    0.575780] pci_bus 0000:0e: resource 1 [mem 0xfc700000-0xfc7fffff]
2025-07-23T09:30:43.064681-03:00 linux-lab01 kernel: [    0.575781] pci_bus 0000:0e: resource 2 [mem 0xe6d00000-0xe6dfffff 64bit pref]
2025-07-23T09:30:43.064681-03:00 linux-lab01 kernel: [    0.575782] pci_bus 0000:0f: resource 1 [mem 0xfc300000-0xfc3fffff]
2025-07-23T09:30:43.064682-03:00 linux-lab01 kernel: [    0.575783] pci_bus 0000:0f: resource 2 [mem 0xe6900000-0xe69fffff 64bit pref]
2025-07-23T09:30:43.064700-03:00 linux-lab01 kernel: [    0.575785] pci_bus 0000:10: resource 1 [mem 0xfbf00000-0xfbffffff]
2025-07-23T09:30:43.064701-03:00 linux-lab01 kernel: [    0.575786] pci_bus 0000:10: resource 2 [mem 0xe6500000-0xe65fffff 64bit pref]
2025-07-23T09:30:43.064702-03:00 linux-lab01 kernel: [    0.575788] pci_bus 0000:11: resource 1 [mem 0xfbb00000-0xfbbfffff]
2025-07-23T09:30:43.064702-03:00 linux-lab01 kernel: [    0.575789] pci_bus 0000:11: resource 2 [mem 0xe6100000-0xe61fffff 64bit pref]
2025-07-23T09:30:43.064702-03:00 linux-lab01 kernel: [    0.575790] pci_bus 0000:12: resource 1 [mem 0xfb700000-0xfb7fffff]
2025-07-23T09:30:43.064702-03:00 linux-lab01 kernel: [    0.575791] pci_bus 0000:12: resource 2 [mem 0xe5d00000-0xe5dfffff 64bit pref]
2025-07-23T09:30:43.064721-03:00 linux-lab01 kernel: [    0.575793] pci_bus 0000:13: resource 0 [io  0x6000-0x6fff]
2025-07-23T09:30:43.064722-03:00 linux-lab01 kernel: [    0.575794] pci_bus 0000:13: resource 1 [mem 0xfd200000-0xfd2fffff]
2025-07-23T09:30:43.064722-03:00 linux-lab01 kernel: [    0.575795] pci_bus 0000:13: resource 2 [mem 0xe7800000-0xe78fffff 64bit pref]
2025-07-23T09:30:43.064723-03:00 linux-lab01 kernel: [    0.575797] pci_bus 0000:14: resource 0 [io  0xa000-0xafff]
2025-07-23T09:30:43.064723-03:00 linux-lab01 kernel: [    0.575798] pci_bus 0000:14: resource 1 [mem 0xfce00000-0xfcefffff]
2025-07-23T09:30:43.064723-03:00 linux-lab01 kernel: [    0.575799] pci_bus 0000:14: resource 2 [mem 0xe7400000-0xe74fffff 64bit pref]
2025-07-23T09:30:43.064726-03:00 linux-lab01 kernel: [    0.575800] pci_bus 0000:15: resource 0 [io  0xe000-0xefff]
2025-07-23T09:30:43.064742-03:00 linux-lab01 kernel: [    0.575801] pci_bus 0000:15: resource 1 [mem 0xfca00000-0xfcafffff]
2025-07-23T09:30:43.064743-03:00 linux-lab01 kernel: [    0.575802] pci_bus 0000:15: resource 2 [mem 0xe7000000-0xe70fffff 64bit pref]
2025-07-23T09:30:43.064744-03:00 linux-lab01 kernel: [    0.575804] pci_bus 0000:16: resource 1 [mem 0xfc600000-0xfc6fffff]
2025-07-23T09:30:43.064744-03:00 linux-lab01 kernel: [    0.575805] pci_bus 0000:16: resource 2 [mem 0xe6c00000-0xe6cfffff 64bit pref]
2025-07-23T09:30:43.064744-03:00 linux-lab01 kernel: [    0.575807] pci_bus 0000:17: resource 1 [mem 0xfc200000-0xfc2fffff]
2025-07-23T09:30:43.064744-03:00 linux-lab01 kernel: [    0.575808] pci_bus 0000:17: resource 2 [mem 0xe6800000-0xe68fffff 64bit pref]
2025-07-23T09:30:43.064763-03:00 linux-lab01 kernel: [    0.575809] pci_bus 0000:18: resource 1 [mem 0xfbe00000-0xfbefffff]
2025-07-23T09:30:43.064764-03:00 linux-lab01 kernel: [    0.575810] pci_bus 0000:18: resource 2 [mem 0xe6400000-0xe64fffff 64bit pref]
2025-07-23T09:30:43.064764-03:00 linux-lab01 kernel: [    0.575812] pci_bus 0000:19: resource 1 [mem 0xfba00000-0xfbafffff]
2025-07-23T09:30:43.064765-03:00 linux-lab01 kernel: [    0.575813] pci_bus 0000:19: resource 2 [mem 0xe6000000-0xe60fffff 64bit pref]
2025-07-23T09:30:43.064765-03:00 linux-lab01 kernel: [    0.575814] pci_bus 0000:1a: resource 1 [mem 0xfb600000-0xfb6fffff]
2025-07-23T09:30:43.064765-03:00 linux-lab01 kernel: [    0.575816] pci_bus 0000:1a: resource 2 [mem 0xe5c00000-0xe5cfffff 64bit pref]
2025-07-23T09:30:43.064784-03:00 linux-lab01 kernel: [    0.575817] pci_bus 0000:1b: resource 0 [io  0x7000-0x7fff]
2025-07-23T09:30:43.064785-03:00 linux-lab01 kernel: [    0.575818] pci_bus 0000:1b: resource 1 [mem 0xfd100000-0xfd1fffff]
2025-07-23T09:30:43.064785-03:00 linux-lab01 kernel: [    0.575819] pci_bus 0000:1b: resource 2 [mem 0xe7700000-0xe77fffff 64bit pref]
2025-07-23T09:30:43.064786-03:00 linux-lab01 kernel: [    0.575821] pci_bus 0000:1c: resource 0 [io  0xb000-0xbfff]
2025-07-23T09:30:43.064786-03:00 linux-lab01 kernel: [    0.575822] pci_bus 0000:1c: resource 1 [mem 0xfcd00000-0xfcdfffff]
2025-07-23T09:30:43.064786-03:00 linux-lab01 kernel: [    0.575824] pci_bus 0000:1c: resource 2 [mem 0xe7300000-0xe73fffff 64bit pref]
2025-07-23T09:30:43.064786-03:00 linux-lab01 kernel: [    0.575826] pci_bus 0000:1d: resource 1 [mem 0xfc900000-0xfc9fffff]
2025-07-23T09:30:43.064809-03:00 linux-lab01 kernel: [    0.575827] pci_bus 0000:1d: resource 2 [mem 0xe6f00000-0xe6ffffff 64bit pref]
2025-07-23T09:30:43.064810-03:00 linux-lab01 kernel: [    0.575830] pci_bus 0000:1e: resource 1 [mem 0xfc500000-0xfc5fffff]
2025-07-23T09:30:43.064810-03:00 linux-lab01 kernel: [    0.575832] pci_bus 0000:1e: resource 2 [mem 0xe6b00000-0xe6bfffff 64bit pref]
2025-07-23T09:30:43.064811-03:00 linux-lab01 kernel: [    0.575834] pci_bus 0000:1f: resource 1 [mem 0xfc100000-0xfc1fffff]
2025-07-23T09:30:43.064811-03:00 linux-lab01 kernel: [    0.575835] pci_bus 0000:1f: resource 2 [mem 0xe6700000-0xe67fffff 64bit pref]
2025-07-23T09:30:43.064811-03:00 linux-lab01 kernel: [    0.575837] pci_bus 0000:20: resource 1 [mem 0xfbd00000-0xfbdfffff]
2025-07-23T09:30:43.064830-03:00 linux-lab01 kernel: [    0.575839] pci_bus 0000:20: resource 2 [mem 0xe6300000-0xe63fffff 64bit pref]
2025-07-23T09:30:43.064831-03:00 linux-lab01 kernel: [    0.575841] pci_bus 0000:21: resource 1 [mem 0xfb900000-0xfb9fffff]
2025-07-23T09:30:43.064832-03:00 linux-lab01 kernel: [    0.575842] pci_bus 0000:21: resource 2 [mem 0xe5f00000-0xe5ffffff 64bit pref]
2025-07-23T09:30:43.064832-03:00 linux-lab01 kernel: [    0.575844] pci_bus 0000:22: resource 1 [mem 0xfb500000-0xfb5fffff]
2025-07-23T09:30:43.064832-03:00 linux-lab01 kernel: [    0.575846] pci_bus 0000:22: resource 2 [mem 0xe5b00000-0xe5bfffff 64bit pref]
2025-07-23T09:30:43.064833-03:00 linux-lab01 kernel: [    0.576056] pci 0000:00:00.0: Limiting direct PCI/PCI transfers
2025-07-23T09:30:43.064836-03:00 linux-lab01 kernel: [    0.577583] pci 0000:02:01.0: CLS mismatch (32 != 64), using 64 bytes
2025-07-23T09:30:43.064852-03:00 linux-lab01 kernel: [    0.577707] Trying to unpack rootfs image as initramfs...
2025-07-23T09:30:43.064853-03:00 linux-lab01 kernel: [    0.582636] clocksource: tsc: mask: 0xffffffffffffffff max_cycles: 0x29dbed15972, max_idle_ns: 440795248465 ns
2025-07-23T09:30:43.064853-03:00 linux-lab01 kernel: [    0.582656] clocksource: Switched to clocksource tsc
2025-07-23T09:30:43.064853-03:00 linux-lab01 kernel: [    0.583793] Initialise system trusted keyrings
2025-07-23T09:30:43.064854-03:00 linux-lab01 kernel: [    0.583800] Key type blacklist registered
2025-07-23T09:30:43.064891-03:00 linux-lab01 kernel: [    0.586498] workingset: timestamp_bits=36 max_order=19 bucket_order=0
2025-07-23T09:30:43.064910-03:00 linux-lab01 kernel: [    0.587706] zbud: loaded
2025-07-23T09:30:43.064911-03:00 linux-lab01 kernel: [    0.587943] integrity: Platform Keyring initialized
2025-07-23T09:30:43.064912-03:00 linux-lab01 kernel: [    0.587947] integrity: Machine keyring initialized
2025-07-23T09:30:43.064912-03:00 linux-lab01 kernel: [    0.587949] Key type asymmetric registered
2025-07-23T09:30:43.064912-03:00 linux-lab01 kernel: [    0.587950] Asymmetric key parser 'x509' registered
2025-07-23T09:30:43.064913-03:00 linux-lab01 kernel: [    1.317999] Freeing initrd memory: 43180K
2025-07-23T09:30:43.064932-03:00 linux-lab01 kernel: [    1.324617] alg: self-tests for CTR-KDF (hmac(sha256)) passed
2025-07-23T09:30:43.064933-03:00 linux-lab01 kernel: [    1.324778] Block layer SCSI generic (bsg) driver version 0.4 loaded (major 248)
2025-07-23T09:30:43.064933-03:00 linux-lab01 kernel: [    1.324960] io scheduler mq-deadline registered
2025-07-23T09:30:43.064933-03:00 linux-lab01 kernel: [    1.326174] pcieport 0000:00:15.0: PME: Signaling with IRQ 24
2025-07-23T09:30:43.064934-03:00 linux-lab01 kernel: [    1.326280] pcieport 0000:00:15.0: pciehp: Slot #160 AttnBtn+ PwrCtrl+ MRL- AttnInd- PwrInd- HotPlug+ Surprise- Interlock- NoCompl+ IbPresDis- LLActRep+
2025-07-23T09:30:43.064934-03:00 linux-lab01 kernel: [    1.327386] pcieport 0000:00:15.1: PME: Signaling with IRQ 25
2025-07-23T09:30:43.064952-03:00 linux-lab01 kernel: [    1.327486] pcieport 0000:00:15.1: pciehp: Slot #161 AttnBtn+ PwrCtrl+ MRL- AttnInd- PwrInd- HotPlug+ Surprise- Interlock- NoCompl+ IbPresDis- LLActRep+
2025-07-23T09:30:43.064954-03:00 linux-lab01 kernel: [    1.328551] pcieport 0000:00:15.2: PME: Signaling with IRQ 26
2025-07-23T09:30:43.064954-03:00 linux-lab01 kernel: [    1.328663] pcieport 0000:00:15.2: pciehp: Slot #162 AttnBtn+ PwrCtrl+ MRL- AttnInd- PwrInd- HotPlug+ Surprise- Interlock- NoCompl+ IbPresDis- LLActRep+
2025-07-23T09:30:43.064954-03:00 linux-lab01 kernel: [    1.329686] pcieport 0000:00:15.3: PME: Signaling with IRQ 27
2025-07-23T09:30:43.064955-03:00 linux-lab01 kernel: [    1.329782] pcieport 0000:00:15.3: pciehp: Slot #163 AttnBtn+ PwrCtrl+ MRL- AttnInd- PwrInd- HotPlug+ Surprise- Interlock- NoCompl+ IbPresDis- LLActRep+
2025-07-23T09:30:43.064955-03:00 linux-lab01 kernel: [    1.330742] pcieport 0000:00:15.4: PME: Signaling with IRQ 28
2025-07-23T09:30:43.064975-03:00 linux-lab01 kernel: [    1.330829] pcieport 0000:00:15.4: pciehp: Slot #164 AttnBtn+ PwrCtrl+ MRL- AttnInd- PwrInd- HotPlug+ Surprise- Interlock- NoCompl+ IbPresDis- LLActRep+
2025-07-23T09:30:43.064976-03:00 linux-lab01 kernel: [    1.331873] pcieport 0000:00:15.5: PME: Signaling with IRQ 29
2025-07-23T09:30:43.064977-03:00 linux-lab01 kernel: [    1.331962] pcieport 0000:00:15.5: pciehp: Slot #165 AttnBtn+ PwrCtrl+ MRL- AttnInd- PwrInd- HotPlug+ Surprise- Interlock- NoCompl+ IbPresDis- LLActRep+
2025-07-23T09:30:43.064977-03:00 linux-lab01 kernel: [    1.332884] pcieport 0000:00:15.6: PME: Signaling with IRQ 30
2025-07-23T09:30:43.064977-03:00 linux-lab01 kernel: [    1.332976] pcieport 0000:00:15.6: pciehp: Slot #166 AttnBtn+ PwrCtrl+ MRL- AttnInd- PwrInd- HotPlug+ Surprise- Interlock- NoCompl+ IbPresDis- LLActRep+
2025-07-23T09:30:43.064996-03:00 linux-lab01 kernel: [    1.333894] pcieport 0000:00:15.7: PME: Signaling with IRQ 31
2025-07-23T09:30:43.064997-03:00 linux-lab01 kernel: [    1.333982] pcieport 0000:00:15.7: pciehp: Slot #167 AttnBtn+ PwrCtrl+ MRL- AttnInd- PwrInd- HotPlug+ Surprise- Interlock- NoCompl+ IbPresDis- LLActRep+
2025-07-23T09:30:43.064998-03:00 linux-lab01 kernel: [    1.334934] pcieport 0000:00:16.0: PME: Signaling with IRQ 32
2025-07-23T09:30:43.064998-03:00 linux-lab01 kernel: [    1.335022] pcieport 0000:00:16.0: pciehp: Slot #192 AttnBtn+ PwrCtrl+ MRL- AttnInd- PwrInd- HotPlug+ Surprise- Interlock- NoCompl+ IbPresDis- LLActRep+
2025-07-23T09:30:43.064998-03:00 linux-lab01 kernel: [    1.335958] pcieport 0000:00:16.1: PME: Signaling with IRQ 33
2025-07-23T09:30:43.064999-03:00 linux-lab01 kernel: [    1.336046] pcieport 0000:00:16.1: pciehp: Slot #193 AttnBtn+ PwrCtrl+ MRL- AttnInd- PwrInd- HotPlug+ Surprise- Interlock- NoCompl+ IbPresDis- LLActRep+
2025-07-23T09:30:43.065017-03:00 linux-lab01 kernel: [    1.337079] pcieport 0000:00:16.2: PME: Signaling with IRQ 34
2025-07-23T09:30:43.065019-03:00 linux-lab01 kernel: [    1.337195] pcieport 0000:00:16.2: pciehp: Slot #194 AttnBtn+ PwrCtrl+ MRL- AttnInd- PwrInd- HotPlug+ Surprise- Interlock- NoCompl+ IbPresDis- LLActRep+
2025-07-23T09:30:43.065019-03:00 linux-lab01 kernel: [    1.338183] pcieport 0000:00:16.3: PME: Signaling with IRQ 35
2025-07-23T09:30:43.065019-03:00 linux-lab01 kernel: [    1.338323] pcieport 0000:00:16.3: pciehp: Slot #195 AttnBtn+ PwrCtrl+ MRL- AttnInd- PwrInd- HotPlug+ Surprise- Interlock- NoCompl+ IbPresDis- LLActRep+
2025-07-23T09:30:43.065020-03:00 linux-lab01 kernel: [    1.339788] pcieport 0000:00:16.4: PME: Signaling with IRQ 36
2025-07-23T09:30:43.065020-03:00 linux-lab01 kernel: [    1.339927] pcieport 0000:00:16.4: pciehp: Slot #196 AttnBtn+ PwrCtrl+ MRL- AttnInd- PwrInd- HotPlug+ Surprise- Interlock- NoCompl+ IbPresDis- LLActRep+
2025-07-23T09:30:43.065039-03:00 linux-lab01 kernel: [    1.341264] pcieport 0000:00:16.5: PME: Signaling with IRQ 37
2025-07-23T09:30:43.065040-03:00 linux-lab01 kernel: [    1.341395] pcieport 0000:00:16.5: pciehp: Slot #197 AttnBtn+ PwrCtrl+ MRL- AttnInd- PwrInd- HotPlug+ Surprise- Interlock- NoCompl+ IbPresDis- LLActRep+
2025-07-23T09:30:43.065040-03:00 linux-lab01 kernel: [    1.342733] pcieport 0000:00:16.6: PME: Signaling with IRQ 38
2025-07-23T09:30:43.065040-03:00 linux-lab01 kernel: [    1.342831] pcieport 0000:00:16.6: pciehp: Slot #198 AttnBtn+ PwrCtrl+ MRL- AttnInd- PwrInd- HotPlug+ Surprise- Interlock- NoCompl+ IbPresDis- LLActRep+
2025-07-23T09:30:43.065041-03:00 linux-lab01 kernel: [    1.344252] pcieport 0000:00:16.7: PME: Signaling with IRQ 39
2025-07-23T09:30:43.065060-03:00 linux-lab01 kernel: [    1.344356] pcieport 0000:00:16.7: pciehp: Slot #199 AttnBtn+ PwrCtrl+ MRL- AttnInd- PwrInd- HotPlug+ Surprise- Interlock- NoCompl+ IbPresDis- LLActRep+
2025-07-23T09:30:43.065061-03:00 linux-lab01 kernel: [    1.345362] pcieport 0000:00:17.0: PME: Signaling with IRQ 40
2025-07-23T09:30:43.065061-03:00 linux-lab01 kernel: [    1.345499] pcieport 0000:00:17.0: pciehp: Slot #224 AttnBtn+ PwrCtrl+ MRL- AttnInd- PwrInd- HotPlug+ Surprise- Interlock- NoCompl+ IbPresDis- LLActRep+
2025-07-23T09:30:43.065061-03:00 linux-lab01 kernel: [    1.346596] pcieport 0000:00:17.1: PME: Signaling with IRQ 41
2025-07-23T09:30:43.065061-03:00 linux-lab01 kernel: [    1.346698] pcieport 0000:00:17.1: pciehp: Slot #225 AttnBtn+ PwrCtrl+ MRL- AttnInd- PwrInd- HotPlug+ Surprise- Interlock- NoCompl+ IbPresDis- LLActRep+
2025-07-23T09:30:43.065062-03:00 linux-lab01 kernel: [    1.347743] pcieport 0000:00:17.2: PME: Signaling with IRQ 42
2025-07-23T09:30:43.065080-03:00 linux-lab01 kernel: [    1.347833] pcieport 0000:00:17.2: pciehp: Slot #226 AttnBtn+ PwrCtrl+ MRL- AttnInd- PwrInd- HotPlug+ Surprise- Interlock- NoCompl+ IbPresDis- LLActRep+
2025-07-23T09:30:43.065082-03:00 linux-lab01 kernel: [    1.348775] pcieport 0000:00:17.3: PME: Signaling with IRQ 43
2025-07-23T09:30:43.065082-03:00 linux-lab01 kernel: [    1.348865] pcieport 0000:00:17.3: pciehp: Slot #227 AttnBtn+ PwrCtrl+ MRL- AttnInd- PwrInd- HotPlug+ Surprise- Interlock- NoCompl+ IbPresDis- LLActRep+
2025-07-23T09:30:43.065082-03:00 linux-lab01 kernel: [    1.349915] pcieport 0000:00:17.4: PME: Signaling with IRQ 44
2025-07-23T09:30:43.065082-03:00 linux-lab01 kernel: [    1.350003] pcieport 0000:00:17.4: pciehp: Slot #228 AttnBtn+ PwrCtrl+ MRL- AttnInd- PwrInd- HotPlug+ Surprise- Interlock- NoCompl+ IbPresDis- LLActRep+
2025-07-23T09:30:43.065083-03:00 linux-lab01 kernel: [    1.350930] pcieport 0000:00:17.5: PME: Signaling with IRQ 45
2025-07-23T09:30:43.065102-03:00 linux-lab01 kernel: [    1.351019] pcieport 0000:00:17.5: pciehp: Slot #229 AttnBtn+ PwrCtrl+ MRL- AttnInd- PwrInd- HotPlug+ Surprise- Interlock- NoCompl+ IbPresDis- LLActRep+
2025-07-23T09:30:43.065103-03:00 linux-lab01 kernel: [    1.352007] pcieport 0000:00:17.6: PME: Signaling with IRQ 46
2025-07-23T09:30:43.065103-03:00 linux-lab01 kernel: [    1.352212] pcieport 0000:00:17.6: pciehp: Slot #230 AttnBtn+ PwrCtrl+ MRL- AttnInd- PwrInd- HotPlug+ Surprise- Interlock- NoCompl+ IbPresDis- LLActRep+
2025-07-23T09:30:43.065103-03:00 linux-lab01 kernel: [    1.353140] pcieport 0000:00:17.7: PME: Signaling with IRQ 47
2025-07-23T09:30:43.065104-03:00 linux-lab01 kernel: [    1.353257] pcieport 0000:00:17.7: pciehp: Slot #231 AttnBtn+ PwrCtrl+ MRL- AttnInd- PwrInd- HotPlug+ Surprise- Interlock- NoCompl+ IbPresDis- LLActRep+
2025-07-23T09:30:43.065122-03:00 linux-lab01 kernel: [    1.354183] pcieport 0000:00:18.0: PME: Signaling with IRQ 48
2025-07-23T09:30:43.065123-03:00 linux-lab01 kernel: [    1.354281] pcieport 0000:00:18.0: pciehp: Slot #256 AttnBtn+ PwrCtrl+ MRL- AttnInd- PwrInd- HotPlug+ Surprise- Interlock- NoCompl+ IbPresDis- LLActRep+
2025-07-23T09:30:43.065124-03:00 linux-lab01 kernel: [    1.355754] pcieport 0000:00:18.1: PME: Signaling with IRQ 49
2025-07-23T09:30:43.065124-03:00 linux-lab01 kernel: [    1.355934] pcieport 0000:00:18.1: pciehp: Slot #257 AttnBtn+ PwrCtrl+ MRL- AttnInd- PwrInd- HotPlug+ Surprise- Interlock- NoCompl+ IbPresDis- LLActRep+
2025-07-23T09:30:43.065124-03:00 linux-lab01 kernel: [    1.357185] pcieport 0000:00:18.2: PME: Signaling with IRQ 50
2025-07-23T09:30:43.065125-03:00 linux-lab01 kernel: [    1.357286] pcieport 0000:00:18.2: pciehp: Slot #258 AttnBtn+ PwrCtrl+ MRL- AttnInd- PwrInd- HotPlug+ Surprise- Interlock- NoCompl+ IbPresDis- LLActRep+
2025-07-23T09:30:43.065143-03:00 linux-lab01 kernel: [    1.358422] pcieport 0000:00:18.3: PME: Signaling with IRQ 51
2025-07-23T09:30:43.065145-03:00 linux-lab01 kernel: [    1.358535] pcieport 0000:00:18.3: pciehp: Slot #259 AttnBtn+ PwrCtrl+ MRL- AttnInd- PwrInd- HotPlug+ Surprise- Interlock- NoCompl+ IbPresDis- LLActRep+
2025-07-23T09:30:43.065145-03:00 linux-lab01 kernel: [    1.359571] pcieport 0000:00:18.4: PME: Signaling with IRQ 52
2025-07-23T09:30:43.065145-03:00 linux-lab01 kernel: [    1.359714] pcieport 0000:00:18.4: pciehp: Slot #260 AttnBtn+ PwrCtrl+ MRL- AttnInd- PwrInd- HotPlug+ Surprise- Interlock- NoCompl+ IbPresDis- LLActRep+
2025-07-23T09:30:43.065146-03:00 linux-lab01 kernel: [    1.360985] pcieport 0000:00:18.5: PME: Signaling with IRQ 53
2025-07-23T09:30:43.065146-03:00 linux-lab01 kernel: [    1.361108] pcieport 0000:00:18.5: pciehp: Slot #261 AttnBtn+ PwrCtrl+ MRL- AttnInd- PwrInd- HotPlug+ Surprise- Interlock- NoCompl+ IbPresDis- LLActRep+
2025-07-23T09:30:43.065165-03:00 linux-lab01 kernel: [    1.362801] pcieport 0000:00:18.6: PME: Signaling with IRQ 54
2025-07-23T09:30:43.065166-03:00 linux-lab01 kernel: [    1.362895] pcieport 0000:00:18.6: pciehp: Slot #262 AttnBtn+ PwrCtrl+ MRL- AttnInd- PwrInd- HotPlug+ Surprise- Interlock- NoCompl+ IbPresDis- LLActRep+
2025-07-23T09:30:43.065166-03:00 linux-lab01 kernel: [    1.364039] pcieport 0000:00:18.7: PME: Signaling with IRQ 55
2025-07-23T09:30:43.065166-03:00 linux-lab01 kernel: [    1.364132] pcieport 0000:00:18.7: pciehp: Slot #263 AttnBtn+ PwrCtrl+ MRL- AttnInd- PwrInd- HotPlug+ Surprise- Interlock- NoCompl+ IbPresDis- LLActRep+
2025-07-23T09:30:43.065167-03:00 linux-lab01 kernel: [    1.364724] shpchp: Standard Hot Plug PCI Controller Driver version: 0.4
2025-07-23T09:30:43.065215-03:00 linux-lab01 kernel: [    1.365102] Serial: 8250/16550 driver, 4 ports, IRQ sharing enabled
2025-07-23T09:30:43.065217-03:00 linux-lab01 kernel: [    1.365694] Linux agpgart interface v0.103
2025-07-23T09:30:43.065279-03:00 linux-lab01 kernel: [    1.365771] agpgart-intel 0000:00:00.0: Intel 440BX Chipset
2025-07-23T09:30:43.065279-03:00 linux-lab01 kernel: [    1.366842] agpgart-intel 0000:00:00.0: AGP aperture is 256M @ 0x0
2025-07-23T09:30:43.065279-03:00 linux-lab01 kernel: [    1.366920] AMD-Vi: AMD IOMMUv2 functionality not available on this system - This is not a bug.
2025-07-23T09:30:43.065280-03:00 linux-lab01 kernel: [    1.367099] i8042: PNP: PS/2 Controller [PNP0303:KBC,PNP0f13:MOUS] at 0x60,0x64 irq 1,12
2025-07-23T09:30:43.065283-03:00 linux-lab01 kernel: [    1.367810] serio: i8042 KBD port at 0x60,0x64 irq 1
2025-07-23T09:30:43.065300-03:00 linux-lab01 kernel: [    1.367817] serio: i8042 AUX port at 0x60,0x64 irq 12
2025-07-23T09:30:43.065302-03:00 linux-lab01 kernel: [    1.368003] mousedev: PS/2 mouse device common for all mice
2025-07-23T09:30:43.065302-03:00 linux-lab01 kernel: [    1.368808] rtc_cmos 00:01: registered as rtc0
2025-07-23T09:30:43.065302-03:00 linux-lab01 kernel: [    1.368903] rtc_cmos 00:01: setting system clock to 2025-07-23T12:30:38 UTC (1753273838)
2025-07-23T09:30:43.065302-03:00 linux-lab01 kernel: [    1.369077] rtc_cmos 00:01: alarms up to one month, y3k, 114 bytes nvram
2025-07-23T09:30:43.065303-03:00 linux-lab01 kernel: [    1.369088] intel_pstate: CPU model not supported
2025-07-23T09:30:43.065322-03:00 linux-lab01 kernel: [    1.369100] ledtrig-cpu: registered to indicate activity on CPUs
2025-07-23T09:30:43.065323-03:00 linux-lab01 kernel: [    1.370259] input: AT Translated Set 2 keyboard as /devices/platform/i8042/serio0/input/input0
2025-07-23T09:30:43.065323-03:00 linux-lab01 kernel: [    1.397275] NET: Registered PF_INET6 protocol family
2025-07-23T09:30:43.065323-03:00 linux-lab01 kernel: [    1.402059] Segment Routing with IPv6
2025-07-23T09:30:43.065324-03:00 linux-lab01 kernel: [    1.402073] In-situ OAM (IOAM) with IPv6
2025-07-23T09:30:43.065324-03:00 linux-lab01 kernel: [    1.402097] mip6: Mobile IPv6
2025-07-23T09:30:43.065343-03:00 linux-lab01 kernel: [    1.402101] NET: Registered PF_PACKET protocol family
2025-07-23T09:30:43.065344-03:00 linux-lab01 kernel: [    1.402124] mpls_gso: MPLS GSO support
2025-07-23T09:30:43.065344-03:00 linux-lab01 kernel: [    1.402213] IPI shorthand broadcast: enabled
2025-07-23T09:30:43.065344-03:00 linux-lab01 kernel: [    1.402233] sched_clock: Marking stable (1396014092, 2453019)->(1403987707, -5520596)
2025-07-23T09:30:43.065345-03:00 linux-lab01 kernel: [    1.402526] registered taskstats version 1
2025-07-23T09:30:43.065345-03:00 linux-lab01 kernel: [    1.402537] Loading compiled-in X.509 certificates
2025-07-23T09:30:43.065345-03:00 linux-lab01 kernel: [    1.418251] Loaded X.509 cert 'Debian Secure Boot CA: 6ccece7e4c6c0d1f6149f3dd27dfcc5cbb419ea1'
2025-07-23T09:30:43.065364-03:00 linux-lab01 kernel: [    1.418270] Loaded X.509 cert 'Debian Secure Boot Signer 2022 - linux: 14011249c2675ea8e5148542202005810584b25f'
2025-07-23T09:30:43.065365-03:00 linux-lab01 kernel: [    1.426193] zswap: loaded using pool lzo/zbud
2025-07-23T09:30:43.065365-03:00 linux-lab01 kernel: [    1.426415] Key type .fscrypt registered
2025-07-23T09:30:43.065366-03:00 linux-lab01 kernel: [    1.426417] Key type fscrypt-provisioning registered
2025-07-23T09:30:43.065366-03:00 linux-lab01 kernel: [    1.431091] Key type encrypted registered
2025-07-23T09:30:43.065366-03:00 linux-lab01 kernel: [    1.431095] AppArmor: AppArmor sha1 policy hashing enabled
2025-07-23T09:30:43.065386-03:00 linux-lab01 kernel: [    1.431104] ima: No TPM chip found, activating TPM-bypass!
2025-07-23T09:30:43.065387-03:00 linux-lab01 kernel: [    1.431106] ima: Allocated hash algorithm: sha256
2025-07-23T09:30:43.065388-03:00 linux-lab01 kernel: [    1.431114] ima: No architecture policies found
2025-07-23T09:30:43.065388-03:00 linux-lab01 kernel: [    1.431127] evm: Initialising EVM extended attributes:
2025-07-23T09:30:43.065388-03:00 linux-lab01 kernel: [    1.431128] evm: security.selinux
2025-07-23T09:30:43.065389-03:00 linux-lab01 kernel: [    1.431129] evm: security.SMACK64 (disabled)
2025-07-23T09:30:43.065407-03:00 linux-lab01 kernel: [    1.431129] evm: security.SMACK64EXEC (disabled)
2025-07-23T09:30:43.065408-03:00 linux-lab01 kernel: [    1.431130] evm: security.SMACK64TRANSMUTE (disabled)
2025-07-23T09:30:43.065409-03:00 linux-lab01 kernel: [    1.431131] evm: security.SMACK64MMAP (disabled)
2025-07-23T09:30:43.065409-03:00 linux-lab01 kernel: [    1.431131] evm: security.apparmor
2025-07-23T09:30:43.065409-03:00 linux-lab01 kernel: [    1.431132] evm: security.ima
2025-07-23T09:30:43.065410-03:00 linux-lab01 kernel: [    1.431132] evm: security.capability
2025-07-23T09:30:43.065410-03:00 linux-lab01 kernel: [    1.431133] evm: HMAC attrs: 0x1
2025-07-23T09:30:43.065429-03:00 linux-lab01 kernel: [    1.511476] clk: Disabling unused clocks
2025-07-23T09:30:43.065430-03:00 linux-lab01 kernel: [    1.512478] Freeing unused decrypted memory: 2036K
2025-07-23T09:30:43.065430-03:00 linux-lab01 kernel: [    1.512833] Freeing unused kernel image (initmem) memory: 2800K
2025-07-23T09:30:43.065430-03:00 linux-lab01 kernel: [    1.512885] Write protecting the kernel read-only data: 26624k
2025-07-23T09:30:43.065431-03:00 linux-lab01 kernel: [    1.513320] Freeing unused kernel image (text/rodata gap) memory: 2040K
2025-07-23T09:30:43.065431-03:00 linux-lab01 kernel: [    1.513489] Freeing unused kernel image (rodata/data gap) memory: 1144K
2025-07-23T09:30:43.065449-03:00 linux-lab01 kernel: [    1.559499] x86/mm: Checked W+X mappings: passed, no W+X pages found.
2025-07-23T09:30:43.065450-03:00 linux-lab01 kernel: [    1.559504] x86/mm: Checking user space page tables
2025-07-23T09:30:43.065451-03:00 linux-lab01 kernel: [    1.603064] x86/mm: Checked W+X mappings: passed, no W+X pages found.
2025-07-23T09:30:43.065451-03:00 linux-lab01 kernel: [    1.603081] Run /init as init process
2025-07-23T09:30:43.065451-03:00 linux-lab01 kernel: [    1.603083]   with arguments:
2025-07-23T09:30:43.065452-03:00 linux-lab01 kernel: [    1.603084]     /init
2025-07-23T09:30:43.065455-03:00 linux-lab01 kernel: [    1.603085]   with environment:
2025-07-23T09:30:43.065471-03:00 linux-lab01 kernel: [    1.603086]     HOME=/
2025-07-23T09:30:43.065472-03:00 linux-lab01 kernel: [    1.603087]     TERM=linux
2025-07-23T09:30:43.065472-03:00 linux-lab01 kernel: [    1.603087]     BOOT_IMAGE=/vmlinuz-6.1.0-37-amd64
2025-07-23T09:30:43.065472-03:00 linux-lab01 kernel: [    1.947113] piix4_smbus 0000:00:07.3: SMBus Host Controller not enabled!
2025-07-23T09:30:43.065473-03:00 linux-lab01 kernel: [    1.979678] e1000: Intel(R) PRO/1000 Network Driver
2025-07-23T09:30:43.065473-03:00 linux-lab01 kernel: [    1.979681] e1000: Copyright (c) 1999-2006 Intel Corporation.
2025-07-23T09:30:43.065493-03:00 linux-lab01 kernel: [    2.019741] SCSI subsystem initialized
2025-07-23T09:30:43.065495-03:00 linux-lab01 kernel: [    2.084864] input: VirtualPS/2 VMware VMMouse as /devices/platform/i8042/serio1/input/input3
2025-07-23T09:30:43.065496-03:00 linux-lab01 kernel: [    2.085083] input: VirtualPS/2 VMware VMMouse as /devices/platform/i8042/serio1/input/input2
2025-07-23T09:30:43.065496-03:00 linux-lab01 kernel: [    2.095219] Fusion MPT base driver 3.04.20
2025-07-23T09:30:43.065497-03:00 linux-lab01 kernel: [    2.095222] Copyright (c) 1999-2008 LSI Corporation
2025-07-23T09:30:43.065497-03:00 linux-lab01 kernel: [    2.103171] ACPI: bus type USB registered
2025-07-23T09:30:43.065517-03:00 linux-lab01 kernel: [    2.103193] usbcore: registered new interface driver usbfs
2025-07-23T09:30:43.065518-03:00 linux-lab01 kernel: [    2.103204] usbcore: registered new interface driver hub
2025-07-23T09:30:43.065519-03:00 linux-lab01 kernel: [    2.103255] usbcore: registered new device driver usb
2025-07-23T09:30:43.065519-03:00 linux-lab01 kernel: [    2.113063] Fusion MPT SPI Host driver 3.04.20
2025-07-23T09:30:43.065519-03:00 linux-lab01 kernel: [    2.138064] uhci_hcd 0000:02:00.0: UHCI Host Controller
2025-07-23T09:30:43.065519-03:00 linux-lab01 kernel: [    2.138073] uhci_hcd 0000:02:00.0: new USB bus registered, assigned bus number 1
2025-07-23T09:30:43.065520-03:00 linux-lab01 kernel: [    2.138135] uhci_hcd 0000:02:00.0: detected 2 ports
2025-07-23T09:30:43.065539-03:00 linux-lab01 kernel: [    2.138304] uhci_hcd 0000:02:00.0: irq 18, io port 0x00002080
2025-07-23T09:30:43.065539-03:00 linux-lab01 kernel: [    2.138595] mptbase: ioc0: Initiating bringup
2025-07-23T09:30:43.065540-03:00 linux-lab01 kernel: [    2.144257] libata version 3.00 loaded.
2025-07-23T09:30:43.065540-03:00 linux-lab01 kernel: [    2.149133] ahci 0000:02:03.0: version 3.0
2025-07-23T09:30:43.065540-03:00 linux-lab01 kernel: [    2.151860] ata_piix 0000:00:07.1: version 2.13
2025-07-23T09:30:43.065541-03:00 linux-lab01 kernel: [    2.152198] usb usb1: New USB device found, idVendor=1d6b, idProduct=0001, bcdDevice= 6.01
2025-07-23T09:30:43.087383-03:00 linux-lab01 kernel: [    2.152201] usb usb1: New USB device strings: Mfr=3, Product=2, SerialNumber=1
2025-07-23T09:30:43.087388-03:00 linux-lab01 kernel: [    2.152202] usb usb1: Product: UHCI Host Controller
2025-07-23T09:30:43.087389-03:00 linux-lab01 kernel: [    2.152204] usb usb1: Manufacturer: Linux 6.1.0-37-amd64 uhci_hcd
2025-07-23T09:30:43.087389-03:00 linux-lab01 kernel: [    2.152205] usb usb1: SerialNumber: 0000:02:00.0
2025-07-23T09:30:43.087389-03:00 linux-lab01 kernel: [    2.152384] hub 1-0:1.0: USB hub found
2025-07-23T09:30:43.087390-03:00 linux-lab01 kernel: [    2.152390] hub 1-0:1.0: 2 ports detected
2025-07-23T09:30:43.087403-03:00 linux-lab01 kernel: [    2.161073] ahci 0000:02:03.0: AHCI 0001.0300 32 slots 30 ports 6 Gbps 0x3fffffff impl SATA mode
2025-07-23T09:30:43.087437-03:00 linux-lab01 kernel: [    2.161079] ahci 0000:02:03.0: flags: 64bit ncq clo only 
2025-07-23T09:30:43.087440-03:00 linux-lab01 kernel: [    2.163428] scsi host0: ata_piix
2025-07-23T09:30:43.087441-03:00 linux-lab01 kernel: [    2.166544] scsi host1: ata_piix
2025-07-23T09:30:43.087441-03:00 linux-lab01 kernel: [    2.166621] ata1: PATA max UDMA/33 cmd 0x1f0 ctl 0x3f6 bmdma 0x1060 irq 14
2025-07-23T09:30:43.087442-03:00 linux-lab01 kernel: [    2.166624] ata2: PATA max UDMA/33 cmd 0x170 ctl 0x376 bmdma 0x1068 irq 15
2025-07-23T09:30:43.087442-03:00 linux-lab01 kernel: [    2.207826] scsi host2: ahci
2025-07-23T09:30:43.087470-03:00 linux-lab01 kernel: [    2.208688] scsi host3: ahci
2025-07-23T09:30:43.087471-03:00 linux-lab01 kernel: [    2.218745] scsi host4: ahci
2025-07-23T09:30:43.087472-03:00 linux-lab01 kernel: [    2.219319] scsi host5: ahci
2025-07-23T09:30:43.087472-03:00 linux-lab01 kernel: [    2.224807] scsi host6: ahci
2025-07-23T09:30:43.087472-03:00 linux-lab01 kernel: [    2.234591] scsi host7: ahci
2025-07-23T09:30:43.087473-03:00 linux-lab01 kernel: [    2.235166] scsi host8: ahci
2025-07-23T09:30:43.087493-03:00 linux-lab01 kernel: [    2.240679] scsi host9: ahci
2025-07-23T09:30:43.087494-03:00 linux-lab01 kernel: [    2.246795] ioc0: LSI53C1030 B0: Capabilities={Initiator}
2025-07-23T09:30:43.087494-03:00 linux-lab01 kernel: [    2.252292] scsi host10: ahci
2025-07-23T09:30:43.087495-03:00 linux-lab01 kernel: [    2.253059] scsi host11: ahci
2025-07-23T09:30:43.087495-03:00 linux-lab01 kernel: [    2.263456] scsi host12: ahci
2025-07-23T09:30:43.087495-03:00 linux-lab01 kernel: [    2.264000] scsi host13: ahci
2025-07-23T09:30:43.087495-03:00 linux-lab01 kernel: [    2.269296] scsi host14: ahci
2025-07-23T09:30:43.087514-03:00 linux-lab01 kernel: [    2.274684] scsi host15: ahci
2025-07-23T09:30:43.087515-03:00 linux-lab01 kernel: [    2.280256] scsi host16: ahci
2025-07-23T09:30:43.087516-03:00 linux-lab01 kernel: [    2.285422] scsi host17: ahci
2025-07-23T09:30:43.087516-03:00 linux-lab01 kernel: [    2.290787] scsi host18: ahci
2025-07-23T09:30:43.087516-03:00 linux-lab01 kernel: [    2.291767] scsi host19: ahci
2025-07-23T09:30:43.087517-03:00 linux-lab01 kernel: [    2.301652] scsi host20: ahci
2025-07-23T09:30:43.087542-03:00 linux-lab01 kernel: [    2.307384] scsi host21: ahci
2025-07-23T09:30:43.087544-03:00 linux-lab01 kernel: [    2.312856] scsi host22: ahci
2025-07-23T09:30:43.087544-03:00 linux-lab01 kernel: [    2.318124] scsi host23: ahci
2025-07-23T09:30:43.087544-03:00 linux-lab01 kernel: [    2.323465] scsi host24: ahci
2025-07-23T09:30:43.087545-03:00 linux-lab01 kernel: [    2.354173] scsi host25: ahci
2025-07-23T09:30:43.087545-03:00 linux-lab01 kernel: [    2.360070] scsi host26: ahci
2025-07-23T09:30:43.087550-03:00 linux-lab01 kernel: [    2.365316] scsi host27: ahci
2025-07-23T09:30:43.087572-03:00 linux-lab01 kernel: [    2.375369] scsi host28: ahci
2025-07-23T09:30:43.087573-03:00 linux-lab01 kernel: [    2.376167] scsi host29: ahci
2025-07-23T09:30:43.087574-03:00 linux-lab01 kernel: [    2.385970] scsi host30: ahci
2025-07-23T09:30:43.087574-03:00 linux-lab01 kernel: [    2.391467] scsi host31: ahci
2025-07-23T09:30:43.087574-03:00 linux-lab01 kernel: [    2.391747] ata3: SATA max UDMA/133 abar m4096@0xfd5ef000 port 0xfd5ef100 irq 56
2025-07-23T09:30:43.087575-03:00 linux-lab01 kernel: [    2.391751] ata4: SATA max UDMA/133 abar m4096@0xfd5ef000 port 0xfd5ef180 irq 56
2025-07-23T09:30:43.087596-03:00 linux-lab01 kernel: [    2.391752] ata5: SATA max UDMA/133 abar m4096@0xfd5ef000 port 0xfd5ef200 irq 56
2025-07-23T09:30:43.087597-03:00 linux-lab01 kernel: [    2.391753] ata6: SATA max UDMA/133 abar m4096@0xfd5ef000 port 0xfd5ef280 irq 56
2025-07-23T09:30:43.087597-03:00 linux-lab01 kernel: [    2.391754] ata7: SATA max UDMA/133 abar m4096@0xfd5ef000 port 0xfd5ef300 irq 56
2025-07-23T09:30:43.087597-03:00 linux-lab01 kernel: [    2.391755] ata8: SATA max UDMA/133 abar m4096@0xfd5ef000 port 0xfd5ef380 irq 56
2025-07-23T09:30:43.087598-03:00 linux-lab01 kernel: [    2.391756] ata9: SATA max UDMA/133 abar m4096@0xfd5ef000 port 0xfd5ef400 irq 56
2025-07-23T09:30:43.087598-03:00 linux-lab01 kernel: [    2.391757] ata10: SATA max UDMA/133 abar m4096@0xfd5ef000 port 0xfd5ef480 irq 56
2025-07-23T09:30:43.087632-03:00 linux-lab01 kernel: [    2.391759] ata11: SATA max UDMA/133 abar m4096@0xfd5ef000 port 0xfd5ef500 irq 56
2025-07-23T09:30:43.087634-03:00 linux-lab01 kernel: [    2.391760] ata12: SATA max UDMA/133 abar m4096@0xfd5ef000 port 0xfd5ef580 irq 56
2025-07-23T09:30:43.087634-03:00 linux-lab01 kernel: [    2.391761] ata13: SATA max UDMA/133 abar m4096@0xfd5ef000 port 0xfd5ef600 irq 56
2025-07-23T09:30:43.087634-03:00 linux-lab01 kernel: [    2.391762] ata14: SATA max UDMA/133 abar m4096@0xfd5ef000 port 0xfd5ef680 irq 56
2025-07-23T09:30:43.087635-03:00 linux-lab01 kernel: [    2.391762] ata15: SATA max UDMA/133 abar m4096@0xfd5ef000 port 0xfd5ef700 irq 56
2025-07-23T09:30:43.087635-03:00 linux-lab01 kernel: [    2.391763] ata16: SATA max UDMA/133 abar m4096@0xfd5ef000 port 0xfd5ef780 irq 56
2025-07-23T09:30:43.087688-03:00 linux-lab01 kernel: [    2.391764] ata17: SATA max UDMA/133 abar m4096@0xfd5ef000 port 0xfd5ef800 irq 56
2025-07-23T09:30:43.087717-03:00 linux-lab01 kernel: [    2.391765] ata18: SATA max UDMA/133 abar m4096@0xfd5ef000 port 0xfd5ef880 irq 56
2025-07-23T09:30:43.087720-03:00 linux-lab01 kernel: [    2.391766] ata19: SATA max UDMA/133 abar m4096@0xfd5ef000 port 0xfd5ef900 irq 56
2025-07-23T09:30:43.087721-03:00 linux-lab01 kernel: [    2.391767] ata20: SATA max UDMA/133 abar m4096@0xfd5ef000 port 0xfd5ef980 irq 56
2025-07-23T09:30:43.087722-03:00 linux-lab01 kernel: [    2.391768] ata21: SATA max UDMA/133 abar m4096@0xfd5ef000 port 0xfd5efa00 irq 56
2025-07-23T09:30:43.087723-03:00 linux-lab01 kernel: [    2.391769] ata22: SATA max UDMA/133 abar m4096@0xfd5ef000 port 0xfd5efa80 irq 56
2025-07-23T09:30:43.087724-03:00 linux-lab01 kernel: [    2.391770] ata23: SATA max UDMA/133 abar m4096@0xfd5ef000 port 0xfd5efb00 irq 56
2025-07-23T09:30:43.130140-03:00 linux-lab01 kernel: [    2.391771] ata24: SATA max UDMA/133 abar m4096@0xfd5ef000 port 0xfd5efb80 irq 56
2025-07-23T09:30:43.130146-03:00 linux-lab01 kernel: [    2.391772] ata25: SATA max UDMA/133 abar m4096@0xfd5ef000 port 0xfd5efc00 irq 56
2025-07-23T09:30:43.130147-03:00 linux-lab01 kernel: [    2.391773] ata26: SATA max UDMA/133 abar m4096@0xfd5ef000 port 0xfd5efc80 irq 56
2025-07-23T09:30:43.130147-03:00 linux-lab01 kernel: [    2.391774] ata27: SATA max UDMA/133 abar m4096@0xfd5ef000 port 0xfd5efd00 irq 56
2025-07-23T09:30:43.130147-03:00 linux-lab01 kernel: [    2.391775] ata28: SATA max UDMA/133 abar m4096@0xfd5ef000 port 0xfd5efd80 irq 56
2025-07-23T09:30:43.130148-03:00 linux-lab01 kernel: [    2.391776] ata29: SATA max UDMA/133 abar m4096@0xfd5ef000 port 0xfd5efe00 irq 56
2025-07-23T09:30:43.130148-03:00 linux-lab01 kernel: [    2.391777] ata30: SATA max UDMA/133 abar m4096@0xfd5ef000 port 0xfd5efe80 irq 56
2025-07-23T09:30:43.130148-03:00 linux-lab01 kernel: [    2.391778] ata31: SATA max UDMA/133 abar m4096@0xfd5ef000 port 0xfd5eff00 irq 56
2025-07-23T09:30:43.130149-03:00 linux-lab01 kernel: [    2.391779] ata32: SATA max UDMA/133 abar m4096@0xfd5ef000 port 0xfd5eff80 irq 56
2025-07-23T09:30:43.130149-03:00 linux-lab01 kernel: [    2.412669] usb 1-1: new full-speed USB device number 2 using uhci_hcd
2025-07-23T09:30:43.130149-03:00 linux-lab01 kernel: [    2.515323] scsi host32: ioc0: LSI53C1030 B0, FwRev=01032920h, Ports=1, MaxQ=128, IRQ=17
2025-07-23T09:30:43.130150-03:00 linux-lab01 kernel: [    2.582789] e1000 0000:02:01.0 eth0: (PCI:66MHz:32-bit) 00:0c:29:e8:e0:04
2025-07-23T09:30:43.130150-03:00 linux-lab01 kernel: [    2.582798] e1000 0000:02:01.0 eth0: Intel(R) PRO/1000 Network Connection
2025-07-23T09:30:43.130150-03:00 linux-lab01 kernel: [    2.589914] usb 1-1: New USB device found, idVendor=0e0f, idProduct=0003, bcdDevice= 1.03
2025-07-23T09:30:43.130151-03:00 linux-lab01 kernel: [    2.589920] usb 1-1: New USB device strings: Mfr=1, Product=2, SerialNumber=0
2025-07-23T09:30:43.130151-03:00 linux-lab01 kernel: [    2.589921] usb 1-1: Product: VMware Virtual USB Mouse
2025-07-23T09:30:43.130151-03:00 linux-lab01 kernel: [    2.589923] usb 1-1: Manufacturer: VMware
2025-07-23T09:30:43.130151-03:00 linux-lab01 kernel: [    2.601848] hid: raw HID events driver (C) Jiri Kosina
2025-07-23T09:30:43.130152-03:00 linux-lab01 kernel: [    2.687640] scsi 32:0:0:0: Direct-Access     VMware,  VMware Virtual S 1.0  PQ: 0 ANSI: 2
2025-07-23T09:30:43.130152-03:00 linux-lab01 kernel: [    2.698679] scsi target32:0:0: Beginning Domain Validation
2025-07-23T09:30:43.130152-03:00 linux-lab01 kernel: [    2.701244] scsi target32:0:0: Domain Validation skipping write tests
2025-07-23T09:30:43.130153-03:00 linux-lab01 kernel: [    2.701255] scsi target32:0:0: Ending Domain Validation
2025-07-23T09:30:43.130153-03:00 linux-lab01 kernel: [    2.701470] scsi target32:0:0: FAST-40 WIDE SCSI 80.0 MB/s ST (25 ns, offset 127)
2025-07-23T09:30:43.130153-03:00 linux-lab01 kernel: [    2.707895] ata7: SATA link down (SStatus 0 SControl 300)
2025-07-23T09:30:43.130154-03:00 linux-lab01 kernel: [    2.708032] ata4: SATA link up 6.0 Gbps (SStatus 133 SControl 300)
2025-07-23T09:30:43.130154-03:00 linux-lab01 kernel: [    2.708298] ata4.00: ATAPI: VMware Virtual SATA CDRW Drive, 00000001, max UDMA/33
2025-07-23T09:30:43.130154-03:00 linux-lab01 kernel: [    2.708712] ata4.00: configured for UDMA/33
2025-07-23T09:30:43.130155-03:00 linux-lab01 kernel: [    2.709010] ata3: SATA link down (SStatus 0 SControl 300)
2025-07-23T09:30:43.130155-03:00 linux-lab01 kernel: [    2.709088] ata5: SATA link down (SStatus 0 SControl 300)
2025-07-23T09:30:43.130155-03:00 linux-lab01 kernel: [    2.709142] ata6: SATA link down (SStatus 0 SControl 300)
2025-07-23T09:30:43.130156-03:00 linux-lab01 kernel: [    2.709283] scsi: waiting for bus probes to complete ...
2025-07-23T09:30:43.130156-03:00 linux-lab01 kernel: [    2.716180] ata8: SATA link down (SStatus 0 SControl 300)
2025-07-23T09:30:43.130156-03:00 linux-lab01 kernel: [    2.721030] scsi 3:0:0:0: CD-ROM            NECVMWar VMware SATA CD01 1.00 PQ: 0 ANSI: 5
2025-07-23T09:30:43.130157-03:00 linux-lab01 kernel: [    2.722685] usb 1-2: new full-speed USB device number 3 using uhci_hcd
2025-07-23T09:30:43.130157-03:00 linux-lab01 kernel: [    2.727747] ata13: SATA link down (SStatus 0 SControl 300)
2025-07-23T09:30:43.130157-03:00 linux-lab01 kernel: [    2.727847] ata14: SATA link down (SStatus 0 SControl 300)
2025-07-23T09:30:43.130158-03:00 linux-lab01 kernel: [    2.727942] ata10: SATA link down (SStatus 0 SControl 300)
2025-07-23T09:30:43.130158-03:00 linux-lab01 kernel: [    2.727997] ata12: SATA link down (SStatus 0 SControl 300)
2025-07-23T09:30:43.130158-03:00 linux-lab01 kernel: [    2.728040] ata11: SATA link down (SStatus 0 SControl 300)
2025-07-23T09:30:43.130158-03:00 linux-lab01 kernel: [    2.728081] ata9: SATA link down (SStatus 0 SControl 300)
2025-07-23T09:30:43.130159-03:00 linux-lab01 kernel: [    2.744653] ata20: SATA link down (SStatus 0 SControl 300)
2025-07-23T09:30:43.130159-03:00 linux-lab01 kernel: [    2.744718] ata18: SATA link down (SStatus 0 SControl 300)
2025-07-23T09:30:43.130159-03:00 linux-lab01 kernel: [    2.744750] ata16: SATA link down (SStatus 0 SControl 300)
2025-07-23T09:30:43.130160-03:00 linux-lab01 kernel: [    2.744781] ata17: SATA link down (SStatus 0 SControl 300)
2025-07-23T09:30:43.130160-03:00 linux-lab01 kernel: [    2.744806] ata19: SATA link down (SStatus 0 SControl 300)
2025-07-23T09:30:43.130160-03:00 linux-lab01 kernel: [    2.744835] ata15: SATA link down (SStatus 0 SControl 300)
2025-07-23T09:30:43.130160-03:00 linux-lab01 kernel: [    2.750528] ata21: SATA link down (SStatus 0 SControl 300)
2025-07-23T09:30:43.130161-03:00 linux-lab01 kernel: [    2.755677] ata22: SATA link down (SStatus 0 SControl 300)
2025-07-23T09:30:43.130161-03:00 linux-lab01 kernel: [    2.760883] ata24: SATA link down (SStatus 0 SControl 300)
2025-07-23T09:30:43.130161-03:00 linux-lab01 kernel: [    2.760923] ata25: SATA link down (SStatus 0 SControl 300)
2025-07-23T09:30:43.130162-03:00 linux-lab01 kernel: [    2.760948] ata26: SATA link down (SStatus 0 SControl 300)
2025-07-23T09:30:43.130162-03:00 linux-lab01 kernel: [    2.760972] ata23: SATA link down (SStatus 0 SControl 300)
2025-07-23T09:30:43.130162-03:00 linux-lab01 kernel: [    2.766143] ata27: SATA link down (SStatus 0 SControl 300)
2025-07-23T09:30:43.130163-03:00 linux-lab01 kernel: [    2.766198] ata28: SATA link down (SStatus 0 SControl 300)
2025-07-23T09:30:43.130163-03:00 linux-lab01 kernel: [    2.771734] ata29: SATA link down (SStatus 0 SControl 300)
2025-07-23T09:30:43.130163-03:00 linux-lab01 kernel: [    2.776743] ata30: SATA link down (SStatus 0 SControl 300)
2025-07-23T09:30:43.130163-03:00 linux-lab01 kernel: [    2.781906] ata32: SATA link down (SStatus 0 SControl 300)
2025-07-23T09:30:43.130164-03:00 linux-lab01 kernel: [    2.781931] ata31: SATA link down (SStatus 0 SControl 300)
2025-07-23T09:30:43.130164-03:00 linux-lab01 kernel: [    2.803416] usbcore: registered new interface driver usbhid
2025-07-23T09:30:43.130164-03:00 linux-lab01 kernel: [    2.803420] usbhid: USB HID core driver
2025-07-23T09:30:43.130165-03:00 linux-lab01 kernel: [    2.816026] input: VMware VMware Virtual USB Mouse as /devices/pci0000:00/0000:00:11.0/0000:02:00.0/usb1/1-1/1-1:1.0/0003:0E0F:0003.0001/input/input4
2025-07-23T09:30:43.130170-03:00 linux-lab01 kernel: [    2.816170] hid-generic 0003:0E0F:0003.0001: input,hidraw0: USB HID v1.10 Mouse [VMware VMware Virtual USB Mouse] on usb-0000:02:00.0-1/input0
2025-07-23T09:30:43.130171-03:00 linux-lab01 kernel: [    2.822767] e1000 0000:02:01.0 ens33: renamed from eth0
2025-07-23T09:30:43.130171-03:00 linux-lab01 kernel: [    2.828707] sr 3:0:0:0: [sr0] scsi3-mmc drive: 1x/1x writer dvd-ram cd/rw xa/form2 cdda tray
2025-07-23T09:30:43.130171-03:00 linux-lab01 kernel: [    2.828711] cdrom: Uniform CD-ROM driver Revision: 3.20
2025-07-23T09:30:43.130172-03:00 linux-lab01 kernel: [    2.843330] sd 32:0:0:0: [sda] 41943040 512-byte logical blocks: (21.5 GB/20.0 GiB)
2025-07-23T09:30:43.130172-03:00 linux-lab01 kernel: [    2.843365] sd 32:0:0:0: [sda] Write Protect is off
2025-07-23T09:30:43.130172-03:00 linux-lab01 kernel: [    2.843367] sd 32:0:0:0: [sda] Mode Sense: 61 00 00 00
2025-07-23T09:30:43.130173-03:00 linux-lab01 kernel: [    2.843412] sd 32:0:0:0: [sda] Cache data unavailable
2025-07-23T09:30:43.130173-03:00 linux-lab01 kernel: [    2.843414] sd 32:0:0:0: [sda] Assuming drive cache: write through
2025-07-23T09:30:43.130173-03:00 linux-lab01 kernel: [    2.850384]  sda: sda1 sda2 sda3
2025-07-23T09:30:43.130173-03:00 linux-lab01 kernel: [    2.851013] sd 32:0:0:0: [sda] Attached SCSI disk
2025-07-23T09:30:43.130174-03:00 linux-lab01 kernel: [    2.858798] sr 3:0:0:0: Attached scsi CD-ROM sr0
2025-07-23T09:30:43.130174-03:00 linux-lab01 kernel: [    2.881488] usb 1-2: New USB device found, idVendor=0e0f, idProduct=0002, bcdDevice= 1.00
2025-07-23T09:30:43.130174-03:00 linux-lab01 kernel: [    2.881493] usb 1-2: New USB device strings: Mfr=1, Product=2, SerialNumber=0
2025-07-23T09:30:43.130175-03:00 linux-lab01 kernel: [    2.881495] usb 1-2: Product: VMware Virtual USB Hub
2025-07-23T09:30:43.130175-03:00 linux-lab01 kernel: [    2.881496] usb 1-2: Manufacturer: VMware, Inc.
2025-07-23T09:30:43.130175-03:00 linux-lab01 kernel: [    2.887093] hub 1-2:1.0: USB hub found
2025-07-23T09:30:43.130176-03:00 linux-lab01 kernel: [    2.889211] hub 1-2:1.0: 7 ports detected
2025-07-23T09:30:43.130176-03:00 linux-lab01 kernel: [    2.943868] PM: Image not found (code -22)
2025-07-23T09:30:43.130176-03:00 linux-lab01 kernel: [    3.138628] EXT4-fs (sda3): mounted filesystem with ordered data mode. Quota mode: none.
2025-07-23T09:30:43.130177-03:00 linux-lab01 kernel: [    3.224594] Not activating Mandatory Access Control as /sbin/tomoyo-init does not exist.
2025-07-23T09:30:43.130223-03:00 linux-lab01 kernel: [    3.990528] EXT4-fs (sda3): re-mounted. Quota mode: none.
2025-07-23T09:30:43.130223-03:00 linux-lab01 kernel: [    4.216465] device-mapper: core: CONFIG_IMA_DISABLE_HTABLE is disabled. Duplicate IMA measurements will not be recorded in the IMA log.
2025-07-23T09:30:43.130224-03:00 linux-lab01 kernel: [    4.216499] device-mapper: uevent: version 1.0.3
2025-07-23T09:30:43.130224-03:00 linux-lab01 kernel: [    4.226214] fuse: init (API version 7.38)
2025-07-23T09:30:43.130225-03:00 linux-lab01 kernel: [    4.254533] device-mapper: ioctl: 4.47.0-ioctl (2022-07-28) initialised: dm-devel@redhat.com
2025-07-23T09:30:43.130225-03:00 linux-lab01 kernel: [    4.284462] loop: module loaded
2025-07-23T09:30:43.130225-03:00 linux-lab01 kernel: [    4.367065] ACPI: bus type drm_connector registered
2025-07-23T09:30:43.130240-03:00 linux-lab01 kernel: [    4.843741] sd 32:0:0:0: Attached scsi generic sg0 type 0
2025-07-23T09:30:43.130240-03:00 linux-lab01 kernel: [    4.843793] sr 3:0:0:0: Attached scsi generic sg1 type 5
2025-07-23T09:30:43.130240-03:00 linux-lab01 kernel: [    4.951331] input: Power Button as /devices/LNXSYSTM:00/LNXPWRBN:00/input/input5
2025-07-23T09:30:43.130241-03:00 linux-lab01 kernel: [    4.965157] ACPI: AC: AC Adapter [ACAD] (on-line)
2025-07-23T09:30:43.130241-03:00 linux-lab01 kernel: [    4.987951] ACPI: button: Power Button [PWRF]
2025-07-23T09:30:43.130241-03:00 linux-lab01 kernel: [    5.000238] Adding 3906556k swap on /dev/sda2.  Priority:-2 extents:1 across:3906556k FS
2025-07-23T09:30:43.130242-03:00 linux-lab01 kernel: [    5.113419] EXT4-fs (sda1): mounted filesystem with ordered data mode. Quota mode: none.
2025-07-23T09:30:43.130242-03:00 linux-lab01 kernel: [    5.318988] audit: type=1400 audit(1753273842.448:2): apparmor="STATUS" operation="profile_load" profile="unconfined" name="lsb_release" pid=418 comm="apparmor_parser"
2025-07-23T09:30:43.130242-03:00 linux-lab01 kernel: [    5.337408] audit: type=1400 audit(1753273842.464:3): apparmor="STATUS" operation="profile_load" profile="unconfined" name="nvidia_modprobe" pid=419 comm="apparmor_parser"
2025-07-23T09:30:43.130243-03:00 linux-lab01 kernel: [    5.337421] audit: type=1400 audit(1753273842.464:4): apparmor="STATUS" operation="profile_load" profile="unconfined" name="nvidia_modprobe//kmod" pid=419 comm="apparmor_parser"
2025-07-23T09:30:43.130243-03:00 linux-lab01 kernel: [    5.384569] audit: type=1400 audit(1753273842.512:5): apparmor="STATUS" operation="profile_load" profile="unconfined" name="/usr/lib/NetworkManager/nm-dhcp-client.action" pid=420 comm="apparmor_parser"
2025-07-23T09:30:43.130244-03:00 linux-lab01 kernel: [    5.384574] audit: type=1400 audit(1753273842.512:6): apparmor="STATUS" operation="profile_load" profile="unconfined" name="/usr/lib/NetworkManager/nm-dhcp-helper" pid=420 comm="apparmor_parser"
2025-07-23T09:30:43.130244-03:00 linux-lab01 kernel: [    5.384576] audit: type=1400 audit(1753273842.512:7): apparmor="STATUS" operation="profile_load" profile="unconfined" name="/usr/lib/connman/scripts/dhclient-script" pid=420 comm="apparmor_parser"
2025-07-23T09:30:43.130245-03:00 linux-lab01 kernel: [    5.384578] audit: type=1400 audit(1753273842.512:8): apparmor="STATUS" operation="profile_load" profile="unconfined" name="/{,usr/}sbin/dhclient" pid=420 comm="apparmor_parser"
2025-07-23T09:30:43.130245-03:00 linux-lab01 kernel: [    5.402110] audit: type=1400 audit(1753273842.528:9): apparmor="STATUS" operation="profile_load" profile="unconfined" name="/usr/bin/man" pid=421 comm="apparmor_parser"
2025-07-23T09:30:43.130245-03:00 linux-lab01 kernel: [    5.402117] audit: type=1400 audit(1753273842.528:10): apparmor="STATUS" operation="profile_load" profile="unconfined" name="man_filter" pid=421 comm="apparmor_parser"
2025-07-23T09:30:43.130246-03:00 linux-lab01 kernel: [    5.402120] audit: type=1400 audit(1753273842.528:11): apparmor="STATUS" operation="profile_load" profile="unconfined" name="man_groff" pid=421 comm="apparmor_parser"
2025-07-23T09:30:43.130246-03:00 linux-lab01 kernel: [    5.675190] vmw_vmci 0000:00:07.7: MMIO register access is available
2025-07-23T09:30:43.130246-03:00 linux-lab01 kernel: [    5.675356] vmw_vmci 0000:00:07.7: Using capabilities 0x3c
2025-07-23T09:30:43.130247-03:00 linux-lab01 kernel: [    5.689261] Guest personality initialized and is active
2025-07-23T09:30:43.130247-03:00 linux-lab01 kernel: [    5.689317] VMCI host device registered (name=vmci, major=10, minor=124)
2025-07-23T09:30:43.130247-03:00 linux-lab01 kernel: [    5.689320] Initialized host personality
2025-07-23T09:30:43.130248-03:00 linux-lab01 kernel: [    5.691344] e1000: ens33 NIC Link is Up 1000 Mbps Full Duplex, Flow Control: None
2025-07-23T09:30:43.130248-03:00 linux-lab01 kernel: [    5.694966] NET: Registered PF_VSOCK protocol family
2025-07-23T09:30:43.130248-03:00 linux-lab01 kernel: [    5.728492] IPv6: ADDRCONF(NETDEV_CHANGE): ens33: link becomes ready
2025-07-23T09:30:43.130249-03:00 linux-lab01 kernel: [    5.790640] audit: type=1400 audit(1753273842.920:12): apparmor="DENIED" operation="capable" profile="/{,usr/}sbin/dhclient" pid=444 comm="dhclient" capability=21  capname="sys_admin"
2025-07-23T09:30:43.913657-03:00 linux-lab01 kernel: [    6.781170] input: PC Speaker as /devices/platform/pcspkr/input/input6
2025-07-23T09:30:44.237626-03:00 linux-lab01 kernel: [    7.103529] vmwgfx 0000:00:0f.0: vgaarb: deactivate vga console
2025-07-23T09:30:44.237645-03:00 linux-lab01 kernel: [    7.104359] Console: switching to colour dummy device 80x25
2025-07-23T09:30:44.237647-03:00 linux-lab01 kernel: [    7.105989] vmwgfx 0000:00:0f.0: [drm] FIFO at 0x00000000fe000000 size is 8192 kiB
2025-07-23T09:30:44.237648-03:00 linux-lab01 kernel: [    7.106008] vmwgfx 0000:00:0f.0: [drm] VRAM at 0x00000000e8000000 size is 131072 kiB
2025-07-23T09:30:44.237648-03:00 linux-lab01 kernel: [    7.106037] vmwgfx 0000:00:0f.0: [drm] Running on SVGA version 2.
2025-07-23T09:30:44.237648-03:00 linux-lab01 kernel: [    7.106049] vmwgfx 0000:00:0f.0: [drm] Capabilities: rect copy, cursor, cursor bypass, cursor bypass 2, 8bit emulation, alpha cursor, extended fifo, multimon, pitchlock, irq mask, display topology, gmr, traces, gmr2, screen object 2, command buffers, command buffers 2, gbobject, dx, hp cmd queue, no bb restriction, cap2 register, 
2025-07-23T09:30:44.237650-03:00 linux-lab01 kernel: [    7.106059] vmwgfx 0000:00:0f.0: [drm] Capabilities2: grow otable, intra surface copy, dx2, gb memsize 2, screendma reg, otable ptdepth2, non ms to ms stretchblt, cursor mob, mshint, cb max size 4mb, dx3, frame type, trace full fb, extra regs, lo staging, 
2025-07-23T09:30:44.237652-03:00 linux-lab01 kernel: [    7.106062] vmwgfx 0000:00:0f.0: [drm] DMA map mode: Caching DMA mappings.
2025-07-23T09:30:44.237652-03:00 linux-lab01 kernel: [    7.106186] vmwgfx 0000:00:0f.0: [drm] Legacy memory limits: VRAM = 4096 kB, FIFO = 256 kB, surface = 0 kB
2025-07-23T09:30:44.237653-03:00 linux-lab01 kernel: [    7.106189] vmwgfx 0000:00:0f.0: [drm] MOB limits: max mob size = 262144 kB, max mob pages = 65536
2025-07-23T09:30:44.237654-03:00 linux-lab01 kernel: [    7.106191] vmwgfx 0000:00:0f.0: [drm] Max GMR ids is 64
2025-07-23T09:30:44.237655-03:00 linux-lab01 kernel: [    7.106192] vmwgfx 0000:00:0f.0: [drm] Max number of GMR pages is 65536
2025-07-23T09:30:44.237655-03:00 linux-lab01 kernel: [    7.106193] vmwgfx 0000:00:0f.0: [drm] Maximum display memory size is 262144 kiB
2025-07-23T09:30:44.245826-03:00 linux-lab01 kernel: [    7.114302] vmwgfx 0000:00:0f.0: [drm] Screen Target display unit initialized
2025-07-23T09:30:44.249732-03:00 linux-lab01 kernel: [    7.114980] vmwgfx 0000:00:0f.0: [drm] Fifo max 0x00040000 min 0x00001000 cap 0x0000077f
2025-07-23T09:30:44.249752-03:00 linux-lab01 kernel: [    7.115578] vmwgfx 0000:00:0f.0: [drm] Using command buffers with DMA pool.
2025-07-23T09:30:44.249753-03:00 linux-lab01 kernel: [    7.115584] vmwgfx 0000:00:0f.0: [drm] Available shader model: Legacy.
2025-07-23T09:30:44.249754-03:00 linux-lab01 kernel: [    7.116482] [drm] Initialized vmwgfx 2.20.0 20211206 for 0000:00:0f.0 on minor 0
2025-07-23T09:30:44.253601-03:00 linux-lab01 kernel: [    7.121080] RAPL PMU: API unit is 2^-32 Joules, 0 fixed counters, 10737418240 ms ovfl timer
2025-07-23T09:30:44.259197-03:00 linux-lab01 kernel: [    7.124530] fbcon: vmwgfxdrmfb (fb0) is primary device
2025-07-23T09:30:44.259212-03:00 linux-lab01 kernel: [    7.125221] Console: switching to colour frame buffer device 160x50
2025-07-23T09:30:44.261656-03:00 linux-lab01 kernel: [    7.128253] cryptd: max_cpu_qlen set to 1000
2025-07-23T09:30:44.261674-03:00 linux-lab01 kernel: [    7.128840] vmwgfx 0000:00:0f.0: [drm] fb0: vmwgfxdrmfb frame buffer device
2025-07-23T09:30:44.293634-03:00 linux-lab01 kernel: [    7.162176] AVX2 version of gcm_enc/dec engaged.
2025-07-23T09:30:44.293656-03:00 linux-lab01 kernel: [    7.162201] AES CTR mode by8 optimization enabled
2025-07-23T09:30:52.164569-03:00 linux-lab01 kernel: [   15.031192] perf: interrupt took too long (6456 > 2500), lowering kernel.perf_event_max_sample_rate to 30750
2025-07-23T09:31:47.541981-03:00 linux-lab01 kernel: [   69.892011] perf: interrupt took too long (8417 > 8070), lowering kernel.perf_event_max_sample_rate to 23750
2025-07-23T09:32:34.005762-03:00 linux-lab01 kernel: [  116.364724] perf: interrupt took too long (10667 > 10521), lowering kernel.perf_event_max_sample_rate to 18750
2025-07-23T09:32:46.504292-03:00 linux-lab01 kernel: [  128.863428] perf: interrupt took too long (14516 > 13333), lowering kernel.perf_event_max_sample_rate to 13750
2025-07-23T09:33:16.651783-03:00 linux-lab01 kernel: [  159.010815] INFO: NMI handler (perf_event_nmi_handler) took too long to run: 1.022 msecs
2025-07-23T09:33:16.651830-03:00 linux-lab01 kernel: [  159.012120] perf: interrupt took too long (22314 > 18145), lowering kernel.perf_event_max_sample_rate to 8750
2025-07-23T09:36:13.474492-03:00 linux-lab01 kernel: [  335.830951] perf: interrupt took too long (28207 > 27892), lowering kernel.perf_event_max_sample_rate to 7000
2025-07-23T09:40:00.488133-03:00 linux-lab01 kernel: [  562.840959] perf: interrupt took too long (35581 > 35258), lowering kernel.perf_event_max_sample_rate to 5500
2025-07-23T10:07:58.736740-03:00 linux-lab01 kernel: [ 2241.072677] perf: interrupt took too long (44701 > 44476), lowering kernel.perf_event_max_sample_rate to 4250
2025-07-23T10:54:47.365408-03:00 linux-lab01 kernel: [ 5049.644258] e1000: ens33 NIC Link is Down
2025-07-23T10:54:57.445804-03:00 linux-lab01 kernel: [ 5059.725432] e1000: ens33 NIC Link is Up 1000 Mbps Full Duplex, Flow Control: None
2025-07-23T10:55:15.589469-03:00 linux-lab01 kernel: [ 5077.867913] e1000: ens33 NIC Link is Down
2025-07-23T10:55:19.621339-03:00 linux-lab01 kernel: [ 5081.900894] e1000: ens33 NIC Link is Up 1000 Mbps Full Duplex, Flow Control: None
2025-07-23T15:46:54.192417-03:00 linux-lab01 kernel: [22576.174812] audit: type=1400 audit(1753296414.186:13): apparmor="STATUS" operation="profile_load" profile="unconfined" name="tcpdump" pid=3353 comm="apparmor_parser"
2025-07-23T15:51:31.129321-03:00 linux-lab01 kernel: [22853.106452] audit: type=1400 audit(1753296691.122:14): apparmor="DENIED" operation="capable" profile="tcpdump" pid=3424 comm="tcpdump" capability=16  capname="sys_module"
2025-07-23T15:51:36.753615-03:00 linux-lab01 kernel: [22858.717525] device ens33 entered promiscuous mode
2025-07-23T15:51:36.767690-03:00 linux-lab01 kernel: [22858.745507] audit: type=1400 audit(1753296696.762:15): apparmor="DENIED" operation="capable" profile="tcpdump" pid=3428 comm="tcpdump" capability=21  capname="sys_admin"
2025-07-23T15:51:36.768495-03:00 linux-lab01 kernel: [22858.746384] audit: type=1400 audit(1753296696.762:16): apparmor="DENIED" operation="capable" profile="tcpdump" pid=3428 comm="tcpdump" capability=2  capname="dac_read_search"
2025-07-23T15:51:38.683311-03:00 linux-lab01 kernel: [22860.654673] device ens33 left promiscuous mode
2025-07-23T15:51:43.779484-03:00 linux-lab01 kernel: [22865.752202] device ens33 entered promiscuous mode
2025-07-23T15:55:03.022855-03:00 linux-lab01 kernel: [23064.990917] device ens33 left promiscuous mode
2025-07-23T15:55:07.717317-03:00 linux-lab01 kernel: [23069.687904] device ens33 entered promiscuous mode
