2025/07/21 17:19:36|INFO    |2062:(ThreadPoolExecutor-0_0)|ipc_client_api|ACTION_ID: bc25e2d0-df13-4239-b815-85042548e299|Detected traps version: 8.8.0.133595
2025/07/21 17:19:36|INFO    |2062:(ThreadPoolExecutor-0_0)|ipc_client_api|ACTION_ID: bc25e2d0-df13-4239-b815-85042548e299|Traps version is higher or equal to 7.7 - using irpc client.
2025/07/21 17:19:36|INFO    |2062:(ThreadPoolExecutor-0_0)|irpc_client_nix|ACTION_ID: bc25e2d0-df13-4239-b815-85042548e299|Creating IRRPCClient for channel path: /opt/traps/ipc/status.03A70614CCF742FD93977FD1A4336D9A
2025/07/21 17:19:36|INFO    |2062:(ThreadPoolExecutor-0_0)|ipc_client_api|ACTION_ID: bc25e2d0-df13-4239-b815-85042548e299|Detected traps version: 8.8.0.133595
2025/07/21 17:19:36|INFO    |2062:(ThreadPoolExecutor-0_0)|ipc_client_api|ACTION_ID: bc25e2d0-df13-4239-b815-85042548e299|Traps version is higher or equal to 7.7 - using irpc client.
2025/07/21 17:19:36|INFO    |2062:(ThreadPoolExecutor-0_0)|irpc_client_nix|ACTION_ID: bc25e2d0-df13-4239-b815-85042548e299|Creating IRRPCClient for channel path: /opt/traps/ipc/status.03A70614CCF742FD93977FD1A4336D9A
2025/07/21 17:19:36|INFO    |2062:(ThreadPoolExecutor-0_0)|adaptive_policy|ACTION_ID: bc25e2d0-df13-4239-b815-85042548e299|Starting adaptive policy engine with kwargs: {}
2025/07/21 17:19:36|INFO    |2062:(ThreadPoolExecutor-0_0)|adaptive_policy_utils|ACTION_ID: bc25e2d0-df13-4239-b815-85042548e299|Detected traps version: 8.8.0.133595
2025/07/21 17:19:36|INFO    |2062:(ThreadPoolExecutor-0_0)|adaptive_policy|ACTION_ID: bc25e2d0-df13-4239-b815-85042548e299|{'adaptive_policy_interval': 900}
2025/07/21 17:19:36|INFO    |2062:(ThreadPoolExecutor-0_0)|adaptive_policy|ACTION_ID: bc25e2d0-df13-4239-b815-85042548e299|Set value of adaptive_policy_interval to 900
2025/07/21 17:19:36|INFO    |2062:(ThreadPoolExecutor-0_0)|adaptive_policy|ACTION_ID: bc25e2d0-df13-4239-b815-85042548e299|last analysis timestamp: Monday, July 21, 2025 at 05:19:36 PM
2025/07/21 17:19:36|INFO    |2062:(ThreadPoolExecutor-0_0)|adaptive_policy|ACTION_ID: bc25e2d0-df13-4239-b815-85042548e299|High resolution mode: False
2025/07/21 17:19:36|INFO    |2062:(ThreadPoolExecutor-0_0)|adaptive_policy|ACTION_ID: bc25e2d0-df13-4239-b815-85042548e299|Time elapsed since the previous normal mode execution: 0 seconds
2025/07/21 17:19:36|INFO    |2062:(ThreadPoolExecutor-0_0)|adaptive_policy|ACTION_ID: bc25e2d0-df13-4239-b815-85042548e299|Adaptive policy normal operation mode interval: 900
2025/07/21 17:19:36|INFO    |2062:(ThreadPoolExecutor-0_0)|adaptive_policy|ACTION_ID: bc25e2d0-df13-4239-b815-85042548e299|Adaptive policy normal mode is: ENABLED
2025/07/21 17:19:36|INFO    |2062:(ThreadPoolExecutor-0_0)|adaptive_policy|ACTION_ID: bc25e2d0-df13-4239-b815-85042548e299|Adding normal operation mode parser
2025/07/21 17:19:36|INFO    |2062:(ThreadPoolExecutor-0_0)|adaptive_policy|ACTION_ID: bc25e2d0-df13-4239-b815-85042548e299|Can't read internal statistics db or db is empty, applying existing ones..
2025/07/21 17:19:36|INFO    |2062:(ThreadPoolExecutor-0_0)|adaptive_policy|ACTION_ID: bc25e2d0-df13-4239-b815-85042548e299|applying: {'apex': [], 'persistence': {}, 'output_settings': '{}', 'last_analysis': 1753129176}
2025/07/21 19:28:33|INFO    |829:(ThreadPoolExecutor-0_0)|ipc_client_api|ACTION_ID: 43f36ba6-671d-42ba-a8e0-9fa1e1c542ae|Detected traps version: 8.8.0.133595
2025/07/21 19:28:33|INFO    |829:(ThreadPoolExecutor-0_0)|ipc_client_api|ACTION_ID: 43f36ba6-671d-42ba-a8e0-9fa1e1c542ae|Traps version is higher or equal to 7.7 - using irpc client.
2025/07/21 19:28:33|INFO    |829:(ThreadPoolExecutor-0_0)|irpc_client_nix|ACTION_ID: 43f36ba6-671d-42ba-a8e0-9fa1e1c542ae|Creating IRRPCClient for channel path: /opt/traps/ipc/status.03A70614CCF742FD93977FD1A4336D9A
2025/07/21 19:28:33|INFO    |829:(ThreadPoolExecutor-0_0)|ipc_client_api|ACTION_ID: 43f36ba6-671d-42ba-a8e0-9fa1e1c542ae|Detected traps version: 8.8.0.133595
2025/07/21 19:28:33|INFO    |829:(ThreadPoolExecutor-0_0)|ipc_client_api|ACTION_ID: 43f36ba6-671d-42ba-a8e0-9fa1e1c542ae|Traps version is higher or equal to 7.7 - using irpc client.
2025/07/21 19:28:33|INFO    |829:(ThreadPoolExecutor-0_0)|irpc_client_nix|ACTION_ID: 43f36ba6-671d-42ba-a8e0-9fa1e1c542ae|Creating IRRPCClient for channel path: /opt/traps/ipc/status.03A70614CCF742FD93977FD1A4336D9A
2025/07/21 19:28:33|INFO    |829:(ThreadPoolExecutor-0_0)|adaptive_policy|ACTION_ID: 43f36ba6-671d-42ba-a8e0-9fa1e1c542ae|Starting adaptive policy engine with kwargs: {}
2025/07/21 19:28:33|INFO    |829:(ThreadPoolExecutor-0_0)|adaptive_policy_utils|ACTION_ID: 43f36ba6-671d-42ba-a8e0-9fa1e1c542ae|Detected traps version: 8.8.0.133595
2025/07/21 19:28:33|INFO    |829:(ThreadPoolExecutor-0_0)|adaptive_policy|ACTION_ID: 43f36ba6-671d-42ba-a8e0-9fa1e1c542ae|{'adaptive_policy_interval': 900}
2025/07/21 19:28:33|INFO    |829:(ThreadPoolExecutor-0_0)|adaptive_policy|ACTION_ID: 43f36ba6-671d-42ba-a8e0-9fa1e1c542ae|Set value of adaptive_policy_interval to 900
2025/07/21 19:28:33|INFO    |829:(ThreadPoolExecutor-0_0)|adaptive_policy|ACTION_ID: 43f36ba6-671d-42ba-a8e0-9fa1e1c542ae|last analysis timestamp: Monday, July 21, 2025 at 05:19:36 PM
2025/07/21 19:28:33|INFO    |829:(ThreadPoolExecutor-0_0)|adaptive_policy|ACTION_ID: 43f36ba6-671d-42ba-a8e0-9fa1e1c542ae|High resolution mode: False
2025/07/21 19:28:33|INFO    |829:(ThreadPoolExecutor-0_0)|adaptive_policy|ACTION_ID: 43f36ba6-671d-42ba-a8e0-9fa1e1c542ae|Time elapsed since the previous normal mode execution: 7737 seconds
2025/07/21 19:28:33|INFO    |829:(ThreadPoolExecutor-0_0)|adaptive_policy|ACTION_ID: 43f36ba6-671d-42ba-a8e0-9fa1e1c542ae|Adaptive policy normal operation mode interval: 900
2025/07/21 19:28:33|INFO    |829:(ThreadPoolExecutor-0_0)|adaptive_policy|ACTION_ID: 43f36ba6-671d-42ba-a8e0-9fa1e1c542ae|Adaptive policy normal mode is: ENABLED
2025/07/21 19:28:33|INFO    |829:(ThreadPoolExecutor-0_0)|adaptive_policy|ACTION_ID: 43f36ba6-671d-42ba-a8e0-9fa1e1c542ae|Adding normal operation mode parser
2025/07/21 19:28:33|INFO    |829:(ThreadPoolExecutor-0_0)|adaptive_policy|ACTION_ID: 43f36ba6-671d-42ba-a8e0-9fa1e1c542ae|Can't read internal statistics db or db is empty, applying existing ones..
2025/07/21 19:28:33|INFO    |829:(ThreadPoolExecutor-0_0)|adaptive_policy|ACTION_ID: 43f36ba6-671d-42ba-a8e0-9fa1e1c542ae|applying: {'apex': [], 'persistence': {}, 'output_settings': '{}', 'last_analysis': 1753136913}
2025/07/21 19:43:33|INFO    |829:(ThreadPoolExecutor-0_0)|adaptive_policy|ACTION_ID: 43f36ba6-671d-42ba-a8e0-9fa1e1c542ae|Starting adaptive policy engine with kwargs: {}
2025/07/21 19:43:33|INFO    |829:(ThreadPoolExecutor-0_0)|adaptive_policy_utils|ACTION_ID: 43f36ba6-671d-42ba-a8e0-9fa1e1c542ae|Detected traps version: 8.8.0.133595
2025/07/21 19:43:33|INFO    |829:(ThreadPoolExecutor-0_0)|adaptive_policy|ACTION_ID: 43f36ba6-671d-42ba-a8e0-9fa1e1c542ae|{'adaptive_policy_interval': 900}
2025/07/21 19:43:33|INFO    |829:(ThreadPoolExecutor-0_0)|adaptive_policy|ACTION_ID: 43f36ba6-671d-42ba-a8e0-9fa1e1c542ae|Set value of adaptive_policy_interval to 900
2025/07/21 19:43:33|INFO    |829:(ThreadPoolExecutor-0_0)|adaptive_policy|ACTION_ID: 43f36ba6-671d-42ba-a8e0-9fa1e1c542ae|last analysis timestamp: Monday, July 21, 2025 at 07:28:33 PM
2025/07/21 19:43:33|INFO    |829:(ThreadPoolExecutor-0_0)|adaptive_policy|ACTION_ID: 43f36ba6-671d-42ba-a8e0-9fa1e1c542ae|High resolution mode: False
2025/07/21 19:43:33|INFO    |829:(ThreadPoolExecutor-0_0)|adaptive_policy|ACTION_ID: 43f36ba6-671d-42ba-a8e0-9fa1e1c542ae|Time elapsed since the previous normal mode execution: 900 seconds
2025/07/21 19:43:33|INFO    |829:(ThreadPoolExecutor-0_0)|adaptive_policy|ACTION_ID: 43f36ba6-671d-42ba-a8e0-9fa1e1c542ae|Adaptive policy normal operation mode interval: 900
2025/07/21 19:43:33|INFO    |829:(ThreadPoolExecutor-0_0)|adaptive_policy|ACTION_ID: 43f36ba6-671d-42ba-a8e0-9fa1e1c542ae|Adaptive policy normal mode is: ENABLED
2025/07/21 19:43:33|INFO    |829:(ThreadPoolExecutor-0_0)|adaptive_policy|ACTION_ID: 43f36ba6-671d-42ba-a8e0-9fa1e1c542ae|Adding normal operation mode parser
2025/07/21 19:43:33|INFO    |829:(ThreadPoolExecutor-0_0)|adaptive_policy|ACTION_ID: 43f36ba6-671d-42ba-a8e0-9fa1e1c542ae|Found 1 statistics components to analyze
2025/07/21 19:43:33|INFO    |829:(ThreadPoolExecutor-0_0)|adaptive_policy|ACTION_ID: 43f36ba6-671d-42ba-a8e0-9fa1e1c542ae|Running parser: auto_disable_agent
2025/07/21 19:43:33|INFO    |829:(ThreadPoolExecutor-0_0)|adaptive_policy_utils|ACTION_ID: 43f36ba6-671d-42ba-a8e0-9fa1e1c542ae|Detected traps version: 8.8.0.133595
2025/07/21 19:43:33|INFO    |829:(ThreadPoolExecutor-0_0)|auto_disable_parser|ACTION_ID: 43f36ba6-671d-42ba-a8e0-9fa1e1c542ae|Trapsd average CPU usage - normalized 1.9305296352726469
2025/07/21 19:43:33|INFO    |829:(ThreadPoolExecutor-0_0)|auto_disable_parser|ACTION_ID: 43f36ba6-671d-42ba-a8e0-9fa1e1c542ae|Trapsd average CPU usage 1.9305296352726469
2025/07/21 19:43:33|INFO    |829:(ThreadPoolExecutor-0_0)|auto_disable_parser|ACTION_ID: 43f36ba6-671d-42ba-a8e0-9fa1e1c542ae|Agent in normal state and CPU is normal, waiting for next iteration.
2025/07/21 19:43:33|INFO    |829:(ThreadPoolExecutor-0_0)|auto_disable_parser|ACTION_ID: 43f36ba6-671d-42ba-a8e0-9fa1e1c542ae|trapsd private memory usage 187,133,952
2025/07/21 19:43:33|INFO    |829:(ThreadPoolExecutor-0_0)|auto_disable_parser|ACTION_ID: 43f36ba6-671d-42ba-a8e0-9fa1e1c542ae|Agent in normal state and Memory is normal, waiting for next iteration.
2025/07/21 19:43:33|INFO    |829:(ThreadPoolExecutor-0_0)|adaptive_policy|ACTION_ID: 43f36ba6-671d-42ba-a8e0-9fa1e1c542ae|auto_disable_agent created output: None
2025/07/21 19:43:33|INFO    |829:(ThreadPoolExecutor-0_0)|adaptive_policy|ACTION_ID: 43f36ba6-671d-42ba-a8e0-9fa1e1c542ae|Running parser: edr_archive_parser
2025/07/21 19:43:33|INFO    |829:(ThreadPoolExecutor-0_0)|edr_archive_parser|ACTION_ID: 43f36ba6-671d-42ba-a8e0-9fa1e1c542ae|EDR Archive size: 0.0mb
2025/07/21 19:43:33|INFO    |829:(ThreadPoolExecutor-0_0)|adaptive_policy|ACTION_ID: 43f36ba6-671d-42ba-a8e0-9fa1e1c542ae|edr_archive_parser created output: None
2025/07/21 19:43:33|INFO    |829:(ThreadPoolExecutor-0_0)|adaptive_policy|ACTION_ID: 43f36ba6-671d-42ba-a8e0-9fa1e1c542ae|Running parser: syslog_parser
2025/07/21 19:43:33|INFO    |829:(ThreadPoolExecutor-0_0)|adaptive_policy_utils|ACTION_ID: 43f36ba6-671d-42ba-a8e0-9fa1e1c542ae|Detected traps version: 8.8.0.133595
2025/07/21 19:43:33|INFO    |829:(ThreadPoolExecutor-0_0)|syslog_parser|ACTION_ID: 43f36ba6-671d-42ba-a8e0-9fa1e1c542ae|Injected processes list: ['wickedd-dhcp6', 'couriertcpd', 'pmmasterd', 'authproxy', 'lighttpd', 'tinyproxy', 'mailman', 'wickedd-dhcp4', 'chronyd', 'apache2', 'xinetd', 'named', 'dovecot', 'samba', 'proftpd', 'charon', 'smbd', 'qmgr', 'ndsd', 'ibserver', 'cupsd', 'nscd', 'java', 'httpd', 'nmbd', 'mysqld', 'cyrus_pop3d', 'kamailio', 'pop2d', 'exim', 'pop3d', 'saned', 'squid', 'apache', 'danted', 'mongod', 'vsftpd', 'smartd', 'mysqld_safe', 'starter', 'squid3']
2025/07/21 19:43:33|INFO    |829:(ThreadPoolExecutor-0_0)|syslog_parser|ACTION_ID: 43f36ba6-671d-42ba-a8e0-9fa1e1c542ae|crash_counters list is empty.
2025/07/21 19:43:33|INFO    |829:(ThreadPoolExecutor-0_0)|syslog_parser|ACTION_ID: 43f36ba6-671d-42ba-a8e0-9fa1e1c542ae|crash_counters: {'wickedd-dhcp6': 0, 'couriertcpd': 0, 'pmmasterd': 0, 'authproxy': 0, 'lighttpd': 0, 'tinyproxy': 0, 'mailman': 0, 'wickedd-dhcp4': 0, 'chronyd': 0, 'apache2': 0, 'xinetd': 0, 'named': 0, 'dovecot': 0, 'samba': 0, 'proftpd': 0, 'charon': 0, 'smbd': 0, 'qmgr': 0, 'ndsd': 0, 'ibserver': 0, 'cupsd': 0, 'nscd': 0, 'java': 0, 'httpd': 0, 'nmbd': 0, 'mysqld': 0, 'cyrus_pop3d': 0, 'kamailio': 0, 'pop2d': 0, 'exim': 0, 'pop3d': 0, 'saned': 0, 'squid': 0, 'apache': 0, 'danted': 0, 'mongod': 0, 'vsftpd': 0, 'smartd': 0, 'mysqld_safe': 0, 'starter': 0, 'squid3': 0}
2025/07/21 19:43:33|INFO    |829:(ThreadPoolExecutor-0_0)|syslog_parser|ACTION_ID: 43f36ba6-671d-42ba-a8e0-9fa1e1c542ae|Dypd statistics are empty. Cannot retrieve injected processes stats
2025/07/21 19:43:33|INFO    |829:(ThreadPoolExecutor-0_0)|syslog_parser|ACTION_ID: 43f36ba6-671d-42ba-a8e0-9fa1e1c542ae|Could not find any crash reports in statistics
2025/07/21 19:43:33|INFO    |829:(ThreadPoolExecutor-0_0)|syslog_parser|ACTION_ID: 43f36ba6-671d-42ba-a8e0-9fa1e1c542ae|Using temporary journal file: /opt/traps/python/scripts/tmpt4u7jlou
2025/07/21 19:43:33|INFO    |829:(ThreadPoolExecutor-0_0)|syslog_parser|ACTION_ID: 43f36ba6-671d-42ba-a8e0-9fa1e1c542ae|Log file: /opt/traps/python/scripts/tmpt4u7jlou detected.
2025/07/21 19:43:33|INFO    |829:(ThreadPoolExecutor-0_0)|syslog_parser|ACTION_ID: 43f36ba6-671d-42ba-a8e0-9fa1e1c542ae|Syslog format RFC 3164 detected for line: Jul 21 19:21:28 linux-lab02 kernel: pci 0000:00:15.6: bridge window [io  0x1000-0x0fff] to [bus 09] add_size 1000

2025/07/21 19:43:33|INFO    |829:(ThreadPoolExecutor-0_0)|syslog_parser|ACTION_ID: 43f36ba6-671d-42ba-a8e0-9fa1e1c542ae|Start monitor /opt/traps/python/scripts/tmpt4u7jlou
2025/07/21 19:43:33|INFO    |829:(ThreadPoolExecutor-0_0)|syslog_parser|ACTION_ID: 43f36ba6-671d-42ba-a8e0-9fa1e1c542ae|saving last line date:: 21/07/1900 19:39:37
2025/07/21 19:43:33|INFO    |829:(ThreadPoolExecutor-0_0)|syslog_parser|ACTION_ID: 43f36ba6-671d-42ba-a8e0-9fa1e1c542ae|1000 lines scanned by parser
2025/07/21 19:43:33|INFO    |829:(ThreadPoolExecutor-0_0)|adaptive_policy|ACTION_ID: 43f36ba6-671d-42ba-a8e0-9fa1e1c542ae|syslog_parser created output: None
2025/07/21 19:43:33|INFO    |829:(ThreadPoolExecutor-0_0)|adaptive_policy|ACTION_ID: 43f36ba6-671d-42ba-a8e0-9fa1e1c542ae|Running parser: net_collector
2025/07/21 19:43:33|INFO    |829:(ThreadPoolExecutor-0_0)|net_collector_parser|ACTION_ID: 43f36ba6-671d-42ba-a8e0-9fa1e1c542ae|NetCollector parser started
2025/07/21 19:43:33|INFO    |829:(ThreadPoolExecutor-0_0)|net_collector_parser|ACTION_ID: 43f36ba6-671d-42ba-a8e0-9fa1e1c542ae|System: cpu=5.0% idle=95.0%
2025/07/21 19:43:33|INFO    |829:(ThreadPoolExecutor-0_0)|net_collector_parser|ACTION_ID: 43f36ba6-671d-42ba-a8e0-9fa1e1c542ae|Thread CloudMetadata: cpu=0%
2025/07/21 19:43:33|INFO    |829:(ThreadPoolExecutor-0_0)|net_collector_parser|ACTION_ID: 43f36ba6-671d-42ba-a8e0-9fa1e1c542ae|Thread InjectedProcesses: cpu=0%
2025/07/21 19:43:33|INFO    |829:(ThreadPoolExecutor-0_0)|net_collector_parser|ACTION_ID: 43f36ba6-671d-42ba-a8e0-9fa1e1c542ae|Thread pmd: cpu=1.0%
2025/07/21 19:43:33|INFO    |829:(ThreadPoolExecutor-0_0)|net_collector_parser|ACTION_ID: 43f36ba6-671d-42ba-a8e0-9fa1e1c542ae|Thread pyxd: cpu=0%
2025/07/21 19:43:33|INFO    |829:(ThreadPoolExecutor-0_0)|adaptive_policy|ACTION_ID: 43f36ba6-671d-42ba-a8e0-9fa1e1c542ae|net_collector created output: None
2025/07/21 19:43:33|INFO    |829:(ThreadPoolExecutor-0_0)|adaptive_policy|ACTION_ID: 43f36ba6-671d-42ba-a8e0-9fa1e1c542ae|Running parser: linux_auto_disable_on_write_parser
2025/07/21 19:43:33|INFO    |829:(ThreadPoolExecutor-0_0)|adaptive_policy_utils|ACTION_ID: 43f36ba6-671d-42ba-a8e0-9fa1e1c542ae|Detected traps version: 8.8.0.133595
2025/07/21 19:43:33|INFO    |829:(ThreadPoolExecutor-0_0)|linux_auto_disable_on_write_parser|ACTION_ID: 43f36ba6-671d-42ba-a8e0-9fa1e1c542ae|CPU is normal, waiting for next iteration.
2025/07/21 19:43:33|INFO    |829:(ThreadPoolExecutor-0_0)|adaptive_policy|ACTION_ID: 43f36ba6-671d-42ba-a8e0-9fa1e1c542ae|linux_auto_disable_on_write_parser created output: None
2025/07/21 19:43:33|INFO    |829:(ThreadPoolExecutor-0_0)|adaptive_policy|ACTION_ID: 43f36ba6-671d-42ba-a8e0-9fa1e1c542ae|{'apex': [], 'persistence': {'auto_disable_agent': {}, 'edr_archive_parser': {}, 'syslog_parser': {'last_scan': -2191540435.0}, 'net_collector': {}, 'linux_auto_disable_on_write_parser': {'trapsd_avg_cpu': 1.9305296352726469}}, 'output_settings': '{\n"agentDisabledByAdaptivePolicy": false\n}', 'last_analysis': 1753137813}
2025/07/21 19:58:33|INFO    |829:(ThreadPoolExecutor-0_0)|adaptive_policy|ACTION_ID: 43f36ba6-671d-42ba-a8e0-9fa1e1c542ae|Starting adaptive policy engine with kwargs: {}
2025/07/21 19:58:33|INFO    |829:(ThreadPoolExecutor-0_0)|adaptive_policy_utils|ACTION_ID: 43f36ba6-671d-42ba-a8e0-9fa1e1c542ae|Detected traps version: 8.8.0.133595
2025/07/21 19:58:33|INFO    |829:(ThreadPoolExecutor-0_0)|adaptive_policy|ACTION_ID: 43f36ba6-671d-42ba-a8e0-9fa1e1c542ae|{'adaptive_policy_interval': 900}
2025/07/21 19:58:33|INFO    |829:(ThreadPoolExecutor-0_0)|adaptive_policy|ACTION_ID: 43f36ba6-671d-42ba-a8e0-9fa1e1c542ae|Set value of adaptive_policy_interval to 900
2025/07/21 19:58:33|INFO    |829:(ThreadPoolExecutor-0_0)|adaptive_policy|ACTION_ID: 43f36ba6-671d-42ba-a8e0-9fa1e1c542ae|last analysis timestamp: Monday, July 21, 2025 at 07:43:33 PM
2025/07/21 19:58:33|INFO    |829:(ThreadPoolExecutor-0_0)|adaptive_policy|ACTION_ID: 43f36ba6-671d-42ba-a8e0-9fa1e1c542ae|High resolution mode: False
2025/07/21 19:58:33|INFO    |829:(ThreadPoolExecutor-0_0)|adaptive_policy|ACTION_ID: 43f36ba6-671d-42ba-a8e0-9fa1e1c542ae|Time elapsed since the previous normal mode execution: 900 seconds
2025/07/21 19:58:33|INFO    |829:(ThreadPoolExecutor-0_0)|adaptive_policy|ACTION_ID: 43f36ba6-671d-42ba-a8e0-9fa1e1c542ae|Adaptive policy normal operation mode interval: 900
2025/07/21 19:58:33|INFO    |829:(ThreadPoolExecutor-0_0)|adaptive_policy|ACTION_ID: 43f36ba6-671d-42ba-a8e0-9fa1e1c542ae|Adaptive policy normal mode is: ENABLED
2025/07/21 19:58:33|INFO    |829:(ThreadPoolExecutor-0_0)|adaptive_policy|ACTION_ID: 43f36ba6-671d-42ba-a8e0-9fa1e1c542ae|Adding normal operation mode parser
2025/07/21 19:58:33|INFO    |829:(ThreadPoolExecutor-0_0)|adaptive_policy|ACTION_ID: 43f36ba6-671d-42ba-a8e0-9fa1e1c542ae|Found 1 statistics components to analyze
2025/07/21 19:58:33|INFO    |829:(ThreadPoolExecutor-0_0)|adaptive_policy|ACTION_ID: 43f36ba6-671d-42ba-a8e0-9fa1e1c542ae|Running parser: auto_disable_agent
2025/07/21 19:58:33|INFO    |829:(ThreadPoolExecutor-0_0)|adaptive_policy_utils|ACTION_ID: 43f36ba6-671d-42ba-a8e0-9fa1e1c542ae|Detected traps version: 8.8.0.133595
2025/07/21 19:58:33|INFO    |829:(ThreadPoolExecutor-0_0)|auto_disable_parser|ACTION_ID: 43f36ba6-671d-42ba-a8e0-9fa1e1c542ae|Trapsd average CPU usage - normalized 1.2385076683301324
2025/07/21 19:58:33|INFO    |829:(ThreadPoolExecutor-0_0)|auto_disable_parser|ACTION_ID: 43f36ba6-671d-42ba-a8e0-9fa1e1c542ae|Trapsd average CPU usage 1.2385076683301324
2025/07/21 19:58:33|INFO    |829:(ThreadPoolExecutor-0_0)|auto_disable_parser|ACTION_ID: 43f36ba6-671d-42ba-a8e0-9fa1e1c542ae|Agent in normal state and CPU is normal, waiting for next iteration.
2025/07/21 19:58:33|INFO    |829:(ThreadPoolExecutor-0_0)|auto_disable_parser|ACTION_ID: 43f36ba6-671d-42ba-a8e0-9fa1e1c542ae|trapsd private memory usage 195,653,632
2025/07/21 19:58:33|INFO    |829:(ThreadPoolExecutor-0_0)|auto_disable_parser|ACTION_ID: 43f36ba6-671d-42ba-a8e0-9fa1e1c542ae|Agent in normal state and Memory is normal, waiting for next iteration.
2025/07/21 19:58:33|INFO    |829:(ThreadPoolExecutor-0_0)|adaptive_policy|ACTION_ID: 43f36ba6-671d-42ba-a8e0-9fa1e1c542ae|auto_disable_agent created output: None
2025/07/21 19:58:33|INFO    |829:(ThreadPoolExecutor-0_0)|adaptive_policy|ACTION_ID: 43f36ba6-671d-42ba-a8e0-9fa1e1c542ae|Running parser: edr_archive_parser
2025/07/21 19:58:33|INFO    |829:(ThreadPoolExecutor-0_0)|edr_archive_parser|ACTION_ID: 43f36ba6-671d-42ba-a8e0-9fa1e1c542ae|EDR Archive size: 0.0mb
2025/07/21 19:58:33|INFO    |829:(ThreadPoolExecutor-0_0)|adaptive_policy|ACTION_ID: 43f36ba6-671d-42ba-a8e0-9fa1e1c542ae|edr_archive_parser created output: None
2025/07/21 19:58:33|INFO    |829:(ThreadPoolExecutor-0_0)|adaptive_policy|ACTION_ID: 43f36ba6-671d-42ba-a8e0-9fa1e1c542ae|Running parser: syslog_parser
2025/07/21 19:58:33|INFO    |829:(ThreadPoolExecutor-0_0)|adaptive_policy_utils|ACTION_ID: 43f36ba6-671d-42ba-a8e0-9fa1e1c542ae|Detected traps version: 8.8.0.133595
2025/07/21 19:58:33|INFO    |829:(ThreadPoolExecutor-0_0)|syslog_parser|ACTION_ID: 43f36ba6-671d-42ba-a8e0-9fa1e1c542ae|Injected processes list: ['wickedd-dhcp6', 'couriertcpd', 'pmmasterd', 'authproxy', 'lighttpd', 'tinyproxy', 'mailman', 'wickedd-dhcp4', 'chronyd', 'apache2', 'xinetd', 'named', 'dovecot', 'samba', 'proftpd', 'charon', 'smbd', 'qmgr', 'ndsd', 'ibserver', 'cupsd', 'nscd', 'java', 'httpd', 'nmbd', 'mysqld', 'cyrus_pop3d', 'kamailio', 'pop2d', 'exim', 'pop3d', 'saned', 'squid', 'apache', 'danted', 'mongod', 'vsftpd', 'smartd', 'mysqld_safe', 'starter', 'squid3']
2025/07/21 19:58:33|INFO    |829:(ThreadPoolExecutor-0_0)|syslog_parser|ACTION_ID: 43f36ba6-671d-42ba-a8e0-9fa1e1c542ae|crash_counters: {'wickedd-dhcp6': 0, 'couriertcpd': 0, 'pmmasterd': 0, 'authproxy': 0, 'lighttpd': 0, 'tinyproxy': 0, 'mailman': 0, 'wickedd-dhcp4': 0, 'chronyd': 0, 'apache2': 0, 'xinetd': 0, 'named': 0, 'dovecot': 0, 'samba': 0, 'proftpd': 0, 'charon': 0, 'smbd': 0, 'qmgr': 0, 'ndsd': 0, 'ibserver': 0, 'cupsd': 0, 'nscd': 0, 'java': 0, 'httpd': 0, 'nmbd': 0, 'mysqld': 0, 'cyrus_pop3d': 0, 'kamailio': 0, 'pop2d': 0, 'exim': 0, 'pop3d': 0, 'saned': 0, 'squid': 0, 'apache': 0, 'danted': 0, 'mongod': 0, 'vsftpd': 0, 'smartd': 0, 'mysqld_safe': 0, 'starter': 0, 'squid3': 0}
2025/07/21 19:58:33|INFO    |829:(ThreadPoolExecutor-0_0)|syslog_parser|ACTION_ID: 43f36ba6-671d-42ba-a8e0-9fa1e1c542ae|Dypd statistics are empty. Cannot retrieve injected processes stats
2025/07/21 19:58:33|INFO    |829:(ThreadPoolExecutor-0_0)|syslog_parser|ACTION_ID: 43f36ba6-671d-42ba-a8e0-9fa1e1c542ae|Could not find any crash reports in statistics
2025/07/21 19:58:33|INFO    |829:(ThreadPoolExecutor-0_0)|syslog_parser|ACTION_ID: 43f36ba6-671d-42ba-a8e0-9fa1e1c542ae|Using temporary journal file: /opt/traps/python/scripts/tmp91embpv_
2025/07/21 19:58:33|INFO    |829:(ThreadPoolExecutor-0_0)|syslog_parser|ACTION_ID: 43f36ba6-671d-42ba-a8e0-9fa1e1c542ae|Log file: /opt/traps/python/scripts/tmp91embpv_ detected.
2025/07/21 19:58:33|INFO    |829:(ThreadPoolExecutor-0_0)|syslog_parser|ACTION_ID: 43f36ba6-671d-42ba-a8e0-9fa1e1c542ae|Syslog format RFC 3164 detected for line: Jul 21 19:21:28 linux-lab02 kernel: pci 0000:00:16.6: bridge window [io  0x1000-0x0fff] to [bus 11] add_size 1000

2025/07/21 19:58:33|INFO    |829:(ThreadPoolExecutor-0_0)|syslog_parser|ACTION_ID: 43f36ba6-671d-42ba-a8e0-9fa1e1c542ae|Start monitor /opt/traps/python/scripts/tmp91embpv_
2025/07/21 19:58:33|INFO    |829:(ThreadPoolExecutor-0_0)|syslog_parser|ACTION_ID: 43f36ba6-671d-42ba-a8e0-9fa1e1c542ae|Stopping to read lines as iterator has maxed out
2025/07/21 19:58:33|INFO    |829:(ThreadPoolExecutor-0_0)|syslog_parser|ACTION_ID: 43f36ba6-671d-42ba-a8e0-9fa1e1c542ae|saving last line date:: 21/07/1900 19:57:15
2025/07/21 19:58:33|INFO    |829:(ThreadPoolExecutor-0_0)|syslog_parser|ACTION_ID: 43f36ba6-671d-42ba-a8e0-9fa1e1c542ae|5 lines scanned by parser
2025/07/21 19:58:33|INFO    |829:(ThreadPoolExecutor-0_0)|adaptive_policy|ACTION_ID: 43f36ba6-671d-42ba-a8e0-9fa1e1c542ae|syslog_parser created output: None
2025/07/21 19:58:33|INFO    |829:(ThreadPoolExecutor-0_0)|adaptive_policy|ACTION_ID: 43f36ba6-671d-42ba-a8e0-9fa1e1c542ae|Running parser: net_collector
2025/07/21 19:58:33|INFO    |829:(ThreadPoolExecutor-0_0)|net_collector_parser|ACTION_ID: 43f36ba6-671d-42ba-a8e0-9fa1e1c542ae|NetCollector parser started
2025/07/21 19:58:33|INFO    |829:(ThreadPoolExecutor-0_0)|net_collector_parser|ACTION_ID: 43f36ba6-671d-42ba-a8e0-9fa1e1c542ae|System: cpu=4.0% idle=96.0%
2025/07/21 19:58:33|INFO    |829:(ThreadPoolExecutor-0_0)|net_collector_parser|ACTION_ID: 43f36ba6-671d-42ba-a8e0-9fa1e1c542ae|Thread CloudMetadata: cpu=0%
2025/07/21 19:58:33|INFO    |829:(ThreadPoolExecutor-0_0)|net_collector_parser|ACTION_ID: 43f36ba6-671d-42ba-a8e0-9fa1e1c542ae|Thread InjectedProcesses: cpu=0%
2025/07/21 19:58:33|INFO    |829:(ThreadPoolExecutor-0_0)|net_collector_parser|ACTION_ID: 43f36ba6-671d-42ba-a8e0-9fa1e1c542ae|Thread clad: cpu=0%
2025/07/21 19:58:33|INFO    |829:(ThreadPoolExecutor-0_0)|net_collector_parser|ACTION_ID: 43f36ba6-671d-42ba-a8e0-9fa1e1c542ae|Thread dypdng: cpu=0%
2025/07/21 19:58:33|INFO    |829:(ThreadPoolExecutor-0_0)|net_collector_parser|ACTION_ID: 43f36ba6-671d-42ba-a8e0-9fa1e1c542ae|Thread pmd: cpu=1.0%
2025/07/21 19:58:33|INFO    |829:(ThreadPoolExecutor-0_0)|net_collector_parser|ACTION_ID: 43f36ba6-671d-42ba-a8e0-9fa1e1c542ae|Thread pyxd: cpu=0%
2025/07/21 19:58:33|INFO    |829:(ThreadPoolExecutor-0_0)|net_collector_parser|ACTION_ID: 43f36ba6-671d-42ba-a8e0-9fa1e1c542ae|Thread sandboxd: cpu=0%
2025/07/21 19:58:33|INFO    |829:(ThreadPoolExecutor-0_0)|adaptive_policy|ACTION_ID: 43f36ba6-671d-42ba-a8e0-9fa1e1c542ae|net_collector created output: None
2025/07/21 19:58:33|INFO    |829:(ThreadPoolExecutor-0_0)|adaptive_policy|ACTION_ID: 43f36ba6-671d-42ba-a8e0-9fa1e1c542ae|Running parser: linux_auto_disable_on_write_parser
2025/07/21 19:58:33|INFO    |829:(ThreadPoolExecutor-0_0)|adaptive_policy_utils|ACTION_ID: 43f36ba6-671d-42ba-a8e0-9fa1e1c542ae|Detected traps version: 8.8.0.133595
2025/07/21 19:58:33|INFO    |829:(ThreadPoolExecutor-0_0)|linux_auto_disable_on_write_parser|ACTION_ID: 43f36ba6-671d-42ba-a8e0-9fa1e1c542ae|CPU is normal, waiting for next iteration.
2025/07/21 19:58:33|INFO    |829:(ThreadPoolExecutor-0_0)|adaptive_policy|ACTION_ID: 43f36ba6-671d-42ba-a8e0-9fa1e1c542ae|linux_auto_disable_on_write_parser created output: None
2025/07/21 19:58:33|INFO    |829:(ThreadPoolExecutor-0_0)|adaptive_policy|ACTION_ID: 43f36ba6-671d-42ba-a8e0-9fa1e1c542ae|{'apex': [], 'persistence': {'auto_disable_agent': {}, 'edr_archive_parser': {}, 'syslog_parser': {'last_scan': -2191539377.0}, 'net_collector': {}, 'linux_auto_disable_on_write_parser': {'trapsd_avg_cpu': 1.2385076683301324}}, 'output_settings': '{\n"agentDisabledByAdaptivePolicy": false\n}', 'last_analysis': 1753138713}
2025/07/21 20:13:33|INFO    |829:(ThreadPoolExecutor-0_0)|adaptive_policy|ACTION_ID: 43f36ba6-671d-42ba-a8e0-9fa1e1c542ae|Starting adaptive policy engine with kwargs: {}
2025/07/21 20:13:33|INFO    |829:(ThreadPoolExecutor-0_0)|adaptive_policy_utils|ACTION_ID: 43f36ba6-671d-42ba-a8e0-9fa1e1c542ae|Detected traps version: 8.8.0.133595
2025/07/21 20:13:33|INFO    |829:(ThreadPoolExecutor-0_0)|adaptive_policy|ACTION_ID: 43f36ba6-671d-42ba-a8e0-9fa1e1c542ae|{'adaptive_policy_interval': 900}
2025/07/21 20:13:33|INFO    |829:(ThreadPoolExecutor-0_0)|adaptive_policy|ACTION_ID: 43f36ba6-671d-42ba-a8e0-9fa1e1c542ae|Set value of adaptive_policy_interval to 900
2025/07/21 20:13:33|INFO    |829:(ThreadPoolExecutor-0_0)|adaptive_policy|ACTION_ID: 43f36ba6-671d-42ba-a8e0-9fa1e1c542ae|last analysis timestamp: Monday, July 21, 2025 at 07:58:33 PM
2025/07/21 20:13:33|INFO    |829:(ThreadPoolExecutor-0_0)|adaptive_policy|ACTION_ID: 43f36ba6-671d-42ba-a8e0-9fa1e1c542ae|High resolution mode: False
2025/07/21 20:13:33|INFO    |829:(ThreadPoolExecutor-0_0)|adaptive_policy|ACTION_ID: 43f36ba6-671d-42ba-a8e0-9fa1e1c542ae|Time elapsed since the previous normal mode execution: 900 seconds
2025/07/21 20:13:33|INFO    |829:(ThreadPoolExecutor-0_0)|adaptive_policy|ACTION_ID: 43f36ba6-671d-42ba-a8e0-9fa1e1c542ae|Adaptive policy normal operation mode interval: 900
2025/07/21 20:13:33|INFO    |829:(ThreadPoolExecutor-0_0)|adaptive_policy|ACTION_ID: 43f36ba6-671d-42ba-a8e0-9fa1e1c542ae|Adaptive policy normal mode is: ENABLED
2025/07/21 20:13:33|INFO    |829:(ThreadPoolExecutor-0_0)|adaptive_policy|ACTION_ID: 43f36ba6-671d-42ba-a8e0-9fa1e1c542ae|Adding normal operation mode parser
2025/07/21 20:13:33|INFO    |829:(ThreadPoolExecutor-0_0)|adaptive_policy|ACTION_ID: 43f36ba6-671d-42ba-a8e0-9fa1e1c542ae|Found 1 statistics components to analyze
2025/07/21 20:13:33|INFO    |829:(ThreadPoolExecutor-0_0)|adaptive_policy|ACTION_ID: 43f36ba6-671d-42ba-a8e0-9fa1e1c542ae|Running parser: auto_disable_agent
2025/07/21 20:13:33|INFO    |829:(ThreadPoolExecutor-0_0)|adaptive_policy_utils|ACTION_ID: 43f36ba6-671d-42ba-a8e0-9fa1e1c542ae|Detected traps version: 8.8.0.133595
2025/07/21 20:13:33|INFO    |829:(ThreadPoolExecutor-0_0)|auto_disable_parser|ACTION_ID: 43f36ba6-671d-42ba-a8e0-9fa1e1c542ae|Trapsd average CPU usage - normalized 0.9195308331043964
2025/07/21 20:13:33|INFO    |829:(ThreadPoolExecutor-0_0)|auto_disable_parser|ACTION_ID: 43f36ba6-671d-42ba-a8e0-9fa1e1c542ae|Trapsd average CPU usage 0.9195308331043964
2025/07/21 20:13:33|INFO    |829:(ThreadPoolExecutor-0_0)|auto_disable_parser|ACTION_ID: 43f36ba6-671d-42ba-a8e0-9fa1e1c542ae|Agent in normal state and CPU is normal, waiting for next iteration.
2025/07/21 20:13:33|INFO    |829:(ThreadPoolExecutor-0_0)|auto_disable_parser|ACTION_ID: 43f36ba6-671d-42ba-a8e0-9fa1e1c542ae|trapsd private memory usage 197,722,112
2025/07/21 20:13:33|INFO    |829:(ThreadPoolExecutor-0_0)|auto_disable_parser|ACTION_ID: 43f36ba6-671d-42ba-a8e0-9fa1e1c542ae|Agent in normal state and Memory is normal, waiting for next iteration.
2025/07/21 20:13:33|INFO    |829:(ThreadPoolExecutor-0_0)|adaptive_policy|ACTION_ID: 43f36ba6-671d-42ba-a8e0-9fa1e1c542ae|auto_disable_agent created output: None
2025/07/21 20:13:33|INFO    |829:(ThreadPoolExecutor-0_0)|adaptive_policy|ACTION_ID: 43f36ba6-671d-42ba-a8e0-9fa1e1c542ae|Running parser: edr_archive_parser
2025/07/21 20:13:33|INFO    |829:(ThreadPoolExecutor-0_0)|edr_archive_parser|ACTION_ID: 43f36ba6-671d-42ba-a8e0-9fa1e1c542ae|EDR Archive size: 0.0mb
2025/07/21 20:13:33|INFO    |829:(ThreadPoolExecutor-0_0)|adaptive_policy|ACTION_ID: 43f36ba6-671d-42ba-a8e0-9fa1e1c542ae|edr_archive_parser created output: None
2025/07/21 20:13:33|INFO    |829:(ThreadPoolExecutor-0_0)|adaptive_policy|ACTION_ID: 43f36ba6-671d-42ba-a8e0-9fa1e1c542ae|Running parser: syslog_parser
2025/07/21 20:13:33|INFO    |829:(ThreadPoolExecutor-0_0)|adaptive_policy_utils|ACTION_ID: 43f36ba6-671d-42ba-a8e0-9fa1e1c542ae|Detected traps version: 8.8.0.133595
2025/07/21 20:13:33|INFO    |829:(ThreadPoolExecutor-0_0)|syslog_parser|ACTION_ID: 43f36ba6-671d-42ba-a8e0-9fa1e1c542ae|Injected processes list: ['wickedd-dhcp6', 'couriertcpd', 'pmmasterd', 'authproxy', 'lighttpd', 'tinyproxy', 'mailman', 'wickedd-dhcp4', 'chronyd', 'apache2', 'xinetd', 'named', 'dovecot', 'samba', 'proftpd', 'charon', 'smbd', 'qmgr', 'ndsd', 'ibserver', 'cupsd', 'nscd', 'java', 'httpd', 'nmbd', 'mysqld', 'cyrus_pop3d', 'kamailio', 'pop2d', 'exim', 'pop3d', 'saned', 'squid', 'apache', 'danted', 'mongod', 'vsftpd', 'smartd', 'mysqld_safe', 'starter', 'squid3']
2025/07/21 20:13:33|INFO    |829:(ThreadPoolExecutor-0_0)|syslog_parser|ACTION_ID: 43f36ba6-671d-42ba-a8e0-9fa1e1c542ae|crash_counters: {'wickedd-dhcp6': 0, 'couriertcpd': 0, 'pmmasterd': 0, 'authproxy': 0, 'lighttpd': 0, 'tinyproxy': 0, 'mailman': 0, 'wickedd-dhcp4': 0, 'chronyd': 0, 'apache2': 0, 'xinetd': 0, 'named': 0, 'dovecot': 0, 'samba': 0, 'proftpd': 0, 'charon': 0, 'smbd': 0, 'qmgr': 0, 'ndsd': 0, 'ibserver': 0, 'cupsd': 0, 'nscd': 0, 'java': 0, 'httpd': 0, 'nmbd': 0, 'mysqld': 0, 'cyrus_pop3d': 0, 'kamailio': 0, 'pop2d': 0, 'exim': 0, 'pop3d': 0, 'saned': 0, 'squid': 0, 'apache': 0, 'danted': 0, 'mongod': 0, 'vsftpd': 0, 'smartd': 0, 'mysqld_safe': 0, 'starter': 0, 'squid3': 0}
2025/07/21 20:13:33|INFO    |829:(ThreadPoolExecutor-0_0)|syslog_parser|ACTION_ID: 43f36ba6-671d-42ba-a8e0-9fa1e1c542ae|Dypd statistics are empty. Cannot retrieve injected processes stats
2025/07/21 20:13:33|INFO    |829:(ThreadPoolExecutor-0_0)|syslog_parser|ACTION_ID: 43f36ba6-671d-42ba-a8e0-9fa1e1c542ae|Could not find any crash reports in statistics
2025/07/21 20:13:33|INFO    |829:(ThreadPoolExecutor-0_0)|syslog_parser|ACTION_ID: 43f36ba6-671d-42ba-a8e0-9fa1e1c542ae|Using temporary journal file: /opt/traps/python/scripts/tmp8ka32vv2
2025/07/21 20:13:33|INFO    |829:(ThreadPoolExecutor-0_0)|syslog_parser|ACTION_ID: 43f36ba6-671d-42ba-a8e0-9fa1e1c542ae|Log file: /opt/traps/python/scripts/tmp8ka32vv2 detected.
2025/07/21 20:13:33|INFO    |829:(ThreadPoolExecutor-0_0)|syslog_parser|ACTION_ID: 43f36ba6-671d-42ba-a8e0-9fa1e1c542ae|Syslog format RFC 3164 detected for line: Jul 21 19:21:28 linux-lab02 kernel: pci 0000:00:17.4: bridge window [io  0x1000-0x0fff] to [bus 17] add_size 1000

2025/07/21 20:13:33|INFO    |829:(ThreadPoolExecutor-0_0)|syslog_parser|ACTION_ID: 43f36ba6-671d-42ba-a8e0-9fa1e1c542ae|Start monitor /opt/traps/python/scripts/tmp8ka32vv2
2025/07/21 20:13:33|INFO    |829:(ThreadPoolExecutor-0_0)|syslog_parser|ACTION_ID: 43f36ba6-671d-42ba-a8e0-9fa1e1c542ae|Stopping to read lines as iterator has maxed out
2025/07/21 20:13:33|INFO    |829:(ThreadPoolExecutor-0_0)|syslog_parser|ACTION_ID: 43f36ba6-671d-42ba-a8e0-9fa1e1c542ae|saving last line date:: 21/07/1900 19:59:55
2025/07/21 20:13:33|INFO    |829:(ThreadPoolExecutor-0_0)|syslog_parser|ACTION_ID: 43f36ba6-671d-42ba-a8e0-9fa1e1c542ae|3 lines scanned by parser
2025/07/21 20:13:33|INFO    |829:(ThreadPoolExecutor-0_0)|adaptive_policy|ACTION_ID: 43f36ba6-671d-42ba-a8e0-9fa1e1c542ae|syslog_parser created output: None
2025/07/21 20:13:33|INFO    |829:(ThreadPoolExecutor-0_0)|adaptive_policy|ACTION_ID: 43f36ba6-671d-42ba-a8e0-9fa1e1c542ae|Running parser: net_collector
2025/07/21 20:13:33|INFO    |829:(ThreadPoolExecutor-0_0)|net_collector_parser|ACTION_ID: 43f36ba6-671d-42ba-a8e0-9fa1e1c542ae|NetCollector parser started
2025/07/21 20:13:33|INFO    |829:(ThreadPoolExecutor-0_0)|net_collector_parser|ACTION_ID: 43f36ba6-671d-42ba-a8e0-9fa1e1c542ae|System: cpu=3.0% idle=97.0%
2025/07/21 20:13:33|INFO    |829:(ThreadPoolExecutor-0_0)|net_collector_parser|ACTION_ID: 43f36ba6-671d-42ba-a8e0-9fa1e1c542ae|Thread CloudMetadata: cpu=0%
2025/07/21 20:13:33|INFO    |829:(ThreadPoolExecutor-0_0)|net_collector_parser|ACTION_ID: 43f36ba6-671d-42ba-a8e0-9fa1e1c542ae|Thread InjectedProcesses: cpu=0%
2025/07/21 20:13:33|INFO    |829:(ThreadPoolExecutor-0_0)|net_collector_parser|ACTION_ID: 43f36ba6-671d-42ba-a8e0-9fa1e1c542ae|Thread clad: cpu=0%
2025/07/21 20:13:33|INFO    |829:(ThreadPoolExecutor-0_0)|net_collector_parser|ACTION_ID: 43f36ba6-671d-42ba-a8e0-9fa1e1c542ae|Thread dypdng: cpu=0%
2025/07/21 20:13:33|INFO    |829:(ThreadPoolExecutor-0_0)|net_collector_parser|ACTION_ID: 43f36ba6-671d-42ba-a8e0-9fa1e1c542ae|Thread pmd: cpu=0%
2025/07/21 20:13:33|INFO    |829:(ThreadPoolExecutor-0_0)|net_collector_parser|ACTION_ID: 43f36ba6-671d-42ba-a8e0-9fa1e1c542ae|Thread pyxd: cpu=0%
2025/07/21 20:13:33|INFO    |829:(ThreadPoolExecutor-0_0)|net_collector_parser|ACTION_ID: 43f36ba6-671d-42ba-a8e0-9fa1e1c542ae|Thread sandboxd: cpu=0%
2025/07/21 20:13:33|INFO    |829:(ThreadPoolExecutor-0_0)|adaptive_policy|ACTION_ID: 43f36ba6-671d-42ba-a8e0-9fa1e1c542ae|net_collector created output: None
2025/07/21 20:13:33|INFO    |829:(ThreadPoolExecutor-0_0)|adaptive_policy|ACTION_ID: 43f36ba6-671d-42ba-a8e0-9fa1e1c542ae|Running parser: linux_auto_disable_on_write_parser
2025/07/21 20:13:33|INFO    |829:(ThreadPoolExecutor-0_0)|adaptive_policy_utils|ACTION_ID: 43f36ba6-671d-42ba-a8e0-9fa1e1c542ae|Detected traps version: 8.8.0.133595
2025/07/21 20:13:33|INFO    |829:(ThreadPoolExecutor-0_0)|linux_auto_disable_on_write_parser|ACTION_ID: 43f36ba6-671d-42ba-a8e0-9fa1e1c542ae|CPU is normal, waiting for next iteration.
2025/07/21 20:13:33|INFO    |829:(ThreadPoolExecutor-0_0)|adaptive_policy|ACTION_ID: 43f36ba6-671d-42ba-a8e0-9fa1e1c542ae|linux_auto_disable_on_write_parser created output: None
2025/07/21 20:13:33|INFO    |829:(ThreadPoolExecutor-0_0)|adaptive_policy|ACTION_ID: 43f36ba6-671d-42ba-a8e0-9fa1e1c542ae|{'apex': [], 'persistence': {'auto_disable_agent': {}, 'edr_archive_parser': {}, 'syslog_parser': {'last_scan': -2191539217.0}, 'net_collector': {}, 'linux_auto_disable_on_write_parser': {'trapsd_avg_cpu': 0.9195308331043964}}, 'output_settings': '{\n"agentDisabledByAdaptivePolicy": false\n}', 'last_analysis': 1753139613}
2025/07/21 20:28:34|INFO    |829:(ThreadPoolExecutor-0_0)|adaptive_policy|ACTION_ID: 43f36ba6-671d-42ba-a8e0-9fa1e1c542ae|Starting adaptive policy engine with kwargs: {}
2025/07/21 20:28:34|INFO    |829:(ThreadPoolExecutor-0_0)|adaptive_policy_utils|ACTION_ID: 43f36ba6-671d-42ba-a8e0-9fa1e1c542ae|Detected traps version: 8.8.0.133595
2025/07/21 20:28:34|INFO    |829:(ThreadPoolExecutor-0_0)|adaptive_policy|ACTION_ID: 43f36ba6-671d-42ba-a8e0-9fa1e1c542ae|{'adaptive_policy_interval': 900}
2025/07/21 20:28:34|INFO    |829:(ThreadPoolExecutor-0_0)|adaptive_policy|ACTION_ID: 43f36ba6-671d-42ba-a8e0-9fa1e1c542ae|Set value of adaptive_policy_interval to 900
2025/07/21 20:28:34|INFO    |829:(ThreadPoolExecutor-0_0)|adaptive_policy|ACTION_ID: 43f36ba6-671d-42ba-a8e0-9fa1e1c542ae|last analysis timestamp: Monday, July 21, 2025 at 08:13:33 PM
2025/07/21 20:28:34|INFO    |829:(ThreadPoolExecutor-0_0)|adaptive_policy|ACTION_ID: 43f36ba6-671d-42ba-a8e0-9fa1e1c542ae|High resolution mode: False
2025/07/21 20:28:34|INFO    |829:(ThreadPoolExecutor-0_0)|adaptive_policy|ACTION_ID: 43f36ba6-671d-42ba-a8e0-9fa1e1c542ae|Time elapsed since the previous normal mode execution: 901 seconds
2025/07/21 20:28:34|INFO    |829:(ThreadPoolExecutor-0_0)|adaptive_policy|ACTION_ID: 43f36ba6-671d-42ba-a8e0-9fa1e1c542ae|Adaptive policy normal operation mode interval: 900
2025/07/21 20:28:34|INFO    |829:(ThreadPoolExecutor-0_0)|adaptive_policy|ACTION_ID: 43f36ba6-671d-42ba-a8e0-9fa1e1c542ae|Adaptive policy normal mode is: ENABLED
2025/07/21 20:28:34|INFO    |829:(ThreadPoolExecutor-0_0)|adaptive_policy|ACTION_ID: 43f36ba6-671d-42ba-a8e0-9fa1e1c542ae|Adding normal operation mode parser
2025/07/21 20:28:34|INFO    |829:(ThreadPoolExecutor-0_0)|adaptive_policy|ACTION_ID: 43f36ba6-671d-42ba-a8e0-9fa1e1c542ae|Found 1 statistics components to analyze
2025/07/21 20:28:34|INFO    |829:(ThreadPoolExecutor-0_0)|adaptive_policy|ACTION_ID: 43f36ba6-671d-42ba-a8e0-9fa1e1c542ae|Running parser: auto_disable_agent
2025/07/21 20:28:34|INFO    |829:(ThreadPoolExecutor-0_0)|adaptive_policy_utils|ACTION_ID: 43f36ba6-671d-42ba-a8e0-9fa1e1c542ae|Detected traps version: 8.8.0.133595
2025/07/21 20:28:34|INFO    |829:(ThreadPoolExecutor-0_0)|auto_disable_parser|ACTION_ID: 43f36ba6-671d-42ba-a8e0-9fa1e1c542ae|Trapsd average CPU usage - normalized 0.8990408478312663
2025/07/21 20:28:34|INFO    |829:(ThreadPoolExecutor-0_0)|auto_disable_parser|ACTION_ID: 43f36ba6-671d-42ba-a8e0-9fa1e1c542ae|Trapsd average CPU usage 0.8990408478312663
2025/07/21 20:28:34|INFO    |829:(ThreadPoolExecutor-0_0)|auto_disable_parser|ACTION_ID: 43f36ba6-671d-42ba-a8e0-9fa1e1c542ae|Agent in normal state and CPU is normal, waiting for next iteration.
2025/07/21 20:28:34|INFO    |829:(ThreadPoolExecutor-0_0)|auto_disable_parser|ACTION_ID: 43f36ba6-671d-42ba-a8e0-9fa1e1c542ae|trapsd private memory usage 200,380,416
2025/07/21 20:28:34|INFO    |829:(ThreadPoolExecutor-0_0)|auto_disable_parser|ACTION_ID: 43f36ba6-671d-42ba-a8e0-9fa1e1c542ae|Agent in normal state and Memory is normal, waiting for next iteration.
2025/07/21 20:28:34|INFO    |829:(ThreadPoolExecutor-0_0)|adaptive_policy|ACTION_ID: 43f36ba6-671d-42ba-a8e0-9fa1e1c542ae|auto_disable_agent created output: None
2025/07/21 20:28:34|INFO    |829:(ThreadPoolExecutor-0_0)|adaptive_policy|ACTION_ID: 43f36ba6-671d-42ba-a8e0-9fa1e1c542ae|Running parser: edr_archive_parser
2025/07/21 20:28:34|INFO    |829:(ThreadPoolExecutor-0_0)|edr_archive_parser|ACTION_ID: 43f36ba6-671d-42ba-a8e0-9fa1e1c542ae|EDR Archive size: 0.0mb
2025/07/21 20:28:34|INFO    |829:(ThreadPoolExecutor-0_0)|adaptive_policy|ACTION_ID: 43f36ba6-671d-42ba-a8e0-9fa1e1c542ae|edr_archive_parser created output: None
2025/07/21 20:28:34|INFO    |829:(ThreadPoolExecutor-0_0)|adaptive_policy|ACTION_ID: 43f36ba6-671d-42ba-a8e0-9fa1e1c542ae|Running parser: syslog_parser
2025/07/21 20:28:34|INFO    |829:(ThreadPoolExecutor-0_0)|adaptive_policy_utils|ACTION_ID: 43f36ba6-671d-42ba-a8e0-9fa1e1c542ae|Detected traps version: 8.8.0.133595
2025/07/21 20:28:34|INFO    |829:(ThreadPoolExecutor-0_0)|syslog_parser|ACTION_ID: 43f36ba6-671d-42ba-a8e0-9fa1e1c542ae|Injected processes list: ['wickedd-dhcp6', 'couriertcpd', 'pmmasterd', 'authproxy', 'lighttpd', 'tinyproxy', 'mailman', 'wickedd-dhcp4', 'chronyd', 'apache2', 'xinetd', 'named', 'dovecot', 'samba', 'proftpd', 'charon', 'smbd', 'qmgr', 'ndsd', 'ibserver', 'cupsd', 'nscd', 'java', 'httpd', 'nmbd', 'mysqld', 'cyrus_pop3d', 'kamailio', 'pop2d', 'exim', 'pop3d', 'saned', 'squid', 'apache', 'danted', 'mongod', 'vsftpd', 'smartd', 'mysqld_safe', 'starter', 'squid3']
2025/07/21 20:28:34|INFO    |829:(ThreadPoolExecutor-0_0)|syslog_parser|ACTION_ID: 43f36ba6-671d-42ba-a8e0-9fa1e1c542ae|crash_counters: {'wickedd-dhcp6': 0, 'couriertcpd': 0, 'pmmasterd': 0, 'authproxy': 0, 'lighttpd': 0, 'tinyproxy': 0, 'mailman': 0, 'wickedd-dhcp4': 0, 'chronyd': 0, 'apache2': 0, 'xinetd': 0, 'named': 0, 'dovecot': 0, 'samba': 0, 'proftpd': 0, 'charon': 0, 'smbd': 0, 'qmgr': 0, 'ndsd': 0, 'ibserver': 0, 'cupsd': 0, 'nscd': 0, 'java': 0, 'httpd': 0, 'nmbd': 0, 'mysqld': 0, 'cyrus_pop3d': 0, 'kamailio': 0, 'pop2d': 0, 'exim': 0, 'pop3d': 0, 'saned': 0, 'squid': 0, 'apache': 0, 'danted': 0, 'mongod': 0, 'vsftpd': 0, 'smartd': 0, 'mysqld_safe': 0, 'starter': 0, 'squid3': 0}
2025/07/21 20:28:34|INFO    |829:(ThreadPoolExecutor-0_0)|syslog_parser|ACTION_ID: 43f36ba6-671d-42ba-a8e0-9fa1e1c542ae|Dypd statistics are empty. Cannot retrieve injected processes stats
2025/07/21 20:28:34|INFO    |829:(ThreadPoolExecutor-0_0)|syslog_parser|ACTION_ID: 43f36ba6-671d-42ba-a8e0-9fa1e1c542ae|Could not find any crash reports in statistics
2025/07/21 20:28:34|INFO    |829:(ThreadPoolExecutor-0_0)|syslog_parser|ACTION_ID: 43f36ba6-671d-42ba-a8e0-9fa1e1c542ae|Using temporary journal file: /opt/traps/python/scripts/tmph_dj0nt3
2025/07/21 20:28:34|INFO    |829:(ThreadPoolExecutor-0_0)|syslog_parser|ACTION_ID: 43f36ba6-671d-42ba-a8e0-9fa1e1c542ae|Log file: /opt/traps/python/scripts/tmph_dj0nt3 detected.
2025/07/21 20:28:34|INFO    |829:(ThreadPoolExecutor-0_0)|syslog_parser|ACTION_ID: 43f36ba6-671d-42ba-a8e0-9fa1e1c542ae|Syslog format RFC 3164 detected for line: Jul 21 19:21:28 linux-lab02 kernel: pci 0000:00:10.0: BAR 6: assigned [mem 0x80000000-0x80003fff pref]

2025/07/21 20:28:34|INFO    |829:(ThreadPoolExecutor-0_0)|syslog_parser|ACTION_ID: 43f36ba6-671d-42ba-a8e0-9fa1e1c542ae|Start monitor /opt/traps/python/scripts/tmph_dj0nt3
2025/07/21 20:28:34|INFO    |829:(ThreadPoolExecutor-0_0)|syslog_parser|ACTION_ID: 43f36ba6-671d-42ba-a8e0-9fa1e1c542ae|Stopping to read lines as iterator has maxed out
2025/07/21 20:28:34|INFO    |829:(ThreadPoolExecutor-0_0)|syslog_parser|ACTION_ID: 43f36ba6-671d-42ba-a8e0-9fa1e1c542ae|saving last line date:: 21/07/1900 20:26:07
2025/07/21 20:28:34|INFO    |829:(ThreadPoolExecutor-0_0)|syslog_parser|ACTION_ID: 43f36ba6-671d-42ba-a8e0-9fa1e1c542ae|10 lines scanned by parser
2025/07/21 20:28:34|INFO    |829:(ThreadPoolExecutor-0_0)|adaptive_policy|ACTION_ID: 43f36ba6-671d-42ba-a8e0-9fa1e1c542ae|syslog_parser created output: None
2025/07/21 20:28:34|INFO    |829:(ThreadPoolExecutor-0_0)|adaptive_policy|ACTION_ID: 43f36ba6-671d-42ba-a8e0-9fa1e1c542ae|Running parser: net_collector
2025/07/21 20:28:34|INFO    |829:(ThreadPoolExecutor-0_0)|net_collector_parser|ACTION_ID: 43f36ba6-671d-42ba-a8e0-9fa1e1c542ae|NetCollector parser started
2025/07/21 20:28:34|INFO    |829:(ThreadPoolExecutor-0_0)|net_collector_parser|ACTION_ID: 43f36ba6-671d-42ba-a8e0-9fa1e1c542ae|System: cpu=3.0% idle=97.0%
2025/07/21 20:28:34|INFO    |829:(ThreadPoolExecutor-0_0)|net_collector_parser|ACTION_ID: 43f36ba6-671d-42ba-a8e0-9fa1e1c542ae|Thread CloudMetadata: cpu=0%
2025/07/21 20:28:34|INFO    |829:(ThreadPoolExecutor-0_0)|net_collector_parser|ACTION_ID: 43f36ba6-671d-42ba-a8e0-9fa1e1c542ae|Thread InjectedProcesses: cpu=0%
2025/07/21 20:28:34|INFO    |829:(ThreadPoolExecutor-0_0)|net_collector_parser|ACTION_ID: 43f36ba6-671d-42ba-a8e0-9fa1e1c542ae|Thread clad: cpu=0%
2025/07/21 20:28:34|INFO    |829:(ThreadPoolExecutor-0_0)|net_collector_parser|ACTION_ID: 43f36ba6-671d-42ba-a8e0-9fa1e1c542ae|Thread dypdng: cpu=0%
2025/07/21 20:28:34|INFO    |829:(ThreadPoolExecutor-0_0)|net_collector_parser|ACTION_ID: 43f36ba6-671d-42ba-a8e0-9fa1e1c542ae|Thread pmd: cpu=0%
2025/07/21 20:28:34|INFO    |829:(ThreadPoolExecutor-0_0)|net_collector_parser|ACTION_ID: 43f36ba6-671d-42ba-a8e0-9fa1e1c542ae|Thread pyxd: cpu=0%
2025/07/21 20:28:34|INFO    |829:(ThreadPoolExecutor-0_0)|net_collector_parser|ACTION_ID: 43f36ba6-671d-42ba-a8e0-9fa1e1c542ae|Thread sandboxd: cpu=0%
2025/07/21 20:28:34|INFO    |829:(ThreadPoolExecutor-0_0)|adaptive_policy|ACTION_ID: 43f36ba6-671d-42ba-a8e0-9fa1e1c542ae|net_collector created output: None
2025/07/21 20:28:34|INFO    |829:(ThreadPoolExecutor-0_0)|adaptive_policy|ACTION_ID: 43f36ba6-671d-42ba-a8e0-9fa1e1c542ae|Running parser: linux_auto_disable_on_write_parser
2025/07/21 20:28:34|INFO    |829:(ThreadPoolExecutor-0_0)|adaptive_policy_utils|ACTION_ID: 43f36ba6-671d-42ba-a8e0-9fa1e1c542ae|Detected traps version: 8.8.0.133595
2025/07/21 20:28:34|INFO    |829:(ThreadPoolExecutor-0_0)|linux_auto_disable_on_write_parser|ACTION_ID: 43f36ba6-671d-42ba-a8e0-9fa1e1c542ae|CPU is normal, waiting for next iteration.
2025/07/21 20:28:34|INFO    |829:(ThreadPoolExecutor-0_0)|adaptive_policy|ACTION_ID: 43f36ba6-671d-42ba-a8e0-9fa1e1c542ae|linux_auto_disable_on_write_parser created output: None
2025/07/21 20:28:34|INFO    |829:(ThreadPoolExecutor-0_0)|adaptive_policy|ACTION_ID: 43f36ba6-671d-42ba-a8e0-9fa1e1c542ae|{'apex': [], 'persistence': {'auto_disable_agent': {}, 'edr_archive_parser': {}, 'syslog_parser': {'last_scan': -2191537645.0}, 'net_collector': {}, 'linux_auto_disable_on_write_parser': {'trapsd_avg_cpu': 0.8990408478312663}}, 'output_settings': '{\n"agentDisabledByAdaptivePolicy": false\n}', 'last_analysis': 1753140514}
2025/07/21 20:43:34|INFO    |829:(ThreadPoolExecutor-0_0)|adaptive_policy|ACTION_ID: 43f36ba6-671d-42ba-a8e0-9fa1e1c542ae|Starting adaptive policy engine with kwargs: {}
2025/07/21 20:43:34|INFO    |829:(ThreadPoolExecutor-0_0)|adaptive_policy_utils|ACTION_ID: 43f36ba6-671d-42ba-a8e0-9fa1e1c542ae|Detected traps version: 8.8.0.133595
2025/07/21 20:43:34|INFO    |829:(ThreadPoolExecutor-0_0)|adaptive_policy|ACTION_ID: 43f36ba6-671d-42ba-a8e0-9fa1e1c542ae|{'adaptive_policy_interval': 900}
2025/07/21 20:43:34|INFO    |829:(ThreadPoolExecutor-0_0)|adaptive_policy|ACTION_ID: 43f36ba6-671d-42ba-a8e0-9fa1e1c542ae|Set value of adaptive_policy_interval to 900
2025/07/21 20:43:34|INFO    |829:(ThreadPoolExecutor-0_0)|adaptive_policy|ACTION_ID: 43f36ba6-671d-42ba-a8e0-9fa1e1c542ae|last analysis timestamp: Monday, July 21, 2025 at 08:28:34 PM
2025/07/21 20:43:34|INFO    |829:(ThreadPoolExecutor-0_0)|adaptive_policy|ACTION_ID: 43f36ba6-671d-42ba-a8e0-9fa1e1c542ae|High resolution mode: False
2025/07/21 20:43:34|INFO    |829:(ThreadPoolExecutor-0_0)|adaptive_policy|ACTION_ID: 43f36ba6-671d-42ba-a8e0-9fa1e1c542ae|Time elapsed since the previous normal mode execution: 900 seconds
2025/07/21 20:43:34|INFO    |829:(ThreadPoolExecutor-0_0)|adaptive_policy|ACTION_ID: 43f36ba6-671d-42ba-a8e0-9fa1e1c542ae|Adaptive policy normal operation mode interval: 900
2025/07/21 20:43:34|INFO    |829:(ThreadPoolExecutor-0_0)|adaptive_policy|ACTION_ID: 43f36ba6-671d-42ba-a8e0-9fa1e1c542ae|Adaptive policy normal mode is: ENABLED
2025/07/21 20:43:34|INFO    |829:(ThreadPoolExecutor-0_0)|adaptive_policy|ACTION_ID: 43f36ba6-671d-42ba-a8e0-9fa1e1c542ae|Adding normal operation mode parser
2025/07/21 20:43:34|INFO    |829:(ThreadPoolExecutor-0_0)|adaptive_policy|ACTION_ID: 43f36ba6-671d-42ba-a8e0-9fa1e1c542ae|Found 1 statistics components to analyze
2025/07/21 20:43:34|INFO    |829:(ThreadPoolExecutor-0_0)|adaptive_policy|ACTION_ID: 43f36ba6-671d-42ba-a8e0-9fa1e1c542ae|Running parser: auto_disable_agent
2025/07/21 20:43:34|INFO    |829:(ThreadPoolExecutor-0_0)|adaptive_policy_utils|ACTION_ID: 43f36ba6-671d-42ba-a8e0-9fa1e1c542ae|Detected traps version: 8.8.0.133595
2025/07/21 20:43:34|INFO    |829:(ThreadPoolExecutor-0_0)|auto_disable_parser|ACTION_ID: 43f36ba6-671d-42ba-a8e0-9fa1e1c542ae|Trapsd average CPU usage - normalized 0.9375253793794804
2025/07/21 20:43:34|INFO    |829:(ThreadPoolExecutor-0_0)|auto_disable_parser|ACTION_ID: 43f36ba6-671d-42ba-a8e0-9fa1e1c542ae|Trapsd average CPU usage 0.9375253793794804
2025/07/21 20:43:34|INFO    |829:(ThreadPoolExecutor-0_0)|auto_disable_parser|ACTION_ID: 43f36ba6-671d-42ba-a8e0-9fa1e1c542ae|Agent in normal state and CPU is normal, waiting for next iteration.
2025/07/21 20:43:34|INFO    |829:(ThreadPoolExecutor-0_0)|auto_disable_parser|ACTION_ID: 43f36ba6-671d-42ba-a8e0-9fa1e1c542ae|trapsd private memory usage 202,174,464
2025/07/21 20:43:34|INFO    |829:(ThreadPoolExecutor-0_0)|auto_disable_parser|ACTION_ID: 43f36ba6-671d-42ba-a8e0-9fa1e1c542ae|Agent in normal state and Memory is normal, waiting for next iteration.
2025/07/21 20:43:34|INFO    |829:(ThreadPoolExecutor-0_0)|adaptive_policy|ACTION_ID: 43f36ba6-671d-42ba-a8e0-9fa1e1c542ae|auto_disable_agent created output: None
2025/07/21 20:43:34|INFO    |829:(ThreadPoolExecutor-0_0)|adaptive_policy|ACTION_ID: 43f36ba6-671d-42ba-a8e0-9fa1e1c542ae|Running parser: edr_archive_parser
2025/07/21 20:43:34|INFO    |829:(ThreadPoolExecutor-0_0)|edr_archive_parser|ACTION_ID: 43f36ba6-671d-42ba-a8e0-9fa1e1c542ae|EDR Archive size: 0.0mb
2025/07/21 20:43:34|INFO    |829:(ThreadPoolExecutor-0_0)|adaptive_policy|ACTION_ID: 43f36ba6-671d-42ba-a8e0-9fa1e1c542ae|edr_archive_parser created output: None
2025/07/21 20:43:34|INFO    |829:(ThreadPoolExecutor-0_0)|adaptive_policy|ACTION_ID: 43f36ba6-671d-42ba-a8e0-9fa1e1c542ae|Running parser: syslog_parser
2025/07/21 20:43:34|INFO    |829:(ThreadPoolExecutor-0_0)|adaptive_policy_utils|ACTION_ID: 43f36ba6-671d-42ba-a8e0-9fa1e1c542ae|Detected traps version: 8.8.0.133595
2025/07/21 20:43:34|INFO    |829:(ThreadPoolExecutor-0_0)|syslog_parser|ACTION_ID: 43f36ba6-671d-42ba-a8e0-9fa1e1c542ae|Injected processes list: ['wickedd-dhcp6', 'couriertcpd', 'pmmasterd', 'authproxy', 'lighttpd', 'tinyproxy', 'mailman', 'wickedd-dhcp4', 'chronyd', 'apache2', 'xinetd', 'named', 'dovecot', 'samba', 'proftpd', 'charon', 'smbd', 'qmgr', 'ndsd', 'ibserver', 'cupsd', 'nscd', 'java', 'httpd', 'nmbd', 'mysqld', 'cyrus_pop3d', 'kamailio', 'pop2d', 'exim', 'pop3d', 'saned', 'squid', 'apache', 'danted', 'mongod', 'vsftpd', 'smartd', 'mysqld_safe', 'starter', 'squid3']
2025/07/21 20:43:34|INFO    |829:(ThreadPoolExecutor-0_0)|syslog_parser|ACTION_ID: 43f36ba6-671d-42ba-a8e0-9fa1e1c542ae|crash_counters: {'wickedd-dhcp6': 0, 'couriertcpd': 0, 'pmmasterd': 0, 'authproxy': 0, 'lighttpd': 0, 'tinyproxy': 0, 'mailman': 0, 'wickedd-dhcp4': 0, 'chronyd': 0, 'apache2': 0, 'xinetd': 0, 'named': 0, 'dovecot': 0, 'samba': 0, 'proftpd': 0, 'charon': 0, 'smbd': 0, 'qmgr': 0, 'ndsd': 0, 'ibserver': 0, 'cupsd': 0, 'nscd': 0, 'java': 0, 'httpd': 0, 'nmbd': 0, 'mysqld': 0, 'cyrus_pop3d': 0, 'kamailio': 0, 'pop2d': 0, 'exim': 0, 'pop3d': 0, 'saned': 0, 'squid': 0, 'apache': 0, 'danted': 0, 'mongod': 0, 'vsftpd': 0, 'smartd': 0, 'mysqld_safe': 0, 'starter': 0, 'squid3': 0}
2025/07/21 20:43:34|INFO    |829:(ThreadPoolExecutor-0_0)|syslog_parser|ACTION_ID: 43f36ba6-671d-42ba-a8e0-9fa1e1c542ae|Dypd statistics are empty. Cannot retrieve injected processes stats
2025/07/21 20:43:34|INFO    |829:(ThreadPoolExecutor-0_0)|syslog_parser|ACTION_ID: 43f36ba6-671d-42ba-a8e0-9fa1e1c542ae|Could not find any crash reports in statistics
2025/07/21 20:43:34|INFO    |829:(ThreadPoolExecutor-0_0)|syslog_parser|ACTION_ID: 43f36ba6-671d-42ba-a8e0-9fa1e1c542ae|Using temporary journal file: /opt/traps/python/scripts/tmp8u25t7h3
2025/07/21 20:43:34|INFO    |829:(ThreadPoolExecutor-0_0)|syslog_parser|ACTION_ID: 43f36ba6-671d-42ba-a8e0-9fa1e1c542ae|Log file: /opt/traps/python/scripts/tmp8u25t7h3 detected.
2025/07/21 20:43:34|INFO    |829:(ThreadPoolExecutor-0_0)|syslog_parser|ACTION_ID: 43f36ba6-671d-42ba-a8e0-9fa1e1c542ae|Syslog format RFC 3164 detected for line: Jul 21 19:21:28 linux-lab02 kernel: pci 0000:00:15.4: BAR 13: no space for [io  size 0x1000]

2025/07/21 20:43:34|INFO    |829:(ThreadPoolExecutor-0_0)|syslog_parser|ACTION_ID: 43f36ba6-671d-42ba-a8e0-9fa1e1c542ae|Start monitor /opt/traps/python/scripts/tmp8u25t7h3
2025/07/21 20:43:34|INFO    |829:(ThreadPoolExecutor-0_0)|syslog_parser|ACTION_ID: 43f36ba6-671d-42ba-a8e0-9fa1e1c542ae|Stopping to read lines as iterator has maxed out
2025/07/21 20:43:34|INFO    |829:(ThreadPoolExecutor-0_0)|syslog_parser|ACTION_ID: 43f36ba6-671d-42ba-a8e0-9fa1e1c542ae|saving last line date:: 21/07/1900 20:38:27
2025/07/21 20:43:34|INFO    |829:(ThreadPoolExecutor-0_0)|syslog_parser|ACTION_ID: 43f36ba6-671d-42ba-a8e0-9fa1e1c542ae|3 lines scanned by parser
2025/07/21 20:43:34|INFO    |829:(ThreadPoolExecutor-0_0)|adaptive_policy|ACTION_ID: 43f36ba6-671d-42ba-a8e0-9fa1e1c542ae|syslog_parser created output: None
2025/07/21 20:43:34|INFO    |829:(ThreadPoolExecutor-0_0)|adaptive_policy|ACTION_ID: 43f36ba6-671d-42ba-a8e0-9fa1e1c542ae|Running parser: net_collector
2025/07/21 20:43:34|INFO    |829:(ThreadPoolExecutor-0_0)|net_collector_parser|ACTION_ID: 43f36ba6-671d-42ba-a8e0-9fa1e1c542ae|NetCollector parser started
2025/07/21 20:43:34|INFO    |829:(ThreadPoolExecutor-0_0)|net_collector_parser|ACTION_ID: 43f36ba6-671d-42ba-a8e0-9fa1e1c542ae|System: cpu=3.0% idle=97.0%
2025/07/21 20:43:34|INFO    |829:(ThreadPoolExecutor-0_0)|net_collector_parser|ACTION_ID: 43f36ba6-671d-42ba-a8e0-9fa1e1c542ae|Thread CloudMetadata: cpu=0%
2025/07/21 20:43:34|INFO    |829:(ThreadPoolExecutor-0_0)|net_collector_parser|ACTION_ID: 43f36ba6-671d-42ba-a8e0-9fa1e1c542ae|Thread InjectedProcesses: cpu=0%
2025/07/21 20:43:34|INFO    |829:(ThreadPoolExecutor-0_0)|net_collector_parser|ACTION_ID: 43f36ba6-671d-42ba-a8e0-9fa1e1c542ae|Thread clad: cpu=0%
2025/07/21 20:43:34|INFO    |829:(ThreadPoolExecutor-0_0)|net_collector_parser|ACTION_ID: 43f36ba6-671d-42ba-a8e0-9fa1e1c542ae|Thread dypdng: cpu=0%
2025/07/21 20:43:34|INFO    |829:(ThreadPoolExecutor-0_0)|net_collector_parser|ACTION_ID: 43f36ba6-671d-42ba-a8e0-9fa1e1c542ae|Thread pmd: cpu=0%
2025/07/21 20:43:34|INFO    |829:(ThreadPoolExecutor-0_0)|net_collector_parser|ACTION_ID: 43f36ba6-671d-42ba-a8e0-9fa1e1c542ae|Thread pyxd: cpu=0%
2025/07/21 20:43:34|INFO    |829:(ThreadPoolExecutor-0_0)|net_collector_parser|ACTION_ID: 43f36ba6-671d-42ba-a8e0-9fa1e1c542ae|Thread sandboxd: cpu=0%
2025/07/21 20:43:34|INFO    |829:(ThreadPoolExecutor-0_0)|adaptive_policy|ACTION_ID: 43f36ba6-671d-42ba-a8e0-9fa1e1c542ae|net_collector created output: None
2025/07/21 20:43:34|INFO    |829:(ThreadPoolExecutor-0_0)|adaptive_policy|ACTION_ID: 43f36ba6-671d-42ba-a8e0-9fa1e1c542ae|Running parser: linux_auto_disable_on_write_parser
2025/07/21 20:43:34|INFO    |829:(ThreadPoolExecutor-0_0)|adaptive_policy_utils|ACTION_ID: 43f36ba6-671d-42ba-a8e0-9fa1e1c542ae|Detected traps version: 8.8.0.133595
2025/07/21 20:43:34|INFO    |829:(ThreadPoolExecutor-0_0)|linux_auto_disable_on_write_parser|ACTION_ID: 43f36ba6-671d-42ba-a8e0-9fa1e1c542ae|CPU is normal, waiting for next iteration.
2025/07/21 20:43:34|INFO    |829:(ThreadPoolExecutor-0_0)|adaptive_policy|ACTION_ID: 43f36ba6-671d-42ba-a8e0-9fa1e1c542ae|linux_auto_disable_on_write_parser created output: None
2025/07/21 20:43:34|INFO    |829:(ThreadPoolExecutor-0_0)|adaptive_policy|ACTION_ID: 43f36ba6-671d-42ba-a8e0-9fa1e1c542ae|{'apex': [], 'persistence': {'auto_disable_agent': {}, 'edr_archive_parser': {}, 'syslog_parser': {'last_scan': -2191536905.0}, 'net_collector': {}, 'linux_auto_disable_on_write_parser': {'trapsd_avg_cpu': 0.9375253793794804}}, 'output_settings': '{\n"agentDisabledByAdaptivePolicy": false\n}', 'last_analysis': 1753141414}
2025/07/21 20:58:35|INFO    |829:(ThreadPoolExecutor-0_0)|adaptive_policy|ACTION_ID: 43f36ba6-671d-42ba-a8e0-9fa1e1c542ae|Starting adaptive policy engine with kwargs: {}
2025/07/21 20:58:35|INFO    |829:(ThreadPoolExecutor-0_0)|adaptive_policy_utils|ACTION_ID: 43f36ba6-671d-42ba-a8e0-9fa1e1c542ae|Detected traps version: 8.8.0.133595
2025/07/21 20:58:35|INFO    |829:(ThreadPoolExecutor-0_0)|adaptive_policy|ACTION_ID: 43f36ba6-671d-42ba-a8e0-9fa1e1c542ae|{'adaptive_policy_interval': 900}
2025/07/21 20:58:35|INFO    |829:(ThreadPoolExecutor-0_0)|adaptive_policy|ACTION_ID: 43f36ba6-671d-42ba-a8e0-9fa1e1c542ae|Set value of adaptive_policy_interval to 900
2025/07/21 20:58:35|INFO    |829:(ThreadPoolExecutor-0_0)|adaptive_policy|ACTION_ID: 43f36ba6-671d-42ba-a8e0-9fa1e1c542ae|last analysis timestamp: Monday, July 21, 2025 at 08:43:34 PM
2025/07/21 20:58:35|INFO    |829:(ThreadPoolExecutor-0_0)|adaptive_policy|ACTION_ID: 43f36ba6-671d-42ba-a8e0-9fa1e1c542ae|High resolution mode: False
2025/07/21 20:58:35|INFO    |829:(ThreadPoolExecutor-0_0)|adaptive_policy|ACTION_ID: 43f36ba6-671d-42ba-a8e0-9fa1e1c542ae|Time elapsed since the previous normal mode execution: 901 seconds
2025/07/21 20:58:35|INFO    |829:(ThreadPoolExecutor-0_0)|adaptive_policy|ACTION_ID: 43f36ba6-671d-42ba-a8e0-9fa1e1c542ae|Adaptive policy normal operation mode interval: 900
2025/07/21 20:58:35|INFO    |829:(ThreadPoolExecutor-0_0)|adaptive_policy|ACTION_ID: 43f36ba6-671d-42ba-a8e0-9fa1e1c542ae|Adaptive policy normal mode is: ENABLED
2025/07/21 20:58:35|INFO    |829:(ThreadPoolExecutor-0_0)|adaptive_policy|ACTION_ID: 43f36ba6-671d-42ba-a8e0-9fa1e1c542ae|Adding normal operation mode parser
2025/07/21 20:58:35|INFO    |829:(ThreadPoolExecutor-0_0)|adaptive_policy|ACTION_ID: 43f36ba6-671d-42ba-a8e0-9fa1e1c542ae|Found 1 statistics components to analyze
2025/07/21 20:58:35|INFO    |829:(ThreadPoolExecutor-0_0)|adaptive_policy|ACTION_ID: 43f36ba6-671d-42ba-a8e0-9fa1e1c542ae|Running parser: auto_disable_agent
2025/07/21 20:58:35|INFO    |829:(ThreadPoolExecutor-0_0)|adaptive_policy_utils|ACTION_ID: 43f36ba6-671d-42ba-a8e0-9fa1e1c542ae|Detected traps version: 8.8.0.133595
2025/07/21 20:58:35|INFO    |829:(ThreadPoolExecutor-0_0)|auto_disable_parser|ACTION_ID: 43f36ba6-671d-42ba-a8e0-9fa1e1c542ae|Trapsd average CPU usage - normalized 0.9233381332176565
2025/07/21 20:58:35|INFO    |829:(ThreadPoolExecutor-0_0)|auto_disable_parser|ACTION_ID: 43f36ba6-671d-42ba-a8e0-9fa1e1c542ae|Trapsd average CPU usage 0.9233381332176565
2025/07/21 20:58:35|INFO    |829:(ThreadPoolExecutor-0_0)|auto_disable_parser|ACTION_ID: 43f36ba6-671d-42ba-a8e0-9fa1e1c542ae|Agent in normal state and CPU is normal, waiting for next iteration.
2025/07/21 20:58:35|INFO    |829:(ThreadPoolExecutor-0_0)|auto_disable_parser|ACTION_ID: 43f36ba6-671d-42ba-a8e0-9fa1e1c542ae|trapsd private memory usage 204,513,280
2025/07/21 20:58:35|INFO    |829:(ThreadPoolExecutor-0_0)|auto_disable_parser|ACTION_ID: 43f36ba6-671d-42ba-a8e0-9fa1e1c542ae|Agent in normal state and Memory is normal, waiting for next iteration.
2025/07/21 20:58:35|INFO    |829:(ThreadPoolExecutor-0_0)|adaptive_policy|ACTION_ID: 43f36ba6-671d-42ba-a8e0-9fa1e1c542ae|auto_disable_agent created output: None
2025/07/21 20:58:35|INFO    |829:(ThreadPoolExecutor-0_0)|adaptive_policy|ACTION_ID: 43f36ba6-671d-42ba-a8e0-9fa1e1c542ae|Running parser: edr_archive_parser
2025/07/21 20:58:35|INFO    |829:(ThreadPoolExecutor-0_0)|edr_archive_parser|ACTION_ID: 43f36ba6-671d-42ba-a8e0-9fa1e1c542ae|EDR Archive size: 0.0mb
2025/07/21 20:58:35|INFO    |829:(ThreadPoolExecutor-0_0)|adaptive_policy|ACTION_ID: 43f36ba6-671d-42ba-a8e0-9fa1e1c542ae|edr_archive_parser created output: None
2025/07/21 20:58:35|INFO    |829:(ThreadPoolExecutor-0_0)|adaptive_policy|ACTION_ID: 43f36ba6-671d-42ba-a8e0-9fa1e1c542ae|Running parser: syslog_parser
2025/07/21 20:58:35|INFO    |829:(ThreadPoolExecutor-0_0)|adaptive_policy_utils|ACTION_ID: 43f36ba6-671d-42ba-a8e0-9fa1e1c542ae|Detected traps version: 8.8.0.133595
2025/07/21 20:58:35|INFO    |829:(ThreadPoolExecutor-0_0)|syslog_parser|ACTION_ID: 43f36ba6-671d-42ba-a8e0-9fa1e1c542ae|Injected processes list: ['wickedd-dhcp6', 'couriertcpd', 'pmmasterd', 'authproxy', 'lighttpd', 'tinyproxy', 'mailman', 'wickedd-dhcp4', 'chronyd', 'apache2', 'xinetd', 'named', 'dovecot', 'samba', 'proftpd', 'charon', 'smbd', 'qmgr', 'ndsd', 'ibserver', 'cupsd', 'nscd', 'java', 'httpd', 'nmbd', 'mysqld', 'cyrus_pop3d', 'kamailio', 'pop2d', 'exim', 'pop3d', 'saned', 'squid', 'apache', 'danted', 'mongod', 'vsftpd', 'smartd', 'mysqld_safe', 'starter', 'squid3']
2025/07/21 20:58:35|INFO    |829:(ThreadPoolExecutor-0_0)|syslog_parser|ACTION_ID: 43f36ba6-671d-42ba-a8e0-9fa1e1c542ae|crash_counters: {'wickedd-dhcp6': 0, 'couriertcpd': 0, 'pmmasterd': 0, 'authproxy': 0, 'lighttpd': 0, 'tinyproxy': 0, 'mailman': 0, 'wickedd-dhcp4': 0, 'chronyd': 0, 'apache2': 0, 'xinetd': 0, 'named': 0, 'dovecot': 0, 'samba': 0, 'proftpd': 0, 'charon': 0, 'smbd': 0, 'qmgr': 0, 'ndsd': 0, 'ibserver': 0, 'cupsd': 0, 'nscd': 0, 'java': 0, 'httpd': 0, 'nmbd': 0, 'mysqld': 0, 'cyrus_pop3d': 0, 'kamailio': 0, 'pop2d': 0, 'exim': 0, 'pop3d': 0, 'saned': 0, 'squid': 0, 'apache': 0, 'danted': 0, 'mongod': 0, 'vsftpd': 0, 'smartd': 0, 'mysqld_safe': 0, 'starter': 0, 'squid3': 0}
2025/07/21 20:58:35|INFO    |829:(ThreadPoolExecutor-0_0)|syslog_parser|ACTION_ID: 43f36ba6-671d-42ba-a8e0-9fa1e1c542ae|Dypd statistics are empty. Cannot retrieve injected processes stats
2025/07/21 20:58:35|INFO    |829:(ThreadPoolExecutor-0_0)|syslog_parser|ACTION_ID: 43f36ba6-671d-42ba-a8e0-9fa1e1c542ae|Could not find any crash reports in statistics
2025/07/21 20:58:35|INFO    |829:(ThreadPoolExecutor-0_0)|syslog_parser|ACTION_ID: 43f36ba6-671d-42ba-a8e0-9fa1e1c542ae|Using temporary journal file: /opt/traps/python/scripts/tmpryr2kdtl
2025/07/21 20:58:35|INFO    |829:(ThreadPoolExecutor-0_0)|syslog_parser|ACTION_ID: 43f36ba6-671d-42ba-a8e0-9fa1e1c542ae|Log file: /opt/traps/python/scripts/tmpryr2kdtl detected.
2025/07/21 20:58:35|INFO    |829:(ThreadPoolExecutor-0_0)|syslog_parser|ACTION_ID: 43f36ba6-671d-42ba-a8e0-9fa1e1c542ae|Syslog format RFC 3164 detected for line: Jul 21 19:21:28 linux-lab02 kernel: pci 0000:00:15.6: BAR 13: no space for [io  size 0x1000]

2025/07/21 20:58:35|INFO    |829:(ThreadPoolExecutor-0_0)|syslog_parser|ACTION_ID: 43f36ba6-671d-42ba-a8e0-9fa1e1c542ae|Start monitor /opt/traps/python/scripts/tmpryr2kdtl
2025/07/21 20:58:35|INFO    |829:(ThreadPoolExecutor-0_0)|syslog_parser|ACTION_ID: 43f36ba6-671d-42ba-a8e0-9fa1e1c542ae|Stopping to read lines as iterator has maxed out
2025/07/21 20:58:35|INFO    |829:(ThreadPoolExecutor-0_0)|syslog_parser|ACTION_ID: 43f36ba6-671d-42ba-a8e0-9fa1e1c542ae|saving last line date:: 21/07/1900 20:52:05
2025/07/21 20:58:35|INFO    |829:(ThreadPoolExecutor-0_0)|syslog_parser|ACTION_ID: 43f36ba6-671d-42ba-a8e0-9fa1e1c542ae|4 lines scanned by parser
2025/07/21 20:58:35|INFO    |829:(ThreadPoolExecutor-0_0)|adaptive_policy|ACTION_ID: 43f36ba6-671d-42ba-a8e0-9fa1e1c542ae|syslog_parser created output: None
2025/07/21 20:58:35|INFO    |829:(ThreadPoolExecutor-0_0)|adaptive_policy|ACTION_ID: 43f36ba6-671d-42ba-a8e0-9fa1e1c542ae|Running parser: net_collector
2025/07/21 20:58:35|INFO    |829:(ThreadPoolExecutor-0_0)|net_collector_parser|ACTION_ID: 43f36ba6-671d-42ba-a8e0-9fa1e1c542ae|NetCollector parser started
2025/07/21 20:58:35|INFO    |829:(ThreadPoolExecutor-0_0)|net_collector_parser|ACTION_ID: 43f36ba6-671d-42ba-a8e0-9fa1e1c542ae|System: cpu=3.0% idle=97.0%
2025/07/21 20:58:35|INFO    |829:(ThreadPoolExecutor-0_0)|net_collector_parser|ACTION_ID: 43f36ba6-671d-42ba-a8e0-9fa1e1c542ae|Thread CloudMetadata: cpu=0%
2025/07/21 20:58:35|INFO    |829:(ThreadPoolExecutor-0_0)|net_collector_parser|ACTION_ID: 43f36ba6-671d-42ba-a8e0-9fa1e1c542ae|Thread InjectedProcesses: cpu=0%
2025/07/21 20:58:35|INFO    |829:(ThreadPoolExecutor-0_0)|net_collector_parser|ACTION_ID: 43f36ba6-671d-42ba-a8e0-9fa1e1c542ae|Thread clad: cpu=0%
2025/07/21 20:58:35|INFO    |829:(ThreadPoolExecutor-0_0)|net_collector_parser|ACTION_ID: 43f36ba6-671d-42ba-a8e0-9fa1e1c542ae|Thread dypdng: cpu=0%
2025/07/21 20:58:35|INFO    |829:(ThreadPoolExecutor-0_0)|net_collector_parser|ACTION_ID: 43f36ba6-671d-42ba-a8e0-9fa1e1c542ae|Thread pmd: cpu=0%
2025/07/21 20:58:35|INFO    |829:(ThreadPoolExecutor-0_0)|net_collector_parser|ACTION_ID: 43f36ba6-671d-42ba-a8e0-9fa1e1c542ae|Thread pyxd: cpu=0%
2025/07/21 20:58:35|INFO    |829:(ThreadPoolExecutor-0_0)|net_collector_parser|ACTION_ID: 43f36ba6-671d-42ba-a8e0-9fa1e1c542ae|Thread sandboxd: cpu=0%
2025/07/21 20:58:35|INFO    |829:(ThreadPoolExecutor-0_0)|adaptive_policy|ACTION_ID: 43f36ba6-671d-42ba-a8e0-9fa1e1c542ae|net_collector created output: None
2025/07/21 20:58:35|INFO    |829:(ThreadPoolExecutor-0_0)|adaptive_policy|ACTION_ID: 43f36ba6-671d-42ba-a8e0-9fa1e1c542ae|Running parser: linux_auto_disable_on_write_parser
2025/07/21 20:58:35|INFO    |829:(ThreadPoolExecutor-0_0)|adaptive_policy_utils|ACTION_ID: 43f36ba6-671d-42ba-a8e0-9fa1e1c542ae|Detected traps version: 8.8.0.133595
2025/07/21 20:58:35|INFO    |829:(ThreadPoolExecutor-0_0)|linux_auto_disable_on_write_parser|ACTION_ID: 43f36ba6-671d-42ba-a8e0-9fa1e1c542ae|CPU is normal, waiting for next iteration.
2025/07/21 20:58:35|INFO    |829:(ThreadPoolExecutor-0_0)|adaptive_policy|ACTION_ID: 43f36ba6-671d-42ba-a8e0-9fa1e1c542ae|linux_auto_disable_on_write_parser created output: None
2025/07/21 20:58:35|INFO    |829:(ThreadPoolExecutor-0_0)|adaptive_policy|ACTION_ID: 43f36ba6-671d-42ba-a8e0-9fa1e1c542ae|{'apex': [], 'persistence': {'auto_disable_agent': {}, 'edr_archive_parser': {}, 'syslog_parser': {'last_scan': -2191536087.0}, 'net_collector': {}, 'linux_auto_disable_on_write_parser': {'trapsd_avg_cpu': 0.9233381332176565}}, 'output_settings': '{\n"agentDisabledByAdaptivePolicy": false\n}', 'last_analysis': 1753142315}
2025/07/21 21:13:35|INFO    |829:(ThreadPoolExecutor-0_0)|adaptive_policy|ACTION_ID: 43f36ba6-671d-42ba-a8e0-9fa1e1c542ae|Starting adaptive policy engine with kwargs: {}
2025/07/21 21:13:35|INFO    |829:(ThreadPoolExecutor-0_0)|adaptive_policy_utils|ACTION_ID: 43f36ba6-671d-42ba-a8e0-9fa1e1c542ae|Detected traps version: 8.8.0.133595
2025/07/21 21:13:35|INFO    |829:(ThreadPoolExecutor-0_0)|adaptive_policy|ACTION_ID: 43f36ba6-671d-42ba-a8e0-9fa1e1c542ae|{'adaptive_policy_interval': 900}
2025/07/21 21:13:35|INFO    |829:(ThreadPoolExecutor-0_0)|adaptive_policy|ACTION_ID: 43f36ba6-671d-42ba-a8e0-9fa1e1c542ae|Set value of adaptive_policy_interval to 900
2025/07/21 21:13:35|INFO    |829:(ThreadPoolExecutor-0_0)|adaptive_policy|ACTION_ID: 43f36ba6-671d-42ba-a8e0-9fa1e1c542ae|last analysis timestamp: Monday, July 21, 2025 at 08:58:35 PM
2025/07/21 21:13:35|INFO    |829:(ThreadPoolExecutor-0_0)|adaptive_policy|ACTION_ID: 43f36ba6-671d-42ba-a8e0-9fa1e1c542ae|High resolution mode: False
2025/07/21 21:13:35|INFO    |829:(ThreadPoolExecutor-0_0)|adaptive_policy|ACTION_ID: 43f36ba6-671d-42ba-a8e0-9fa1e1c542ae|Time elapsed since the previous normal mode execution: 900 seconds
2025/07/21 21:13:35|INFO    |829:(ThreadPoolExecutor-0_0)|adaptive_policy|ACTION_ID: 43f36ba6-671d-42ba-a8e0-9fa1e1c542ae|Adaptive policy normal operation mode interval: 900
2025/07/21 21:13:35|INFO    |829:(ThreadPoolExecutor-0_0)|adaptive_policy|ACTION_ID: 43f36ba6-671d-42ba-a8e0-9fa1e1c542ae|Adaptive policy normal mode is: ENABLED
2025/07/21 21:13:35|INFO    |829:(ThreadPoolExecutor-0_0)|adaptive_policy|ACTION_ID: 43f36ba6-671d-42ba-a8e0-9fa1e1c542ae|Adding normal operation mode parser
2025/07/21 21:13:35|INFO    |829:(ThreadPoolExecutor-0_0)|adaptive_policy|ACTION_ID: 43f36ba6-671d-42ba-a8e0-9fa1e1c542ae|Found 1 statistics components to analyze
2025/07/21 21:13:35|INFO    |829:(ThreadPoolExecutor-0_0)|adaptive_policy|ACTION_ID: 43f36ba6-671d-42ba-a8e0-9fa1e1c542ae|Running parser: auto_disable_agent
2025/07/21 21:13:35|INFO    |829:(ThreadPoolExecutor-0_0)|adaptive_policy_utils|ACTION_ID: 43f36ba6-671d-42ba-a8e0-9fa1e1c542ae|Detected traps version: 8.8.0.133595
2025/07/21 21:13:35|INFO    |829:(ThreadPoolExecutor-0_0)|auto_disable_parser|ACTION_ID: 43f36ba6-671d-42ba-a8e0-9fa1e1c542ae|Trapsd average CPU usage - normalized 0.9982176108546583
2025/07/21 21:13:35|INFO    |829:(ThreadPoolExecutor-0_0)|auto_disable_parser|ACTION_ID: 43f36ba6-671d-42ba-a8e0-9fa1e1c542ae|Trapsd average CPU usage 0.9982176108546583
2025/07/21 21:13:35|INFO    |829:(ThreadPoolExecutor-0_0)|auto_disable_parser|ACTION_ID: 43f36ba6-671d-42ba-a8e0-9fa1e1c542ae|Agent in normal state and CPU is normal, waiting for next iteration.
2025/07/21 21:13:35|INFO    |829:(ThreadPoolExecutor-0_0)|auto_disable_parser|ACTION_ID: 43f36ba6-671d-42ba-a8e0-9fa1e1c542ae|trapsd private memory usage 205,955,072
2025/07/21 21:13:35|INFO    |829:(ThreadPoolExecutor-0_0)|auto_disable_parser|ACTION_ID: 43f36ba6-671d-42ba-a8e0-9fa1e1c542ae|Agent in normal state and Memory is normal, waiting for next iteration.
2025/07/21 21:13:35|INFO    |829:(ThreadPoolExecutor-0_0)|adaptive_policy|ACTION_ID: 43f36ba6-671d-42ba-a8e0-9fa1e1c542ae|auto_disable_agent created output: None
2025/07/21 21:13:35|INFO    |829:(ThreadPoolExecutor-0_0)|adaptive_policy|ACTION_ID: 43f36ba6-671d-42ba-a8e0-9fa1e1c542ae|Running parser: edr_archive_parser
2025/07/21 21:13:35|INFO    |829:(ThreadPoolExecutor-0_0)|edr_archive_parser|ACTION_ID: 43f36ba6-671d-42ba-a8e0-9fa1e1c542ae|EDR Archive size: 0.0mb
2025/07/21 21:13:35|INFO    |829:(ThreadPoolExecutor-0_0)|adaptive_policy|ACTION_ID: 43f36ba6-671d-42ba-a8e0-9fa1e1c542ae|edr_archive_parser created output: None
2025/07/21 21:13:35|INFO    |829:(ThreadPoolExecutor-0_0)|adaptive_policy|ACTION_ID: 43f36ba6-671d-42ba-a8e0-9fa1e1c542ae|Running parser: syslog_parser
2025/07/21 21:13:35|INFO    |829:(ThreadPoolExecutor-0_0)|adaptive_policy_utils|ACTION_ID: 43f36ba6-671d-42ba-a8e0-9fa1e1c542ae|Detected traps version: 8.8.0.133595
2025/07/21 21:13:35|INFO    |829:(ThreadPoolExecutor-0_0)|syslog_parser|ACTION_ID: 43f36ba6-671d-42ba-a8e0-9fa1e1c542ae|Injected processes list: ['wickedd-dhcp6', 'couriertcpd', 'pmmasterd', 'authproxy', 'lighttpd', 'tinyproxy', 'mailman', 'wickedd-dhcp4', 'chronyd', 'apache2', 'xinetd', 'named', 'dovecot', 'samba', 'proftpd', 'charon', 'smbd', 'qmgr', 'ndsd', 'ibserver', 'cupsd', 'nscd', 'java', 'httpd', 'nmbd', 'mysqld', 'cyrus_pop3d', 'kamailio', 'pop2d', 'exim', 'pop3d', 'saned', 'squid', 'apache', 'danted', 'mongod', 'vsftpd', 'smartd', 'mysqld_safe', 'starter', 'squid3']
2025/07/21 21:13:35|INFO    |829:(ThreadPoolExecutor-0_0)|syslog_parser|ACTION_ID: 43f36ba6-671d-42ba-a8e0-9fa1e1c542ae|crash_counters: {'wickedd-dhcp6': 0, 'couriertcpd': 0, 'pmmasterd': 0, 'authproxy': 0, 'lighttpd': 0, 'tinyproxy': 0, 'mailman': 0, 'wickedd-dhcp4': 0, 'chronyd': 0, 'apache2': 0, 'xinetd': 0, 'named': 0, 'dovecot': 0, 'samba': 0, 'proftpd': 0, 'charon': 0, 'smbd': 0, 'qmgr': 0, 'ndsd': 0, 'ibserver': 0, 'cupsd': 0, 'nscd': 0, 'java': 0, 'httpd': 0, 'nmbd': 0, 'mysqld': 0, 'cyrus_pop3d': 0, 'kamailio': 0, 'pop2d': 0, 'exim': 0, 'pop3d': 0, 'saned': 0, 'squid': 0, 'apache': 0, 'danted': 0, 'mongod': 0, 'vsftpd': 0, 'smartd': 0, 'mysqld_safe': 0, 'starter': 0, 'squid3': 0}
2025/07/21 21:13:35|INFO    |829:(ThreadPoolExecutor-0_0)|syslog_parser|ACTION_ID: 43f36ba6-671d-42ba-a8e0-9fa1e1c542ae|Dypd statistics are empty. Cannot retrieve injected processes stats
2025/07/21 21:13:35|INFO    |829:(ThreadPoolExecutor-0_0)|syslog_parser|ACTION_ID: 43f36ba6-671d-42ba-a8e0-9fa1e1c542ae|Could not find any crash reports in statistics
2025/07/21 21:13:35|INFO    |829:(ThreadPoolExecutor-0_0)|syslog_parser|ACTION_ID: 43f36ba6-671d-42ba-a8e0-9fa1e1c542ae|Using temporary journal file: /opt/traps/python/scripts/tmpmg2r573n
2025/07/21 21:13:35|INFO    |829:(ThreadPoolExecutor-0_0)|syslog_parser|ACTION_ID: 43f36ba6-671d-42ba-a8e0-9fa1e1c542ae|Log file: /opt/traps/python/scripts/tmpmg2r573n detected.
2025/07/21 21:13:35|INFO    |829:(ThreadPoolExecutor-0_0)|syslog_parser|ACTION_ID: 43f36ba6-671d-42ba-a8e0-9fa1e1c542ae|Syslog format RFC 3164 detected for line: Jul 21 19:21:28 linux-lab02 kernel: pci 0000:00:15.7: BAR 13: failed to assign [io  size 0x1000]

2025/07/21 21:13:35|INFO    |829:(ThreadPoolExecutor-0_0)|syslog_parser|ACTION_ID: 43f36ba6-671d-42ba-a8e0-9fa1e1c542ae|Start monitor /opt/traps/python/scripts/tmpmg2r573n
2025/07/21 21:13:35|INFO    |829:(ThreadPoolExecutor-0_0)|syslog_parser|ACTION_ID: 43f36ba6-671d-42ba-a8e0-9fa1e1c542ae|Stopping to read lines as iterator has maxed out
2025/07/21 21:13:35|INFO    |829:(ThreadPoolExecutor-0_0)|syslog_parser|ACTION_ID: 43f36ba6-671d-42ba-a8e0-9fa1e1c542ae|saving last line date:: 21/07/1900 21:03:41
2025/07/21 21:13:35|INFO    |829:(ThreadPoolExecutor-0_0)|syslog_parser|ACTION_ID: 43f36ba6-671d-42ba-a8e0-9fa1e1c542ae|3 lines scanned by parser
2025/07/21 21:13:35|INFO    |829:(ThreadPoolExecutor-0_0)|adaptive_policy|ACTION_ID: 43f36ba6-671d-42ba-a8e0-9fa1e1c542ae|syslog_parser created output: None
2025/07/21 21:13:35|INFO    |829:(ThreadPoolExecutor-0_0)|adaptive_policy|ACTION_ID: 43f36ba6-671d-42ba-a8e0-9fa1e1c542ae|Running parser: net_collector
2025/07/21 21:13:35|INFO    |829:(ThreadPoolExecutor-0_0)|net_collector_parser|ACTION_ID: 43f36ba6-671d-42ba-a8e0-9fa1e1c542ae|NetCollector parser started
2025/07/21 21:13:35|INFO    |829:(ThreadPoolExecutor-0_0)|net_collector_parser|ACTION_ID: 43f36ba6-671d-42ba-a8e0-9fa1e1c542ae|System: cpu=3.0% idle=97.0%
2025/07/21 21:13:35|INFO    |829:(ThreadPoolExecutor-0_0)|net_collector_parser|ACTION_ID: 43f36ba6-671d-42ba-a8e0-9fa1e1c542ae|Thread CloudMetadata: cpu=0%
2025/07/21 21:13:35|INFO    |829:(ThreadPoolExecutor-0_0)|net_collector_parser|ACTION_ID: 43f36ba6-671d-42ba-a8e0-9fa1e1c542ae|Thread InjectedProcesses: cpu=0%
2025/07/21 21:13:35|INFO    |829:(ThreadPoolExecutor-0_0)|net_collector_parser|ACTION_ID: 43f36ba6-671d-42ba-a8e0-9fa1e1c542ae|Thread clad: cpu=0%
2025/07/21 21:13:35|INFO    |829:(ThreadPoolExecutor-0_0)|net_collector_parser|ACTION_ID: 43f36ba6-671d-42ba-a8e0-9fa1e1c542ae|Thread dypdng: cpu=0%
2025/07/21 21:13:35|INFO    |829:(ThreadPoolExecutor-0_0)|net_collector_parser|ACTION_ID: 43f36ba6-671d-42ba-a8e0-9fa1e1c542ae|Thread pmd: cpu=0%
2025/07/21 21:13:35|INFO    |829:(ThreadPoolExecutor-0_0)|net_collector_parser|ACTION_ID: 43f36ba6-671d-42ba-a8e0-9fa1e1c542ae|Thread pyxd: cpu=0%
2025/07/21 21:13:35|INFO    |829:(ThreadPoolExecutor-0_0)|net_collector_parser|ACTION_ID: 43f36ba6-671d-42ba-a8e0-9fa1e1c542ae|Thread sandboxd: cpu=0%
2025/07/21 21:13:35|INFO    |829:(ThreadPoolExecutor-0_0)|adaptive_policy|ACTION_ID: 43f36ba6-671d-42ba-a8e0-9fa1e1c542ae|net_collector created output: None
2025/07/21 21:13:35|INFO    |829:(ThreadPoolExecutor-0_0)|adaptive_policy|ACTION_ID: 43f36ba6-671d-42ba-a8e0-9fa1e1c542ae|Running parser: linux_auto_disable_on_write_parser
2025/07/21 21:13:35|INFO    |829:(ThreadPoolExecutor-0_0)|adaptive_policy_utils|ACTION_ID: 43f36ba6-671d-42ba-a8e0-9fa1e1c542ae|Detected traps version: 8.8.0.133595
2025/07/21 21:13:35|INFO    |829:(ThreadPoolExecutor-0_0)|linux_auto_disable_on_write_parser|ACTION_ID: 43f36ba6-671d-42ba-a8e0-9fa1e1c542ae|CPU is normal, waiting for next iteration.
2025/07/21 21:13:35|INFO    |829:(ThreadPoolExecutor-0_0)|adaptive_policy|ACTION_ID: 43f36ba6-671d-42ba-a8e0-9fa1e1c542ae|linux_auto_disable_on_write_parser created output: None
2025/07/21 21:13:35|INFO    |829:(ThreadPoolExecutor-0_0)|adaptive_policy|ACTION_ID: 43f36ba6-671d-42ba-a8e0-9fa1e1c542ae|{'apex': [], 'persistence': {'auto_disable_agent': {}, 'edr_archive_parser': {}, 'syslog_parser': {'last_scan': -2191535391.0}, 'net_collector': {}, 'linux_auto_disable_on_write_parser': {'trapsd_avg_cpu': 0.9982176108546583}}, 'output_settings': '{\n"agentDisabledByAdaptivePolicy": false\n}', 'last_analysis': 1753143215}
2025/07/21 21:28:35|INFO    |829:(ThreadPoolExecutor-0_0)|adaptive_policy|ACTION_ID: 43f36ba6-671d-42ba-a8e0-9fa1e1c542ae|Starting adaptive policy engine with kwargs: {}
2025/07/21 21:28:35|INFO    |829:(ThreadPoolExecutor-0_0)|adaptive_policy_utils|ACTION_ID: 43f36ba6-671d-42ba-a8e0-9fa1e1c542ae|Detected traps version: 8.8.0.133595
2025/07/21 21:28:35|INFO    |829:(ThreadPoolExecutor-0_0)|adaptive_policy|ACTION_ID: 43f36ba6-671d-42ba-a8e0-9fa1e1c542ae|{'adaptive_policy_interval': 900}
2025/07/21 21:28:35|INFO    |829:(ThreadPoolExecutor-0_0)|adaptive_policy|ACTION_ID: 43f36ba6-671d-42ba-a8e0-9fa1e1c542ae|Set value of adaptive_policy_interval to 900
2025/07/21 21:28:35|INFO    |829:(ThreadPoolExecutor-0_0)|adaptive_policy|ACTION_ID: 43f36ba6-671d-42ba-a8e0-9fa1e1c542ae|last analysis timestamp: Monday, July 21, 2025 at 09:13:35 PM
2025/07/21 21:28:35|INFO    |829:(ThreadPoolExecutor-0_0)|adaptive_policy|ACTION_ID: 43f36ba6-671d-42ba-a8e0-9fa1e1c542ae|High resolution mode: False
2025/07/21 21:28:35|INFO    |829:(ThreadPoolExecutor-0_0)|adaptive_policy|ACTION_ID: 43f36ba6-671d-42ba-a8e0-9fa1e1c542ae|Time elapsed since the previous normal mode execution: 900 seconds
2025/07/21 21:28:35|INFO    |829:(ThreadPoolExecutor-0_0)|adaptive_policy|ACTION_ID: 43f36ba6-671d-42ba-a8e0-9fa1e1c542ae|Adaptive policy normal operation mode interval: 900
2025/07/21 21:28:35|INFO    |829:(ThreadPoolExecutor-0_0)|adaptive_policy|ACTION_ID: 43f36ba6-671d-42ba-a8e0-9fa1e1c542ae|Adaptive policy normal mode is: ENABLED
2025/07/21 21:28:35|INFO    |829:(ThreadPoolExecutor-0_0)|adaptive_policy|ACTION_ID: 43f36ba6-671d-42ba-a8e0-9fa1e1c542ae|Adding normal operation mode parser
2025/07/21 21:28:35|INFO    |829:(ThreadPoolExecutor-0_0)|adaptive_policy|ACTION_ID: 43f36ba6-671d-42ba-a8e0-9fa1e1c542ae|Found 1 statistics components to analyze
2025/07/21 21:28:35|INFO    |829:(ThreadPoolExecutor-0_0)|adaptive_policy|ACTION_ID: 43f36ba6-671d-42ba-a8e0-9fa1e1c542ae|Running parser: auto_disable_agent
2025/07/21 21:28:35|INFO    |829:(ThreadPoolExecutor-0_0)|adaptive_policy_utils|ACTION_ID: 43f36ba6-671d-42ba-a8e0-9fa1e1c542ae|Detected traps version: 8.8.0.133595
2025/07/21 21:28:35|INFO    |829:(ThreadPoolExecutor-0_0)|auto_disable_parser|ACTION_ID: 43f36ba6-671d-42ba-a8e0-9fa1e1c542ae|Trapsd average CPU usage - normalized 0.988713812751319
2025/07/21 21:28:35|INFO    |829:(ThreadPoolExecutor-0_0)|auto_disable_parser|ACTION_ID: 43f36ba6-671d-42ba-a8e0-9fa1e1c542ae|Trapsd average CPU usage 0.988713812751319
2025/07/21 21:28:35|INFO    |829:(ThreadPoolExecutor-0_0)|auto_disable_parser|ACTION_ID: 43f36ba6-671d-42ba-a8e0-9fa1e1c542ae|Agent in normal state and CPU is normal, waiting for next iteration.
2025/07/21 21:28:35|INFO    |829:(ThreadPoolExecutor-0_0)|auto_disable_parser|ACTION_ID: 43f36ba6-671d-42ba-a8e0-9fa1e1c542ae|trapsd private memory usage 207,876,096
2025/07/21 21:28:35|INFO    |829:(ThreadPoolExecutor-0_0)|auto_disable_parser|ACTION_ID: 43f36ba6-671d-42ba-a8e0-9fa1e1c542ae|Agent in normal state and Memory is normal, waiting for next iteration.
2025/07/21 21:28:35|INFO    |829:(ThreadPoolExecutor-0_0)|adaptive_policy|ACTION_ID: 43f36ba6-671d-42ba-a8e0-9fa1e1c542ae|auto_disable_agent created output: None
2025/07/21 21:28:35|INFO    |829:(ThreadPoolExecutor-0_0)|adaptive_policy|ACTION_ID: 43f36ba6-671d-42ba-a8e0-9fa1e1c542ae|Running parser: edr_archive_parser
2025/07/21 21:28:35|INFO    |829:(ThreadPoolExecutor-0_0)|edr_archive_parser|ACTION_ID: 43f36ba6-671d-42ba-a8e0-9fa1e1c542ae|EDR Archive size: 0.0mb
2025/07/21 21:28:35|INFO    |829:(ThreadPoolExecutor-0_0)|adaptive_policy|ACTION_ID: 43f36ba6-671d-42ba-a8e0-9fa1e1c542ae|edr_archive_parser created output: None
2025/07/21 21:28:35|INFO    |829:(ThreadPoolExecutor-0_0)|adaptive_policy|ACTION_ID: 43f36ba6-671d-42ba-a8e0-9fa1e1c542ae|Running parser: syslog_parser
2025/07/21 21:28:35|INFO    |829:(ThreadPoolExecutor-0_0)|adaptive_policy_utils|ACTION_ID: 43f36ba6-671d-42ba-a8e0-9fa1e1c542ae|Detected traps version: 8.8.0.133595
2025/07/21 21:28:35|INFO    |829:(ThreadPoolExecutor-0_0)|syslog_parser|ACTION_ID: 43f36ba6-671d-42ba-a8e0-9fa1e1c542ae|Injected processes list: ['wickedd-dhcp6', 'couriertcpd', 'pmmasterd', 'authproxy', 'lighttpd', 'tinyproxy', 'mailman', 'wickedd-dhcp4', 'chronyd', 'apache2', 'xinetd', 'named', 'dovecot', 'samba', 'proftpd', 'charon', 'smbd', 'qmgr', 'ndsd', 'ibserver', 'cupsd', 'nscd', 'java', 'httpd', 'nmbd', 'mysqld', 'cyrus_pop3d', 'kamailio', 'pop2d', 'exim', 'pop3d', 'saned', 'squid', 'apache', 'danted', 'mongod', 'vsftpd', 'smartd', 'mysqld_safe', 'starter', 'squid3']
2025/07/21 21:28:35|INFO    |829:(ThreadPoolExecutor-0_0)|syslog_parser|ACTION_ID: 43f36ba6-671d-42ba-a8e0-9fa1e1c542ae|crash_counters: {'wickedd-dhcp6': 0, 'couriertcpd': 0, 'pmmasterd': 0, 'authproxy': 0, 'lighttpd': 0, 'tinyproxy': 0, 'mailman': 0, 'wickedd-dhcp4': 0, 'chronyd': 0, 'apache2': 0, 'xinetd': 0, 'named': 0, 'dovecot': 0, 'samba': 0, 'proftpd': 0, 'charon': 0, 'smbd': 0, 'qmgr': 0, 'ndsd': 0, 'ibserver': 0, 'cupsd': 0, 'nscd': 0, 'java': 0, 'httpd': 0, 'nmbd': 0, 'mysqld': 0, 'cyrus_pop3d': 0, 'kamailio': 0, 'pop2d': 0, 'exim': 0, 'pop3d': 0, 'saned': 0, 'squid': 0, 'apache': 0, 'danted': 0, 'mongod': 0, 'vsftpd': 0, 'smartd': 0, 'mysqld_safe': 0, 'starter': 0, 'squid3': 0}
2025/07/21 21:28:35|INFO    |829:(ThreadPoolExecutor-0_0)|syslog_parser|ACTION_ID: 43f36ba6-671d-42ba-a8e0-9fa1e1c542ae|Dypd statistics are empty. Cannot retrieve injected processes stats
2025/07/21 21:28:35|INFO    |829:(ThreadPoolExecutor-0_0)|syslog_parser|ACTION_ID: 43f36ba6-671d-42ba-a8e0-9fa1e1c542ae|Could not find any crash reports in statistics
2025/07/21 21:28:35|INFO    |829:(ThreadPoolExecutor-0_0)|syslog_parser|ACTION_ID: 43f36ba6-671d-42ba-a8e0-9fa1e1c542ae|Using temporary journal file: /opt/traps/python/scripts/tmp0ek592_0
2025/07/21 21:28:35|INFO    |829:(ThreadPoolExecutor-0_0)|syslog_parser|ACTION_ID: 43f36ba6-671d-42ba-a8e0-9fa1e1c542ae|Log file: /opt/traps/python/scripts/tmp0ek592_0 detected.
2025/07/21 21:28:35|INFO    |829:(ThreadPoolExecutor-0_0)|syslog_parser|ACTION_ID: 43f36ba6-671d-42ba-a8e0-9fa1e1c542ae|Syslog format RFC 3164 detected for line: Jul 21 19:21:28 linux-lab02 kernel: pci 0000:00:16.7: BAR 13: no space for [io  size 0x1000]

2025/07/21 21:28:35|INFO    |829:(ThreadPoolExecutor-0_0)|syslog_parser|ACTION_ID: 43f36ba6-671d-42ba-a8e0-9fa1e1c542ae|Start monitor /opt/traps/python/scripts/tmp0ek592_0
2025/07/21 21:28:35|INFO    |829:(ThreadPoolExecutor-0_0)|syslog_parser|ACTION_ID: 43f36ba6-671d-42ba-a8e0-9fa1e1c542ae|Stopping to read lines as iterator has maxed out
2025/07/21 21:28:35|INFO    |829:(ThreadPoolExecutor-0_0)|syslog_parser|ACTION_ID: 43f36ba6-671d-42ba-a8e0-9fa1e1c542ae|saving last line date:: 21/07/1900 21:27:39
2025/07/21 21:28:35|INFO    |829:(ThreadPoolExecutor-0_0)|syslog_parser|ACTION_ID: 43f36ba6-671d-42ba-a8e0-9fa1e1c542ae|9 lines scanned by parser
2025/07/21 21:28:35|INFO    |829:(ThreadPoolExecutor-0_0)|adaptive_policy|ACTION_ID: 43f36ba6-671d-42ba-a8e0-9fa1e1c542ae|syslog_parser created output: None
2025/07/21 21:28:35|INFO    |829:(ThreadPoolExecutor-0_0)|adaptive_policy|ACTION_ID: 43f36ba6-671d-42ba-a8e0-9fa1e1c542ae|Running parser: net_collector
2025/07/21 21:28:35|INFO    |829:(ThreadPoolExecutor-0_0)|net_collector_parser|ACTION_ID: 43f36ba6-671d-42ba-a8e0-9fa1e1c542ae|NetCollector parser started
2025/07/21 21:28:35|INFO    |829:(ThreadPoolExecutor-0_0)|net_collector_parser|ACTION_ID: 43f36ba6-671d-42ba-a8e0-9fa1e1c542ae|System: cpu=3.0% idle=97.0%
2025/07/21 21:28:35|INFO    |829:(ThreadPoolExecutor-0_0)|net_collector_parser|ACTION_ID: 43f36ba6-671d-42ba-a8e0-9fa1e1c542ae|Thread CloudMetadata: cpu=0%
2025/07/21 21:28:35|INFO    |829:(ThreadPoolExecutor-0_0)|net_collector_parser|ACTION_ID: 43f36ba6-671d-42ba-a8e0-9fa1e1c542ae|Thread InjectedProcesses: cpu=0%
2025/07/21 21:28:35|INFO    |829:(ThreadPoolExecutor-0_0)|net_collector_parser|ACTION_ID: 43f36ba6-671d-42ba-a8e0-9fa1e1c542ae|Thread clad: cpu=0%
2025/07/21 21:28:35|INFO    |829:(ThreadPoolExecutor-0_0)|net_collector_parser|ACTION_ID: 43f36ba6-671d-42ba-a8e0-9fa1e1c542ae|Thread dypdng: cpu=0%
2025/07/21 21:28:35|INFO    |829:(ThreadPoolExecutor-0_0)|net_collector_parser|ACTION_ID: 43f36ba6-671d-42ba-a8e0-9fa1e1c542ae|Thread pmd: cpu=0%
2025/07/21 21:28:35|INFO    |829:(ThreadPoolExecutor-0_0)|net_collector_parser|ACTION_ID: 43f36ba6-671d-42ba-a8e0-9fa1e1c542ae|Thread pyxd: cpu=0%
2025/07/21 21:28:35|INFO    |829:(ThreadPoolExecutor-0_0)|net_collector_parser|ACTION_ID: 43f36ba6-671d-42ba-a8e0-9fa1e1c542ae|Thread sandboxd: cpu=0%
2025/07/21 21:28:35|INFO    |829:(ThreadPoolExecutor-0_0)|adaptive_policy|ACTION_ID: 43f36ba6-671d-42ba-a8e0-9fa1e1c542ae|net_collector created output: None
2025/07/21 21:28:35|INFO    |829:(ThreadPoolExecutor-0_0)|adaptive_policy|ACTION_ID: 43f36ba6-671d-42ba-a8e0-9fa1e1c542ae|Running parser: linux_auto_disable_on_write_parser
2025/07/21 21:28:35|INFO    |829:(ThreadPoolExecutor-0_0)|adaptive_policy_utils|ACTION_ID: 43f36ba6-671d-42ba-a8e0-9fa1e1c542ae|Detected traps version: 8.8.0.133595
2025/07/21 21:28:35|INFO    |829:(ThreadPoolExecutor-0_0)|linux_auto_disable_on_write_parser|ACTION_ID: 43f36ba6-671d-42ba-a8e0-9fa1e1c542ae|CPU is normal, waiting for next iteration.
2025/07/21 21:28:35|INFO    |829:(ThreadPoolExecutor-0_0)|adaptive_policy|ACTION_ID: 43f36ba6-671d-42ba-a8e0-9fa1e1c542ae|linux_auto_disable_on_write_parser created output: None
2025/07/21 21:28:35|INFO    |829:(ThreadPoolExecutor-0_0)|adaptive_policy|ACTION_ID: 43f36ba6-671d-42ba-a8e0-9fa1e1c542ae|{'apex': [], 'persistence': {'auto_disable_agent': {}, 'edr_archive_parser': {}, 'syslog_parser': {'last_scan': -2191533953.0}, 'net_collector': {}, 'linux_auto_disable_on_write_parser': {'trapsd_avg_cpu': 0.988713812751319}}, 'output_settings': '{\n"agentDisabledByAdaptivePolicy": false\n}', 'last_analysis': 1753144115}
2025/07/21 21:43:36|INFO    |829:(ThreadPoolExecutor-0_0)|adaptive_policy|ACTION_ID: 43f36ba6-671d-42ba-a8e0-9fa1e1c542ae|Starting adaptive policy engine with kwargs: {}
2025/07/21 21:43:36|INFO    |829:(ThreadPoolExecutor-0_0)|adaptive_policy_utils|ACTION_ID: 43f36ba6-671d-42ba-a8e0-9fa1e1c542ae|Detected traps version: 8.8.0.133595
2025/07/21 21:43:36|INFO    |829:(ThreadPoolExecutor-0_0)|adaptive_policy|ACTION_ID: 43f36ba6-671d-42ba-a8e0-9fa1e1c542ae|{'adaptive_policy_interval': 900}
2025/07/21 21:43:36|INFO    |829:(ThreadPoolExecutor-0_0)|adaptive_policy|ACTION_ID: 43f36ba6-671d-42ba-a8e0-9fa1e1c542ae|Set value of adaptive_policy_interval to 900
2025/07/21 21:43:36|INFO    |829:(ThreadPoolExecutor-0_0)|adaptive_policy|ACTION_ID: 43f36ba6-671d-42ba-a8e0-9fa1e1c542ae|last analysis timestamp: Monday, July 21, 2025 at 09:28:35 PM
2025/07/21 21:43:36|INFO    |829:(ThreadPoolExecutor-0_0)|adaptive_policy|ACTION_ID: 43f36ba6-671d-42ba-a8e0-9fa1e1c542ae|High resolution mode: False
2025/07/21 21:43:36|INFO    |829:(ThreadPoolExecutor-0_0)|adaptive_policy|ACTION_ID: 43f36ba6-671d-42ba-a8e0-9fa1e1c542ae|Time elapsed since the previous normal mode execution: 901 seconds
2025/07/21 21:43:36|INFO    |829:(ThreadPoolExecutor-0_0)|adaptive_policy|ACTION_ID: 43f36ba6-671d-42ba-a8e0-9fa1e1c542ae|Adaptive policy normal operation mode interval: 900
2025/07/21 21:43:36|INFO    |829:(ThreadPoolExecutor-0_0)|adaptive_policy|ACTION_ID: 43f36ba6-671d-42ba-a8e0-9fa1e1c542ae|Adaptive policy normal mode is: ENABLED
2025/07/21 21:43:36|INFO    |829:(ThreadPoolExecutor-0_0)|adaptive_policy|ACTION_ID: 43f36ba6-671d-42ba-a8e0-9fa1e1c542ae|Adding normal operation mode parser
2025/07/21 21:43:36|INFO    |829:(ThreadPoolExecutor-0_0)|adaptive_policy|ACTION_ID: 43f36ba6-671d-42ba-a8e0-9fa1e1c542ae|Found 1 statistics components to analyze
2025/07/21 21:43:36|INFO    |829:(ThreadPoolExecutor-0_0)|adaptive_policy|ACTION_ID: 43f36ba6-671d-42ba-a8e0-9fa1e1c542ae|Running parser: auto_disable_agent
2025/07/21 21:43:36|INFO    |829:(ThreadPoolExecutor-0_0)|adaptive_policy_utils|ACTION_ID: 43f36ba6-671d-42ba-a8e0-9fa1e1c542ae|Detected traps version: 8.8.0.133595
2025/07/21 21:43:36|INFO    |829:(ThreadPoolExecutor-0_0)|auto_disable_parser|ACTION_ID: 43f36ba6-671d-42ba-a8e0-9fa1e1c542ae|Trapsd average CPU usage - normalized 0.9328958820887684
2025/07/21 21:43:36|INFO    |829:(ThreadPoolExecutor-0_0)|auto_disable_parser|ACTION_ID: 43f36ba6-671d-42ba-a8e0-9fa1e1c542ae|Trapsd average CPU usage 0.9328958820887684
2025/07/21 21:43:36|INFO    |829:(ThreadPoolExecutor-0_0)|auto_disable_parser|ACTION_ID: 43f36ba6-671d-42ba-a8e0-9fa1e1c542ae|Agent in normal state and CPU is normal, waiting for next iteration.
2025/07/21 21:43:36|INFO    |829:(ThreadPoolExecutor-0_0)|auto_disable_parser|ACTION_ID: 43f36ba6-671d-42ba-a8e0-9fa1e1c542ae|trapsd private memory usage 209,465,344
2025/07/21 21:43:36|INFO    |829:(ThreadPoolExecutor-0_0)|auto_disable_parser|ACTION_ID: 43f36ba6-671d-42ba-a8e0-9fa1e1c542ae|Agent in normal state and Memory is normal, waiting for next iteration.
2025/07/21 21:43:36|INFO    |829:(ThreadPoolExecutor-0_0)|adaptive_policy|ACTION_ID: 43f36ba6-671d-42ba-a8e0-9fa1e1c542ae|auto_disable_agent created output: None
2025/07/21 21:43:36|INFO    |829:(ThreadPoolExecutor-0_0)|adaptive_policy|ACTION_ID: 43f36ba6-671d-42ba-a8e0-9fa1e1c542ae|Running parser: edr_archive_parser
2025/07/21 21:43:36|INFO    |829:(ThreadPoolExecutor-0_0)|edr_archive_parser|ACTION_ID: 43f36ba6-671d-42ba-a8e0-9fa1e1c542ae|EDR Archive size: 0.0mb
2025/07/21 21:43:36|INFO    |829:(ThreadPoolExecutor-0_0)|adaptive_policy|ACTION_ID: 43f36ba6-671d-42ba-a8e0-9fa1e1c542ae|edr_archive_parser created output: None
2025/07/21 21:43:36|INFO    |829:(ThreadPoolExecutor-0_0)|adaptive_policy|ACTION_ID: 43f36ba6-671d-42ba-a8e0-9fa1e1c542ae|Running parser: syslog_parser
2025/07/21 21:43:36|INFO    |829:(ThreadPoolExecutor-0_0)|adaptive_policy_utils|ACTION_ID: 43f36ba6-671d-42ba-a8e0-9fa1e1c542ae|Detected traps version: 8.8.0.133595
2025/07/21 21:43:36|INFO    |829:(ThreadPoolExecutor-0_0)|syslog_parser|ACTION_ID: 43f36ba6-671d-42ba-a8e0-9fa1e1c542ae|Injected processes list: ['wickedd-dhcp6', 'couriertcpd', 'pmmasterd', 'authproxy', 'lighttpd', 'tinyproxy', 'mailman', 'wickedd-dhcp4', 'chronyd', 'apache2', 'xinetd', 'named', 'dovecot', 'samba', 'proftpd', 'charon', 'smbd', 'qmgr', 'ndsd', 'ibserver', 'cupsd', 'nscd', 'java', 'httpd', 'nmbd', 'mysqld', 'cyrus_pop3d', 'kamailio', 'pop2d', 'exim', 'pop3d', 'saned', 'squid', 'apache', 'danted', 'mongod', 'vsftpd', 'smartd', 'mysqld_safe', 'starter', 'squid3']
2025/07/21 21:43:36|INFO    |829:(ThreadPoolExecutor-0_0)|syslog_parser|ACTION_ID: 43f36ba6-671d-42ba-a8e0-9fa1e1c542ae|crash_counters: {'wickedd-dhcp6': 0, 'couriertcpd': 0, 'pmmasterd': 0, 'authproxy': 0, 'lighttpd': 0, 'tinyproxy': 0, 'mailman': 0, 'wickedd-dhcp4': 0, 'chronyd': 0, 'apache2': 0, 'xinetd': 0, 'named': 0, 'dovecot': 0, 'samba': 0, 'proftpd': 0, 'charon': 0, 'smbd': 0, 'qmgr': 0, 'ndsd': 0, 'ibserver': 0, 'cupsd': 0, 'nscd': 0, 'java': 0, 'httpd': 0, 'nmbd': 0, 'mysqld': 0, 'cyrus_pop3d': 0, 'kamailio': 0, 'pop2d': 0, 'exim': 0, 'pop3d': 0, 'saned': 0, 'squid': 0, 'apache': 0, 'danted': 0, 'mongod': 0, 'vsftpd': 0, 'smartd': 0, 'mysqld_safe': 0, 'starter': 0, 'squid3': 0}
2025/07/21 21:43:36|INFO    |829:(ThreadPoolExecutor-0_0)|syslog_parser|ACTION_ID: 43f36ba6-671d-42ba-a8e0-9fa1e1c542ae|Dypd statistics are empty. Cannot retrieve injected processes stats
2025/07/21 21:43:36|INFO    |829:(ThreadPoolExecutor-0_0)|syslog_parser|ACTION_ID: 43f36ba6-671d-42ba-a8e0-9fa1e1c542ae|Could not find any crash reports in statistics
2025/07/21 21:43:36|INFO    |829:(ThreadPoolExecutor-0_0)|syslog_parser|ACTION_ID: 43f36ba6-671d-42ba-a8e0-9fa1e1c542ae|Using temporary journal file: /opt/traps/python/scripts/tmpyg9ea2cp
2025/07/21 21:43:36|INFO    |829:(ThreadPoolExecutor-0_0)|syslog_parser|ACTION_ID: 43f36ba6-671d-42ba-a8e0-9fa1e1c542ae|Log file: /opt/traps/python/scripts/tmpyg9ea2cp detected.
2025/07/21 21:43:36|INFO    |829:(ThreadPoolExecutor-0_0)|syslog_parser|ACTION_ID: 43f36ba6-671d-42ba-a8e0-9fa1e1c542ae|Syslog format RFC 3164 detected for line: Jul 21 19:21:28 linux-lab02 kernel: pci 0000:00:17.3: BAR 13: failed to assign [io  size 0x1000]

2025/07/21 21:43:36|INFO    |829:(ThreadPoolExecutor-0_0)|syslog_parser|ACTION_ID: 43f36ba6-671d-42ba-a8e0-9fa1e1c542ae|Start monitor /opt/traps/python/scripts/tmpyg9ea2cp
2025/07/21 21:43:36|INFO    |829:(ThreadPoolExecutor-0_0)|syslog_parser|ACTION_ID: 43f36ba6-671d-42ba-a8e0-9fa1e1c542ae|Stopping to read lines as iterator has maxed out
2025/07/21 21:43:36|INFO    |829:(ThreadPoolExecutor-0_0)|syslog_parser|ACTION_ID: 43f36ba6-671d-42ba-a8e0-9fa1e1c542ae|saving last line date:: 21/07/1900 21:39:53
2025/07/21 21:43:36|INFO    |829:(ThreadPoolExecutor-0_0)|syslog_parser|ACTION_ID: 43f36ba6-671d-42ba-a8e0-9fa1e1c542ae|3 lines scanned by parser
2025/07/21 21:43:36|INFO    |829:(ThreadPoolExecutor-0_0)|adaptive_policy|ACTION_ID: 43f36ba6-671d-42ba-a8e0-9fa1e1c542ae|syslog_parser created output: None
2025/07/21 21:43:36|INFO    |829:(ThreadPoolExecutor-0_0)|adaptive_policy|ACTION_ID: 43f36ba6-671d-42ba-a8e0-9fa1e1c542ae|Running parser: net_collector
2025/07/21 21:43:36|INFO    |829:(ThreadPoolExecutor-0_0)|net_collector_parser|ACTION_ID: 43f36ba6-671d-42ba-a8e0-9fa1e1c542ae|NetCollector parser started
2025/07/21 21:43:36|INFO    |829:(ThreadPoolExecutor-0_0)|net_collector_parser|ACTION_ID: 43f36ba6-671d-42ba-a8e0-9fa1e1c542ae|System: cpu=3.0% idle=97.0%
2025/07/21 21:43:36|INFO    |829:(ThreadPoolExecutor-0_0)|net_collector_parser|ACTION_ID: 43f36ba6-671d-42ba-a8e0-9fa1e1c542ae|Thread CloudMetadata: cpu=0%
2025/07/21 21:43:36|INFO    |829:(ThreadPoolExecutor-0_0)|net_collector_parser|ACTION_ID: 43f36ba6-671d-42ba-a8e0-9fa1e1c542ae|Thread InjectedProcesses: cpu=0%
2025/07/21 21:43:36|INFO    |829:(ThreadPoolExecutor-0_0)|net_collector_parser|ACTION_ID: 43f36ba6-671d-42ba-a8e0-9fa1e1c542ae|Thread clad: cpu=0%
2025/07/21 21:43:36|INFO    |829:(ThreadPoolExecutor-0_0)|net_collector_parser|ACTION_ID: 43f36ba6-671d-42ba-a8e0-9fa1e1c542ae|Thread dypdng: cpu=0%
2025/07/21 21:43:36|INFO    |829:(ThreadPoolExecutor-0_0)|net_collector_parser|ACTION_ID: 43f36ba6-671d-42ba-a8e0-9fa1e1c542ae|Thread pmd: cpu=0%
2025/07/21 21:43:36|INFO    |829:(ThreadPoolExecutor-0_0)|net_collector_parser|ACTION_ID: 43f36ba6-671d-42ba-a8e0-9fa1e1c542ae|Thread pyxd: cpu=0%
2025/07/21 21:43:36|INFO    |829:(ThreadPoolExecutor-0_0)|net_collector_parser|ACTION_ID: 43f36ba6-671d-42ba-a8e0-9fa1e1c542ae|Thread sandboxd: cpu=0%
2025/07/21 21:43:36|INFO    |829:(ThreadPoolExecutor-0_0)|adaptive_policy|ACTION_ID: 43f36ba6-671d-42ba-a8e0-9fa1e1c542ae|net_collector created output: None
2025/07/21 21:43:36|INFO    |829:(ThreadPoolExecutor-0_0)|adaptive_policy|ACTION_ID: 43f36ba6-671d-42ba-a8e0-9fa1e1c542ae|Running parser: linux_auto_disable_on_write_parser
2025/07/21 21:43:36|INFO    |829:(ThreadPoolExecutor-0_0)|adaptive_policy_utils|ACTION_ID: 43f36ba6-671d-42ba-a8e0-9fa1e1c542ae|Detected traps version: 8.8.0.133595
2025/07/21 21:43:36|INFO    |829:(ThreadPoolExecutor-0_0)|linux_auto_disable_on_write_parser|ACTION_ID: 43f36ba6-671d-42ba-a8e0-9fa1e1c542ae|CPU is normal, waiting for next iteration.
2025/07/21 21:43:36|INFO    |829:(ThreadPoolExecutor-0_0)|adaptive_policy|ACTION_ID: 43f36ba6-671d-42ba-a8e0-9fa1e1c542ae|linux_auto_disable_on_write_parser created output: None
2025/07/21 21:43:36|INFO    |829:(ThreadPoolExecutor-0_0)|adaptive_policy|ACTION_ID: 43f36ba6-671d-42ba-a8e0-9fa1e1c542ae|{'apex': [], 'persistence': {'auto_disable_agent': {}, 'edr_archive_parser': {}, 'syslog_parser': {'last_scan': -2191533219.0}, 'net_collector': {}, 'linux_auto_disable_on_write_parser': {'trapsd_avg_cpu': 0.9328958820887684}}, 'output_settings': '{\n"agentDisabledByAdaptivePolicy": false\n}', 'last_analysis': 1753145016}
2025/07/21 21:58:36|INFO    |829:(ThreadPoolExecutor-0_0)|adaptive_policy|ACTION_ID: 43f36ba6-671d-42ba-a8e0-9fa1e1c542ae|Starting adaptive policy engine with kwargs: {}
2025/07/21 21:58:36|INFO    |829:(ThreadPoolExecutor-0_0)|adaptive_policy_utils|ACTION_ID: 43f36ba6-671d-42ba-a8e0-9fa1e1c542ae|Detected traps version: 8.8.0.133595
2025/07/21 21:58:36|INFO    |829:(ThreadPoolExecutor-0_0)|adaptive_policy|ACTION_ID: 43f36ba6-671d-42ba-a8e0-9fa1e1c542ae|{'adaptive_policy_interval': 900}
2025/07/21 21:58:36|INFO    |829:(ThreadPoolExecutor-0_0)|adaptive_policy|ACTION_ID: 43f36ba6-671d-42ba-a8e0-9fa1e1c542ae|Set value of adaptive_policy_interval to 900
2025/07/21 21:58:36|INFO    |829:(ThreadPoolExecutor-0_0)|adaptive_policy|ACTION_ID: 43f36ba6-671d-42ba-a8e0-9fa1e1c542ae|last analysis timestamp: Monday, July 21, 2025 at 09:43:36 PM
2025/07/21 21:58:36|INFO    |829:(ThreadPoolExecutor-0_0)|adaptive_policy|ACTION_ID: 43f36ba6-671d-42ba-a8e0-9fa1e1c542ae|High resolution mode: False
2025/07/21 21:58:36|INFO    |829:(ThreadPoolExecutor-0_0)|adaptive_policy|ACTION_ID: 43f36ba6-671d-42ba-a8e0-9fa1e1c542ae|Time elapsed since the previous normal mode execution: 900 seconds
2025/07/21 21:58:36|INFO    |829:(ThreadPoolExecutor-0_0)|adaptive_policy|ACTION_ID: 43f36ba6-671d-42ba-a8e0-9fa1e1c542ae|Adaptive policy normal operation mode interval: 900
2025/07/21 21:58:36|INFO    |829:(ThreadPoolExecutor-0_0)|adaptive_policy|ACTION_ID: 43f36ba6-671d-42ba-a8e0-9fa1e1c542ae|Adaptive policy normal mode is: ENABLED
2025/07/21 21:58:36|INFO    |829:(ThreadPoolExecutor-0_0)|adaptive_policy|ACTION_ID: 43f36ba6-671d-42ba-a8e0-9fa1e1c542ae|Adding normal operation mode parser
2025/07/21 21:58:36|INFO    |829:(ThreadPoolExecutor-0_0)|adaptive_policy|ACTION_ID: 43f36ba6-671d-42ba-a8e0-9fa1e1c542ae|Found 1 statistics components to analyze
2025/07/21 21:58:36|INFO    |829:(ThreadPoolExecutor-0_0)|adaptive_policy|ACTION_ID: 43f36ba6-671d-42ba-a8e0-9fa1e1c542ae|Running parser: auto_disable_agent
2025/07/21 21:58:36|INFO    |829:(ThreadPoolExecutor-0_0)|adaptive_policy_utils|ACTION_ID: 43f36ba6-671d-42ba-a8e0-9fa1e1c542ae|Detected traps version: 8.8.0.133595
2025/07/21 21:58:36|INFO    |829:(ThreadPoolExecutor-0_0)|auto_disable_parser|ACTION_ID: 43f36ba6-671d-42ba-a8e0-9fa1e1c542ae|Trapsd average CPU usage - normalized 0.9667438928292006
2025/07/21 21:58:36|INFO    |829:(ThreadPoolExecutor-0_0)|auto_disable_parser|ACTION_ID: 43f36ba6-671d-42ba-a8e0-9fa1e1c542ae|Trapsd average CPU usage 0.9667438928292006
2025/07/21 21:58:36|INFO    |829:(ThreadPoolExecutor-0_0)|auto_disable_parser|ACTION_ID: 43f36ba6-671d-42ba-a8e0-9fa1e1c542ae|Agent in normal state and CPU is normal, waiting for next iteration.
2025/07/21 21:58:36|INFO    |829:(ThreadPoolExecutor-0_0)|auto_disable_parser|ACTION_ID: 43f36ba6-671d-42ba-a8e0-9fa1e1c542ae|trapsd private memory usage 211,607,552
2025/07/21 21:58:36|INFO    |829:(ThreadPoolExecutor-0_0)|auto_disable_parser|ACTION_ID: 43f36ba6-671d-42ba-a8e0-9fa1e1c542ae|Agent in normal state and Memory is normal, waiting for next iteration.
2025/07/21 21:58:36|INFO    |829:(ThreadPoolExecutor-0_0)|adaptive_policy|ACTION_ID: 43f36ba6-671d-42ba-a8e0-9fa1e1c542ae|auto_disable_agent created output: None
2025/07/21 21:58:36|INFO    |829:(ThreadPoolExecutor-0_0)|adaptive_policy|ACTION_ID: 43f36ba6-671d-42ba-a8e0-9fa1e1c542ae|Running parser: edr_archive_parser
2025/07/21 21:58:36|INFO    |829:(ThreadPoolExecutor-0_0)|edr_archive_parser|ACTION_ID: 43f36ba6-671d-42ba-a8e0-9fa1e1c542ae|EDR Archive size: 0.0mb
2025/07/21 21:58:36|INFO    |829:(ThreadPoolExecutor-0_0)|adaptive_policy|ACTION_ID: 43f36ba6-671d-42ba-a8e0-9fa1e1c542ae|edr_archive_parser created output: None
2025/07/21 21:58:36|INFO    |829:(ThreadPoolExecutor-0_0)|adaptive_policy|ACTION_ID: 43f36ba6-671d-42ba-a8e0-9fa1e1c542ae|Running parser: syslog_parser
2025/07/21 21:58:36|INFO    |829:(ThreadPoolExecutor-0_0)|adaptive_policy_utils|ACTION_ID: 43f36ba6-671d-42ba-a8e0-9fa1e1c542ae|Detected traps version: 8.8.0.133595
2025/07/21 21:58:36|INFO    |829:(ThreadPoolExecutor-0_0)|syslog_parser|ACTION_ID: 43f36ba6-671d-42ba-a8e0-9fa1e1c542ae|Injected processes list: ['wickedd-dhcp6', 'couriertcpd', 'pmmasterd', 'authproxy', 'lighttpd', 'tinyproxy', 'mailman', 'wickedd-dhcp4', 'chronyd', 'apache2', 'xinetd', 'named', 'dovecot', 'samba', 'proftpd', 'charon', 'smbd', 'qmgr', 'ndsd', 'ibserver', 'cupsd', 'nscd', 'java', 'httpd', 'nmbd', 'mysqld', 'cyrus_pop3d', 'kamailio', 'pop2d', 'exim', 'pop3d', 'saned', 'squid', 'apache', 'danted', 'mongod', 'vsftpd', 'smartd', 'mysqld_safe', 'starter', 'squid3']
2025/07/21 21:58:36|INFO    |829:(ThreadPoolExecutor-0_0)|syslog_parser|ACTION_ID: 43f36ba6-671d-42ba-a8e0-9fa1e1c542ae|crash_counters: {'wickedd-dhcp6': 0, 'couriertcpd': 0, 'pmmasterd': 0, 'authproxy': 0, 'lighttpd': 0, 'tinyproxy': 0, 'mailman': 0, 'wickedd-dhcp4': 0, 'chronyd': 0, 'apache2': 0, 'xinetd': 0, 'named': 0, 'dovecot': 0, 'samba': 0, 'proftpd': 0, 'charon': 0, 'smbd': 0, 'qmgr': 0, 'ndsd': 0, 'ibserver': 0, 'cupsd': 0, 'nscd': 0, 'java': 0, 'httpd': 0, 'nmbd': 0, 'mysqld': 0, 'cyrus_pop3d': 0, 'kamailio': 0, 'pop2d': 0, 'exim': 0, 'pop3d': 0, 'saned': 0, 'squid': 0, 'apache': 0, 'danted': 0, 'mongod': 0, 'vsftpd': 0, 'smartd': 0, 'mysqld_safe': 0, 'starter': 0, 'squid3': 0}
2025/07/21 21:58:36|INFO    |829:(ThreadPoolExecutor-0_0)|syslog_parser|ACTION_ID: 43f36ba6-671d-42ba-a8e0-9fa1e1c542ae|Dypd statistics are empty. Cannot retrieve injected processes stats
2025/07/21 21:58:36|INFO    |829:(ThreadPoolExecutor-0_0)|syslog_parser|ACTION_ID: 43f36ba6-671d-42ba-a8e0-9fa1e1c542ae|Could not find any crash reports in statistics
2025/07/21 21:58:36|INFO    |829:(ThreadPoolExecutor-0_0)|syslog_parser|ACTION_ID: 43f36ba6-671d-42ba-a8e0-9fa1e1c542ae|Using temporary journal file: /opt/traps/python/scripts/tmpgc13ud44
2025/07/21 21:58:36|INFO    |829:(ThreadPoolExecutor-0_0)|syslog_parser|ACTION_ID: 43f36ba6-671d-42ba-a8e0-9fa1e1c542ae|Log file: /opt/traps/python/scripts/tmpgc13ud44 detected.
2025/07/21 21:58:36|INFO    |829:(ThreadPoolExecutor-0_0)|syslog_parser|ACTION_ID: 43f36ba6-671d-42ba-a8e0-9fa1e1c542ae|Syslog format RFC 3164 detected for line: Jul 21 19:21:28 linux-lab02 kernel: pci 0000:00:17.5: BAR 13: no space for [io  size 0x1000]

2025/07/21 21:58:36|INFO    |829:(ThreadPoolExecutor-0_0)|syslog_parser|ACTION_ID: 43f36ba6-671d-42ba-a8e0-9fa1e1c542ae|Start monitor /opt/traps/python/scripts/tmpgc13ud44
2025/07/21 21:58:36|INFO    |829:(ThreadPoolExecutor-0_0)|syslog_parser|ACTION_ID: 43f36ba6-671d-42ba-a8e0-9fa1e1c542ae|Stopping to read lines as iterator has maxed out
2025/07/21 21:58:36|INFO    |829:(ThreadPoolExecutor-0_0)|syslog_parser|ACTION_ID: 43f36ba6-671d-42ba-a8e0-9fa1e1c542ae|saving last line date:: 21/07/1900 21:54:34
2025/07/21 21:58:36|INFO    |829:(ThreadPoolExecutor-0_0)|syslog_parser|ACTION_ID: 43f36ba6-671d-42ba-a8e0-9fa1e1c542ae|3 lines scanned by parser
2025/07/21 21:58:36|INFO    |829:(ThreadPoolExecutor-0_0)|adaptive_policy|ACTION_ID: 43f36ba6-671d-42ba-a8e0-9fa1e1c542ae|syslog_parser created output: None
2025/07/21 21:58:36|INFO    |829:(ThreadPoolExecutor-0_0)|adaptive_policy|ACTION_ID: 43f36ba6-671d-42ba-a8e0-9fa1e1c542ae|Running parser: net_collector
2025/07/21 21:58:36|INFO    |829:(ThreadPoolExecutor-0_0)|net_collector_parser|ACTION_ID: 43f36ba6-671d-42ba-a8e0-9fa1e1c542ae|NetCollector parser started
2025/07/21 21:58:36|INFO    |829:(ThreadPoolExecutor-0_0)|net_collector_parser|ACTION_ID: 43f36ba6-671d-42ba-a8e0-9fa1e1c542ae|System: cpu=3.0% idle=97.0%
2025/07/21 21:58:36|INFO    |829:(ThreadPoolExecutor-0_0)|net_collector_parser|ACTION_ID: 43f36ba6-671d-42ba-a8e0-9fa1e1c542ae|Thread CloudMetadata: cpu=0%
2025/07/21 21:58:36|INFO    |829:(ThreadPoolExecutor-0_0)|net_collector_parser|ACTION_ID: 43f36ba6-671d-42ba-a8e0-9fa1e1c542ae|Thread InjectedProcesses: cpu=0%
2025/07/21 21:58:36|INFO    |829:(ThreadPoolExecutor-0_0)|net_collector_parser|ACTION_ID: 43f36ba6-671d-42ba-a8e0-9fa1e1c542ae|Thread clad: cpu=0%
2025/07/21 21:58:36|INFO    |829:(ThreadPoolExecutor-0_0)|net_collector_parser|ACTION_ID: 43f36ba6-671d-42ba-a8e0-9fa1e1c542ae|Thread dypdng: cpu=0%
2025/07/21 21:58:36|INFO    |829:(ThreadPoolExecutor-0_0)|net_collector_parser|ACTION_ID: 43f36ba6-671d-42ba-a8e0-9fa1e1c542ae|Thread pmd: cpu=0%
2025/07/21 21:58:36|INFO    |829:(ThreadPoolExecutor-0_0)|net_collector_parser|ACTION_ID: 43f36ba6-671d-42ba-a8e0-9fa1e1c542ae|Thread pyxd: cpu=0%
2025/07/21 21:58:36|INFO    |829:(ThreadPoolExecutor-0_0)|net_collector_parser|ACTION_ID: 43f36ba6-671d-42ba-a8e0-9fa1e1c542ae|Thread sandboxd: cpu=0%
2025/07/21 21:58:36|INFO    |829:(ThreadPoolExecutor-0_0)|adaptive_policy|ACTION_ID: 43f36ba6-671d-42ba-a8e0-9fa1e1c542ae|net_collector created output: None
2025/07/21 21:58:36|INFO    |829:(ThreadPoolExecutor-0_0)|adaptive_policy|ACTION_ID: 43f36ba6-671d-42ba-a8e0-9fa1e1c542ae|Running parser: linux_auto_disable_on_write_parser
2025/07/21 21:58:36|INFO    |829:(ThreadPoolExecutor-0_0)|adaptive_policy_utils|ACTION_ID: 43f36ba6-671d-42ba-a8e0-9fa1e1c542ae|Detected traps version: 8.8.0.133595
2025/07/21 21:58:36|INFO    |829:(ThreadPoolExecutor-0_0)|linux_auto_disable_on_write_parser|ACTION_ID: 43f36ba6-671d-42ba-a8e0-9fa1e1c542ae|CPU is normal, waiting for next iteration.
2025/07/21 21:58:36|INFO    |829:(ThreadPoolExecutor-0_0)|adaptive_policy|ACTION_ID: 43f36ba6-671d-42ba-a8e0-9fa1e1c542ae|linux_auto_disable_on_write_parser created output: None
2025/07/21 21:58:36|INFO    |829:(ThreadPoolExecutor-0_0)|adaptive_policy|ACTION_ID: 43f36ba6-671d-42ba-a8e0-9fa1e1c542ae|{'apex': [], 'persistence': {'auto_disable_agent': {}, 'edr_archive_parser': {}, 'syslog_parser': {'last_scan': -2191532338.0}, 'net_collector': {}, 'linux_auto_disable_on_write_parser': {'trapsd_avg_cpu': 0.9667438928292006}}, 'output_settings': '{\n"agentDisabledByAdaptivePolicy": false\n}', 'last_analysis': 1753145916}
2025/07/21 22:13:36|INFO    |829:(ThreadPoolExecutor-0_0)|adaptive_policy|ACTION_ID: 43f36ba6-671d-42ba-a8e0-9fa1e1c542ae|Starting adaptive policy engine with kwargs: {}
2025/07/21 22:13:36|INFO    |829:(ThreadPoolExecutor-0_0)|adaptive_policy_utils|ACTION_ID: 43f36ba6-671d-42ba-a8e0-9fa1e1c542ae|Detected traps version: 8.8.0.133595
2025/07/21 22:13:36|INFO    |829:(ThreadPoolExecutor-0_0)|adaptive_policy|ACTION_ID: 43f36ba6-671d-42ba-a8e0-9fa1e1c542ae|{'adaptive_policy_interval': 900}
2025/07/21 22:13:36|INFO    |829:(ThreadPoolExecutor-0_0)|adaptive_policy|ACTION_ID: 43f36ba6-671d-42ba-a8e0-9fa1e1c542ae|Set value of adaptive_policy_interval to 900
2025/07/21 22:13:36|INFO    |829:(ThreadPoolExecutor-0_0)|adaptive_policy|ACTION_ID: 43f36ba6-671d-42ba-a8e0-9fa1e1c542ae|last analysis timestamp: Monday, July 21, 2025 at 09:58:36 PM
2025/07/21 22:13:36|INFO    |829:(ThreadPoolExecutor-0_0)|adaptive_policy|ACTION_ID: 43f36ba6-671d-42ba-a8e0-9fa1e1c542ae|High resolution mode: False
2025/07/21 22:13:36|INFO    |829:(ThreadPoolExecutor-0_0)|adaptive_policy|ACTION_ID: 43f36ba6-671d-42ba-a8e0-9fa1e1c542ae|Time elapsed since the previous normal mode execution: 900 seconds
2025/07/21 22:13:36|INFO    |829:(ThreadPoolExecutor-0_0)|adaptive_policy|ACTION_ID: 43f36ba6-671d-42ba-a8e0-9fa1e1c542ae|Adaptive policy normal operation mode interval: 900
2025/07/21 22:13:36|INFO    |829:(ThreadPoolExecutor-0_0)|adaptive_policy|ACTION_ID: 43f36ba6-671d-42ba-a8e0-9fa1e1c542ae|Adaptive policy normal mode is: ENABLED
2025/07/21 22:13:36|INFO    |829:(ThreadPoolExecutor-0_0)|adaptive_policy|ACTION_ID: 43f36ba6-671d-42ba-a8e0-9fa1e1c542ae|Adding normal operation mode parser
2025/07/21 22:13:36|INFO    |829:(ThreadPoolExecutor-0_0)|adaptive_policy|ACTION_ID: 43f36ba6-671d-42ba-a8e0-9fa1e1c542ae|Found 1 statistics components to analyze
2025/07/21 22:13:36|INFO    |829:(ThreadPoolExecutor-0_0)|adaptive_policy|ACTION_ID: 43f36ba6-671d-42ba-a8e0-9fa1e1c542ae|Running parser: auto_disable_agent
2025/07/21 22:13:36|INFO    |829:(ThreadPoolExecutor-0_0)|adaptive_policy_utils|ACTION_ID: 43f36ba6-671d-42ba-a8e0-9fa1e1c542ae|Detected traps version: 8.8.0.133595
2025/07/21 22:13:36|INFO    |829:(ThreadPoolExecutor-0_0)|auto_disable_parser|ACTION_ID: 43f36ba6-671d-42ba-a8e0-9fa1e1c542ae|Trapsd average CPU usage - normalized 1.0426513269681679
2025/07/21 22:13:36|INFO    |829:(ThreadPoolExecutor-0_0)|auto_disable_parser|ACTION_ID: 43f36ba6-671d-42ba-a8e0-9fa1e1c542ae|Trapsd average CPU usage 1.0426513269681679
2025/07/21 22:13:36|INFO    |829:(ThreadPoolExecutor-0_0)|auto_disable_parser|ACTION_ID: 43f36ba6-671d-42ba-a8e0-9fa1e1c542ae|Agent in normal state and CPU is normal, waiting for next iteration.
2025/07/21 22:13:36|INFO    |829:(ThreadPoolExecutor-0_0)|auto_disable_parser|ACTION_ID: 43f36ba6-671d-42ba-a8e0-9fa1e1c542ae|trapsd private memory usage 212,754,432
2025/07/21 22:13:36|INFO    |829:(ThreadPoolExecutor-0_0)|auto_disable_parser|ACTION_ID: 43f36ba6-671d-42ba-a8e0-9fa1e1c542ae|Agent in normal state and Memory is normal, waiting for next iteration.
2025/07/21 22:13:36|INFO    |829:(ThreadPoolExecutor-0_0)|adaptive_policy|ACTION_ID: 43f36ba6-671d-42ba-a8e0-9fa1e1c542ae|auto_disable_agent created output: None
2025/07/21 22:13:36|INFO    |829:(ThreadPoolExecutor-0_0)|adaptive_policy|ACTION_ID: 43f36ba6-671d-42ba-a8e0-9fa1e1c542ae|Running parser: edr_archive_parser
2025/07/21 22:13:36|INFO    |829:(ThreadPoolExecutor-0_0)|edr_archive_parser|ACTION_ID: 43f36ba6-671d-42ba-a8e0-9fa1e1c542ae|EDR Archive size: 0.0mb
2025/07/21 22:13:36|INFO    |829:(ThreadPoolExecutor-0_0)|adaptive_policy|ACTION_ID: 43f36ba6-671d-42ba-a8e0-9fa1e1c542ae|edr_archive_parser created output: None
2025/07/21 22:13:36|INFO    |829:(ThreadPoolExecutor-0_0)|adaptive_policy|ACTION_ID: 43f36ba6-671d-42ba-a8e0-9fa1e1c542ae|Running parser: syslog_parser
2025/07/21 22:13:36|INFO    |829:(ThreadPoolExecutor-0_0)|adaptive_policy_utils|ACTION_ID: 43f36ba6-671d-42ba-a8e0-9fa1e1c542ae|Detected traps version: 8.8.0.133595
2025/07/21 22:13:36|INFO    |829:(ThreadPoolExecutor-0_0)|syslog_parser|ACTION_ID: 43f36ba6-671d-42ba-a8e0-9fa1e1c542ae|Injected processes list: ['wickedd-dhcp6', 'couriertcpd', 'pmmasterd', 'authproxy', 'lighttpd', 'tinyproxy', 'mailman', 'wickedd-dhcp4', 'chronyd', 'apache2', 'xinetd', 'named', 'dovecot', 'samba', 'proftpd', 'charon', 'smbd', 'qmgr', 'ndsd', 'ibserver', 'cupsd', 'nscd', 'java', 'httpd', 'nmbd', 'mysqld', 'cyrus_pop3d', 'kamailio', 'pop2d', 'exim', 'pop3d', 'saned', 'squid', 'apache', 'danted', 'mongod', 'vsftpd', 'smartd', 'mysqld_safe', 'starter', 'squid3']
2025/07/21 22:13:36|INFO    |829:(ThreadPoolExecutor-0_0)|syslog_parser|ACTION_ID: 43f36ba6-671d-42ba-a8e0-9fa1e1c542ae|crash_counters: {'wickedd-dhcp6': 0, 'couriertcpd': 0, 'pmmasterd': 0, 'authproxy': 0, 'lighttpd': 0, 'tinyproxy': 0, 'mailman': 0, 'wickedd-dhcp4': 0, 'chronyd': 0, 'apache2': 0, 'xinetd': 0, 'named': 0, 'dovecot': 0, 'samba': 0, 'proftpd': 0, 'charon': 0, 'smbd': 0, 'qmgr': 0, 'ndsd': 0, 'ibserver': 0, 'cupsd': 0, 'nscd': 0, 'java': 0, 'httpd': 0, 'nmbd': 0, 'mysqld': 0, 'cyrus_pop3d': 0, 'kamailio': 0, 'pop2d': 0, 'exim': 0, 'pop3d': 0, 'saned': 0, 'squid': 0, 'apache': 0, 'danted': 0, 'mongod': 0, 'vsftpd': 0, 'smartd': 0, 'mysqld_safe': 0, 'starter': 0, 'squid3': 0}
2025/07/21 22:13:36|INFO    |829:(ThreadPoolExecutor-0_0)|syslog_parser|ACTION_ID: 43f36ba6-671d-42ba-a8e0-9fa1e1c542ae|Dypd statistics are empty. Cannot retrieve injected processes stats
2025/07/21 22:13:36|INFO    |829:(ThreadPoolExecutor-0_0)|syslog_parser|ACTION_ID: 43f36ba6-671d-42ba-a8e0-9fa1e1c542ae|Could not find any crash reports in statistics
2025/07/21 22:13:37|INFO    |829:(ThreadPoolExecutor-0_0)|syslog_parser|ACTION_ID: 43f36ba6-671d-42ba-a8e0-9fa1e1c542ae|Using temporary journal file: /opt/traps/python/scripts/tmp15yj5kpg
2025/07/21 22:13:37|INFO    |829:(ThreadPoolExecutor-0_0)|syslog_parser|ACTION_ID: 43f36ba6-671d-42ba-a8e0-9fa1e1c542ae|Log file: /opt/traps/python/scripts/tmp15yj5kpg detected.
2025/07/21 22:13:37|INFO    |829:(ThreadPoolExecutor-0_0)|syslog_parser|ACTION_ID: 43f36ba6-671d-42ba-a8e0-9fa1e1c542ae|Syslog format RFC 3164 detected for line: Jul 21 19:21:28 linux-lab02 kernel: pci 0000:00:17.6: BAR 13: failed to assign [io  size 0x1000]

2025/07/21 22:13:37|INFO    |829:(ThreadPoolExecutor-0_0)|syslog_parser|ACTION_ID: 43f36ba6-671d-42ba-a8e0-9fa1e1c542ae|Start monitor /opt/traps/python/scripts/tmp15yj5kpg
2025/07/21 22:13:37|INFO    |829:(ThreadPoolExecutor-0_0)|syslog_parser|ACTION_ID: 43f36ba6-671d-42ba-a8e0-9fa1e1c542ae|Stopping to read lines as iterator has maxed out
2025/07/21 22:13:37|INFO    |829:(ThreadPoolExecutor-0_0)|syslog_parser|ACTION_ID: 43f36ba6-671d-42ba-a8e0-9fa1e1c542ae|saving last line date:: 21/07/1900 22:08:05
2025/07/21 22:13:37|INFO    |829:(ThreadPoolExecutor-0_0)|syslog_parser|ACTION_ID: 43f36ba6-671d-42ba-a8e0-9fa1e1c542ae|3 lines scanned by parser
2025/07/21 22:13:37|INFO    |829:(ThreadPoolExecutor-0_0)|adaptive_policy|ACTION_ID: 43f36ba6-671d-42ba-a8e0-9fa1e1c542ae|syslog_parser created output: None
2025/07/21 22:13:37|INFO    |829:(ThreadPoolExecutor-0_0)|adaptive_policy|ACTION_ID: 43f36ba6-671d-42ba-a8e0-9fa1e1c542ae|Running parser: net_collector
2025/07/21 22:13:37|INFO    |829:(ThreadPoolExecutor-0_0)|net_collector_parser|ACTION_ID: 43f36ba6-671d-42ba-a8e0-9fa1e1c542ae|NetCollector parser started
2025/07/21 22:13:37|INFO    |829:(ThreadPoolExecutor-0_0)|net_collector_parser|ACTION_ID: 43f36ba6-671d-42ba-a8e0-9fa1e1c542ae|System: cpu=3.0% idle=97.0%
2025/07/21 22:13:37|INFO    |829:(ThreadPoolExecutor-0_0)|net_collector_parser|ACTION_ID: 43f36ba6-671d-42ba-a8e0-9fa1e1c542ae|Thread CloudMetadata: cpu=0%
2025/07/21 22:13:37|INFO    |829:(ThreadPoolExecutor-0_0)|net_collector_parser|ACTION_ID: 43f36ba6-671d-42ba-a8e0-9fa1e1c542ae|Thread InjectedProcesses: cpu=0%
2025/07/21 22:13:37|INFO    |829:(ThreadPoolExecutor-0_0)|net_collector_parser|ACTION_ID: 43f36ba6-671d-42ba-a8e0-9fa1e1c542ae|Thread clad: cpu=0%
2025/07/21 22:13:37|INFO    |829:(ThreadPoolExecutor-0_0)|net_collector_parser|ACTION_ID: 43f36ba6-671d-42ba-a8e0-9fa1e1c542ae|Thread dypdng: cpu=0%
2025/07/21 22:13:37|INFO    |829:(ThreadPoolExecutor-0_0)|net_collector_parser|ACTION_ID: 43f36ba6-671d-42ba-a8e0-9fa1e1c542ae|Thread pmd: cpu=1.0%
2025/07/21 22:13:37|INFO    |829:(ThreadPoolExecutor-0_0)|net_collector_parser|ACTION_ID: 43f36ba6-671d-42ba-a8e0-9fa1e1c542ae|Thread pyxd: cpu=0%
2025/07/21 22:13:37|INFO    |829:(ThreadPoolExecutor-0_0)|net_collector_parser|ACTION_ID: 43f36ba6-671d-42ba-a8e0-9fa1e1c542ae|Thread sandboxd: cpu=0%
2025/07/21 22:13:37|INFO    |829:(ThreadPoolExecutor-0_0)|adaptive_policy|ACTION_ID: 43f36ba6-671d-42ba-a8e0-9fa1e1c542ae|net_collector created output: None
2025/07/21 22:13:37|INFO    |829:(ThreadPoolExecutor-0_0)|adaptive_policy|ACTION_ID: 43f36ba6-671d-42ba-a8e0-9fa1e1c542ae|Running parser: linux_auto_disable_on_write_parser
2025/07/21 22:13:37|INFO    |829:(ThreadPoolExecutor-0_0)|adaptive_policy_utils|ACTION_ID: 43f36ba6-671d-42ba-a8e0-9fa1e1c542ae|Detected traps version: 8.8.0.133595
2025/07/21 22:13:37|INFO    |829:(ThreadPoolExecutor-0_0)|linux_auto_disable_on_write_parser|ACTION_ID: 43f36ba6-671d-42ba-a8e0-9fa1e1c542ae|CPU is normal, waiting for next iteration.
2025/07/21 22:13:37|INFO    |829:(ThreadPoolExecutor-0_0)|adaptive_policy|ACTION_ID: 43f36ba6-671d-42ba-a8e0-9fa1e1c542ae|linux_auto_disable_on_write_parser created output: None
2025/07/21 22:13:37|INFO    |829:(ThreadPoolExecutor-0_0)|adaptive_policy|ACTION_ID: 43f36ba6-671d-42ba-a8e0-9fa1e1c542ae|{'apex': [], 'persistence': {'auto_disable_agent': {}, 'edr_archive_parser': {}, 'syslog_parser': {'last_scan': -2191531527.0}, 'net_collector': {}, 'linux_auto_disable_on_write_parser': {'trapsd_avg_cpu': 1.0426513269681679}}, 'output_settings': '{\n"agentDisabledByAdaptivePolicy": false\n}', 'last_analysis': 1753146817}
2025/07/22 11:09:05|INFO    |858:(ThreadPoolExecutor-0_0)|ipc_client_api|ACTION_ID: 462d52eb-3596-4407-b754-824607ed0fd9|Detected traps version: 8.8.0.133595
2025/07/22 11:09:05|INFO    |858:(ThreadPoolExecutor-0_0)|ipc_client_api|ACTION_ID: 462d52eb-3596-4407-b754-824607ed0fd9|Traps version is higher or equal to 7.7 - using irpc client.
2025/07/22 11:09:05|INFO    |858:(ThreadPoolExecutor-0_0)|irpc_client_nix|ACTION_ID: 462d52eb-3596-4407-b754-824607ed0fd9|Creating IRRPCClient for channel path: /opt/traps/ipc/status.03A70614CCF742FD93977FD1A4336D9A
2025/07/22 11:09:05|INFO    |858:(ThreadPoolExecutor-0_0)|ipc_client_api|ACTION_ID: 462d52eb-3596-4407-b754-824607ed0fd9|Detected traps version: 8.8.0.133595
2025/07/22 11:09:05|INFO    |858:(ThreadPoolExecutor-0_0)|ipc_client_api|ACTION_ID: 462d52eb-3596-4407-b754-824607ed0fd9|Traps version is higher or equal to 7.7 - using irpc client.
2025/07/22 11:09:05|INFO    |858:(ThreadPoolExecutor-0_0)|irpc_client_nix|ACTION_ID: 462d52eb-3596-4407-b754-824607ed0fd9|Creating IRRPCClient for channel path: /opt/traps/ipc/status.03A70614CCF742FD93977FD1A4336D9A
2025/07/22 11:09:05|INFO    |858:(ThreadPoolExecutor-0_0)|adaptive_policy|ACTION_ID: 462d52eb-3596-4407-b754-824607ed0fd9|Starting adaptive policy engine with kwargs: {}
2025/07/22 11:09:05|INFO    |858:(ThreadPoolExecutor-0_0)|adaptive_policy_utils|ACTION_ID: 462d52eb-3596-4407-b754-824607ed0fd9|Detected traps version: 8.8.0.133595
2025/07/22 11:09:05|INFO    |858:(ThreadPoolExecutor-0_0)|adaptive_policy|ACTION_ID: 462d52eb-3596-4407-b754-824607ed0fd9|{'adaptive_policy_interval': 900}
2025/07/22 11:09:05|INFO    |858:(ThreadPoolExecutor-0_0)|adaptive_policy|ACTION_ID: 462d52eb-3596-4407-b754-824607ed0fd9|Set value of adaptive_policy_interval to 900
2025/07/22 11:09:05|INFO    |858:(ThreadPoolExecutor-0_0)|adaptive_policy|ACTION_ID: 462d52eb-3596-4407-b754-824607ed0fd9|last analysis timestamp: Monday, July 21, 2025 at 10:13:37 PM
2025/07/22 11:09:05|INFO    |858:(ThreadPoolExecutor-0_0)|adaptive_policy|ACTION_ID: 462d52eb-3596-4407-b754-824607ed0fd9|High resolution mode: False
2025/07/22 11:09:05|INFO    |858:(ThreadPoolExecutor-0_0)|adaptive_policy|ACTION_ID: 462d52eb-3596-4407-b754-824607ed0fd9|Time elapsed since the previous normal mode execution: 46528 seconds
2025/07/22 11:09:05|INFO    |858:(ThreadPoolExecutor-0_0)|adaptive_policy|ACTION_ID: 462d52eb-3596-4407-b754-824607ed0fd9|Adaptive policy normal operation mode interval: 900
2025/07/22 11:09:05|INFO    |858:(ThreadPoolExecutor-0_0)|adaptive_policy|ACTION_ID: 462d52eb-3596-4407-b754-824607ed0fd9|Adaptive policy normal mode is: ENABLED
2025/07/22 11:09:05|INFO    |858:(ThreadPoolExecutor-0_0)|adaptive_policy|ACTION_ID: 462d52eb-3596-4407-b754-824607ed0fd9|Adding normal operation mode parser
2025/07/22 11:09:05|INFO    |858:(ThreadPoolExecutor-0_0)|adaptive_policy|ACTION_ID: 462d52eb-3596-4407-b754-824607ed0fd9|Can't read internal statistics db or db is empty, applying existing ones..
2025/07/22 11:09:05|INFO    |858:(ThreadPoolExecutor-0_0)|adaptive_policy|ACTION_ID: 462d52eb-3596-4407-b754-824607ed0fd9|applying: {'apex': [], 'persistence': {'auto_disable_agent': {}, 'edr_archive_parser': {}, 'syslog_parser': {'last_scan': -2191531527.0}, 'net_collector': {}, 'linux_auto_disable_on_write_parser': {'trapsd_avg_cpu': 1.0426513269681679}}, 'output_settings': '{}', 'last_analysis': 1753193345}
2025/07/22 11:24:05|INFO    |858:(ThreadPoolExecutor-0_0)|adaptive_policy|ACTION_ID: 462d52eb-3596-4407-b754-824607ed0fd9|Starting adaptive policy engine with kwargs: {}
2025/07/22 11:24:05|INFO    |858:(ThreadPoolExecutor-0_0)|adaptive_policy_utils|ACTION_ID: 462d52eb-3596-4407-b754-824607ed0fd9|Detected traps version: 8.8.0.133595
2025/07/22 11:24:05|INFO    |858:(ThreadPoolExecutor-0_0)|adaptive_policy|ACTION_ID: 462d52eb-3596-4407-b754-824607ed0fd9|{'adaptive_policy_interval': 900}
2025/07/22 11:24:05|INFO    |858:(ThreadPoolExecutor-0_0)|adaptive_policy|ACTION_ID: 462d52eb-3596-4407-b754-824607ed0fd9|Set value of adaptive_policy_interval to 900
2025/07/22 11:24:05|INFO    |858:(ThreadPoolExecutor-0_0)|adaptive_policy|ACTION_ID: 462d52eb-3596-4407-b754-824607ed0fd9|last analysis timestamp: Tuesday, July 22, 2025 at 11:09:05 AM
2025/07/22 11:24:05|INFO    |858:(ThreadPoolExecutor-0_0)|adaptive_policy|ACTION_ID: 462d52eb-3596-4407-b754-824607ed0fd9|High resolution mode: False
2025/07/22 11:24:05|INFO    |858:(ThreadPoolExecutor-0_0)|adaptive_policy|ACTION_ID: 462d52eb-3596-4407-b754-824607ed0fd9|Time elapsed since the previous normal mode execution: 900 seconds
2025/07/22 11:24:05|INFO    |858:(ThreadPoolExecutor-0_0)|adaptive_policy|ACTION_ID: 462d52eb-3596-4407-b754-824607ed0fd9|Adaptive policy normal operation mode interval: 900
2025/07/22 11:24:05|INFO    |858:(ThreadPoolExecutor-0_0)|adaptive_policy|ACTION_ID: 462d52eb-3596-4407-b754-824607ed0fd9|Adaptive policy normal mode is: ENABLED
2025/07/22 11:24:05|INFO    |858:(ThreadPoolExecutor-0_0)|adaptive_policy|ACTION_ID: 462d52eb-3596-4407-b754-824607ed0fd9|Adding normal operation mode parser
2025/07/22 11:24:05|INFO    |858:(ThreadPoolExecutor-0_0)|adaptive_policy|ACTION_ID: 462d52eb-3596-4407-b754-824607ed0fd9|Found 1 statistics components to analyze
2025/07/22 11:24:05|INFO    |858:(ThreadPoolExecutor-0_0)|adaptive_policy|ACTION_ID: 462d52eb-3596-4407-b754-824607ed0fd9|Running parser: auto_disable_agent
2025/07/22 11:24:05|INFO    |858:(ThreadPoolExecutor-0_0)|adaptive_policy_utils|ACTION_ID: 462d52eb-3596-4407-b754-824607ed0fd9|Detected traps version: 8.8.0.133595
2025/07/22 11:24:05|INFO    |858:(ThreadPoolExecutor-0_0)|auto_disable_parser|ACTION_ID: 462d52eb-3596-4407-b754-824607ed0fd9|Trapsd average CPU usage - normalized 2.219270104434301
2025/07/22 11:24:05|INFO    |858:(ThreadPoolExecutor-0_0)|auto_disable_parser|ACTION_ID: 462d52eb-3596-4407-b754-824607ed0fd9|Trapsd average CPU usage 2.219270104434301
2025/07/22 11:24:05|INFO    |858:(ThreadPoolExecutor-0_0)|auto_disable_parser|ACTION_ID: 462d52eb-3596-4407-b754-824607ed0fd9|Agent in normal state and CPU is normal, waiting for next iteration.
2025/07/22 11:24:05|INFO    |858:(ThreadPoolExecutor-0_0)|auto_disable_parser|ACTION_ID: 462d52eb-3596-4407-b754-824607ed0fd9|trapsd private memory usage 188,469,248
2025/07/22 11:24:05|INFO    |858:(ThreadPoolExecutor-0_0)|auto_disable_parser|ACTION_ID: 462d52eb-3596-4407-b754-824607ed0fd9|Agent in normal state and Memory is normal, waiting for next iteration.
2025/07/22 11:24:05|INFO    |858:(ThreadPoolExecutor-0_0)|adaptive_policy|ACTION_ID: 462d52eb-3596-4407-b754-824607ed0fd9|auto_disable_agent created output: None
2025/07/22 11:24:05|INFO    |858:(ThreadPoolExecutor-0_0)|adaptive_policy|ACTION_ID: 462d52eb-3596-4407-b754-824607ed0fd9|Running parser: edr_archive_parser
2025/07/22 11:24:05|INFO    |858:(ThreadPoolExecutor-0_0)|edr_archive_parser|ACTION_ID: 462d52eb-3596-4407-b754-824607ed0fd9|EDR Archive size: 0.0mb
2025/07/22 11:24:05|INFO    |858:(ThreadPoolExecutor-0_0)|adaptive_policy|ACTION_ID: 462d52eb-3596-4407-b754-824607ed0fd9|edr_archive_parser created output: None
2025/07/22 11:24:05|INFO    |858:(ThreadPoolExecutor-0_0)|adaptive_policy|ACTION_ID: 462d52eb-3596-4407-b754-824607ed0fd9|Running parser: syslog_parser
2025/07/22 11:24:05|INFO    |858:(ThreadPoolExecutor-0_0)|adaptive_policy_utils|ACTION_ID: 462d52eb-3596-4407-b754-824607ed0fd9|Detected traps version: 8.8.0.133595
2025/07/22 11:24:05|INFO    |858:(ThreadPoolExecutor-0_0)|syslog_parser|ACTION_ID: 462d52eb-3596-4407-b754-824607ed0fd9|Injected processes list: ['wickedd-dhcp6', 'couriertcpd', 'pmmasterd', 'authproxy', 'lighttpd', 'tinyproxy', 'mailman', 'wickedd-dhcp4', 'chronyd', 'apache2', 'xinetd', 'named', 'dovecot', 'samba', 'proftpd', 'charon', 'smbd', 'qmgr', 'ndsd', 'ibserver', 'cupsd', 'nscd', 'java', 'httpd', 'nmbd', 'mysqld', 'cyrus_pop3d', 'kamailio', 'pop2d', 'exim', 'pop3d', 'saned', 'squid', 'apache', 'danted', 'mongod', 'vsftpd', 'smartd', 'mysqld_safe', 'starter', 'squid3']
2025/07/22 11:24:05|INFO    |858:(ThreadPoolExecutor-0_0)|syslog_parser|ACTION_ID: 462d52eb-3596-4407-b754-824607ed0fd9|crash_counters list is empty.
2025/07/22 11:24:05|INFO    |858:(ThreadPoolExecutor-0_0)|syslog_parser|ACTION_ID: 462d52eb-3596-4407-b754-824607ed0fd9|crash_counters: {'wickedd-dhcp6': 0, 'couriertcpd': 0, 'pmmasterd': 0, 'authproxy': 0, 'lighttpd': 0, 'tinyproxy': 0, 'mailman': 0, 'wickedd-dhcp4': 0, 'chronyd': 0, 'apache2': 0, 'xinetd': 0, 'named': 0, 'dovecot': 0, 'samba': 0, 'proftpd': 0, 'charon': 0, 'smbd': 0, 'qmgr': 0, 'ndsd': 0, 'ibserver': 0, 'cupsd': 0, 'nscd': 0, 'java': 0, 'httpd': 0, 'nmbd': 0, 'mysqld': 0, 'cyrus_pop3d': 0, 'kamailio': 0, 'pop2d': 0, 'exim': 0, 'pop3d': 0, 'saned': 0, 'squid': 0, 'apache': 0, 'danted': 0, 'mongod': 0, 'vsftpd': 0, 'smartd': 0, 'mysqld_safe': 0, 'starter': 0, 'squid3': 0}
2025/07/22 11:24:05|INFO    |858:(ThreadPoolExecutor-0_0)|syslog_parser|ACTION_ID: 462d52eb-3596-4407-b754-824607ed0fd9|Dypd statistics are empty. Cannot retrieve injected processes stats
2025/07/22 11:24:05|INFO    |858:(ThreadPoolExecutor-0_0)|syslog_parser|ACTION_ID: 462d52eb-3596-4407-b754-824607ed0fd9|Could not find any crash reports in statistics
2025/07/22 11:24:05|INFO    |858:(ThreadPoolExecutor-0_0)|syslog_parser|ACTION_ID: 462d52eb-3596-4407-b754-824607ed0fd9|Using temporary journal file: /opt/traps/python/scripts/tmp2imt10gs
2025/07/22 11:24:05|INFO    |858:(ThreadPoolExecutor-0_0)|syslog_parser|ACTION_ID: 462d52eb-3596-4407-b754-824607ed0fd9|Log file: /opt/traps/python/scripts/tmp2imt10gs detected.
2025/07/22 11:24:05|INFO    |858:(ThreadPoolExecutor-0_0)|syslog_parser|ACTION_ID: 462d52eb-3596-4407-b754-824607ed0fd9|Syslog format RFC 3164 detected for line: Jul 22 11:04:20 linux-lab02 kernel: pci 0000:00:18.6:   bridge window [mem 0xe5f00000-0xe5ffffff 64bit pref]

2025/07/22 11:24:05|INFO    |858:(ThreadPoolExecutor-0_0)|syslog_parser|ACTION_ID: 462d52eb-3596-4407-b754-824607ed0fd9|Start monitor /opt/traps/python/scripts/tmp2imt10gs
2025/07/22 11:24:05|INFO    |858:(ThreadPoolExecutor-0_0)|syslog_parser|ACTION_ID: 462d52eb-3596-4407-b754-824607ed0fd9|saving last line date:: 22/07/1900 11:22:31
2025/07/22 11:24:05|INFO    |858:(ThreadPoolExecutor-0_0)|syslog_parser|ACTION_ID: 462d52eb-3596-4407-b754-824607ed0fd9|1000 lines scanned by parser
2025/07/22 11:24:05|INFO    |858:(ThreadPoolExecutor-0_0)|adaptive_policy|ACTION_ID: 462d52eb-3596-4407-b754-824607ed0fd9|syslog_parser created output: None
2025/07/22 11:24:05|INFO    |858:(ThreadPoolExecutor-0_0)|adaptive_policy|ACTION_ID: 462d52eb-3596-4407-b754-824607ed0fd9|Running parser: net_collector
2025/07/22 11:24:05|INFO    |858:(ThreadPoolExecutor-0_0)|net_collector_parser|ACTION_ID: 462d52eb-3596-4407-b754-824607ed0fd9|NetCollector parser started
2025/07/22 11:24:05|INFO    |858:(ThreadPoolExecutor-0_0)|net_collector_parser|ACTION_ID: 462d52eb-3596-4407-b754-824607ed0fd9|System: cpu=6.0% idle=94.0%
2025/07/22 11:24:05|INFO    |858:(ThreadPoolExecutor-0_0)|net_collector_parser|ACTION_ID: 462d52eb-3596-4407-b754-824607ed0fd9|Thread CloudMetadata: cpu=0%
2025/07/22 11:24:05|INFO    |858:(ThreadPoolExecutor-0_0)|net_collector_parser|ACTION_ID: 462d52eb-3596-4407-b754-824607ed0fd9|Thread InjectedProcesses: cpu=0%
2025/07/22 11:24:05|INFO    |858:(ThreadPoolExecutor-0_0)|net_collector_parser|ACTION_ID: 462d52eb-3596-4407-b754-824607ed0fd9|Thread pmd: cpu=2.0%
2025/07/22 11:24:05|INFO    |858:(ThreadPoolExecutor-0_0)|net_collector_parser|ACTION_ID: 462d52eb-3596-4407-b754-824607ed0fd9|Thread pyxd: cpu=0%
2025/07/22 11:24:05|INFO    |858:(ThreadPoolExecutor-0_0)|adaptive_policy|ACTION_ID: 462d52eb-3596-4407-b754-824607ed0fd9|net_collector created output: None
2025/07/22 11:24:05|INFO    |858:(ThreadPoolExecutor-0_0)|adaptive_policy|ACTION_ID: 462d52eb-3596-4407-b754-824607ed0fd9|Running parser: linux_auto_disable_on_write_parser
2025/07/22 11:24:05|INFO    |858:(ThreadPoolExecutor-0_0)|adaptive_policy_utils|ACTION_ID: 462d52eb-3596-4407-b754-824607ed0fd9|Detected traps version: 8.8.0.133595
2025/07/22 11:24:05|INFO    |858:(ThreadPoolExecutor-0_0)|linux_auto_disable_on_write_parser|ACTION_ID: 462d52eb-3596-4407-b754-824607ed0fd9|CPU is normal, waiting for next iteration.
2025/07/22 11:24:05|INFO    |858:(ThreadPoolExecutor-0_0)|adaptive_policy|ACTION_ID: 462d52eb-3596-4407-b754-824607ed0fd9|linux_auto_disable_on_write_parser created output: None
2025/07/22 11:24:05|INFO    |858:(ThreadPoolExecutor-0_0)|adaptive_policy|ACTION_ID: 462d52eb-3596-4407-b754-824607ed0fd9|{'apex': [], 'persistence': {'auto_disable_agent': {}, 'edr_archive_parser': {}, 'syslog_parser': {'last_scan': -2191483861.0}, 'net_collector': {}, 'linux_auto_disable_on_write_parser': {'trapsd_avg_cpu': 2.219270104434301}}, 'output_settings': '{\n"agentDisabledByAdaptivePolicy": false\n}', 'last_analysis': 1753194245}
2025/07/22 11:39:06|INFO    |858:(ThreadPoolExecutor-0_0)|adaptive_policy|ACTION_ID: 462d52eb-3596-4407-b754-824607ed0fd9|Starting adaptive policy engine with kwargs: {}
2025/07/22 11:39:06|INFO    |858:(ThreadPoolExecutor-0_0)|adaptive_policy_utils|ACTION_ID: 462d52eb-3596-4407-b754-824607ed0fd9|Detected traps version: 8.8.0.133595
2025/07/22 11:39:06|INFO    |858:(ThreadPoolExecutor-0_0)|adaptive_policy|ACTION_ID: 462d52eb-3596-4407-b754-824607ed0fd9|{'adaptive_policy_interval': 900}
2025/07/22 11:39:06|INFO    |858:(ThreadPoolExecutor-0_0)|adaptive_policy|ACTION_ID: 462d52eb-3596-4407-b754-824607ed0fd9|Set value of adaptive_policy_interval to 900
2025/07/22 11:39:06|INFO    |858:(ThreadPoolExecutor-0_0)|adaptive_policy|ACTION_ID: 462d52eb-3596-4407-b754-824607ed0fd9|last analysis timestamp: Tuesday, July 22, 2025 at 11:24:05 AM
2025/07/22 11:39:06|INFO    |858:(ThreadPoolExecutor-0_0)|adaptive_policy|ACTION_ID: 462d52eb-3596-4407-b754-824607ed0fd9|High resolution mode: False
2025/07/22 11:39:06|INFO    |858:(ThreadPoolExecutor-0_0)|adaptive_policy|ACTION_ID: 462d52eb-3596-4407-b754-824607ed0fd9|Time elapsed since the previous normal mode execution: 901 seconds
2025/07/22 11:39:06|INFO    |858:(ThreadPoolExecutor-0_0)|adaptive_policy|ACTION_ID: 462d52eb-3596-4407-b754-824607ed0fd9|Adaptive policy normal operation mode interval: 900
2025/07/22 11:39:06|INFO    |858:(ThreadPoolExecutor-0_0)|adaptive_policy|ACTION_ID: 462d52eb-3596-4407-b754-824607ed0fd9|Adaptive policy normal mode is: ENABLED
2025/07/22 11:39:06|INFO    |858:(ThreadPoolExecutor-0_0)|adaptive_policy|ACTION_ID: 462d52eb-3596-4407-b754-824607ed0fd9|Adding normal operation mode parser
2025/07/22 11:39:06|INFO    |858:(ThreadPoolExecutor-0_0)|adaptive_policy|ACTION_ID: 462d52eb-3596-4407-b754-824607ed0fd9|Found 2 statistics components to analyze
2025/07/22 11:39:06|INFO    |858:(ThreadPoolExecutor-0_0)|adaptive_policy|ACTION_ID: 462d52eb-3596-4407-b754-824607ed0fd9|Running parser: auto_disable_agent
2025/07/22 11:39:06|INFO    |858:(ThreadPoolExecutor-0_0)|adaptive_policy_utils|ACTION_ID: 462d52eb-3596-4407-b754-824607ed0fd9|Detected traps version: 8.8.0.133595
2025/07/22 11:39:06|INFO    |858:(ThreadPoolExecutor-0_0)|auto_disable_parser|ACTION_ID: 462d52eb-3596-4407-b754-824607ed0fd9|Trapsd average CPU usage - normalized 1.321849437139714
2025/07/22 11:39:06|INFO    |858:(ThreadPoolExecutor-0_0)|auto_disable_parser|ACTION_ID: 462d52eb-3596-4407-b754-824607ed0fd9|Trapsd average CPU usage 1.321849437139714
2025/07/22 11:39:06|INFO    |858:(ThreadPoolExecutor-0_0)|auto_disable_parser|ACTION_ID: 462d52eb-3596-4407-b754-824607ed0fd9|Agent in normal state and CPU is normal, waiting for next iteration.
2025/07/22 11:39:06|INFO    |858:(ThreadPoolExecutor-0_0)|auto_disable_parser|ACTION_ID: 462d52eb-3596-4407-b754-824607ed0fd9|trapsd private memory usage 233,177,088
2025/07/22 11:39:06|INFO    |858:(ThreadPoolExecutor-0_0)|auto_disable_parser|ACTION_ID: 462d52eb-3596-4407-b754-824607ed0fd9|Agent in normal state and Memory is normal, waiting for next iteration.
2025/07/22 11:39:06|INFO    |858:(ThreadPoolExecutor-0_0)|adaptive_policy|ACTION_ID: 462d52eb-3596-4407-b754-824607ed0fd9|auto_disable_agent created output: None
2025/07/22 11:39:06|INFO    |858:(ThreadPoolExecutor-0_0)|adaptive_policy|ACTION_ID: 462d52eb-3596-4407-b754-824607ed0fd9|Running parser: edr_archive_parser
2025/07/22 11:39:06|INFO    |858:(ThreadPoolExecutor-0_0)|edr_archive_parser|ACTION_ID: 462d52eb-3596-4407-b754-824607ed0fd9|EDR Archive size: 0.0mb
2025/07/22 11:39:06|INFO    |858:(ThreadPoolExecutor-0_0)|adaptive_policy|ACTION_ID: 462d52eb-3596-4407-b754-824607ed0fd9|edr_archive_parser created output: None
2025/07/22 11:39:06|INFO    |858:(ThreadPoolExecutor-0_0)|adaptive_policy|ACTION_ID: 462d52eb-3596-4407-b754-824607ed0fd9|Running parser: syslog_parser
2025/07/22 11:39:06|INFO    |858:(ThreadPoolExecutor-0_0)|adaptive_policy_utils|ACTION_ID: 462d52eb-3596-4407-b754-824607ed0fd9|Detected traps version: 8.8.0.133595
2025/07/22 11:39:06|INFO    |858:(ThreadPoolExecutor-0_0)|syslog_parser|ACTION_ID: 462d52eb-3596-4407-b754-824607ed0fd9|Injected processes list: ['wickedd-dhcp6', 'couriertcpd', 'pmmasterd', 'authproxy', 'lighttpd', 'tinyproxy', 'mailman', 'wickedd-dhcp4', 'chronyd', 'apache2', 'xinetd', 'named', 'dovecot', 'samba', 'proftpd', 'charon', 'smbd', 'qmgr', 'ndsd', 'ibserver', 'cupsd', 'nscd', 'java', 'httpd', 'nmbd', 'mysqld', 'cyrus_pop3d', 'kamailio', 'pop2d', 'exim', 'pop3d', 'saned', 'squid', 'apache', 'danted', 'mongod', 'vsftpd', 'smartd', 'mysqld_safe', 'starter', 'squid3']
2025/07/22 11:39:06|INFO    |858:(ThreadPoolExecutor-0_0)|syslog_parser|ACTION_ID: 462d52eb-3596-4407-b754-824607ed0fd9|crash_counters: {'wickedd-dhcp6': 0, 'couriertcpd': 0, 'pmmasterd': 0, 'authproxy': 0, 'lighttpd': 0, 'tinyproxy': 0, 'mailman': 0, 'wickedd-dhcp4': 0, 'chronyd': 0, 'apache2': 0, 'xinetd': 0, 'named': 0, 'dovecot': 0, 'samba': 0, 'proftpd': 0, 'charon': 0, 'smbd': 0, 'qmgr': 0, 'ndsd': 0, 'ibserver': 0, 'cupsd': 0, 'nscd': 0, 'java': 0, 'httpd': 0, 'nmbd': 0, 'mysqld': 0, 'cyrus_pop3d': 0, 'kamailio': 0, 'pop2d': 0, 'exim': 0, 'pop3d': 0, 'saned': 0, 'squid': 0, 'apache': 0, 'danted': 0, 'mongod': 0, 'vsftpd': 0, 'smartd': 0, 'mysqld_safe': 0, 'starter': 0, 'squid3': 0}
2025/07/22 11:39:06|INFO    |858:(ThreadPoolExecutor-0_0)|syslog_parser|ACTION_ID: 462d52eb-3596-4407-b754-824607ed0fd9|Dypd statistics are empty. Cannot retrieve injected processes stats
2025/07/22 11:39:06|INFO    |858:(ThreadPoolExecutor-0_0)|syslog_parser|ACTION_ID: 462d52eb-3596-4407-b754-824607ed0fd9|Could not find any crash reports in statistics
2025/07/22 11:39:06|INFO    |858:(ThreadPoolExecutor-0_0)|syslog_parser|ACTION_ID: 462d52eb-3596-4407-b754-824607ed0fd9|Using temporary journal file: /opt/traps/python/scripts/tmpd2e7d6ff
2025/07/22 11:39:06|INFO    |858:(ThreadPoolExecutor-0_0)|syslog_parser|ACTION_ID: 462d52eb-3596-4407-b754-824607ed0fd9|Log file: /opt/traps/python/scripts/tmpd2e7d6ff detected.
2025/07/22 11:39:06|INFO    |858:(ThreadPoolExecutor-0_0)|syslog_parser|ACTION_ID: 462d52eb-3596-4407-b754-824607ed0fd9|Syslog format RFC 3164 detected for line: Jul 22 11:04:20 linux-lab02 kernel: pci 0000:00:18.6: bridge window [io  0x1000-0x0fff] to [bus 21] add_size 1000

2025/07/22 11:39:06|INFO    |858:(ThreadPoolExecutor-0_0)|syslog_parser|ACTION_ID: 462d52eb-3596-4407-b754-824607ed0fd9|Start monitor /opt/traps/python/scripts/tmpd2e7d6ff
2025/07/22 11:39:06|INFO    |858:(ThreadPoolExecutor-0_0)|syslog_parser|ACTION_ID: 462d52eb-3596-4407-b754-824607ed0fd9|Stopping to read lines as iterator has maxed out
2025/07/22 11:39:06|INFO    |858:(ThreadPoolExecutor-0_0)|syslog_parser|ACTION_ID: 462d52eb-3596-4407-b754-824607ed0fd9|saving last line date:: 22/07/1900 11:32:56
2025/07/22 11:39:06|INFO    |858:(ThreadPoolExecutor-0_0)|syslog_parser|ACTION_ID: 462d52eb-3596-4407-b754-824607ed0fd9|73 lines scanned by parser
2025/07/22 11:39:06|INFO    |858:(ThreadPoolExecutor-0_0)|adaptive_policy|ACTION_ID: 462d52eb-3596-4407-b754-824607ed0fd9|syslog_parser created output: None
2025/07/22 11:39:06|INFO    |858:(ThreadPoolExecutor-0_0)|adaptive_policy|ACTION_ID: 462d52eb-3596-4407-b754-824607ed0fd9|Running parser: net_collector
2025/07/22 11:39:06|INFO    |858:(ThreadPoolExecutor-0_0)|net_collector_parser|ACTION_ID: 462d52eb-3596-4407-b754-824607ed0fd9|NetCollector parser started
2025/07/22 11:39:06|INFO    |858:(ThreadPoolExecutor-0_0)|net_collector_parser|ACTION_ID: 462d52eb-3596-4407-b754-824607ed0fd9|System: cpu=4.0% idle=96.0%
2025/07/22 11:39:06|INFO    |858:(ThreadPoolExecutor-0_0)|net_collector_parser|ACTION_ID: 462d52eb-3596-4407-b754-824607ed0fd9|Thread CloudMetadata: cpu=0%
2025/07/22 11:39:06|INFO    |858:(ThreadPoolExecutor-0_0)|net_collector_parser|ACTION_ID: 462d52eb-3596-4407-b754-824607ed0fd9|Thread InjectedProcesses: cpu=0%
2025/07/22 11:39:06|INFO    |858:(ThreadPoolExecutor-0_0)|net_collector_parser|ACTION_ID: 462d52eb-3596-4407-b754-824607ed0fd9|Thread clad: cpu=0%
2025/07/22 11:39:06|INFO    |858:(ThreadPoolExecutor-0_0)|net_collector_parser|ACTION_ID: 462d52eb-3596-4407-b754-824607ed0fd9|Thread dypdng: cpu=0%
2025/07/22 11:39:06|INFO    |858:(ThreadPoolExecutor-0_0)|net_collector_parser|ACTION_ID: 462d52eb-3596-4407-b754-824607ed0fd9|Thread pmd: cpu=1.0%
2025/07/22 11:39:06|INFO    |858:(ThreadPoolExecutor-0_0)|net_collector_parser|ACTION_ID: 462d52eb-3596-4407-b754-824607ed0fd9|Thread pyxd: cpu=0%
2025/07/22 11:39:06|INFO    |858:(ThreadPoolExecutor-0_0)|net_collector_parser|ACTION_ID: 462d52eb-3596-4407-b754-824607ed0fd9|Thread sandboxd: cpu=0%
2025/07/22 11:39:06|INFO    |858:(ThreadPoolExecutor-0_0)|adaptive_policy|ACTION_ID: 462d52eb-3596-4407-b754-824607ed0fd9|net_collector created output: None
2025/07/22 11:39:06|INFO    |858:(ThreadPoolExecutor-0_0)|adaptive_policy|ACTION_ID: 462d52eb-3596-4407-b754-824607ed0fd9|Running parser: linux_auto_disable_on_write_parser
2025/07/22 11:39:06|INFO    |858:(ThreadPoolExecutor-0_0)|adaptive_policy_utils|ACTION_ID: 462d52eb-3596-4407-b754-824607ed0fd9|Detected traps version: 8.8.0.133595
2025/07/22 11:39:06|INFO    |858:(ThreadPoolExecutor-0_0)|linux_auto_disable_on_write_parser|ACTION_ID: 462d52eb-3596-4407-b754-824607ed0fd9|CPU is normal, waiting for next iteration.
2025/07/22 11:39:06|INFO    |858:(ThreadPoolExecutor-0_0)|adaptive_policy|ACTION_ID: 462d52eb-3596-4407-b754-824607ed0fd9|linux_auto_disable_on_write_parser created output: None
2025/07/22 11:39:06|INFO    |858:(ThreadPoolExecutor-0_0)|adaptive_policy|ACTION_ID: 462d52eb-3596-4407-b754-824607ed0fd9|{'apex': [], 'persistence': {'auto_disable_agent': {}, 'edr_archive_parser': {}, 'syslog_parser': {'last_scan': -2191483236.0}, 'net_collector': {}, 'linux_auto_disable_on_write_parser': {'trapsd_avg_cpu': 1.321849437139714}}, 'output_settings': '{\n"agentDisabledByAdaptivePolicy": false\n}', 'last_analysis': 1753195146}
2025/07/22 11:54:06|INFO    |858:(ThreadPoolExecutor-0_0)|adaptive_policy|ACTION_ID: 462d52eb-3596-4407-b754-824607ed0fd9|Starting adaptive policy engine with kwargs: {}
2025/07/22 11:54:06|INFO    |858:(ThreadPoolExecutor-0_0)|adaptive_policy_utils|ACTION_ID: 462d52eb-3596-4407-b754-824607ed0fd9|Detected traps version: 8.8.0.133595
2025/07/22 11:54:06|INFO    |858:(ThreadPoolExecutor-0_0)|adaptive_policy|ACTION_ID: 462d52eb-3596-4407-b754-824607ed0fd9|{'adaptive_policy_interval': 900}
2025/07/22 11:54:06|INFO    |858:(ThreadPoolExecutor-0_0)|adaptive_policy|ACTION_ID: 462d52eb-3596-4407-b754-824607ed0fd9|Set value of adaptive_policy_interval to 900
2025/07/22 11:54:06|INFO    |858:(ThreadPoolExecutor-0_0)|adaptive_policy|ACTION_ID: 462d52eb-3596-4407-b754-824607ed0fd9|last analysis timestamp: Tuesday, July 22, 2025 at 11:39:06 AM
2025/07/22 11:54:06|INFO    |858:(ThreadPoolExecutor-0_0)|adaptive_policy|ACTION_ID: 462d52eb-3596-4407-b754-824607ed0fd9|High resolution mode: False
2025/07/22 11:54:06|INFO    |858:(ThreadPoolExecutor-0_0)|adaptive_policy|ACTION_ID: 462d52eb-3596-4407-b754-824607ed0fd9|Time elapsed since the previous normal mode execution: 900 seconds
2025/07/22 11:54:06|INFO    |858:(ThreadPoolExecutor-0_0)|adaptive_policy|ACTION_ID: 462d52eb-3596-4407-b754-824607ed0fd9|Adaptive policy normal operation mode interval: 900
2025/07/22 11:54:06|INFO    |858:(ThreadPoolExecutor-0_0)|adaptive_policy|ACTION_ID: 462d52eb-3596-4407-b754-824607ed0fd9|Adaptive policy normal mode is: ENABLED
2025/07/22 11:54:06|INFO    |858:(ThreadPoolExecutor-0_0)|adaptive_policy|ACTION_ID: 462d52eb-3596-4407-b754-824607ed0fd9|Adding normal operation mode parser
2025/07/22 11:54:06|INFO    |858:(ThreadPoolExecutor-0_0)|adaptive_policy|ACTION_ID: 462d52eb-3596-4407-b754-824607ed0fd9|Found 2 statistics components to analyze
2025/07/22 11:54:06|INFO    |858:(ThreadPoolExecutor-0_0)|adaptive_policy|ACTION_ID: 462d52eb-3596-4407-b754-824607ed0fd9|Running parser: auto_disable_agent
2025/07/22 11:54:06|INFO    |858:(ThreadPoolExecutor-0_0)|adaptive_policy_utils|ACTION_ID: 462d52eb-3596-4407-b754-824607ed0fd9|Detected traps version: 8.8.0.133595
2025/07/22 11:54:06|INFO    |858:(ThreadPoolExecutor-0_0)|auto_disable_parser|ACTION_ID: 462d52eb-3596-4407-b754-824607ed0fd9|Trapsd average CPU usage - normalized 1.0303673504397866
2025/07/22 11:54:06|INFO    |858:(ThreadPoolExecutor-0_0)|auto_disable_parser|ACTION_ID: 462d52eb-3596-4407-b754-824607ed0fd9|Trapsd average CPU usage 1.0303673504397866
2025/07/22 11:54:06|INFO    |858:(ThreadPoolExecutor-0_0)|auto_disable_parser|ACTION_ID: 462d52eb-3596-4407-b754-824607ed0fd9|Agent in normal state and CPU is normal, waiting for next iteration.
2025/07/22 11:54:06|INFO    |858:(ThreadPoolExecutor-0_0)|auto_disable_parser|ACTION_ID: 462d52eb-3596-4407-b754-824607ed0fd9|trapsd private memory usage 236,728,320
2025/07/22 11:54:06|INFO    |858:(ThreadPoolExecutor-0_0)|auto_disable_parser|ACTION_ID: 462d52eb-3596-4407-b754-824607ed0fd9|Agent in normal state and Memory is normal, waiting for next iteration.
2025/07/22 11:54:06|INFO    |858:(ThreadPoolExecutor-0_0)|adaptive_policy|ACTION_ID: 462d52eb-3596-4407-b754-824607ed0fd9|auto_disable_agent created output: None
2025/07/22 11:54:06|INFO    |858:(ThreadPoolExecutor-0_0)|adaptive_policy|ACTION_ID: 462d52eb-3596-4407-b754-824607ed0fd9|Running parser: edr_archive_parser
2025/07/22 11:54:06|INFO    |858:(ThreadPoolExecutor-0_0)|edr_archive_parser|ACTION_ID: 462d52eb-3596-4407-b754-824607ed0fd9|EDR Archive size: 0.0mb
2025/07/22 11:54:06|INFO    |858:(ThreadPoolExecutor-0_0)|adaptive_policy|ACTION_ID: 462d52eb-3596-4407-b754-824607ed0fd9|edr_archive_parser created output: None
2025/07/22 11:54:06|INFO    |858:(ThreadPoolExecutor-0_0)|adaptive_policy|ACTION_ID: 462d52eb-3596-4407-b754-824607ed0fd9|Running parser: syslog_parser
2025/07/22 11:54:06|INFO    |858:(ThreadPoolExecutor-0_0)|adaptive_policy_utils|ACTION_ID: 462d52eb-3596-4407-b754-824607ed0fd9|Detected traps version: 8.8.0.133595
2025/07/22 11:54:06|INFO    |858:(ThreadPoolExecutor-0_0)|syslog_parser|ACTION_ID: 462d52eb-3596-4407-b754-824607ed0fd9|Injected processes list: ['wickedd-dhcp6', 'couriertcpd', 'pmmasterd', 'authproxy', 'lighttpd', 'tinyproxy', 'mailman', 'wickedd-dhcp4', 'chronyd', 'apache2', 'xinetd', 'named', 'dovecot', 'samba', 'proftpd', 'charon', 'smbd', 'qmgr', 'ndsd', 'ibserver', 'cupsd', 'nscd', 'java', 'httpd', 'nmbd', 'mysqld', 'cyrus_pop3d', 'kamailio', 'pop2d', 'exim', 'pop3d', 'saned', 'squid', 'apache', 'danted', 'mongod', 'vsftpd', 'smartd', 'mysqld_safe', 'starter', 'squid3']
2025/07/22 11:54:06|INFO    |858:(ThreadPoolExecutor-0_0)|syslog_parser|ACTION_ID: 462d52eb-3596-4407-b754-824607ed0fd9|crash_counters: {'wickedd-dhcp6': 0, 'couriertcpd': 0, 'pmmasterd': 0, 'authproxy': 0, 'lighttpd': 0, 'tinyproxy': 0, 'mailman': 0, 'wickedd-dhcp4': 0, 'chronyd': 0, 'apache2': 0, 'xinetd': 0, 'named': 0, 'dovecot': 0, 'samba': 0, 'proftpd': 0, 'charon': 0, 'smbd': 0, 'qmgr': 0, 'ndsd': 0, 'ibserver': 0, 'cupsd': 0, 'nscd': 0, 'java': 0, 'httpd': 0, 'nmbd': 0, 'mysqld': 0, 'cyrus_pop3d': 0, 'kamailio': 0, 'pop2d': 0, 'exim': 0, 'pop3d': 0, 'saned': 0, 'squid': 0, 'apache': 0, 'danted': 0, 'mongod': 0, 'vsftpd': 0, 'smartd': 0, 'mysqld_safe': 0, 'starter': 0, 'squid3': 0}
2025/07/22 11:54:06|INFO    |858:(ThreadPoolExecutor-0_0)|syslog_parser|ACTION_ID: 462d52eb-3596-4407-b754-824607ed0fd9|Dypd statistics are empty. Cannot retrieve injected processes stats
2025/07/22 11:54:06|INFO    |858:(ThreadPoolExecutor-0_0)|syslog_parser|ACTION_ID: 462d52eb-3596-4407-b754-824607ed0fd9|Could not find any crash reports in statistics
2025/07/22 11:54:06|INFO    |858:(ThreadPoolExecutor-0_0)|syslog_parser|ACTION_ID: 462d52eb-3596-4407-b754-824607ed0fd9|Using temporary journal file: /opt/traps/python/scripts/tmppde74t32
2025/07/22 11:54:06|INFO    |858:(ThreadPoolExecutor-0_0)|syslog_parser|ACTION_ID: 462d52eb-3596-4407-b754-824607ed0fd9|Log file: /opt/traps/python/scripts/tmppde74t32 detected.
2025/07/22 11:54:06|INFO    |858:(ThreadPoolExecutor-0_0)|syslog_parser|ACTION_ID: 462d52eb-3596-4407-b754-824607ed0fd9|Syslog format RFC 3164 detected for line: Jul 22 11:04:20 linux-lab02 kernel: pci 0000:00:15.5: BAR 13: no space for [io  size 0x1000]

2025/07/22 11:54:06|INFO    |858:(ThreadPoolExecutor-0_0)|syslog_parser|ACTION_ID: 462d52eb-3596-4407-b754-824607ed0fd9|Start monitor /opt/traps/python/scripts/tmppde74t32
2025/07/22 11:54:06|INFO    |858:(ThreadPoolExecutor-0_0)|syslog_parser|ACTION_ID: 462d52eb-3596-4407-b754-824607ed0fd9|Stopping to read lines as iterator has maxed out
2025/07/22 11:54:06|INFO    |858:(ThreadPoolExecutor-0_0)|syslog_parser|ACTION_ID: 462d52eb-3596-4407-b754-824607ed0fd9|saving last line date:: 22/07/1900 11:47:20
2025/07/22 11:54:06|INFO    |858:(ThreadPoolExecutor-0_0)|syslog_parser|ACTION_ID: 462d52eb-3596-4407-b754-824607ed0fd9|7 lines scanned by parser
2025/07/22 11:54:06|INFO    |858:(ThreadPoolExecutor-0_0)|adaptive_policy|ACTION_ID: 462d52eb-3596-4407-b754-824607ed0fd9|syslog_parser created output: None
2025/07/22 11:54:06|INFO    |858:(ThreadPoolExecutor-0_0)|adaptive_policy|ACTION_ID: 462d52eb-3596-4407-b754-824607ed0fd9|Running parser: net_collector
2025/07/22 11:54:06|INFO    |858:(ThreadPoolExecutor-0_0)|net_collector_parser|ACTION_ID: 462d52eb-3596-4407-b754-824607ed0fd9|NetCollector parser started
2025/07/22 11:54:06|INFO    |858:(ThreadPoolExecutor-0_0)|net_collector_parser|ACTION_ID: 462d52eb-3596-4407-b754-824607ed0fd9|System: cpu=3.0% idle=97.0%
2025/07/22 11:54:06|INFO    |858:(ThreadPoolExecutor-0_0)|net_collector_parser|ACTION_ID: 462d52eb-3596-4407-b754-824607ed0fd9|Thread CloudMetadata: cpu=0%
2025/07/22 11:54:06|INFO    |858:(ThreadPoolExecutor-0_0)|net_collector_parser|ACTION_ID: 462d52eb-3596-4407-b754-824607ed0fd9|Thread InjectedProcesses: cpu=0%
2025/07/22 11:54:06|INFO    |858:(ThreadPoolExecutor-0_0)|net_collector_parser|ACTION_ID: 462d52eb-3596-4407-b754-824607ed0fd9|Thread clad: cpu=0%
2025/07/22 11:54:06|INFO    |858:(ThreadPoolExecutor-0_0)|net_collector_parser|ACTION_ID: 462d52eb-3596-4407-b754-824607ed0fd9|Thread dypdng: cpu=0%
2025/07/22 11:54:06|INFO    |858:(ThreadPoolExecutor-0_0)|net_collector_parser|ACTION_ID: 462d52eb-3596-4407-b754-824607ed0fd9|Thread pmd: cpu=1.0%
2025/07/22 11:54:06|INFO    |858:(ThreadPoolExecutor-0_0)|net_collector_parser|ACTION_ID: 462d52eb-3596-4407-b754-824607ed0fd9|Thread pyxd: cpu=0%
2025/07/22 11:54:06|INFO    |858:(ThreadPoolExecutor-0_0)|net_collector_parser|ACTION_ID: 462d52eb-3596-4407-b754-824607ed0fd9|Thread sandboxd: cpu=0%
2025/07/22 11:54:06|INFO    |858:(ThreadPoolExecutor-0_0)|adaptive_policy|ACTION_ID: 462d52eb-3596-4407-b754-824607ed0fd9|net_collector created output: None
2025/07/22 11:54:06|INFO    |858:(ThreadPoolExecutor-0_0)|adaptive_policy|ACTION_ID: 462d52eb-3596-4407-b754-824607ed0fd9|Running parser: linux_auto_disable_on_write_parser
2025/07/22 11:54:06|INFO    |858:(ThreadPoolExecutor-0_0)|adaptive_policy_utils|ACTION_ID: 462d52eb-3596-4407-b754-824607ed0fd9|Detected traps version: 8.8.0.133595
2025/07/22 11:54:06|INFO    |858:(ThreadPoolExecutor-0_0)|linux_auto_disable_on_write_parser|ACTION_ID: 462d52eb-3596-4407-b754-824607ed0fd9|CPU is normal, waiting for next iteration.
2025/07/22 11:54:06|INFO    |858:(ThreadPoolExecutor-0_0)|adaptive_policy|ACTION_ID: 462d52eb-3596-4407-b754-824607ed0fd9|linux_auto_disable_on_write_parser created output: None
2025/07/22 11:54:06|INFO    |858:(ThreadPoolExecutor-0_0)|adaptive_policy|ACTION_ID: 462d52eb-3596-4407-b754-824607ed0fd9|{'apex': [], 'persistence': {'auto_disable_agent': {}, 'edr_archive_parser': {}, 'syslog_parser': {'last_scan': -2191482372.0}, 'net_collector': {}, 'linux_auto_disable_on_write_parser': {'trapsd_avg_cpu': 1.0303673504397866}}, 'output_settings': '{\n"agentDisabledByAdaptivePolicy": false\n}', 'last_analysis': 1753196046}
2025/07/22 12:09:06|INFO    |858:(ThreadPoolExecutor-0_0)|adaptive_policy|ACTION_ID: 462d52eb-3596-4407-b754-824607ed0fd9|Starting adaptive policy engine with kwargs: {}
2025/07/22 12:09:06|INFO    |858:(ThreadPoolExecutor-0_0)|adaptive_policy_utils|ACTION_ID: 462d52eb-3596-4407-b754-824607ed0fd9|Detected traps version: 8.8.0.133595
2025/07/22 12:09:06|INFO    |858:(ThreadPoolExecutor-0_0)|adaptive_policy|ACTION_ID: 462d52eb-3596-4407-b754-824607ed0fd9|{'adaptive_policy_interval': 900}
2025/07/22 12:09:06|INFO    |858:(ThreadPoolExecutor-0_0)|adaptive_policy|ACTION_ID: 462d52eb-3596-4407-b754-824607ed0fd9|Set value of adaptive_policy_interval to 900
2025/07/22 12:09:06|INFO    |858:(ThreadPoolExecutor-0_0)|adaptive_policy|ACTION_ID: 462d52eb-3596-4407-b754-824607ed0fd9|last analysis timestamp: Tuesday, July 22, 2025 at 11:54:06 AM
2025/07/22 12:09:06|INFO    |858:(ThreadPoolExecutor-0_0)|adaptive_policy|ACTION_ID: 462d52eb-3596-4407-b754-824607ed0fd9|High resolution mode: False
2025/07/22 12:09:06|INFO    |858:(ThreadPoolExecutor-0_0)|adaptive_policy|ACTION_ID: 462d52eb-3596-4407-b754-824607ed0fd9|Time elapsed since the previous normal mode execution: 900 seconds
2025/07/22 12:09:06|INFO    |858:(ThreadPoolExecutor-0_0)|adaptive_policy|ACTION_ID: 462d52eb-3596-4407-b754-824607ed0fd9|Adaptive policy normal operation mode interval: 900
2025/07/22 12:09:06|INFO    |858:(ThreadPoolExecutor-0_0)|adaptive_policy|ACTION_ID: 462d52eb-3596-4407-b754-824607ed0fd9|Adaptive policy normal mode is: ENABLED
2025/07/22 12:09:06|INFO    |858:(ThreadPoolExecutor-0_0)|adaptive_policy|ACTION_ID: 462d52eb-3596-4407-b754-824607ed0fd9|Adding normal operation mode parser
2025/07/22 12:09:06|INFO    |858:(ThreadPoolExecutor-0_0)|adaptive_policy|ACTION_ID: 462d52eb-3596-4407-b754-824607ed0fd9|Found 2 statistics components to analyze
2025/07/22 12:09:06|INFO    |858:(ThreadPoolExecutor-0_0)|adaptive_policy|ACTION_ID: 462d52eb-3596-4407-b754-824607ed0fd9|Running parser: auto_disable_agent
2025/07/22 12:09:06|INFO    |858:(ThreadPoolExecutor-0_0)|adaptive_policy_utils|ACTION_ID: 462d52eb-3596-4407-b754-824607ed0fd9|Detected traps version: 8.8.0.133595
2025/07/22 12:09:06|INFO    |858:(ThreadPoolExecutor-0_0)|auto_disable_parser|ACTION_ID: 462d52eb-3596-4407-b754-824607ed0fd9|Trapsd average CPU usage - normalized 0.8255913708522085
2025/07/22 12:09:06|INFO    |858:(ThreadPoolExecutor-0_0)|auto_disable_parser|ACTION_ID: 462d52eb-3596-4407-b754-824607ed0fd9|Trapsd average CPU usage 0.8255913708522085
2025/07/22 12:09:06|INFO    |858:(ThreadPoolExecutor-0_0)|auto_disable_parser|ACTION_ID: 462d52eb-3596-4407-b754-824607ed0fd9|Agent in normal state and CPU is normal, waiting for next iteration.
2025/07/22 12:09:06|INFO    |858:(ThreadPoolExecutor-0_0)|auto_disable_parser|ACTION_ID: 462d52eb-3596-4407-b754-824607ed0fd9|trapsd private memory usage 238,366,720
2025/07/22 12:09:06|INFO    |858:(ThreadPoolExecutor-0_0)|auto_disable_parser|ACTION_ID: 462d52eb-3596-4407-b754-824607ed0fd9|Agent in normal state and Memory is normal, waiting for next iteration.
2025/07/22 12:09:06|INFO    |858:(ThreadPoolExecutor-0_0)|adaptive_policy|ACTION_ID: 462d52eb-3596-4407-b754-824607ed0fd9|auto_disable_agent created output: None
2025/07/22 12:09:06|INFO    |858:(ThreadPoolExecutor-0_0)|adaptive_policy|ACTION_ID: 462d52eb-3596-4407-b754-824607ed0fd9|Running parser: edr_archive_parser
2025/07/22 12:09:06|INFO    |858:(ThreadPoolExecutor-0_0)|edr_archive_parser|ACTION_ID: 462d52eb-3596-4407-b754-824607ed0fd9|EDR Archive size: 0.0mb
2025/07/22 12:09:06|INFO    |858:(ThreadPoolExecutor-0_0)|adaptive_policy|ACTION_ID: 462d52eb-3596-4407-b754-824607ed0fd9|edr_archive_parser created output: None
2025/07/22 12:09:06|INFO    |858:(ThreadPoolExecutor-0_0)|adaptive_policy|ACTION_ID: 462d52eb-3596-4407-b754-824607ed0fd9|Running parser: syslog_parser
2025/07/22 12:09:06|INFO    |858:(ThreadPoolExecutor-0_0)|adaptive_policy_utils|ACTION_ID: 462d52eb-3596-4407-b754-824607ed0fd9|Detected traps version: 8.8.0.133595
2025/07/22 12:09:06|INFO    |858:(ThreadPoolExecutor-0_0)|syslog_parser|ACTION_ID: 462d52eb-3596-4407-b754-824607ed0fd9|Injected processes list: ['wickedd-dhcp6', 'couriertcpd', 'pmmasterd', 'authproxy', 'lighttpd', 'tinyproxy', 'mailman', 'wickedd-dhcp4', 'chronyd', 'apache2', 'xinetd', 'named', 'dovecot', 'samba', 'proftpd', 'charon', 'smbd', 'qmgr', 'ndsd', 'ibserver', 'cupsd', 'nscd', 'java', 'httpd', 'nmbd', 'mysqld', 'cyrus_pop3d', 'kamailio', 'pop2d', 'exim', 'pop3d', 'saned', 'squid', 'apache', 'danted', 'mongod', 'vsftpd', 'smartd', 'mysqld_safe', 'starter', 'squid3']
2025/07/22 12:09:06|INFO    |858:(ThreadPoolExecutor-0_0)|syslog_parser|ACTION_ID: 462d52eb-3596-4407-b754-824607ed0fd9|crash_counters: {'wickedd-dhcp6': 0, 'couriertcpd': 0, 'pmmasterd': 0, 'authproxy': 0, 'lighttpd': 0, 'tinyproxy': 0, 'mailman': 0, 'wickedd-dhcp4': 0, 'chronyd': 0, 'apache2': 0, 'xinetd': 0, 'named': 0, 'dovecot': 0, 'samba': 0, 'proftpd': 0, 'charon': 0, 'smbd': 0, 'qmgr': 0, 'ndsd': 0, 'ibserver': 0, 'cupsd': 0, 'nscd': 0, 'java': 0, 'httpd': 0, 'nmbd': 0, 'mysqld': 0, 'cyrus_pop3d': 0, 'kamailio': 0, 'pop2d': 0, 'exim': 0, 'pop3d': 0, 'saned': 0, 'squid': 0, 'apache': 0, 'danted': 0, 'mongod': 0, 'vsftpd': 0, 'smartd': 0, 'mysqld_safe': 0, 'starter': 0, 'squid3': 0}
2025/07/22 12:09:06|INFO    |858:(ThreadPoolExecutor-0_0)|syslog_parser|ACTION_ID: 462d52eb-3596-4407-b754-824607ed0fd9|Dypd statistics are empty. Cannot retrieve injected processes stats
2025/07/22 12:09:06|INFO    |858:(ThreadPoolExecutor-0_0)|syslog_parser|ACTION_ID: 462d52eb-3596-4407-b754-824607ed0fd9|Could not find any crash reports in statistics
2025/07/22 12:09:06|INFO    |858:(ThreadPoolExecutor-0_0)|syslog_parser|ACTION_ID: 462d52eb-3596-4407-b754-824607ed0fd9|Using temporary journal file: /opt/traps/python/scripts/tmp_i5cnfp_
2025/07/22 12:09:06|INFO    |858:(ThreadPoolExecutor-0_0)|syslog_parser|ACTION_ID: 462d52eb-3596-4407-b754-824607ed0fd9|Log file: /opt/traps/python/scripts/tmp_i5cnfp_ detected.
2025/07/22 12:09:06|INFO    |858:(ThreadPoolExecutor-0_0)|syslog_parser|ACTION_ID: 462d52eb-3596-4407-b754-824607ed0fd9|Syslog format RFC 3164 detected for line: Jul 22 11:04:20 linux-lab02 kernel: pci 0000:00:15.6: BAR 13: failed to assign [io  size 0x1000]

2025/07/22 12:09:06|INFO    |858:(ThreadPoolExecutor-0_0)|syslog_parser|ACTION_ID: 462d52eb-3596-4407-b754-824607ed0fd9|Start monitor /opt/traps/python/scripts/tmp_i5cnfp_
2025/07/22 12:09:06|INFO    |858:(ThreadPoolExecutor-0_0)|syslog_parser|ACTION_ID: 462d52eb-3596-4407-b754-824607ed0fd9|Stopping to read lines as iterator has maxed out
2025/07/22 12:09:06|INFO    |858:(ThreadPoolExecutor-0_0)|syslog_parser|ACTION_ID: 462d52eb-3596-4407-b754-824607ed0fd9|saving last line date:: 22/07/1900 11:57:55
2025/07/22 12:09:06|INFO    |858:(ThreadPoolExecutor-0_0)|syslog_parser|ACTION_ID: 462d52eb-3596-4407-b754-824607ed0fd9|3 lines scanned by parser
2025/07/22 12:09:06|INFO    |858:(ThreadPoolExecutor-0_0)|adaptive_policy|ACTION_ID: 462d52eb-3596-4407-b754-824607ed0fd9|syslog_parser created output: None
2025/07/22 12:09:06|INFO    |858:(ThreadPoolExecutor-0_0)|adaptive_policy|ACTION_ID: 462d52eb-3596-4407-b754-824607ed0fd9|Running parser: net_collector
2025/07/22 12:09:06|INFO    |858:(ThreadPoolExecutor-0_0)|net_collector_parser|ACTION_ID: 462d52eb-3596-4407-b754-824607ed0fd9|NetCollector parser started
2025/07/22 12:09:06|INFO    |858:(ThreadPoolExecutor-0_0)|net_collector_parser|ACTION_ID: 462d52eb-3596-4407-b754-824607ed0fd9|System: cpu=3.0% idle=97.0%
2025/07/22 12:09:06|INFO    |858:(ThreadPoolExecutor-0_0)|net_collector_parser|ACTION_ID: 462d52eb-3596-4407-b754-824607ed0fd9|Thread CloudMetadata: cpu=0%
2025/07/22 12:09:06|INFO    |858:(ThreadPoolExecutor-0_0)|net_collector_parser|ACTION_ID: 462d52eb-3596-4407-b754-824607ed0fd9|Thread InjectedProcesses: cpu=0%
2025/07/22 12:09:06|INFO    |858:(ThreadPoolExecutor-0_0)|net_collector_parser|ACTION_ID: 462d52eb-3596-4407-b754-824607ed0fd9|Thread clad: cpu=0%
2025/07/22 12:09:06|INFO    |858:(ThreadPoolExecutor-0_0)|net_collector_parser|ACTION_ID: 462d52eb-3596-4407-b754-824607ed0fd9|Thread dypdng: cpu=0%
2025/07/22 12:09:06|INFO    |858:(ThreadPoolExecutor-0_0)|net_collector_parser|ACTION_ID: 462d52eb-3596-4407-b754-824607ed0fd9|Thread pmd: cpu=0%
2025/07/22 12:09:06|INFO    |858:(ThreadPoolExecutor-0_0)|net_collector_parser|ACTION_ID: 462d52eb-3596-4407-b754-824607ed0fd9|Thread pyxd: cpu=0%
2025/07/22 12:09:06|INFO    |858:(ThreadPoolExecutor-0_0)|net_collector_parser|ACTION_ID: 462d52eb-3596-4407-b754-824607ed0fd9|Thread sandboxd: cpu=0%
2025/07/22 12:09:06|INFO    |858:(ThreadPoolExecutor-0_0)|adaptive_policy|ACTION_ID: 462d52eb-3596-4407-b754-824607ed0fd9|net_collector created output: None
2025/07/22 12:09:06|INFO    |858:(ThreadPoolExecutor-0_0)|adaptive_policy|ACTION_ID: 462d52eb-3596-4407-b754-824607ed0fd9|Running parser: linux_auto_disable_on_write_parser
2025/07/22 12:09:06|INFO    |858:(ThreadPoolExecutor-0_0)|adaptive_policy_utils|ACTION_ID: 462d52eb-3596-4407-b754-824607ed0fd9|Detected traps version: 8.8.0.133595
2025/07/22 12:09:06|INFO    |858:(ThreadPoolExecutor-0_0)|linux_auto_disable_on_write_parser|ACTION_ID: 462d52eb-3596-4407-b754-824607ed0fd9|CPU is normal, waiting for next iteration.
2025/07/22 12:09:06|INFO    |858:(ThreadPoolExecutor-0_0)|adaptive_policy|ACTION_ID: 462d52eb-3596-4407-b754-824607ed0fd9|linux_auto_disable_on_write_parser created output: None
2025/07/22 12:09:06|INFO    |858:(ThreadPoolExecutor-0_0)|adaptive_policy|ACTION_ID: 462d52eb-3596-4407-b754-824607ed0fd9|{'apex': [], 'persistence': {'auto_disable_agent': {}, 'edr_archive_parser': {}, 'syslog_parser': {'last_scan': -2191481737.0}, 'net_collector': {}, 'linux_auto_disable_on_write_parser': {'trapsd_avg_cpu': 0.8255913708522085}}, 'output_settings': '{\n"agentDisabledByAdaptivePolicy": false\n}', 'last_analysis': 1753196946}
2025/07/22 12:24:07|INFO    |858:(ThreadPoolExecutor-0_0)|adaptive_policy|ACTION_ID: 462d52eb-3596-4407-b754-824607ed0fd9|Starting adaptive policy engine with kwargs: {}
2025/07/22 12:24:07|INFO    |858:(ThreadPoolExecutor-0_0)|adaptive_policy_utils|ACTION_ID: 462d52eb-3596-4407-b754-824607ed0fd9|Detected traps version: 8.8.0.133595
2025/07/22 12:24:07|INFO    |858:(ThreadPoolExecutor-0_0)|adaptive_policy|ACTION_ID: 462d52eb-3596-4407-b754-824607ed0fd9|{'adaptive_policy_interval': 900}
2025/07/22 12:24:07|INFO    |858:(ThreadPoolExecutor-0_0)|adaptive_policy|ACTION_ID: 462d52eb-3596-4407-b754-824607ed0fd9|Set value of adaptive_policy_interval to 900
2025/07/22 12:24:07|INFO    |858:(ThreadPoolExecutor-0_0)|adaptive_policy|ACTION_ID: 462d52eb-3596-4407-b754-824607ed0fd9|last analysis timestamp: Tuesday, July 22, 2025 at 12:09:06 PM
2025/07/22 12:24:07|INFO    |858:(ThreadPoolExecutor-0_0)|adaptive_policy|ACTION_ID: 462d52eb-3596-4407-b754-824607ed0fd9|High resolution mode: False
2025/07/22 12:24:07|INFO    |858:(ThreadPoolExecutor-0_0)|adaptive_policy|ACTION_ID: 462d52eb-3596-4407-b754-824607ed0fd9|Time elapsed since the previous normal mode execution: 901 seconds
2025/07/22 12:24:07|INFO    |858:(ThreadPoolExecutor-0_0)|adaptive_policy|ACTION_ID: 462d52eb-3596-4407-b754-824607ed0fd9|Adaptive policy normal operation mode interval: 900
2025/07/22 12:24:07|INFO    |858:(ThreadPoolExecutor-0_0)|adaptive_policy|ACTION_ID: 462d52eb-3596-4407-b754-824607ed0fd9|Adaptive policy normal mode is: ENABLED
2025/07/22 12:24:07|INFO    |858:(ThreadPoolExecutor-0_0)|adaptive_policy|ACTION_ID: 462d52eb-3596-4407-b754-824607ed0fd9|Adding normal operation mode parser
2025/07/22 12:24:07|INFO    |858:(ThreadPoolExecutor-0_0)|adaptive_policy|ACTION_ID: 462d52eb-3596-4407-b754-824607ed0fd9|Found 2 statistics components to analyze
2025/07/22 12:24:07|INFO    |858:(ThreadPoolExecutor-0_0)|adaptive_policy|ACTION_ID: 462d52eb-3596-4407-b754-824607ed0fd9|Running parser: auto_disable_agent
2025/07/22 12:24:07|INFO    |858:(ThreadPoolExecutor-0_0)|adaptive_policy_utils|ACTION_ID: 462d52eb-3596-4407-b754-824607ed0fd9|Detected traps version: 8.8.0.133595
2025/07/22 12:24:07|INFO    |858:(ThreadPoolExecutor-0_0)|auto_disable_parser|ACTION_ID: 462d52eb-3596-4407-b754-824607ed0fd9|Trapsd average CPU usage - normalized 0.7682482015728962
2025/07/22 12:24:07|INFO    |858:(ThreadPoolExecutor-0_0)|auto_disable_parser|ACTION_ID: 462d52eb-3596-4407-b754-824607ed0fd9|Trapsd average CPU usage 0.7682482015728962
2025/07/22 12:24:07|INFO    |858:(ThreadPoolExecutor-0_0)|auto_disable_parser|ACTION_ID: 462d52eb-3596-4407-b754-824607ed0fd9|Agent in normal state and CPU is normal, waiting for next iteration.
2025/07/22 12:24:07|INFO    |858:(ThreadPoolExecutor-0_0)|auto_disable_parser|ACTION_ID: 462d52eb-3596-4407-b754-824607ed0fd9|trapsd private memory usage 240,201,728
2025/07/22 12:24:07|INFO    |858:(ThreadPoolExecutor-0_0)|auto_disable_parser|ACTION_ID: 462d52eb-3596-4407-b754-824607ed0fd9|Agent in normal state and Memory is normal, waiting for next iteration.
2025/07/22 12:24:07|INFO    |858:(ThreadPoolExecutor-0_0)|adaptive_policy|ACTION_ID: 462d52eb-3596-4407-b754-824607ed0fd9|auto_disable_agent created output: None
2025/07/22 12:24:07|INFO    |858:(ThreadPoolExecutor-0_0)|adaptive_policy|ACTION_ID: 462d52eb-3596-4407-b754-824607ed0fd9|Running parser: edr_archive_parser
2025/07/22 12:24:07|INFO    |858:(ThreadPoolExecutor-0_0)|edr_archive_parser|ACTION_ID: 462d52eb-3596-4407-b754-824607ed0fd9|EDR Archive size: 0.0mb
2025/07/22 12:24:07|INFO    |858:(ThreadPoolExecutor-0_0)|adaptive_policy|ACTION_ID: 462d52eb-3596-4407-b754-824607ed0fd9|edr_archive_parser created output: None
2025/07/22 12:24:07|INFO    |858:(ThreadPoolExecutor-0_0)|adaptive_policy|ACTION_ID: 462d52eb-3596-4407-b754-824607ed0fd9|Running parser: syslog_parser
2025/07/22 12:24:07|INFO    |858:(ThreadPoolExecutor-0_0)|adaptive_policy_utils|ACTION_ID: 462d52eb-3596-4407-b754-824607ed0fd9|Detected traps version: 8.8.0.133595
2025/07/22 12:24:07|INFO    |858:(ThreadPoolExecutor-0_0)|syslog_parser|ACTION_ID: 462d52eb-3596-4407-b754-824607ed0fd9|Injected processes list: ['wickedd-dhcp6', 'couriertcpd', 'pmmasterd', 'authproxy', 'lighttpd', 'tinyproxy', 'mailman', 'wickedd-dhcp4', 'chronyd', 'apache2', 'xinetd', 'named', 'dovecot', 'samba', 'proftpd', 'charon', 'smbd', 'qmgr', 'ndsd', 'ibserver', 'cupsd', 'nscd', 'java', 'httpd', 'nmbd', 'mysqld', 'cyrus_pop3d', 'kamailio', 'pop2d', 'exim', 'pop3d', 'saned', 'squid', 'apache', 'danted', 'mongod', 'vsftpd', 'smartd', 'mysqld_safe', 'starter', 'squid3']
2025/07/22 12:24:07|INFO    |858:(ThreadPoolExecutor-0_0)|syslog_parser|ACTION_ID: 462d52eb-3596-4407-b754-824607ed0fd9|crash_counters: {'wickedd-dhcp6': 0, 'couriertcpd': 0, 'pmmasterd': 0, 'authproxy': 0, 'lighttpd': 0, 'tinyproxy': 0, 'mailman': 0, 'wickedd-dhcp4': 0, 'chronyd': 0, 'apache2': 0, 'xinetd': 0, 'named': 0, 'dovecot': 0, 'samba': 0, 'proftpd': 0, 'charon': 0, 'smbd': 0, 'qmgr': 0, 'ndsd': 0, 'ibserver': 0, 'cupsd': 0, 'nscd': 0, 'java': 0, 'httpd': 0, 'nmbd': 0, 'mysqld': 0, 'cyrus_pop3d': 0, 'kamailio': 0, 'pop2d': 0, 'exim': 0, 'pop3d': 0, 'saned': 0, 'squid': 0, 'apache': 0, 'danted': 0, 'mongod': 0, 'vsftpd': 0, 'smartd': 0, 'mysqld_safe': 0, 'starter': 0, 'squid3': 0}
2025/07/22 12:24:07|INFO    |858:(ThreadPoolExecutor-0_0)|syslog_parser|ACTION_ID: 462d52eb-3596-4407-b754-824607ed0fd9|Dypd statistics are empty. Cannot retrieve injected processes stats
2025/07/22 12:24:07|INFO    |858:(ThreadPoolExecutor-0_0)|syslog_parser|ACTION_ID: 462d52eb-3596-4407-b754-824607ed0fd9|Could not find any crash reports in statistics
2025/07/22 12:24:07|INFO    |858:(ThreadPoolExecutor-0_0)|syslog_parser|ACTION_ID: 462d52eb-3596-4407-b754-824607ed0fd9|Using temporary journal file: /opt/traps/python/scripts/tmp689pruyf
2025/07/22 12:24:07|INFO    |858:(ThreadPoolExecutor-0_0)|syslog_parser|ACTION_ID: 462d52eb-3596-4407-b754-824607ed0fd9|Log file: /opt/traps/python/scripts/tmp689pruyf detected.
2025/07/22 12:24:07|INFO    |858:(ThreadPoolExecutor-0_0)|syslog_parser|ACTION_ID: 462d52eb-3596-4407-b754-824607ed0fd9|Syslog format RFC 3164 detected for line: Jul 22 11:04:20 linux-lab02 kernel: pci 0000:00:16.5: BAR 13: no space for [io  size 0x1000]

2025/07/22 12:24:07|INFO    |858:(ThreadPoolExecutor-0_0)|syslog_parser|ACTION_ID: 462d52eb-3596-4407-b754-824607ed0fd9|Start monitor /opt/traps/python/scripts/tmp689pruyf
2025/07/22 12:24:07|INFO    |858:(ThreadPoolExecutor-0_0)|syslog_parser|ACTION_ID: 462d52eb-3596-4407-b754-824607ed0fd9|Stopping to read lines as iterator has maxed out
2025/07/22 12:24:07|INFO    |858:(ThreadPoolExecutor-0_0)|syslog_parser|ACTION_ID: 462d52eb-3596-4407-b754-824607ed0fd9|saving last line date:: 22/07/1900 12:17:01
2025/07/22 12:24:07|INFO    |858:(ThreadPoolExecutor-0_0)|syslog_parser|ACTION_ID: 462d52eb-3596-4407-b754-824607ed0fd9|7 lines scanned by parser
2025/07/22 12:24:07|INFO    |858:(ThreadPoolExecutor-0_0)|adaptive_policy|ACTION_ID: 462d52eb-3596-4407-b754-824607ed0fd9|syslog_parser created output: None
2025/07/22 12:24:07|INFO    |858:(ThreadPoolExecutor-0_0)|adaptive_policy|ACTION_ID: 462d52eb-3596-4407-b754-824607ed0fd9|Running parser: net_collector
2025/07/22 12:24:07|INFO    |858:(ThreadPoolExecutor-0_0)|net_collector_parser|ACTION_ID: 462d52eb-3596-4407-b754-824607ed0fd9|NetCollector parser started
2025/07/22 12:24:07|INFO    |858:(ThreadPoolExecutor-0_0)|net_collector_parser|ACTION_ID: 462d52eb-3596-4407-b754-824607ed0fd9|System: cpu=2.0% idle=98.0%
2025/07/22 12:24:07|INFO    |858:(ThreadPoolExecutor-0_0)|net_collector_parser|ACTION_ID: 462d52eb-3596-4407-b754-824607ed0fd9|Thread CloudMetadata: cpu=0%
2025/07/22 12:24:07|INFO    |858:(ThreadPoolExecutor-0_0)|net_collector_parser|ACTION_ID: 462d52eb-3596-4407-b754-824607ed0fd9|Thread InjectedProcesses: cpu=0%
2025/07/22 12:24:07|INFO    |858:(ThreadPoolExecutor-0_0)|net_collector_parser|ACTION_ID: 462d52eb-3596-4407-b754-824607ed0fd9|Thread clad: cpu=0%
2025/07/22 12:24:07|INFO    |858:(ThreadPoolExecutor-0_0)|net_collector_parser|ACTION_ID: 462d52eb-3596-4407-b754-824607ed0fd9|Thread dypdng: cpu=0%
2025/07/22 12:24:07|INFO    |858:(ThreadPoolExecutor-0_0)|net_collector_parser|ACTION_ID: 462d52eb-3596-4407-b754-824607ed0fd9|Thread pmd: cpu=0%
2025/07/22 12:24:07|INFO    |858:(ThreadPoolExecutor-0_0)|net_collector_parser|ACTION_ID: 462d52eb-3596-4407-b754-824607ed0fd9|Thread pyxd: cpu=0%
2025/07/22 12:24:07|INFO    |858:(ThreadPoolExecutor-0_0)|net_collector_parser|ACTION_ID: 462d52eb-3596-4407-b754-824607ed0fd9|Thread sandboxd: cpu=0%
2025/07/22 12:24:07|INFO    |858:(ThreadPoolExecutor-0_0)|adaptive_policy|ACTION_ID: 462d52eb-3596-4407-b754-824607ed0fd9|net_collector created output: None
2025/07/22 12:24:07|INFO    |858:(ThreadPoolExecutor-0_0)|adaptive_policy|ACTION_ID: 462d52eb-3596-4407-b754-824607ed0fd9|Running parser: linux_auto_disable_on_write_parser
2025/07/22 12:24:07|INFO    |858:(ThreadPoolExecutor-0_0)|adaptive_policy_utils|ACTION_ID: 462d52eb-3596-4407-b754-824607ed0fd9|Detected traps version: 8.8.0.133595
2025/07/22 12:24:07|INFO    |858:(ThreadPoolExecutor-0_0)|linux_auto_disable_on_write_parser|ACTION_ID: 462d52eb-3596-4407-b754-824607ed0fd9|CPU is normal, waiting for next iteration.
2025/07/22 12:24:07|INFO    |858:(ThreadPoolExecutor-0_0)|adaptive_policy|ACTION_ID: 462d52eb-3596-4407-b754-824607ed0fd9|linux_auto_disable_on_write_parser created output: None
2025/07/22 12:24:07|INFO    |858:(ThreadPoolExecutor-0_0)|adaptive_policy|ACTION_ID: 462d52eb-3596-4407-b754-824607ed0fd9|{'apex': [], 'persistence': {'auto_disable_agent': {}, 'edr_archive_parser': {}, 'syslog_parser': {'last_scan': -2191480591.0}, 'net_collector': {}, 'linux_auto_disable_on_write_parser': {'trapsd_avg_cpu': 0.7682482015728962}}, 'output_settings': '{\n"agentDisabledByAdaptivePolicy": false\n}', 'last_analysis': 1753197847}
2025/07/22 12:39:07|INFO    |858:(ThreadPoolExecutor-0_0)|adaptive_policy|ACTION_ID: 462d52eb-3596-4407-b754-824607ed0fd9|Starting adaptive policy engine with kwargs: {}
2025/07/22 12:39:07|INFO    |858:(ThreadPoolExecutor-0_0)|adaptive_policy_utils|ACTION_ID: 462d52eb-3596-4407-b754-824607ed0fd9|Detected traps version: 8.8.0.133595
2025/07/22 12:39:07|INFO    |858:(ThreadPoolExecutor-0_0)|adaptive_policy|ACTION_ID: 462d52eb-3596-4407-b754-824607ed0fd9|{'adaptive_policy_interval': 900}
2025/07/22 12:39:07|INFO    |858:(ThreadPoolExecutor-0_0)|adaptive_policy|ACTION_ID: 462d52eb-3596-4407-b754-824607ed0fd9|Set value of adaptive_policy_interval to 900
2025/07/22 12:39:07|INFO    |858:(ThreadPoolExecutor-0_0)|adaptive_policy|ACTION_ID: 462d52eb-3596-4407-b754-824607ed0fd9|last analysis timestamp: Tuesday, July 22, 2025 at 12:24:07 PM
2025/07/22 12:39:07|INFO    |858:(ThreadPoolExecutor-0_0)|adaptive_policy|ACTION_ID: 462d52eb-3596-4407-b754-824607ed0fd9|High resolution mode: False
2025/07/22 12:39:07|INFO    |858:(ThreadPoolExecutor-0_0)|adaptive_policy|ACTION_ID: 462d52eb-3596-4407-b754-824607ed0fd9|Time elapsed since the previous normal mode execution: 900 seconds
2025/07/22 12:39:07|INFO    |858:(ThreadPoolExecutor-0_0)|adaptive_policy|ACTION_ID: 462d52eb-3596-4407-b754-824607ed0fd9|Adaptive policy normal operation mode interval: 900
2025/07/22 12:39:07|INFO    |858:(ThreadPoolExecutor-0_0)|adaptive_policy|ACTION_ID: 462d52eb-3596-4407-b754-824607ed0fd9|Adaptive policy normal mode is: ENABLED
2025/07/22 12:39:07|INFO    |858:(ThreadPoolExecutor-0_0)|adaptive_policy|ACTION_ID: 462d52eb-3596-4407-b754-824607ed0fd9|Adding normal operation mode parser
2025/07/22 12:39:07|INFO    |858:(ThreadPoolExecutor-0_0)|adaptive_policy|ACTION_ID: 462d52eb-3596-4407-b754-824607ed0fd9|Found 2 statistics components to analyze
2025/07/22 12:39:07|INFO    |858:(ThreadPoolExecutor-0_0)|adaptive_policy|ACTION_ID: 462d52eb-3596-4407-b754-824607ed0fd9|Running parser: auto_disable_agent
2025/07/22 12:39:07|INFO    |858:(ThreadPoolExecutor-0_0)|adaptive_policy_utils|ACTION_ID: 462d52eb-3596-4407-b754-824607ed0fd9|Detected traps version: 8.8.0.133595
2025/07/22 12:39:07|INFO    |858:(ThreadPoolExecutor-0_0)|auto_disable_parser|ACTION_ID: 462d52eb-3596-4407-b754-824607ed0fd9|Trapsd average CPU usage - normalized 0.9693401985225808
2025/07/22 12:39:07|INFO    |858:(ThreadPoolExecutor-0_0)|auto_disable_parser|ACTION_ID: 462d52eb-3596-4407-b754-824607ed0fd9|Trapsd average CPU usage 0.9693401985225808
2025/07/22 12:39:07|INFO    |858:(ThreadPoolExecutor-0_0)|auto_disable_parser|ACTION_ID: 462d52eb-3596-4407-b754-824607ed0fd9|Agent in normal state and CPU is normal, waiting for next iteration.
2025/07/22 12:39:07|INFO    |858:(ThreadPoolExecutor-0_0)|auto_disable_parser|ACTION_ID: 462d52eb-3596-4407-b754-824607ed0fd9|trapsd private memory usage 241,164,288
2025/07/22 12:39:07|INFO    |858:(ThreadPoolExecutor-0_0)|auto_disable_parser|ACTION_ID: 462d52eb-3596-4407-b754-824607ed0fd9|Agent in normal state and Memory is normal, waiting for next iteration.
2025/07/22 12:39:07|INFO    |858:(ThreadPoolExecutor-0_0)|adaptive_policy|ACTION_ID: 462d52eb-3596-4407-b754-824607ed0fd9|auto_disable_agent created output: None
2025/07/22 12:39:07|INFO    |858:(ThreadPoolExecutor-0_0)|adaptive_policy|ACTION_ID: 462d52eb-3596-4407-b754-824607ed0fd9|Running parser: edr_archive_parser
2025/07/22 12:39:07|INFO    |858:(ThreadPoolExecutor-0_0)|edr_archive_parser|ACTION_ID: 462d52eb-3596-4407-b754-824607ed0fd9|EDR Archive size: 0.0mb
2025/07/22 12:39:07|INFO    |858:(ThreadPoolExecutor-0_0)|adaptive_policy|ACTION_ID: 462d52eb-3596-4407-b754-824607ed0fd9|edr_archive_parser created output: None
2025/07/22 12:39:07|INFO    |858:(ThreadPoolExecutor-0_0)|adaptive_policy|ACTION_ID: 462d52eb-3596-4407-b754-824607ed0fd9|Running parser: syslog_parser
2025/07/22 12:39:07|INFO    |858:(ThreadPoolExecutor-0_0)|adaptive_policy_utils|ACTION_ID: 462d52eb-3596-4407-b754-824607ed0fd9|Detected traps version: 8.8.0.133595
2025/07/22 12:39:07|INFO    |858:(ThreadPoolExecutor-0_0)|syslog_parser|ACTION_ID: 462d52eb-3596-4407-b754-824607ed0fd9|Injected processes list: ['wickedd-dhcp6', 'couriertcpd', 'pmmasterd', 'authproxy', 'lighttpd', 'tinyproxy', 'mailman', 'wickedd-dhcp4', 'chronyd', 'apache2', 'xinetd', 'named', 'dovecot', 'samba', 'proftpd', 'charon', 'smbd', 'qmgr', 'ndsd', 'ibserver', 'cupsd', 'nscd', 'java', 'httpd', 'nmbd', 'mysqld', 'cyrus_pop3d', 'kamailio', 'pop2d', 'exim', 'pop3d', 'saned', 'squid', 'apache', 'danted', 'mongod', 'vsftpd', 'smartd', 'mysqld_safe', 'starter', 'squid3']
2025/07/22 12:39:07|INFO    |858:(ThreadPoolExecutor-0_0)|syslog_parser|ACTION_ID: 462d52eb-3596-4407-b754-824607ed0fd9|crash_counters: {'wickedd-dhcp6': 0, 'couriertcpd': 0, 'pmmasterd': 0, 'authproxy': 0, 'lighttpd': 0, 'tinyproxy': 0, 'mailman': 0, 'wickedd-dhcp4': 0, 'chronyd': 0, 'apache2': 0, 'xinetd': 0, 'named': 0, 'dovecot': 0, 'samba': 0, 'proftpd': 0, 'charon': 0, 'smbd': 0, 'qmgr': 0, 'ndsd': 0, 'ibserver': 0, 'cupsd': 0, 'nscd': 0, 'java': 0, 'httpd': 0, 'nmbd': 0, 'mysqld': 0, 'cyrus_pop3d': 0, 'kamailio': 0, 'pop2d': 0, 'exim': 0, 'pop3d': 0, 'saned': 0, 'squid': 0, 'apache': 0, 'danted': 0, 'mongod': 0, 'vsftpd': 0, 'smartd': 0, 'mysqld_safe': 0, 'starter': 0, 'squid3': 0}
2025/07/22 12:39:07|INFO    |858:(ThreadPoolExecutor-0_0)|syslog_parser|ACTION_ID: 462d52eb-3596-4407-b754-824607ed0fd9|Dypd statistics are empty. Cannot retrieve injected processes stats
2025/07/22 12:39:07|INFO    |858:(ThreadPoolExecutor-0_0)|syslog_parser|ACTION_ID: 462d52eb-3596-4407-b754-824607ed0fd9|Could not find any crash reports in statistics
2025/07/22 12:39:07|INFO    |858:(ThreadPoolExecutor-0_0)|syslog_parser|ACTION_ID: 462d52eb-3596-4407-b754-824607ed0fd9|Using temporary journal file: /opt/traps/python/scripts/tmp_vcg3gni
2025/07/22 12:39:07|INFO    |858:(ThreadPoolExecutor-0_0)|syslog_parser|ACTION_ID: 462d52eb-3596-4407-b754-824607ed0fd9|Log file: /opt/traps/python/scripts/tmp_vcg3gni detected.
2025/07/22 12:39:07|INFO    |858:(ThreadPoolExecutor-0_0)|syslog_parser|ACTION_ID: 462d52eb-3596-4407-b754-824607ed0fd9|Syslog format RFC 3164 detected for line: Jul 22 11:04:20 linux-lab02 kernel: pci 0000:00:17.3: BAR 13: failed to assign [io  size 0x1000]

2025/07/22 12:39:07|INFO    |858:(ThreadPoolExecutor-0_0)|syslog_parser|ACTION_ID: 462d52eb-3596-4407-b754-824607ed0fd9|Start monitor /opt/traps/python/scripts/tmp_vcg3gni
2025/07/22 12:39:07|INFO    |858:(ThreadPoolExecutor-0_0)|syslog_parser|ACTION_ID: 462d52eb-3596-4407-b754-824607ed0fd9|Stopping to read lines as iterator has maxed out
2025/07/22 12:39:07|INFO    |858:(ThreadPoolExecutor-0_0)|syslog_parser|ACTION_ID: 462d52eb-3596-4407-b754-824607ed0fd9|saving last line date:: 22/07/1900 12:36:28
2025/07/22 12:39:07|INFO    |858:(ThreadPoolExecutor-0_0)|syslog_parser|ACTION_ID: 462d52eb-3596-4407-b754-824607ed0fd9|7 lines scanned by parser
2025/07/22 12:39:07|INFO    |858:(ThreadPoolExecutor-0_0)|adaptive_policy|ACTION_ID: 462d52eb-3596-4407-b754-824607ed0fd9|syslog_parser created output: None
2025/07/22 12:39:07|INFO    |858:(ThreadPoolExecutor-0_0)|adaptive_policy|ACTION_ID: 462d52eb-3596-4407-b754-824607ed0fd9|Running parser: net_collector
2025/07/22 12:39:07|INFO    |858:(ThreadPoolExecutor-0_0)|net_collector_parser|ACTION_ID: 462d52eb-3596-4407-b754-824607ed0fd9|NetCollector parser started
2025/07/22 12:39:07|INFO    |858:(ThreadPoolExecutor-0_0)|net_collector_parser|ACTION_ID: 462d52eb-3596-4407-b754-824607ed0fd9|System: cpu=3.0% idle=97.0%
2025/07/22 12:39:07|INFO    |858:(ThreadPoolExecutor-0_0)|net_collector_parser|ACTION_ID: 462d52eb-3596-4407-b754-824607ed0fd9|Thread CloudMetadata: cpu=0%
2025/07/22 12:39:07|INFO    |858:(ThreadPoolExecutor-0_0)|net_collector_parser|ACTION_ID: 462d52eb-3596-4407-b754-824607ed0fd9|Thread InjectedProcesses: cpu=0%
2025/07/22 12:39:07|INFO    |858:(ThreadPoolExecutor-0_0)|net_collector_parser|ACTION_ID: 462d52eb-3596-4407-b754-824607ed0fd9|Thread clad: cpu=0%
2025/07/22 12:39:07|INFO    |858:(ThreadPoolExecutor-0_0)|net_collector_parser|ACTION_ID: 462d52eb-3596-4407-b754-824607ed0fd9|Thread dypdng: cpu=0%
2025/07/22 12:39:07|INFO    |858:(ThreadPoolExecutor-0_0)|net_collector_parser|ACTION_ID: 462d52eb-3596-4407-b754-824607ed0fd9|Thread pmd: cpu=0%
2025/07/22 12:39:07|INFO    |858:(ThreadPoolExecutor-0_0)|net_collector_parser|ACTION_ID: 462d52eb-3596-4407-b754-824607ed0fd9|Thread pyxd: cpu=0%
2025/07/22 12:39:07|INFO    |858:(ThreadPoolExecutor-0_0)|net_collector_parser|ACTION_ID: 462d52eb-3596-4407-b754-824607ed0fd9|Thread sandboxd: cpu=0%
2025/07/22 12:39:07|INFO    |858:(ThreadPoolExecutor-0_0)|adaptive_policy|ACTION_ID: 462d52eb-3596-4407-b754-824607ed0fd9|net_collector created output: None
2025/07/22 12:39:07|INFO    |858:(ThreadPoolExecutor-0_0)|adaptive_policy|ACTION_ID: 462d52eb-3596-4407-b754-824607ed0fd9|Running parser: linux_auto_disable_on_write_parser
2025/07/22 12:39:07|INFO    |858:(ThreadPoolExecutor-0_0)|adaptive_policy_utils|ACTION_ID: 462d52eb-3596-4407-b754-824607ed0fd9|Detected traps version: 8.8.0.133595
2025/07/22 12:39:07|INFO    |858:(ThreadPoolExecutor-0_0)|linux_auto_disable_on_write_parser|ACTION_ID: 462d52eb-3596-4407-b754-824607ed0fd9|CPU is normal, waiting for next iteration.
2025/07/22 12:39:07|INFO    |858:(ThreadPoolExecutor-0_0)|adaptive_policy|ACTION_ID: 462d52eb-3596-4407-b754-824607ed0fd9|linux_auto_disable_on_write_parser created output: None
2025/07/22 12:39:07|INFO    |858:(ThreadPoolExecutor-0_0)|adaptive_policy|ACTION_ID: 462d52eb-3596-4407-b754-824607ed0fd9|{'apex': [], 'persistence': {'auto_disable_agent': {}, 'edr_archive_parser': {}, 'syslog_parser': {'last_scan': -2191479424.0}, 'net_collector': {}, 'linux_auto_disable_on_write_parser': {'trapsd_avg_cpu': 0.9693401985225808}}, 'output_settings': '{\n"agentDisabledByAdaptivePolicy": false\n}', 'last_analysis': 1753198747}
2025/07/22 12:54:07|INFO    |858:(ThreadPoolExecutor-0_0)|adaptive_policy|ACTION_ID: 462d52eb-3596-4407-b754-824607ed0fd9|Starting adaptive policy engine with kwargs: {}
2025/07/22 12:54:07|INFO    |858:(ThreadPoolExecutor-0_0)|adaptive_policy_utils|ACTION_ID: 462d52eb-3596-4407-b754-824607ed0fd9|Detected traps version: 8.8.0.133595
2025/07/22 12:54:07|INFO    |858:(ThreadPoolExecutor-0_0)|adaptive_policy|ACTION_ID: 462d52eb-3596-4407-b754-824607ed0fd9|{'adaptive_policy_interval': 900}
2025/07/22 12:54:07|INFO    |858:(ThreadPoolExecutor-0_0)|adaptive_policy|ACTION_ID: 462d52eb-3596-4407-b754-824607ed0fd9|Set value of adaptive_policy_interval to 900
2025/07/22 12:54:07|INFO    |858:(ThreadPoolExecutor-0_0)|adaptive_policy|ACTION_ID: 462d52eb-3596-4407-b754-824607ed0fd9|last analysis timestamp: Tuesday, July 22, 2025 at 12:39:07 PM
2025/07/22 12:54:07|INFO    |858:(ThreadPoolExecutor-0_0)|adaptive_policy|ACTION_ID: 462d52eb-3596-4407-b754-824607ed0fd9|High resolution mode: False
2025/07/22 12:54:07|INFO    |858:(ThreadPoolExecutor-0_0)|adaptive_policy|ACTION_ID: 462d52eb-3596-4407-b754-824607ed0fd9|Time elapsed since the previous normal mode execution: 900 seconds
2025/07/22 12:54:07|INFO    |858:(ThreadPoolExecutor-0_0)|adaptive_policy|ACTION_ID: 462d52eb-3596-4407-b754-824607ed0fd9|Adaptive policy normal operation mode interval: 900
2025/07/22 12:54:07|INFO    |858:(ThreadPoolExecutor-0_0)|adaptive_policy|ACTION_ID: 462d52eb-3596-4407-b754-824607ed0fd9|Adaptive policy normal mode is: ENABLED
2025/07/22 12:54:07|INFO    |858:(ThreadPoolExecutor-0_0)|adaptive_policy|ACTION_ID: 462d52eb-3596-4407-b754-824607ed0fd9|Adding normal operation mode parser
2025/07/22 12:54:07|INFO    |858:(ThreadPoolExecutor-0_0)|adaptive_policy|ACTION_ID: 462d52eb-3596-4407-b754-824607ed0fd9|Found 2 statistics components to analyze
2025/07/22 12:54:07|INFO    |858:(ThreadPoolExecutor-0_0)|adaptive_policy|ACTION_ID: 462d52eb-3596-4407-b754-824607ed0fd9|Running parser: auto_disable_agent
2025/07/22 12:54:07|INFO    |858:(ThreadPoolExecutor-0_0)|adaptive_policy_utils|ACTION_ID: 462d52eb-3596-4407-b754-824607ed0fd9|Detected traps version: 8.8.0.133595
2025/07/22 12:54:07|INFO    |858:(ThreadPoolExecutor-0_0)|auto_disable_parser|ACTION_ID: 462d52eb-3596-4407-b754-824607ed0fd9|Trapsd average CPU usage - normalized 0.897372845734015
2025/07/22 12:54:07|INFO    |858:(ThreadPoolExecutor-0_0)|auto_disable_parser|ACTION_ID: 462d52eb-3596-4407-b754-824607ed0fd9|Trapsd average CPU usage 0.897372845734015
2025/07/22 12:54:07|INFO    |858:(ThreadPoolExecutor-0_0)|auto_disable_parser|ACTION_ID: 462d52eb-3596-4407-b754-824607ed0fd9|Agent in normal state and CPU is normal, waiting for next iteration.
2025/07/22 12:54:07|INFO    |858:(ThreadPoolExecutor-0_0)|auto_disable_parser|ACTION_ID: 462d52eb-3596-4407-b754-824607ed0fd9|trapsd private memory usage 243,904,512
2025/07/22 12:54:07|INFO    |858:(ThreadPoolExecutor-0_0)|auto_disable_parser|ACTION_ID: 462d52eb-3596-4407-b754-824607ed0fd9|Agent in normal state and Memory is normal, waiting for next iteration.
2025/07/22 12:54:07|INFO    |858:(ThreadPoolExecutor-0_0)|adaptive_policy|ACTION_ID: 462d52eb-3596-4407-b754-824607ed0fd9|auto_disable_agent created output: None
2025/07/22 12:54:07|INFO    |858:(ThreadPoolExecutor-0_0)|adaptive_policy|ACTION_ID: 462d52eb-3596-4407-b754-824607ed0fd9|Running parser: edr_archive_parser
2025/07/22 12:54:07|INFO    |858:(ThreadPoolExecutor-0_0)|edr_archive_parser|ACTION_ID: 462d52eb-3596-4407-b754-824607ed0fd9|EDR Archive size: 0.0mb
2025/07/22 12:54:07|INFO    |858:(ThreadPoolExecutor-0_0)|adaptive_policy|ACTION_ID: 462d52eb-3596-4407-b754-824607ed0fd9|edr_archive_parser created output: None
2025/07/22 12:54:07|INFO    |858:(ThreadPoolExecutor-0_0)|adaptive_policy|ACTION_ID: 462d52eb-3596-4407-b754-824607ed0fd9|Running parser: syslog_parser
2025/07/22 12:54:07|INFO    |858:(ThreadPoolExecutor-0_0)|adaptive_policy_utils|ACTION_ID: 462d52eb-3596-4407-b754-824607ed0fd9|Detected traps version: 8.8.0.133595
2025/07/22 12:54:07|INFO    |858:(ThreadPoolExecutor-0_0)|syslog_parser|ACTION_ID: 462d52eb-3596-4407-b754-824607ed0fd9|Injected processes list: ['wickedd-dhcp6', 'couriertcpd', 'pmmasterd', 'authproxy', 'lighttpd', 'tinyproxy', 'mailman', 'wickedd-dhcp4', 'chronyd', 'apache2', 'xinetd', 'named', 'dovecot', 'samba', 'proftpd', 'charon', 'smbd', 'qmgr', 'ndsd', 'ibserver', 'cupsd', 'nscd', 'java', 'httpd', 'nmbd', 'mysqld', 'cyrus_pop3d', 'kamailio', 'pop2d', 'exim', 'pop3d', 'saned', 'squid', 'apache', 'danted', 'mongod', 'vsftpd', 'smartd', 'mysqld_safe', 'starter', 'squid3']
2025/07/22 12:54:07|INFO    |858:(ThreadPoolExecutor-0_0)|syslog_parser|ACTION_ID: 462d52eb-3596-4407-b754-824607ed0fd9|crash_counters: {'wickedd-dhcp6': 0, 'couriertcpd': 0, 'pmmasterd': 0, 'authproxy': 0, 'lighttpd': 0, 'tinyproxy': 0, 'mailman': 0, 'wickedd-dhcp4': 0, 'chronyd': 0, 'apache2': 0, 'xinetd': 0, 'named': 0, 'dovecot': 0, 'samba': 0, 'proftpd': 0, 'charon': 0, 'smbd': 0, 'qmgr': 0, 'ndsd': 0, 'ibserver': 0, 'cupsd': 0, 'nscd': 0, 'java': 0, 'httpd': 0, 'nmbd': 0, 'mysqld': 0, 'cyrus_pop3d': 0, 'kamailio': 0, 'pop2d': 0, 'exim': 0, 'pop3d': 0, 'saned': 0, 'squid': 0, 'apache': 0, 'danted': 0, 'mongod': 0, 'vsftpd': 0, 'smartd': 0, 'mysqld_safe': 0, 'starter': 0, 'squid3': 0}
2025/07/22 12:54:07|INFO    |858:(ThreadPoolExecutor-0_0)|syslog_parser|ACTION_ID: 462d52eb-3596-4407-b754-824607ed0fd9|Dypd statistics are empty. Cannot retrieve injected processes stats
2025/07/22 12:54:07|INFO    |858:(ThreadPoolExecutor-0_0)|syslog_parser|ACTION_ID: 462d52eb-3596-4407-b754-824607ed0fd9|Could not find any crash reports in statistics
2025/07/22 12:54:07|INFO    |858:(ThreadPoolExecutor-0_0)|syslog_parser|ACTION_ID: 462d52eb-3596-4407-b754-824607ed0fd9|Using temporary journal file: /opt/traps/python/scripts/tmp2eltzy32
2025/07/22 12:54:07|INFO    |858:(ThreadPoolExecutor-0_0)|syslog_parser|ACTION_ID: 462d52eb-3596-4407-b754-824607ed0fd9|Log file: /opt/traps/python/scripts/tmp2eltzy32 detected.
2025/07/22 12:54:07|INFO    |858:(ThreadPoolExecutor-0_0)|syslog_parser|ACTION_ID: 462d52eb-3596-4407-b754-824607ed0fd9|Syslog format RFC 3164 detected for line: Jul 22 11:04:20 linux-lab02 kernel: pci 0000:00:17.5: BAR 13: no space for [io  size 0x1000]

2025/07/22 12:54:07|INFO    |858:(ThreadPoolExecutor-0_0)|syslog_parser|ACTION_ID: 462d52eb-3596-4407-b754-824607ed0fd9|Start monitor /opt/traps/python/scripts/tmp2eltzy32
2025/07/22 12:54:07|INFO    |858:(ThreadPoolExecutor-0_0)|syslog_parser|ACTION_ID: 462d52eb-3596-4407-b754-824607ed0fd9|Stopping to read lines as iterator has maxed out
2025/07/22 12:54:07|INFO    |858:(ThreadPoolExecutor-0_0)|syslog_parser|ACTION_ID: 462d52eb-3596-4407-b754-824607ed0fd9|saving last line date:: 22/07/1900 12:49:25
2025/07/22 12:54:07|INFO    |858:(ThreadPoolExecutor-0_0)|syslog_parser|ACTION_ID: 462d52eb-3596-4407-b754-824607ed0fd9|3 lines scanned by parser
2025/07/22 12:54:07|INFO    |858:(ThreadPoolExecutor-0_0)|adaptive_policy|ACTION_ID: 462d52eb-3596-4407-b754-824607ed0fd9|syslog_parser created output: None
2025/07/22 12:54:07|INFO    |858:(ThreadPoolExecutor-0_0)|adaptive_policy|ACTION_ID: 462d52eb-3596-4407-b754-824607ed0fd9|Running parser: net_collector
2025/07/22 12:54:07|INFO    |858:(ThreadPoolExecutor-0_0)|net_collector_parser|ACTION_ID: 462d52eb-3596-4407-b754-824607ed0fd9|NetCollector parser started
2025/07/22 12:54:07|INFO    |858:(ThreadPoolExecutor-0_0)|net_collector_parser|ACTION_ID: 462d52eb-3596-4407-b754-824607ed0fd9|System: cpu=3.0% idle=97.0%
2025/07/22 12:54:07|INFO    |858:(ThreadPoolExecutor-0_0)|net_collector_parser|ACTION_ID: 462d52eb-3596-4407-b754-824607ed0fd9|Thread CloudMetadata: cpu=0%
2025/07/22 12:54:07|INFO    |858:(ThreadPoolExecutor-0_0)|net_collector_parser|ACTION_ID: 462d52eb-3596-4407-b754-824607ed0fd9|Thread InjectedProcesses: cpu=0%
2025/07/22 12:54:07|INFO    |858:(ThreadPoolExecutor-0_0)|net_collector_parser|ACTION_ID: 462d52eb-3596-4407-b754-824607ed0fd9|Thread clad: cpu=0%
2025/07/22 12:54:07|INFO    |858:(ThreadPoolExecutor-0_0)|net_collector_parser|ACTION_ID: 462d52eb-3596-4407-b754-824607ed0fd9|Thread dypdng: cpu=0%
2025/07/22 12:54:07|INFO    |858:(ThreadPoolExecutor-0_0)|net_collector_parser|ACTION_ID: 462d52eb-3596-4407-b754-824607ed0fd9|Thread pmd: cpu=0%
2025/07/22 12:54:07|INFO    |858:(ThreadPoolExecutor-0_0)|net_collector_parser|ACTION_ID: 462d52eb-3596-4407-b754-824607ed0fd9|Thread pyxd: cpu=0%
2025/07/22 12:54:07|INFO    |858:(ThreadPoolExecutor-0_0)|net_collector_parser|ACTION_ID: 462d52eb-3596-4407-b754-824607ed0fd9|Thread sandboxd: cpu=0%
2025/07/22 12:54:07|INFO    |858:(ThreadPoolExecutor-0_0)|adaptive_policy|ACTION_ID: 462d52eb-3596-4407-b754-824607ed0fd9|net_collector created output: None
2025/07/22 12:54:07|INFO    |858:(ThreadPoolExecutor-0_0)|adaptive_policy|ACTION_ID: 462d52eb-3596-4407-b754-824607ed0fd9|Running parser: linux_auto_disable_on_write_parser
2025/07/22 12:54:07|INFO    |858:(ThreadPoolExecutor-0_0)|adaptive_policy_utils|ACTION_ID: 462d52eb-3596-4407-b754-824607ed0fd9|Detected traps version: 8.8.0.133595
2025/07/22 12:54:07|INFO    |858:(ThreadPoolExecutor-0_0)|linux_auto_disable_on_write_parser|ACTION_ID: 462d52eb-3596-4407-b754-824607ed0fd9|CPU is normal, waiting for next iteration.
2025/07/22 12:54:07|INFO    |858:(ThreadPoolExecutor-0_0)|adaptive_policy|ACTION_ID: 462d52eb-3596-4407-b754-824607ed0fd9|linux_auto_disable_on_write_parser created output: None
2025/07/22 12:54:07|INFO    |858:(ThreadPoolExecutor-0_0)|adaptive_policy|ACTION_ID: 462d52eb-3596-4407-b754-824607ed0fd9|{'apex': [], 'persistence': {'auto_disable_agent': {}, 'edr_archive_parser': {}, 'syslog_parser': {'last_scan': -2191478647.0}, 'net_collector': {}, 'linux_auto_disable_on_write_parser': {'trapsd_avg_cpu': 0.897372845734015}}, 'output_settings': '{\n"agentDisabledByAdaptivePolicy": false\n}', 'last_analysis': 1753199647}
2025/07/22 13:09:08|INFO    |858:(ThreadPoolExecutor-0_0)|adaptive_policy|ACTION_ID: 462d52eb-3596-4407-b754-824607ed0fd9|Starting adaptive policy engine with kwargs: {}
2025/07/22 13:09:08|INFO    |858:(ThreadPoolExecutor-0_0)|adaptive_policy_utils|ACTION_ID: 462d52eb-3596-4407-b754-824607ed0fd9|Detected traps version: 8.8.0.133595
2025/07/22 13:09:08|INFO    |858:(ThreadPoolExecutor-0_0)|adaptive_policy|ACTION_ID: 462d52eb-3596-4407-b754-824607ed0fd9|{'adaptive_policy_interval': 900}
2025/07/22 13:09:08|INFO    |858:(ThreadPoolExecutor-0_0)|adaptive_policy|ACTION_ID: 462d52eb-3596-4407-b754-824607ed0fd9|Set value of adaptive_policy_interval to 900
2025/07/22 13:09:08|INFO    |858:(ThreadPoolExecutor-0_0)|adaptive_policy|ACTION_ID: 462d52eb-3596-4407-b754-824607ed0fd9|last analysis timestamp: Tuesday, July 22, 2025 at 12:54:07 PM
2025/07/22 13:09:08|INFO    |858:(ThreadPoolExecutor-0_0)|adaptive_policy|ACTION_ID: 462d52eb-3596-4407-b754-824607ed0fd9|High resolution mode: False
2025/07/22 13:09:08|INFO    |858:(ThreadPoolExecutor-0_0)|adaptive_policy|ACTION_ID: 462d52eb-3596-4407-b754-824607ed0fd9|Time elapsed since the previous normal mode execution: 901 seconds
2025/07/22 13:09:08|INFO    |858:(ThreadPoolExecutor-0_0)|adaptive_policy|ACTION_ID: 462d52eb-3596-4407-b754-824607ed0fd9|Adaptive policy normal operation mode interval: 900
2025/07/22 13:09:08|INFO    |858:(ThreadPoolExecutor-0_0)|adaptive_policy|ACTION_ID: 462d52eb-3596-4407-b754-824607ed0fd9|Adaptive policy normal mode is: ENABLED
2025/07/22 13:09:08|INFO    |858:(ThreadPoolExecutor-0_0)|adaptive_policy|ACTION_ID: 462d52eb-3596-4407-b754-824607ed0fd9|Adding normal operation mode parser
2025/07/22 13:09:08|INFO    |858:(ThreadPoolExecutor-0_0)|adaptive_policy|ACTION_ID: 462d52eb-3596-4407-b754-824607ed0fd9|Found 2 statistics components to analyze
2025/07/22 13:09:08|INFO    |858:(ThreadPoolExecutor-0_0)|adaptive_policy|ACTION_ID: 462d52eb-3596-4407-b754-824607ed0fd9|Running parser: auto_disable_agent
2025/07/22 13:09:08|INFO    |858:(ThreadPoolExecutor-0_0)|adaptive_policy_utils|ACTION_ID: 462d52eb-3596-4407-b754-824607ed0fd9|Detected traps version: 8.8.0.133595
2025/07/22 13:09:08|INFO    |858:(ThreadPoolExecutor-0_0)|auto_disable_parser|ACTION_ID: 462d52eb-3596-4407-b754-824607ed0fd9|Trapsd average CPU usage - normalized 0.9697000256172386
2025/07/22 13:09:08|INFO    |858:(ThreadPoolExecutor-0_0)|auto_disable_parser|ACTION_ID: 462d52eb-3596-4407-b754-824607ed0fd9|Trapsd average CPU usage 0.9697000256172386
2025/07/22 13:09:08|INFO    |858:(ThreadPoolExecutor-0_0)|auto_disable_parser|ACTION_ID: 462d52eb-3596-4407-b754-824607ed0fd9|Agent in normal state and CPU is normal, waiting for next iteration.
2025/07/22 13:09:08|INFO    |858:(ThreadPoolExecutor-0_0)|auto_disable_parser|ACTION_ID: 462d52eb-3596-4407-b754-824607ed0fd9|trapsd private memory usage 246,042,624
2025/07/22 13:09:08|INFO    |858:(ThreadPoolExecutor-0_0)|auto_disable_parser|ACTION_ID: 462d52eb-3596-4407-b754-824607ed0fd9|Agent in normal state and Memory is normal, waiting for next iteration.
2025/07/22 13:09:08|INFO    |858:(ThreadPoolExecutor-0_0)|adaptive_policy|ACTION_ID: 462d52eb-3596-4407-b754-824607ed0fd9|auto_disable_agent created output: None
2025/07/22 13:09:08|INFO    |858:(ThreadPoolExecutor-0_0)|adaptive_policy|ACTION_ID: 462d52eb-3596-4407-b754-824607ed0fd9|Running parser: edr_archive_parser
2025/07/22 13:09:08|INFO    |858:(ThreadPoolExecutor-0_0)|edr_archive_parser|ACTION_ID: 462d52eb-3596-4407-b754-824607ed0fd9|EDR Archive size: 0.0mb
2025/07/22 13:09:08|INFO    |858:(ThreadPoolExecutor-0_0)|adaptive_policy|ACTION_ID: 462d52eb-3596-4407-b754-824607ed0fd9|edr_archive_parser created output: None
2025/07/22 13:09:08|INFO    |858:(ThreadPoolExecutor-0_0)|adaptive_policy|ACTION_ID: 462d52eb-3596-4407-b754-824607ed0fd9|Running parser: syslog_parser
2025/07/22 13:09:08|INFO    |858:(ThreadPoolExecutor-0_0)|adaptive_policy_utils|ACTION_ID: 462d52eb-3596-4407-b754-824607ed0fd9|Detected traps version: 8.8.0.133595
2025/07/22 13:09:08|INFO    |858:(ThreadPoolExecutor-0_0)|syslog_parser|ACTION_ID: 462d52eb-3596-4407-b754-824607ed0fd9|Injected processes list: ['wickedd-dhcp6', 'couriertcpd', 'pmmasterd', 'authproxy', 'lighttpd', 'tinyproxy', 'mailman', 'wickedd-dhcp4', 'chronyd', 'apache2', 'xinetd', 'named', 'dovecot', 'samba', 'proftpd', 'charon', 'smbd', 'qmgr', 'ndsd', 'ibserver', 'cupsd', 'nscd', 'java', 'httpd', 'nmbd', 'mysqld', 'cyrus_pop3d', 'kamailio', 'pop2d', 'exim', 'pop3d', 'saned', 'squid', 'apache', 'danted', 'mongod', 'vsftpd', 'smartd', 'mysqld_safe', 'starter', 'squid3']
2025/07/22 13:09:08|INFO    |858:(ThreadPoolExecutor-0_0)|syslog_parser|ACTION_ID: 462d52eb-3596-4407-b754-824607ed0fd9|crash_counters: {'wickedd-dhcp6': 0, 'couriertcpd': 0, 'pmmasterd': 0, 'authproxy': 0, 'lighttpd': 0, 'tinyproxy': 0, 'mailman': 0, 'wickedd-dhcp4': 0, 'chronyd': 0, 'apache2': 0, 'xinetd': 0, 'named': 0, 'dovecot': 0, 'samba': 0, 'proftpd': 0, 'charon': 0, 'smbd': 0, 'qmgr': 0, 'ndsd': 0, 'ibserver': 0, 'cupsd': 0, 'nscd': 0, 'java': 0, 'httpd': 0, 'nmbd': 0, 'mysqld': 0, 'cyrus_pop3d': 0, 'kamailio': 0, 'pop2d': 0, 'exim': 0, 'pop3d': 0, 'saned': 0, 'squid': 0, 'apache': 0, 'danted': 0, 'mongod': 0, 'vsftpd': 0, 'smartd': 0, 'mysqld_safe': 0, 'starter': 0, 'squid3': 0}
2025/07/22 13:09:08|INFO    |858:(ThreadPoolExecutor-0_0)|syslog_parser|ACTION_ID: 462d52eb-3596-4407-b754-824607ed0fd9|Dypd statistics are empty. Cannot retrieve injected processes stats
2025/07/22 13:09:08|INFO    |858:(ThreadPoolExecutor-0_0)|syslog_parser|ACTION_ID: 462d52eb-3596-4407-b754-824607ed0fd9|Could not find any crash reports in statistics
2025/07/22 13:09:08|INFO    |858:(ThreadPoolExecutor-0_0)|syslog_parser|ACTION_ID: 462d52eb-3596-4407-b754-824607ed0fd9|Using temporary journal file: /opt/traps/python/scripts/tmppujstuig
2025/07/22 13:09:08|INFO    |858:(ThreadPoolExecutor-0_0)|syslog_parser|ACTION_ID: 462d52eb-3596-4407-b754-824607ed0fd9|Log file: /opt/traps/python/scripts/tmppujstuig detected.
2025/07/22 13:09:08|INFO    |858:(ThreadPoolExecutor-0_0)|syslog_parser|ACTION_ID: 462d52eb-3596-4407-b754-824607ed0fd9|Syslog format RFC 3164 detected for line: Jul 22 11:04:20 linux-lab02 kernel: pci 0000:00:17.6: BAR 13: failed to assign [io  size 0x1000]

2025/07/22 13:09:08|INFO    |858:(ThreadPoolExecutor-0_0)|syslog_parser|ACTION_ID: 462d52eb-3596-4407-b754-824607ed0fd9|Start monitor /opt/traps/python/scripts/tmppujstuig
2025/07/22 13:09:08|INFO    |858:(ThreadPoolExecutor-0_0)|syslog_parser|ACTION_ID: 462d52eb-3596-4407-b754-824607ed0fd9|Stopping to read lines as iterator has maxed out
2025/07/22 13:09:08|INFO    |858:(ThreadPoolExecutor-0_0)|syslog_parser|ACTION_ID: 462d52eb-3596-4407-b754-824607ed0fd9|saving last line date:: 22/07/1900 13:03:37
2025/07/22 13:09:08|INFO    |858:(ThreadPoolExecutor-0_0)|syslog_parser|ACTION_ID: 462d52eb-3596-4407-b754-824607ed0fd9|3 lines scanned by parser
2025/07/22 13:09:08|INFO    |858:(ThreadPoolExecutor-0_0)|adaptive_policy|ACTION_ID: 462d52eb-3596-4407-b754-824607ed0fd9|syslog_parser created output: None
2025/07/22 13:09:08|INFO    |858:(ThreadPoolExecutor-0_0)|adaptive_policy|ACTION_ID: 462d52eb-3596-4407-b754-824607ed0fd9|Running parser: net_collector
2025/07/22 13:09:08|INFO    |858:(ThreadPoolExecutor-0_0)|net_collector_parser|ACTION_ID: 462d52eb-3596-4407-b754-824607ed0fd9|NetCollector parser started
2025/07/22 13:09:08|INFO    |858:(ThreadPoolExecutor-0_0)|net_collector_parser|ACTION_ID: 462d52eb-3596-4407-b754-824607ed0fd9|System: cpu=3.0% idle=97.0%
2025/07/22 13:09:08|INFO    |858:(ThreadPoolExecutor-0_0)|net_collector_parser|ACTION_ID: 462d52eb-3596-4407-b754-824607ed0fd9|Thread CloudMetadata: cpu=0%
2025/07/22 13:09:08|INFO    |858:(ThreadPoolExecutor-0_0)|net_collector_parser|ACTION_ID: 462d52eb-3596-4407-b754-824607ed0fd9|Thread InjectedProcesses: cpu=0%
2025/07/22 13:09:08|INFO    |858:(ThreadPoolExecutor-0_0)|net_collector_parser|ACTION_ID: 462d52eb-3596-4407-b754-824607ed0fd9|Thread clad: cpu=0%
2025/07/22 13:09:08|INFO    |858:(ThreadPoolExecutor-0_0)|net_collector_parser|ACTION_ID: 462d52eb-3596-4407-b754-824607ed0fd9|Thread dypdng: cpu=0%
2025/07/22 13:09:08|INFO    |858:(ThreadPoolExecutor-0_0)|net_collector_parser|ACTION_ID: 462d52eb-3596-4407-b754-824607ed0fd9|Thread pmd: cpu=0%
2025/07/22 13:09:08|INFO    |858:(ThreadPoolExecutor-0_0)|net_collector_parser|ACTION_ID: 462d52eb-3596-4407-b754-824607ed0fd9|Thread pyxd: cpu=0%
2025/07/22 13:09:08|INFO    |858:(ThreadPoolExecutor-0_0)|net_collector_parser|ACTION_ID: 462d52eb-3596-4407-b754-824607ed0fd9|Thread sandboxd: cpu=0%
2025/07/22 13:09:08|INFO    |858:(ThreadPoolExecutor-0_0)|adaptive_policy|ACTION_ID: 462d52eb-3596-4407-b754-824607ed0fd9|net_collector created output: None
2025/07/22 13:09:08|INFO    |858:(ThreadPoolExecutor-0_0)|adaptive_policy|ACTION_ID: 462d52eb-3596-4407-b754-824607ed0fd9|Running parser: linux_auto_disable_on_write_parser
2025/07/22 13:09:08|INFO    |858:(ThreadPoolExecutor-0_0)|adaptive_policy_utils|ACTION_ID: 462d52eb-3596-4407-b754-824607ed0fd9|Detected traps version: 8.8.0.133595
2025/07/22 13:09:08|INFO    |858:(ThreadPoolExecutor-0_0)|linux_auto_disable_on_write_parser|ACTION_ID: 462d52eb-3596-4407-b754-824607ed0fd9|CPU is normal, waiting for next iteration.
2025/07/22 13:09:08|INFO    |858:(ThreadPoolExecutor-0_0)|adaptive_policy|ACTION_ID: 462d52eb-3596-4407-b754-824607ed0fd9|linux_auto_disable_on_write_parser created output: None
2025/07/22 13:09:08|INFO    |858:(ThreadPoolExecutor-0_0)|adaptive_policy|ACTION_ID: 462d52eb-3596-4407-b754-824607ed0fd9|{'apex': [], 'persistence': {'auto_disable_agent': {}, 'edr_archive_parser': {}, 'syslog_parser': {'last_scan': -2191477795.0}, 'net_collector': {}, 'linux_auto_disable_on_write_parser': {'trapsd_avg_cpu': 0.9697000256172386}}, 'output_settings': '{\n"agentDisabledByAdaptivePolicy": false\n}', 'last_analysis': 1753200548}
2025/07/22 13:24:08|INFO    |858:(ThreadPoolExecutor-0_0)|adaptive_policy|ACTION_ID: 462d52eb-3596-4407-b754-824607ed0fd9|Starting adaptive policy engine with kwargs: {}
2025/07/22 13:24:08|INFO    |858:(ThreadPoolExecutor-0_0)|adaptive_policy_utils|ACTION_ID: 462d52eb-3596-4407-b754-824607ed0fd9|Detected traps version: 8.8.0.133595
2025/07/22 13:24:08|INFO    |858:(ThreadPoolExecutor-0_0)|adaptive_policy|ACTION_ID: 462d52eb-3596-4407-b754-824607ed0fd9|{'adaptive_policy_interval': 900}
2025/07/22 13:24:08|INFO    |858:(ThreadPoolExecutor-0_0)|adaptive_policy|ACTION_ID: 462d52eb-3596-4407-b754-824607ed0fd9|Set value of adaptive_policy_interval to 900
2025/07/22 13:24:08|INFO    |858:(ThreadPoolExecutor-0_0)|adaptive_policy|ACTION_ID: 462d52eb-3596-4407-b754-824607ed0fd9|last analysis timestamp: Tuesday, July 22, 2025 at 01:09:08 PM
2025/07/22 13:24:08|INFO    |858:(ThreadPoolExecutor-0_0)|adaptive_policy|ACTION_ID: 462d52eb-3596-4407-b754-824607ed0fd9|High resolution mode: False
2025/07/22 13:24:08|INFO    |858:(ThreadPoolExecutor-0_0)|adaptive_policy|ACTION_ID: 462d52eb-3596-4407-b754-824607ed0fd9|Time elapsed since the previous normal mode execution: 900 seconds
2025/07/22 13:24:08|INFO    |858:(ThreadPoolExecutor-0_0)|adaptive_policy|ACTION_ID: 462d52eb-3596-4407-b754-824607ed0fd9|Adaptive policy normal operation mode interval: 900
2025/07/22 13:24:08|INFO    |858:(ThreadPoolExecutor-0_0)|adaptive_policy|ACTION_ID: 462d52eb-3596-4407-b754-824607ed0fd9|Adaptive policy normal mode is: ENABLED
2025/07/22 13:24:08|INFO    |858:(ThreadPoolExecutor-0_0)|adaptive_policy|ACTION_ID: 462d52eb-3596-4407-b754-824607ed0fd9|Adding normal operation mode parser
2025/07/22 13:24:08|INFO    |858:(ThreadPoolExecutor-0_0)|adaptive_policy|ACTION_ID: 462d52eb-3596-4407-b754-824607ed0fd9|Found 2 statistics components to analyze
2025/07/22 13:24:08|INFO    |858:(ThreadPoolExecutor-0_0)|adaptive_policy|ACTION_ID: 462d52eb-3596-4407-b754-824607ed0fd9|Running parser: auto_disable_agent
2025/07/22 13:24:08|INFO    |858:(ThreadPoolExecutor-0_0)|adaptive_policy_utils|ACTION_ID: 462d52eb-3596-4407-b754-824607ed0fd9|Detected traps version: 8.8.0.133595
2025/07/22 13:24:08|INFO    |858:(ThreadPoolExecutor-0_0)|auto_disable_parser|ACTION_ID: 462d52eb-3596-4407-b754-824607ed0fd9|Trapsd average CPU usage - normalized 1.0053062689412393
2025/07/22 13:24:08|INFO    |858:(ThreadPoolExecutor-0_0)|auto_disable_parser|ACTION_ID: 462d52eb-3596-4407-b754-824607ed0fd9|Trapsd average CPU usage 1.0053062689412393
2025/07/22 13:24:08|INFO    |858:(ThreadPoolExecutor-0_0)|auto_disable_parser|ACTION_ID: 462d52eb-3596-4407-b754-824607ed0fd9|Agent in normal state and CPU is normal, waiting for next iteration.
2025/07/22 13:24:08|INFO    |858:(ThreadPoolExecutor-0_0)|auto_disable_parser|ACTION_ID: 462d52eb-3596-4407-b754-824607ed0fd9|trapsd private memory usage 248,422,400
2025/07/22 13:24:08|INFO    |858:(ThreadPoolExecutor-0_0)|auto_disable_parser|ACTION_ID: 462d52eb-3596-4407-b754-824607ed0fd9|Agent in normal state and Memory is normal, waiting for next iteration.
2025/07/22 13:24:08|INFO    |858:(ThreadPoolExecutor-0_0)|adaptive_policy|ACTION_ID: 462d52eb-3596-4407-b754-824607ed0fd9|auto_disable_agent created output: None
2025/07/22 13:24:08|INFO    |858:(ThreadPoolExecutor-0_0)|adaptive_policy|ACTION_ID: 462d52eb-3596-4407-b754-824607ed0fd9|Running parser: edr_archive_parser
2025/07/22 13:24:08|INFO    |858:(ThreadPoolExecutor-0_0)|edr_archive_parser|ACTION_ID: 462d52eb-3596-4407-b754-824607ed0fd9|EDR Archive size: 0.0mb
2025/07/22 13:24:08|INFO    |858:(ThreadPoolExecutor-0_0)|adaptive_policy|ACTION_ID: 462d52eb-3596-4407-b754-824607ed0fd9|edr_archive_parser created output: None
2025/07/22 13:24:08|INFO    |858:(ThreadPoolExecutor-0_0)|adaptive_policy|ACTION_ID: 462d52eb-3596-4407-b754-824607ed0fd9|Running parser: syslog_parser
2025/07/22 13:24:08|INFO    |858:(ThreadPoolExecutor-0_0)|adaptive_policy_utils|ACTION_ID: 462d52eb-3596-4407-b754-824607ed0fd9|Detected traps version: 8.8.0.133595
2025/07/22 13:24:08|INFO    |858:(ThreadPoolExecutor-0_0)|syslog_parser|ACTION_ID: 462d52eb-3596-4407-b754-824607ed0fd9|Injected processes list: ['wickedd-dhcp6', 'couriertcpd', 'pmmasterd', 'authproxy', 'lighttpd', 'tinyproxy', 'mailman', 'wickedd-dhcp4', 'chronyd', 'apache2', 'xinetd', 'named', 'dovecot', 'samba', 'proftpd', 'charon', 'smbd', 'qmgr', 'ndsd', 'ibserver', 'cupsd', 'nscd', 'java', 'httpd', 'nmbd', 'mysqld', 'cyrus_pop3d', 'kamailio', 'pop2d', 'exim', 'pop3d', 'saned', 'squid', 'apache', 'danted', 'mongod', 'vsftpd', 'smartd', 'mysqld_safe', 'starter', 'squid3']
2025/07/22 13:24:08|INFO    |858:(ThreadPoolExecutor-0_0)|syslog_parser|ACTION_ID: 462d52eb-3596-4407-b754-824607ed0fd9|crash_counters: {'wickedd-dhcp6': 0, 'couriertcpd': 0, 'pmmasterd': 0, 'authproxy': 0, 'lighttpd': 0, 'tinyproxy': 0, 'mailman': 0, 'wickedd-dhcp4': 0, 'chronyd': 0, 'apache2': 0, 'xinetd': 0, 'named': 0, 'dovecot': 0, 'samba': 0, 'proftpd': 0, 'charon': 0, 'smbd': 0, 'qmgr': 0, 'ndsd': 0, 'ibserver': 0, 'cupsd': 0, 'nscd': 0, 'java': 0, 'httpd': 0, 'nmbd': 0, 'mysqld': 0, 'cyrus_pop3d': 0, 'kamailio': 0, 'pop2d': 0, 'exim': 0, 'pop3d': 0, 'saned': 0, 'squid': 0, 'apache': 0, 'danted': 0, 'mongod': 0, 'vsftpd': 0, 'smartd': 0, 'mysqld_safe': 0, 'starter': 0, 'squid3': 0}
2025/07/22 13:24:08|INFO    |858:(ThreadPoolExecutor-0_0)|syslog_parser|ACTION_ID: 462d52eb-3596-4407-b754-824607ed0fd9|Dypd statistics are empty. Cannot retrieve injected processes stats
2025/07/22 13:24:08|INFO    |858:(ThreadPoolExecutor-0_0)|syslog_parser|ACTION_ID: 462d52eb-3596-4407-b754-824607ed0fd9|Could not find any crash reports in statistics
2025/07/22 13:24:08|INFO    |858:(ThreadPoolExecutor-0_0)|syslog_parser|ACTION_ID: 462d52eb-3596-4407-b754-824607ed0fd9|Using temporary journal file: /opt/traps/python/scripts/tmpjkrkksfb
2025/07/22 13:24:08|INFO    |858:(ThreadPoolExecutor-0_0)|syslog_parser|ACTION_ID: 462d52eb-3596-4407-b754-824607ed0fd9|Log file: /opt/traps/python/scripts/tmpjkrkksfb detected.
2025/07/22 13:24:08|INFO    |858:(ThreadPoolExecutor-0_0)|syslog_parser|ACTION_ID: 462d52eb-3596-4407-b754-824607ed0fd9|Syslog format RFC 3164 detected for line: Jul 22 11:04:20 linux-lab02 kernel: pci 0000:00:18.3: BAR 13: failed to assign [io  size 0x1000]

2025/07/22 13:24:08|INFO    |858:(ThreadPoolExecutor-0_0)|syslog_parser|ACTION_ID: 462d52eb-3596-4407-b754-824607ed0fd9|Start monitor /opt/traps/python/scripts/tmpjkrkksfb
2025/07/22 13:24:08|INFO    |858:(ThreadPoolExecutor-0_0)|syslog_parser|ACTION_ID: 462d52eb-3596-4407-b754-824607ed0fd9|Stopping to read lines as iterator has maxed out
2025/07/22 13:24:08|INFO    |858:(ThreadPoolExecutor-0_0)|syslog_parser|ACTION_ID: 462d52eb-3596-4407-b754-824607ed0fd9|saving last line date:: 22/07/1900 13:17:01
2025/07/22 13:24:08|INFO    |858:(ThreadPoolExecutor-0_0)|syslog_parser|ACTION_ID: 462d52eb-3596-4407-b754-824607ed0fd9|6 lines scanned by parser
2025/07/22 13:24:08|INFO    |858:(ThreadPoolExecutor-0_0)|adaptive_policy|ACTION_ID: 462d52eb-3596-4407-b754-824607ed0fd9|syslog_parser created output: None
2025/07/22 13:24:08|INFO    |858:(ThreadPoolExecutor-0_0)|adaptive_policy|ACTION_ID: 462d52eb-3596-4407-b754-824607ed0fd9|Running parser: net_collector
2025/07/22 13:24:08|INFO    |858:(ThreadPoolExecutor-0_0)|net_collector_parser|ACTION_ID: 462d52eb-3596-4407-b754-824607ed0fd9|NetCollector parser started
2025/07/22 13:24:08|INFO    |858:(ThreadPoolExecutor-0_0)|net_collector_parser|ACTION_ID: 462d52eb-3596-4407-b754-824607ed0fd9|System: cpu=3.0% idle=97.0%
2025/07/22 13:24:08|INFO    |858:(ThreadPoolExecutor-0_0)|net_collector_parser|ACTION_ID: 462d52eb-3596-4407-b754-824607ed0fd9|Thread CloudMetadata: cpu=0%
2025/07/22 13:24:08|INFO    |858:(ThreadPoolExecutor-0_0)|net_collector_parser|ACTION_ID: 462d52eb-3596-4407-b754-824607ed0fd9|Thread InjectedProcesses: cpu=0%
2025/07/22 13:24:08|INFO    |858:(ThreadPoolExecutor-0_0)|net_collector_parser|ACTION_ID: 462d52eb-3596-4407-b754-824607ed0fd9|Thread clad: cpu=0%
2025/07/22 13:24:08|INFO    |858:(ThreadPoolExecutor-0_0)|net_collector_parser|ACTION_ID: 462d52eb-3596-4407-b754-824607ed0fd9|Thread dypdng: cpu=0%
2025/07/22 13:24:08|INFO    |858:(ThreadPoolExecutor-0_0)|net_collector_parser|ACTION_ID: 462d52eb-3596-4407-b754-824607ed0fd9|Thread pmd: cpu=1.0%
2025/07/22 13:24:08|INFO    |858:(ThreadPoolExecutor-0_0)|net_collector_parser|ACTION_ID: 462d52eb-3596-4407-b754-824607ed0fd9|Thread pyxd: cpu=0%
2025/07/22 13:24:08|INFO    |858:(ThreadPoolExecutor-0_0)|net_collector_parser|ACTION_ID: 462d52eb-3596-4407-b754-824607ed0fd9|Thread sandboxd: cpu=0%
2025/07/22 13:24:08|INFO    |858:(ThreadPoolExecutor-0_0)|adaptive_policy|ACTION_ID: 462d52eb-3596-4407-b754-824607ed0fd9|net_collector created output: None
2025/07/22 13:24:08|INFO    |858:(ThreadPoolExecutor-0_0)|adaptive_policy|ACTION_ID: 462d52eb-3596-4407-b754-824607ed0fd9|Running parser: linux_auto_disable_on_write_parser
2025/07/22 13:24:08|INFO    |858:(ThreadPoolExecutor-0_0)|adaptive_policy_utils|ACTION_ID: 462d52eb-3596-4407-b754-824607ed0fd9|Detected traps version: 8.8.0.133595
2025/07/22 13:24:08|INFO    |858:(ThreadPoolExecutor-0_0)|linux_auto_disable_on_write_parser|ACTION_ID: 462d52eb-3596-4407-b754-824607ed0fd9|CPU is normal, waiting for next iteration.
2025/07/22 13:24:08|INFO    |858:(ThreadPoolExecutor-0_0)|adaptive_policy|ACTION_ID: 462d52eb-3596-4407-b754-824607ed0fd9|linux_auto_disable_on_write_parser created output: None
2025/07/22 13:24:08|INFO    |858:(ThreadPoolExecutor-0_0)|adaptive_policy|ACTION_ID: 462d52eb-3596-4407-b754-824607ed0fd9|{'apex': [], 'persistence': {'auto_disable_agent': {}, 'edr_archive_parser': {}, 'syslog_parser': {'last_scan': -2191476991.0}, 'net_collector': {}, 'linux_auto_disable_on_write_parser': {'trapsd_avg_cpu': 1.0053062689412393}}, 'output_settings': '{\n"agentDisabledByAdaptivePolicy": false\n}', 'last_analysis': 1753201448}
2025/07/22 13:39:08|INFO    |858:(ThreadPoolExecutor-0_0)|adaptive_policy|ACTION_ID: 462d52eb-3596-4407-b754-824607ed0fd9|Starting adaptive policy engine with kwargs: {}
2025/07/22 13:39:08|INFO    |858:(ThreadPoolExecutor-0_0)|adaptive_policy_utils|ACTION_ID: 462d52eb-3596-4407-b754-824607ed0fd9|Detected traps version: 8.8.0.133595
2025/07/22 13:39:08|INFO    |858:(ThreadPoolExecutor-0_0)|adaptive_policy|ACTION_ID: 462d52eb-3596-4407-b754-824607ed0fd9|{'adaptive_policy_interval': 900}
2025/07/22 13:39:08|INFO    |858:(ThreadPoolExecutor-0_0)|adaptive_policy|ACTION_ID: 462d52eb-3596-4407-b754-824607ed0fd9|Set value of adaptive_policy_interval to 900
2025/07/22 13:39:08|INFO    |858:(ThreadPoolExecutor-0_0)|adaptive_policy|ACTION_ID: 462d52eb-3596-4407-b754-824607ed0fd9|last analysis timestamp: Tuesday, July 22, 2025 at 01:24:08 PM
2025/07/22 13:39:08|INFO    |858:(ThreadPoolExecutor-0_0)|adaptive_policy|ACTION_ID: 462d52eb-3596-4407-b754-824607ed0fd9|High resolution mode: False
2025/07/22 13:39:08|INFO    |858:(ThreadPoolExecutor-0_0)|adaptive_policy|ACTION_ID: 462d52eb-3596-4407-b754-824607ed0fd9|Time elapsed since the previous normal mode execution: 900 seconds
2025/07/22 13:39:08|INFO    |858:(ThreadPoolExecutor-0_0)|adaptive_policy|ACTION_ID: 462d52eb-3596-4407-b754-824607ed0fd9|Adaptive policy normal operation mode interval: 900
2025/07/22 13:39:08|INFO    |858:(ThreadPoolExecutor-0_0)|adaptive_policy|ACTION_ID: 462d52eb-3596-4407-b754-824607ed0fd9|Adaptive policy normal mode is: ENABLED
2025/07/22 13:39:08|INFO    |858:(ThreadPoolExecutor-0_0)|adaptive_policy|ACTION_ID: 462d52eb-3596-4407-b754-824607ed0fd9|Adding normal operation mode parser
2025/07/22 13:39:09|INFO    |858:(ThreadPoolExecutor-0_0)|adaptive_policy|ACTION_ID: 462d52eb-3596-4407-b754-824607ed0fd9|Found 2 statistics components to analyze
2025/07/22 13:39:09|INFO    |858:(ThreadPoolExecutor-0_0)|adaptive_policy|ACTION_ID: 462d52eb-3596-4407-b754-824607ed0fd9|Running parser: auto_disable_agent
2025/07/22 13:39:09|INFO    |858:(ThreadPoolExecutor-0_0)|adaptive_policy_utils|ACTION_ID: 462d52eb-3596-4407-b754-824607ed0fd9|Detected traps version: 8.8.0.133595
2025/07/22 13:39:09|INFO    |858:(ThreadPoolExecutor-0_0)|auto_disable_parser|ACTION_ID: 462d52eb-3596-4407-b754-824607ed0fd9|Trapsd average CPU usage - normalized 1.0618419518782312
2025/07/22 13:39:09|INFO    |858:(ThreadPoolExecutor-0_0)|auto_disable_parser|ACTION_ID: 462d52eb-3596-4407-b754-824607ed0fd9|Trapsd average CPU usage 1.0618419518782312
2025/07/22 13:39:09|INFO    |858:(ThreadPoolExecutor-0_0)|auto_disable_parser|ACTION_ID: 462d52eb-3596-4407-b754-824607ed0fd9|Agent in normal state and CPU is normal, waiting for next iteration.
2025/07/22 13:39:09|INFO    |858:(ThreadPoolExecutor-0_0)|auto_disable_parser|ACTION_ID: 462d52eb-3596-4407-b754-824607ed0fd9|trapsd private memory usage 249,634,816
2025/07/22 13:39:09|INFO    |858:(ThreadPoolExecutor-0_0)|auto_disable_parser|ACTION_ID: 462d52eb-3596-4407-b754-824607ed0fd9|Agent in normal state and Memory is normal, waiting for next iteration.
2025/07/22 13:39:09|INFO    |858:(ThreadPoolExecutor-0_0)|adaptive_policy|ACTION_ID: 462d52eb-3596-4407-b754-824607ed0fd9|auto_disable_agent created output: None
2025/07/22 13:39:09|INFO    |858:(ThreadPoolExecutor-0_0)|adaptive_policy|ACTION_ID: 462d52eb-3596-4407-b754-824607ed0fd9|Running parser: edr_archive_parser
2025/07/22 13:39:09|INFO    |858:(ThreadPoolExecutor-0_0)|edr_archive_parser|ACTION_ID: 462d52eb-3596-4407-b754-824607ed0fd9|EDR Archive size: 0.0mb
2025/07/22 13:39:09|INFO    |858:(ThreadPoolExecutor-0_0)|adaptive_policy|ACTION_ID: 462d52eb-3596-4407-b754-824607ed0fd9|edr_archive_parser created output: None
2025/07/22 13:39:09|INFO    |858:(ThreadPoolExecutor-0_0)|adaptive_policy|ACTION_ID: 462d52eb-3596-4407-b754-824607ed0fd9|Running parser: syslog_parser
2025/07/22 13:39:09|INFO    |858:(ThreadPoolExecutor-0_0)|adaptive_policy_utils|ACTION_ID: 462d52eb-3596-4407-b754-824607ed0fd9|Detected traps version: 8.8.0.133595
2025/07/22 13:39:09|INFO    |858:(ThreadPoolExecutor-0_0)|syslog_parser|ACTION_ID: 462d52eb-3596-4407-b754-824607ed0fd9|Injected processes list: ['wickedd-dhcp6', 'couriertcpd', 'pmmasterd', 'authproxy', 'lighttpd', 'tinyproxy', 'mailman', 'wickedd-dhcp4', 'chronyd', 'apache2', 'xinetd', 'named', 'dovecot', 'samba', 'proftpd', 'charon', 'smbd', 'qmgr', 'ndsd', 'ibserver', 'cupsd', 'nscd', 'java', 'httpd', 'nmbd', 'mysqld', 'cyrus_pop3d', 'kamailio', 'pop2d', 'exim', 'pop3d', 'saned', 'squid', 'apache', 'danted', 'mongod', 'vsftpd', 'smartd', 'mysqld_safe', 'starter', 'squid3']
2025/07/22 13:39:09|INFO    |858:(ThreadPoolExecutor-0_0)|syslog_parser|ACTION_ID: 462d52eb-3596-4407-b754-824607ed0fd9|crash_counters: {'wickedd-dhcp6': 0, 'couriertcpd': 0, 'pmmasterd': 0, 'authproxy': 0, 'lighttpd': 0, 'tinyproxy': 0, 'mailman': 0, 'wickedd-dhcp4': 0, 'chronyd': 0, 'apache2': 0, 'xinetd': 0, 'named': 0, 'dovecot': 0, 'samba': 0, 'proftpd': 0, 'charon': 0, 'smbd': 0, 'qmgr': 0, 'ndsd': 0, 'ibserver': 0, 'cupsd': 0, 'nscd': 0, 'java': 0, 'httpd': 0, 'nmbd': 0, 'mysqld': 0, 'cyrus_pop3d': 0, 'kamailio': 0, 'pop2d': 0, 'exim': 0, 'pop3d': 0, 'saned': 0, 'squid': 0, 'apache': 0, 'danted': 0, 'mongod': 0, 'vsftpd': 0, 'smartd': 0, 'mysqld_safe': 0, 'starter': 0, 'squid3': 0}
2025/07/22 13:39:09|INFO    |858:(ThreadPoolExecutor-0_0)|syslog_parser|ACTION_ID: 462d52eb-3596-4407-b754-824607ed0fd9|Dypd statistics are empty. Cannot retrieve injected processes stats
2025/07/22 13:39:09|INFO    |858:(ThreadPoolExecutor-0_0)|syslog_parser|ACTION_ID: 462d52eb-3596-4407-b754-824607ed0fd9|Could not find any crash reports in statistics
2025/07/22 13:39:09|INFO    |858:(ThreadPoolExecutor-0_0)|syslog_parser|ACTION_ID: 462d52eb-3596-4407-b754-824607ed0fd9|Using temporary journal file: /opt/traps/python/scripts/tmpvk8jr91h
2025/07/22 13:39:09|INFO    |858:(ThreadPoolExecutor-0_0)|syslog_parser|ACTION_ID: 462d52eb-3596-4407-b754-824607ed0fd9|Log file: /opt/traps/python/scripts/tmpvk8jr91h detected.
2025/07/22 13:39:09|INFO    |858:(ThreadPoolExecutor-0_0)|syslog_parser|ACTION_ID: 462d52eb-3596-4407-b754-824607ed0fd9|Syslog format RFC 3164 detected for line: Jul 22 11:04:20 linux-lab02 kernel: pci 0000:00:18.5: BAR 13: failed to assign [io  size 0x1000]

2025/07/22 13:39:09|INFO    |858:(ThreadPoolExecutor-0_0)|syslog_parser|ACTION_ID: 462d52eb-3596-4407-b754-824607ed0fd9|Start monitor /opt/traps/python/scripts/tmpvk8jr91h
2025/07/22 13:39:09|INFO    |858:(ThreadPoolExecutor-0_0)|syslog_parser|ACTION_ID: 462d52eb-3596-4407-b754-824607ed0fd9|Stopping to read lines as iterator has maxed out
2025/07/22 13:39:09|INFO    |858:(ThreadPoolExecutor-0_0)|syslog_parser|ACTION_ID: 462d52eb-3596-4407-b754-824607ed0fd9|saving last line date:: 22/07/1900 13:30:59
2025/07/22 13:39:09|INFO    |858:(ThreadPoolExecutor-0_0)|syslog_parser|ACTION_ID: 462d52eb-3596-4407-b754-824607ed0fd9|4 lines scanned by parser
2025/07/22 13:39:09|INFO    |858:(ThreadPoolExecutor-0_0)|adaptive_policy|ACTION_ID: 462d52eb-3596-4407-b754-824607ed0fd9|syslog_parser created output: None
2025/07/22 13:39:09|INFO    |858:(ThreadPoolExecutor-0_0)|adaptive_policy|ACTION_ID: 462d52eb-3596-4407-b754-824607ed0fd9|Running parser: net_collector
2025/07/22 13:39:09|INFO    |858:(ThreadPoolExecutor-0_0)|net_collector_parser|ACTION_ID: 462d52eb-3596-4407-b754-824607ed0fd9|NetCollector parser started
2025/07/22 13:39:09|INFO    |858:(ThreadPoolExecutor-0_0)|net_collector_parser|ACTION_ID: 462d52eb-3596-4407-b754-824607ed0fd9|System: cpu=3.0% idle=97.0%
2025/07/22 13:39:09|INFO    |858:(ThreadPoolExecutor-0_0)|net_collector_parser|ACTION_ID: 462d52eb-3596-4407-b754-824607ed0fd9|Thread CloudMetadata: cpu=0%
2025/07/22 13:39:09|INFO    |858:(ThreadPoolExecutor-0_0)|net_collector_parser|ACTION_ID: 462d52eb-3596-4407-b754-824607ed0fd9|Thread InjectedProcesses: cpu=0%
2025/07/22 13:39:09|INFO    |858:(ThreadPoolExecutor-0_0)|net_collector_parser|ACTION_ID: 462d52eb-3596-4407-b754-824607ed0fd9|Thread clad: cpu=0%
2025/07/22 13:39:09|INFO    |858:(ThreadPoolExecutor-0_0)|net_collector_parser|ACTION_ID: 462d52eb-3596-4407-b754-824607ed0fd9|Thread dypdng: cpu=0%
2025/07/22 13:39:09|INFO    |858:(ThreadPoolExecutor-0_0)|net_collector_parser|ACTION_ID: 462d52eb-3596-4407-b754-824607ed0fd9|Thread pmd: cpu=1.0%
2025/07/22 13:39:09|INFO    |858:(ThreadPoolExecutor-0_0)|net_collector_parser|ACTION_ID: 462d52eb-3596-4407-b754-824607ed0fd9|Thread pyxd: cpu=0%
2025/07/22 13:39:09|INFO    |858:(ThreadPoolExecutor-0_0)|net_collector_parser|ACTION_ID: 462d52eb-3596-4407-b754-824607ed0fd9|Thread sandboxd: cpu=0%
2025/07/22 13:39:09|INFO    |858:(ThreadPoolExecutor-0_0)|adaptive_policy|ACTION_ID: 462d52eb-3596-4407-b754-824607ed0fd9|net_collector created output: None
2025/07/22 13:39:09|INFO    |858:(ThreadPoolExecutor-0_0)|adaptive_policy|ACTION_ID: 462d52eb-3596-4407-b754-824607ed0fd9|Running parser: linux_auto_disable_on_write_parser
2025/07/22 13:39:09|INFO    |858:(ThreadPoolExecutor-0_0)|adaptive_policy_utils|ACTION_ID: 462d52eb-3596-4407-b754-824607ed0fd9|Detected traps version: 8.8.0.133595
2025/07/22 13:39:09|INFO    |858:(ThreadPoolExecutor-0_0)|linux_auto_disable_on_write_parser|ACTION_ID: 462d52eb-3596-4407-b754-824607ed0fd9|CPU is normal, waiting for next iteration.
2025/07/22 13:39:09|INFO    |858:(ThreadPoolExecutor-0_0)|adaptive_policy|ACTION_ID: 462d52eb-3596-4407-b754-824607ed0fd9|linux_auto_disable_on_write_parser created output: None
2025/07/22 13:39:09|INFO    |858:(ThreadPoolExecutor-0_0)|adaptive_policy|ACTION_ID: 462d52eb-3596-4407-b754-824607ed0fd9|{'apex': [], 'persistence': {'auto_disable_agent': {}, 'edr_archive_parser': {}, 'syslog_parser': {'last_scan': -2191476153.0}, 'net_collector': {}, 'linux_auto_disable_on_write_parser': {'trapsd_avg_cpu': 1.0618419518782312}}, 'output_settings': '{\n"agentDisabledByAdaptivePolicy": false\n}', 'last_analysis': 1753202349}
2025/07/22 13:54:09|INFO    |858:(ThreadPoolExecutor-0_0)|adaptive_policy|ACTION_ID: 462d52eb-3596-4407-b754-824607ed0fd9|Starting adaptive policy engine with kwargs: {}
2025/07/22 13:54:09|INFO    |858:(ThreadPoolExecutor-0_0)|adaptive_policy_utils|ACTION_ID: 462d52eb-3596-4407-b754-824607ed0fd9|Detected traps version: 8.8.0.133595
2025/07/22 13:54:09|INFO    |858:(ThreadPoolExecutor-0_0)|adaptive_policy|ACTION_ID: 462d52eb-3596-4407-b754-824607ed0fd9|{'adaptive_policy_interval': 900}
2025/07/22 13:54:09|INFO    |858:(ThreadPoolExecutor-0_0)|adaptive_policy|ACTION_ID: 462d52eb-3596-4407-b754-824607ed0fd9|Set value of adaptive_policy_interval to 900
2025/07/22 13:54:09|INFO    |858:(ThreadPoolExecutor-0_0)|adaptive_policy|ACTION_ID: 462d52eb-3596-4407-b754-824607ed0fd9|last analysis timestamp: Tuesday, July 22, 2025 at 01:39:09 PM
2025/07/22 13:54:09|INFO    |858:(ThreadPoolExecutor-0_0)|adaptive_policy|ACTION_ID: 462d52eb-3596-4407-b754-824607ed0fd9|High resolution mode: False
2025/07/22 13:54:09|INFO    |858:(ThreadPoolExecutor-0_0)|adaptive_policy|ACTION_ID: 462d52eb-3596-4407-b754-824607ed0fd9|Time elapsed since the previous normal mode execution: 900 seconds
2025/07/22 13:54:09|INFO    |858:(ThreadPoolExecutor-0_0)|adaptive_policy|ACTION_ID: 462d52eb-3596-4407-b754-824607ed0fd9|Adaptive policy normal operation mode interval: 900
2025/07/22 13:54:09|INFO    |858:(ThreadPoolExecutor-0_0)|adaptive_policy|ACTION_ID: 462d52eb-3596-4407-b754-824607ed0fd9|Adaptive policy normal mode is: ENABLED
2025/07/22 13:54:09|INFO    |858:(ThreadPoolExecutor-0_0)|adaptive_policy|ACTION_ID: 462d52eb-3596-4407-b754-824607ed0fd9|Adding normal operation mode parser
2025/07/22 13:54:09|INFO    |858:(ThreadPoolExecutor-0_0)|adaptive_policy|ACTION_ID: 462d52eb-3596-4407-b754-824607ed0fd9|Found 2 statistics components to analyze
2025/07/22 13:54:09|INFO    |858:(ThreadPoolExecutor-0_0)|adaptive_policy|ACTION_ID: 462d52eb-3596-4407-b754-824607ed0fd9|Running parser: auto_disable_agent
2025/07/22 13:54:09|INFO    |858:(ThreadPoolExecutor-0_0)|adaptive_policy_utils|ACTION_ID: 462d52eb-3596-4407-b754-824607ed0fd9|Detected traps version: 8.8.0.133595
2025/07/22 13:54:09|INFO    |858:(ThreadPoolExecutor-0_0)|auto_disable_parser|ACTION_ID: 462d52eb-3596-4407-b754-824607ed0fd9|Trapsd average CPU usage - normalized 1.0300905129888733
2025/07/22 13:54:09|INFO    |858:(ThreadPoolExecutor-0_0)|auto_disable_parser|ACTION_ID: 462d52eb-3596-4407-b754-824607ed0fd9|Trapsd average CPU usage 1.0300905129888733
2025/07/22 13:54:09|INFO    |858:(ThreadPoolExecutor-0_0)|auto_disable_parser|ACTION_ID: 462d52eb-3596-4407-b754-824607ed0fd9|Agent in normal state and CPU is normal, waiting for next iteration.
2025/07/22 13:54:09|INFO    |858:(ThreadPoolExecutor-0_0)|auto_disable_parser|ACTION_ID: 462d52eb-3596-4407-b754-824607ed0fd9|trapsd private memory usage 251,805,696
2025/07/22 13:54:09|INFO    |858:(ThreadPoolExecutor-0_0)|auto_disable_parser|ACTION_ID: 462d52eb-3596-4407-b754-824607ed0fd9|Agent in normal state and Memory is normal, waiting for next iteration.
2025/07/22 13:54:09|INFO    |858:(ThreadPoolExecutor-0_0)|adaptive_policy|ACTION_ID: 462d52eb-3596-4407-b754-824607ed0fd9|auto_disable_agent created output: None
2025/07/22 13:54:09|INFO    |858:(ThreadPoolExecutor-0_0)|adaptive_policy|ACTION_ID: 462d52eb-3596-4407-b754-824607ed0fd9|Running parser: edr_archive_parser
2025/07/22 13:54:09|INFO    |858:(ThreadPoolExecutor-0_0)|edr_archive_parser|ACTION_ID: 462d52eb-3596-4407-b754-824607ed0fd9|EDR Archive size: 0.0mb
2025/07/22 13:54:09|INFO    |858:(ThreadPoolExecutor-0_0)|adaptive_policy|ACTION_ID: 462d52eb-3596-4407-b754-824607ed0fd9|edr_archive_parser created output: None
2025/07/22 13:54:09|INFO    |858:(ThreadPoolExecutor-0_0)|adaptive_policy|ACTION_ID: 462d52eb-3596-4407-b754-824607ed0fd9|Running parser: syslog_parser
2025/07/22 13:54:09|INFO    |858:(ThreadPoolExecutor-0_0)|adaptive_policy_utils|ACTION_ID: 462d52eb-3596-4407-b754-824607ed0fd9|Detected traps version: 8.8.0.133595
2025/07/22 13:54:09|INFO    |858:(ThreadPoolExecutor-0_0)|syslog_parser|ACTION_ID: 462d52eb-3596-4407-b754-824607ed0fd9|Injected processes list: ['wickedd-dhcp6', 'couriertcpd', 'pmmasterd', 'authproxy', 'lighttpd', 'tinyproxy', 'mailman', 'wickedd-dhcp4', 'chronyd', 'apache2', 'xinetd', 'named', 'dovecot', 'samba', 'proftpd', 'charon', 'smbd', 'qmgr', 'ndsd', 'ibserver', 'cupsd', 'nscd', 'java', 'httpd', 'nmbd', 'mysqld', 'cyrus_pop3d', 'kamailio', 'pop2d', 'exim', 'pop3d', 'saned', 'squid', 'apache', 'danted', 'mongod', 'vsftpd', 'smartd', 'mysqld_safe', 'starter', 'squid3']
2025/07/22 13:54:09|INFO    |858:(ThreadPoolExecutor-0_0)|syslog_parser|ACTION_ID: 462d52eb-3596-4407-b754-824607ed0fd9|crash_counters: {'wickedd-dhcp6': 0, 'couriertcpd': 0, 'pmmasterd': 0, 'authproxy': 0, 'lighttpd': 0, 'tinyproxy': 0, 'mailman': 0, 'wickedd-dhcp4': 0, 'chronyd': 0, 'apache2': 0, 'xinetd': 0, 'named': 0, 'dovecot': 0, 'samba': 0, 'proftpd': 0, 'charon': 0, 'smbd': 0, 'qmgr': 0, 'ndsd': 0, 'ibserver': 0, 'cupsd': 0, 'nscd': 0, 'java': 0, 'httpd': 0, 'nmbd': 0, 'mysqld': 0, 'cyrus_pop3d': 0, 'kamailio': 0, 'pop2d': 0, 'exim': 0, 'pop3d': 0, 'saned': 0, 'squid': 0, 'apache': 0, 'danted': 0, 'mongod': 0, 'vsftpd': 0, 'smartd': 0, 'mysqld_safe': 0, 'starter': 0, 'squid3': 0}
2025/07/22 13:54:09|INFO    |858:(ThreadPoolExecutor-0_0)|syslog_parser|ACTION_ID: 462d52eb-3596-4407-b754-824607ed0fd9|Dypd statistics are empty. Cannot retrieve injected processes stats
2025/07/22 13:54:09|INFO    |858:(ThreadPoolExecutor-0_0)|syslog_parser|ACTION_ID: 462d52eb-3596-4407-b754-824607ed0fd9|Could not find any crash reports in statistics
2025/07/22 13:54:09|INFO    |858:(ThreadPoolExecutor-0_0)|syslog_parser|ACTION_ID: 462d52eb-3596-4407-b754-824607ed0fd9|Using temporary journal file: /opt/traps/python/scripts/tmp2_9rr7xp
2025/07/22 13:54:09|INFO    |858:(ThreadPoolExecutor-0_0)|syslog_parser|ACTION_ID: 462d52eb-3596-4407-b754-824607ed0fd9|Log file: /opt/traps/python/scripts/tmp2_9rr7xp detected.
2025/07/22 13:54:09|INFO    |858:(ThreadPoolExecutor-0_0)|syslog_parser|ACTION_ID: 462d52eb-3596-4407-b754-824607ed0fd9|Syslog format RFC 3164 detected for line: Jul 22 11:04:20 linux-lab02 kernel: pci 0000:00:18.7: BAR 13: no space for [io  size 0x1000]

2025/07/22 13:54:09|INFO    |858:(ThreadPoolExecutor-0_0)|syslog_parser|ACTION_ID: 462d52eb-3596-4407-b754-824607ed0fd9|Start monitor /opt/traps/python/scripts/tmp2_9rr7xp
2025/07/22 13:54:09|INFO    |858:(ThreadPoolExecutor-0_0)|syslog_parser|ACTION_ID: 462d52eb-3596-4407-b754-824607ed0fd9|Stopping to read lines as iterator has maxed out
2025/07/22 13:54:09|INFO    |858:(ThreadPoolExecutor-0_0)|syslog_parser|ACTION_ID: 462d52eb-3596-4407-b754-824607ed0fd9|saving last line date:: 22/07/1900 13:42:51
2025/07/22 13:54:09|INFO    |858:(ThreadPoolExecutor-0_0)|syslog_parser|ACTION_ID: 462d52eb-3596-4407-b754-824607ed0fd9|3 lines scanned by parser
2025/07/22 13:54:09|INFO    |858:(ThreadPoolExecutor-0_0)|adaptive_policy|ACTION_ID: 462d52eb-3596-4407-b754-824607ed0fd9|syslog_parser created output: None
2025/07/22 13:54:09|INFO    |858:(ThreadPoolExecutor-0_0)|adaptive_policy|ACTION_ID: 462d52eb-3596-4407-b754-824607ed0fd9|Running parser: net_collector
2025/07/22 13:54:09|INFO    |858:(ThreadPoolExecutor-0_0)|net_collector_parser|ACTION_ID: 462d52eb-3596-4407-b754-824607ed0fd9|NetCollector parser started
2025/07/22 13:54:09|INFO    |858:(ThreadPoolExecutor-0_0)|net_collector_parser|ACTION_ID: 462d52eb-3596-4407-b754-824607ed0fd9|System: cpu=3.0% idle=97.0%
2025/07/22 13:54:09|INFO    |858:(ThreadPoolExecutor-0_0)|net_collector_parser|ACTION_ID: 462d52eb-3596-4407-b754-824607ed0fd9|Thread CloudMetadata: cpu=0%
2025/07/22 13:54:09|INFO    |858:(ThreadPoolExecutor-0_0)|net_collector_parser|ACTION_ID: 462d52eb-3596-4407-b754-824607ed0fd9|Thread InjectedProcesses: cpu=0%
2025/07/22 13:54:09|INFO    |858:(ThreadPoolExecutor-0_0)|net_collector_parser|ACTION_ID: 462d52eb-3596-4407-b754-824607ed0fd9|Thread clad: cpu=0%
2025/07/22 13:54:09|INFO    |858:(ThreadPoolExecutor-0_0)|net_collector_parser|ACTION_ID: 462d52eb-3596-4407-b754-824607ed0fd9|Thread dypdng: cpu=0%
2025/07/22 13:54:09|INFO    |858:(ThreadPoolExecutor-0_0)|net_collector_parser|ACTION_ID: 462d52eb-3596-4407-b754-824607ed0fd9|Thread pmd: cpu=1.0%
2025/07/22 13:54:09|INFO    |858:(ThreadPoolExecutor-0_0)|net_collector_parser|ACTION_ID: 462d52eb-3596-4407-b754-824607ed0fd9|Thread pyxd: cpu=0%
2025/07/22 13:54:09|INFO    |858:(ThreadPoolExecutor-0_0)|net_collector_parser|ACTION_ID: 462d52eb-3596-4407-b754-824607ed0fd9|Thread sandboxd: cpu=0%
2025/07/22 13:54:09|INFO    |858:(ThreadPoolExecutor-0_0)|adaptive_policy|ACTION_ID: 462d52eb-3596-4407-b754-824607ed0fd9|net_collector created output: None
2025/07/22 13:54:09|INFO    |858:(ThreadPoolExecutor-0_0)|adaptive_policy|ACTION_ID: 462d52eb-3596-4407-b754-824607ed0fd9|Running parser: linux_auto_disable_on_write_parser
2025/07/22 13:54:09|INFO    |858:(ThreadPoolExecutor-0_0)|adaptive_policy_utils|ACTION_ID: 462d52eb-3596-4407-b754-824607ed0fd9|Detected traps version: 8.8.0.133595
2025/07/22 13:54:09|INFO    |858:(ThreadPoolExecutor-0_0)|linux_auto_disable_on_write_parser|ACTION_ID: 462d52eb-3596-4407-b754-824607ed0fd9|CPU is normal, waiting for next iteration.
2025/07/22 13:54:09|INFO    |858:(ThreadPoolExecutor-0_0)|adaptive_policy|ACTION_ID: 462d52eb-3596-4407-b754-824607ed0fd9|linux_auto_disable_on_write_parser created output: None
2025/07/22 13:54:09|INFO    |858:(ThreadPoolExecutor-0_0)|adaptive_policy|ACTION_ID: 462d52eb-3596-4407-b754-824607ed0fd9|{'apex': [], 'persistence': {'auto_disable_agent': {}, 'edr_archive_parser': {}, 'syslog_parser': {'last_scan': -2191475441.0}, 'net_collector': {}, 'linux_auto_disable_on_write_parser': {'trapsd_avg_cpu': 1.0300905129888733}}, 'output_settings': '{\n"agentDisabledByAdaptivePolicy": false\n}', 'last_analysis': 1753203249}
2025/07/22 14:09:09|INFO    |858:(ThreadPoolExecutor-0_0)|adaptive_policy|ACTION_ID: 462d52eb-3596-4407-b754-824607ed0fd9|Starting adaptive policy engine with kwargs: {}
2025/07/22 14:09:09|INFO    |858:(ThreadPoolExecutor-0_0)|adaptive_policy_utils|ACTION_ID: 462d52eb-3596-4407-b754-824607ed0fd9|Detected traps version: 8.8.0.133595
2025/07/22 14:09:09|INFO    |858:(ThreadPoolExecutor-0_0)|adaptive_policy|ACTION_ID: 462d52eb-3596-4407-b754-824607ed0fd9|{'adaptive_policy_interval': 900}
2025/07/22 14:09:09|INFO    |858:(ThreadPoolExecutor-0_0)|adaptive_policy|ACTION_ID: 462d52eb-3596-4407-b754-824607ed0fd9|Set value of adaptive_policy_interval to 900
2025/07/22 14:09:09|INFO    |858:(ThreadPoolExecutor-0_0)|adaptive_policy|ACTION_ID: 462d52eb-3596-4407-b754-824607ed0fd9|last analysis timestamp: Tuesday, July 22, 2025 at 01:54:09 PM
2025/07/22 14:09:09|INFO    |858:(ThreadPoolExecutor-0_0)|adaptive_policy|ACTION_ID: 462d52eb-3596-4407-b754-824607ed0fd9|High resolution mode: False
2025/07/22 14:09:09|INFO    |858:(ThreadPoolExecutor-0_0)|adaptive_policy|ACTION_ID: 462d52eb-3596-4407-b754-824607ed0fd9|Time elapsed since the previous normal mode execution: 900 seconds
2025/07/22 14:09:09|INFO    |858:(ThreadPoolExecutor-0_0)|adaptive_policy|ACTION_ID: 462d52eb-3596-4407-b754-824607ed0fd9|Adaptive policy normal operation mode interval: 900
2025/07/22 14:09:09|INFO    |858:(ThreadPoolExecutor-0_0)|adaptive_policy|ACTION_ID: 462d52eb-3596-4407-b754-824607ed0fd9|Adaptive policy normal mode is: ENABLED
2025/07/22 14:09:09|INFO    |858:(ThreadPoolExecutor-0_0)|adaptive_policy|ACTION_ID: 462d52eb-3596-4407-b754-824607ed0fd9|Adding normal operation mode parser
2025/07/22 14:09:09|INFO    |858:(ThreadPoolExecutor-0_0)|adaptive_policy|ACTION_ID: 462d52eb-3596-4407-b754-824607ed0fd9|Found 2 statistics components to analyze
2025/07/22 14:09:09|INFO    |858:(ThreadPoolExecutor-0_0)|adaptive_policy|ACTION_ID: 462d52eb-3596-4407-b754-824607ed0fd9|Running parser: auto_disable_agent
2025/07/22 14:09:09|INFO    |858:(ThreadPoolExecutor-0_0)|adaptive_policy_utils|ACTION_ID: 462d52eb-3596-4407-b754-824607ed0fd9|Detected traps version: 8.8.0.133595
2025/07/22 14:09:09|INFO    |858:(ThreadPoolExecutor-0_0)|auto_disable_parser|ACTION_ID: 462d52eb-3596-4407-b754-824607ed0fd9|Trapsd average CPU usage - normalized 0.9128982977610044
2025/07/22 14:09:09|INFO    |858:(ThreadPoolExecutor-0_0)|auto_disable_parser|ACTION_ID: 462d52eb-3596-4407-b754-824607ed0fd9|Trapsd average CPU usage 0.9128982977610044
2025/07/22 14:09:09|INFO    |858:(ThreadPoolExecutor-0_0)|auto_disable_parser|ACTION_ID: 462d52eb-3596-4407-b754-824607ed0fd9|Agent in normal state and CPU is normal, waiting for next iteration.
2025/07/22 14:09:09|INFO    |858:(ThreadPoolExecutor-0_0)|auto_disable_parser|ACTION_ID: 462d52eb-3596-4407-b754-824607ed0fd9|trapsd private memory usage 253,390,848
2025/07/22 14:09:09|INFO    |858:(ThreadPoolExecutor-0_0)|auto_disable_parser|ACTION_ID: 462d52eb-3596-4407-b754-824607ed0fd9|Agent in normal state and Memory is normal, waiting for next iteration.
2025/07/22 14:09:09|INFO    |858:(ThreadPoolExecutor-0_0)|adaptive_policy|ACTION_ID: 462d52eb-3596-4407-b754-824607ed0fd9|auto_disable_agent created output: None
2025/07/22 14:09:09|INFO    |858:(ThreadPoolExecutor-0_0)|adaptive_policy|ACTION_ID: 462d52eb-3596-4407-b754-824607ed0fd9|Running parser: edr_archive_parser
2025/07/22 14:09:09|INFO    |858:(ThreadPoolExecutor-0_0)|edr_archive_parser|ACTION_ID: 462d52eb-3596-4407-b754-824607ed0fd9|EDR Archive size: 0.0mb
2025/07/22 14:09:09|INFO    |858:(ThreadPoolExecutor-0_0)|adaptive_policy|ACTION_ID: 462d52eb-3596-4407-b754-824607ed0fd9|edr_archive_parser created output: None
2025/07/22 14:09:09|INFO    |858:(ThreadPoolExecutor-0_0)|adaptive_policy|ACTION_ID: 462d52eb-3596-4407-b754-824607ed0fd9|Running parser: syslog_parser
2025/07/22 14:09:09|INFO    |858:(ThreadPoolExecutor-0_0)|adaptive_policy_utils|ACTION_ID: 462d52eb-3596-4407-b754-824607ed0fd9|Detected traps version: 8.8.0.133595
2025/07/22 14:09:09|INFO    |858:(ThreadPoolExecutor-0_0)|syslog_parser|ACTION_ID: 462d52eb-3596-4407-b754-824607ed0fd9|Injected processes list: ['wickedd-dhcp6', 'couriertcpd', 'pmmasterd', 'authproxy', 'lighttpd', 'tinyproxy', 'mailman', 'wickedd-dhcp4', 'chronyd', 'apache2', 'xinetd', 'named', 'dovecot', 'samba', 'proftpd', 'charon', 'smbd', 'qmgr', 'ndsd', 'ibserver', 'cupsd', 'nscd', 'java', 'httpd', 'nmbd', 'mysqld', 'cyrus_pop3d', 'kamailio', 'pop2d', 'exim', 'pop3d', 'saned', 'squid', 'apache', 'danted', 'mongod', 'vsftpd', 'smartd', 'mysqld_safe', 'starter', 'squid3']
2025/07/22 14:09:09|INFO    |858:(ThreadPoolExecutor-0_0)|syslog_parser|ACTION_ID: 462d52eb-3596-4407-b754-824607ed0fd9|crash_counters: {'wickedd-dhcp6': 0, 'couriertcpd': 0, 'pmmasterd': 0, 'authproxy': 0, 'lighttpd': 0, 'tinyproxy': 0, 'mailman': 0, 'wickedd-dhcp4': 0, 'chronyd': 0, 'apache2': 0, 'xinetd': 0, 'named': 0, 'dovecot': 0, 'samba': 0, 'proftpd': 0, 'charon': 0, 'smbd': 0, 'qmgr': 0, 'ndsd': 0, 'ibserver': 0, 'cupsd': 0, 'nscd': 0, 'java': 0, 'httpd': 0, 'nmbd': 0, 'mysqld': 0, 'cyrus_pop3d': 0, 'kamailio': 0, 'pop2d': 0, 'exim': 0, 'pop3d': 0, 'saned': 0, 'squid': 0, 'apache': 0, 'danted': 0, 'mongod': 0, 'vsftpd': 0, 'smartd': 0, 'mysqld_safe': 0, 'starter': 0, 'squid3': 0}
2025/07/22 14:09:09|INFO    |858:(ThreadPoolExecutor-0_0)|syslog_parser|ACTION_ID: 462d52eb-3596-4407-b754-824607ed0fd9|Dypd statistics are empty. Cannot retrieve injected processes stats
2025/07/22 14:09:09|INFO    |858:(ThreadPoolExecutor-0_0)|syslog_parser|ACTION_ID: 462d52eb-3596-4407-b754-824607ed0fd9|Could not find any crash reports in statistics
2025/07/22 14:09:09|INFO    |858:(ThreadPoolExecutor-0_0)|syslog_parser|ACTION_ID: 462d52eb-3596-4407-b754-824607ed0fd9|Using temporary journal file: /opt/traps/python/scripts/tmppthd8xbj
2025/07/22 14:09:09|INFO    |858:(ThreadPoolExecutor-0_0)|syslog_parser|ACTION_ID: 462d52eb-3596-4407-b754-824607ed0fd9|Log file: /opt/traps/python/scripts/tmppthd8xbj detected.
2025/07/22 14:09:09|INFO    |858:(ThreadPoolExecutor-0_0)|syslog_parser|ACTION_ID: 462d52eb-3596-4407-b754-824607ed0fd9|Syslog format RFC 3164 detected for line: Jul 22 11:04:20 linux-lab02 kernel: pci 0000:00:18.7: BAR 13: failed to assign [io  size 0x1000]

2025/07/22 14:09:09|INFO    |858:(ThreadPoolExecutor-0_0)|syslog_parser|ACTION_ID: 462d52eb-3596-4407-b754-824607ed0fd9|Start monitor /opt/traps/python/scripts/tmppthd8xbj
2025/07/22 14:09:09|INFO    |858:(ThreadPoolExecutor-0_0)|syslog_parser|ACTION_ID: 462d52eb-3596-4407-b754-824607ed0fd9|Stopping to read lines as iterator has maxed out
2025/07/22 14:09:09|INFO    |858:(ThreadPoolExecutor-0_0)|syslog_parser|ACTION_ID: 462d52eb-3596-4407-b754-824607ed0fd9|saving last line date:: 22/07/1900 13:56:12
2025/07/22 14:09:09|INFO    |858:(ThreadPoolExecutor-0_0)|syslog_parser|ACTION_ID: 462d52eb-3596-4407-b754-824607ed0fd9|3 lines scanned by parser
2025/07/22 14:09:09|INFO    |858:(ThreadPoolExecutor-0_0)|adaptive_policy|ACTION_ID: 462d52eb-3596-4407-b754-824607ed0fd9|syslog_parser created output: None
2025/07/22 14:09:09|INFO    |858:(ThreadPoolExecutor-0_0)|adaptive_policy|ACTION_ID: 462d52eb-3596-4407-b754-824607ed0fd9|Running parser: net_collector
2025/07/22 14:09:09|INFO    |858:(ThreadPoolExecutor-0_0)|net_collector_parser|ACTION_ID: 462d52eb-3596-4407-b754-824607ed0fd9|NetCollector parser started
2025/07/22 14:09:09|INFO    |858:(ThreadPoolExecutor-0_0)|net_collector_parser|ACTION_ID: 462d52eb-3596-4407-b754-824607ed0fd9|System: cpu=3.0% idle=97.0%
2025/07/22 14:09:09|INFO    |858:(ThreadPoolExecutor-0_0)|net_collector_parser|ACTION_ID: 462d52eb-3596-4407-b754-824607ed0fd9|Thread CloudMetadata: cpu=0%
2025/07/22 14:09:09|INFO    |858:(ThreadPoolExecutor-0_0)|net_collector_parser|ACTION_ID: 462d52eb-3596-4407-b754-824607ed0fd9|Thread InjectedProcesses: cpu=0%
2025/07/22 14:09:09|INFO    |858:(ThreadPoolExecutor-0_0)|net_collector_parser|ACTION_ID: 462d52eb-3596-4407-b754-824607ed0fd9|Thread clad: cpu=0%
2025/07/22 14:09:09|INFO    |858:(ThreadPoolExecutor-0_0)|net_collector_parser|ACTION_ID: 462d52eb-3596-4407-b754-824607ed0fd9|Thread dypdng: cpu=0%
2025/07/22 14:09:09|INFO    |858:(ThreadPoolExecutor-0_0)|net_collector_parser|ACTION_ID: 462d52eb-3596-4407-b754-824607ed0fd9|Thread pmd: cpu=0%
2025/07/22 14:09:09|INFO    |858:(ThreadPoolExecutor-0_0)|net_collector_parser|ACTION_ID: 462d52eb-3596-4407-b754-824607ed0fd9|Thread pyxd: cpu=0%
2025/07/22 14:09:09|INFO    |858:(ThreadPoolExecutor-0_0)|net_collector_parser|ACTION_ID: 462d52eb-3596-4407-b754-824607ed0fd9|Thread sandboxd: cpu=0%
2025/07/22 14:09:09|INFO    |858:(ThreadPoolExecutor-0_0)|adaptive_policy|ACTION_ID: 462d52eb-3596-4407-b754-824607ed0fd9|net_collector created output: None
2025/07/22 14:09:09|INFO    |858:(ThreadPoolExecutor-0_0)|adaptive_policy|ACTION_ID: 462d52eb-3596-4407-b754-824607ed0fd9|Running parser: linux_auto_disable_on_write_parser
2025/07/22 14:09:09|INFO    |858:(ThreadPoolExecutor-0_0)|adaptive_policy_utils|ACTION_ID: 462d52eb-3596-4407-b754-824607ed0fd9|Detected traps version: 8.8.0.133595
2025/07/22 14:09:09|INFO    |858:(ThreadPoolExecutor-0_0)|linux_auto_disable_on_write_parser|ACTION_ID: 462d52eb-3596-4407-b754-824607ed0fd9|CPU is normal, waiting for next iteration.
2025/07/22 14:09:09|INFO    |858:(ThreadPoolExecutor-0_0)|adaptive_policy|ACTION_ID: 462d52eb-3596-4407-b754-824607ed0fd9|linux_auto_disable_on_write_parser created output: None
2025/07/22 14:09:09|INFO    |858:(ThreadPoolExecutor-0_0)|adaptive_policy|ACTION_ID: 462d52eb-3596-4407-b754-824607ed0fd9|{'apex': [], 'persistence': {'auto_disable_agent': {}, 'edr_archive_parser': {}, 'syslog_parser': {'last_scan': -2191474640.0}, 'net_collector': {}, 'linux_auto_disable_on_write_parser': {'trapsd_avg_cpu': 0.9128982977610044}}, 'output_settings': '{\n"agentDisabledByAdaptivePolicy": false\n}', 'last_analysis': 1753204149}
2025/07/22 14:24:10|INFO    |858:(ThreadPoolExecutor-0_0)|adaptive_policy|ACTION_ID: 462d52eb-3596-4407-b754-824607ed0fd9|Starting adaptive policy engine with kwargs: {}
2025/07/22 14:24:10|INFO    |858:(ThreadPoolExecutor-0_0)|adaptive_policy_utils|ACTION_ID: 462d52eb-3596-4407-b754-824607ed0fd9|Detected traps version: 8.8.0.133595
2025/07/22 14:24:10|INFO    |858:(ThreadPoolExecutor-0_0)|adaptive_policy|ACTION_ID: 462d52eb-3596-4407-b754-824607ed0fd9|{'adaptive_policy_interval': 900}
2025/07/22 14:24:10|INFO    |858:(ThreadPoolExecutor-0_0)|adaptive_policy|ACTION_ID: 462d52eb-3596-4407-b754-824607ed0fd9|Set value of adaptive_policy_interval to 900
2025/07/22 14:24:10|INFO    |858:(ThreadPoolExecutor-0_0)|adaptive_policy|ACTION_ID: 462d52eb-3596-4407-b754-824607ed0fd9|last analysis timestamp: Tuesday, July 22, 2025 at 02:09:09 PM
2025/07/22 14:24:10|INFO    |858:(ThreadPoolExecutor-0_0)|adaptive_policy|ACTION_ID: 462d52eb-3596-4407-b754-824607ed0fd9|High resolution mode: False
2025/07/22 14:24:10|INFO    |858:(ThreadPoolExecutor-0_0)|adaptive_policy|ACTION_ID: 462d52eb-3596-4407-b754-824607ed0fd9|Time elapsed since the previous normal mode execution: 901 seconds
2025/07/22 14:24:10|INFO    |858:(ThreadPoolExecutor-0_0)|adaptive_policy|ACTION_ID: 462d52eb-3596-4407-b754-824607ed0fd9|Adaptive policy normal operation mode interval: 900
2025/07/22 14:24:10|INFO    |858:(ThreadPoolExecutor-0_0)|adaptive_policy|ACTION_ID: 462d52eb-3596-4407-b754-824607ed0fd9|Adaptive policy normal mode is: ENABLED
2025/07/22 14:24:10|INFO    |858:(ThreadPoolExecutor-0_0)|adaptive_policy|ACTION_ID: 462d52eb-3596-4407-b754-824607ed0fd9|Adding normal operation mode parser
2025/07/22 14:24:10|INFO    |858:(ThreadPoolExecutor-0_0)|adaptive_policy|ACTION_ID: 462d52eb-3596-4407-b754-824607ed0fd9|Found 2 statistics components to analyze
2025/07/22 14:24:10|INFO    |858:(ThreadPoolExecutor-0_0)|adaptive_policy|ACTION_ID: 462d52eb-3596-4407-b754-824607ed0fd9|Running parser: auto_disable_agent
2025/07/22 14:24:10|INFO    |858:(ThreadPoolExecutor-0_0)|adaptive_policy_utils|ACTION_ID: 462d52eb-3596-4407-b754-824607ed0fd9|Detected traps version: 8.8.0.133595
2025/07/22 14:24:10|INFO    |858:(ThreadPoolExecutor-0_0)|auto_disable_parser|ACTION_ID: 462d52eb-3596-4407-b754-824607ed0fd9|Trapsd average CPU usage - normalized 0.921866606627884
2025/07/22 14:24:10|INFO    |858:(ThreadPoolExecutor-0_0)|auto_disable_parser|ACTION_ID: 462d52eb-3596-4407-b754-824607ed0fd9|Trapsd average CPU usage 0.921866606627884
2025/07/22 14:24:10|INFO    |858:(ThreadPoolExecutor-0_0)|auto_disable_parser|ACTION_ID: 462d52eb-3596-4407-b754-824607ed0fd9|Agent in normal state and CPU is normal, waiting for next iteration.
2025/07/22 14:24:10|INFO    |858:(ThreadPoolExecutor-0_0)|auto_disable_parser|ACTION_ID: 462d52eb-3596-4407-b754-824607ed0fd9|trapsd private memory usage 255,975,424
2025/07/22 14:24:10|INFO    |858:(ThreadPoolExecutor-0_0)|auto_disable_parser|ACTION_ID: 462d52eb-3596-4407-b754-824607ed0fd9|Agent in normal state and Memory is normal, waiting for next iteration.
2025/07/22 14:24:10|INFO    |858:(ThreadPoolExecutor-0_0)|adaptive_policy|ACTION_ID: 462d52eb-3596-4407-b754-824607ed0fd9|auto_disable_agent created output: None
2025/07/22 14:24:10|INFO    |858:(ThreadPoolExecutor-0_0)|adaptive_policy|ACTION_ID: 462d52eb-3596-4407-b754-824607ed0fd9|Running parser: edr_archive_parser
2025/07/22 14:24:10|INFO    |858:(ThreadPoolExecutor-0_0)|edr_archive_parser|ACTION_ID: 462d52eb-3596-4407-b754-824607ed0fd9|EDR Archive size: 0.0mb
2025/07/22 14:24:10|INFO    |858:(ThreadPoolExecutor-0_0)|adaptive_policy|ACTION_ID: 462d52eb-3596-4407-b754-824607ed0fd9|edr_archive_parser created output: None
2025/07/22 14:24:10|INFO    |858:(ThreadPoolExecutor-0_0)|adaptive_policy|ACTION_ID: 462d52eb-3596-4407-b754-824607ed0fd9|Running parser: syslog_parser
2025/07/22 14:24:10|INFO    |858:(ThreadPoolExecutor-0_0)|adaptive_policy_utils|ACTION_ID: 462d52eb-3596-4407-b754-824607ed0fd9|Detected traps version: 8.8.0.133595
2025/07/22 14:24:10|INFO    |858:(ThreadPoolExecutor-0_0)|syslog_parser|ACTION_ID: 462d52eb-3596-4407-b754-824607ed0fd9|Injected processes list: ['wickedd-dhcp6', 'couriertcpd', 'pmmasterd', 'authproxy', 'lighttpd', 'tinyproxy', 'mailman', 'wickedd-dhcp4', 'chronyd', 'apache2', 'xinetd', 'named', 'dovecot', 'samba', 'proftpd', 'charon', 'smbd', 'qmgr', 'ndsd', 'ibserver', 'cupsd', 'nscd', 'java', 'httpd', 'nmbd', 'mysqld', 'cyrus_pop3d', 'kamailio', 'pop2d', 'exim', 'pop3d', 'saned', 'squid', 'apache', 'danted', 'mongod', 'vsftpd', 'smartd', 'mysqld_safe', 'starter', 'squid3']
2025/07/22 14:24:10|INFO    |858:(ThreadPoolExecutor-0_0)|syslog_parser|ACTION_ID: 462d52eb-3596-4407-b754-824607ed0fd9|crash_counters: {'wickedd-dhcp6': 0, 'couriertcpd': 0, 'pmmasterd': 0, 'authproxy': 0, 'lighttpd': 0, 'tinyproxy': 0, 'mailman': 0, 'wickedd-dhcp4': 0, 'chronyd': 0, 'apache2': 0, 'xinetd': 0, 'named': 0, 'dovecot': 0, 'samba': 0, 'proftpd': 0, 'charon': 0, 'smbd': 0, 'qmgr': 0, 'ndsd': 0, 'ibserver': 0, 'cupsd': 0, 'nscd': 0, 'java': 0, 'httpd': 0, 'nmbd': 0, 'mysqld': 0, 'cyrus_pop3d': 0, 'kamailio': 0, 'pop2d': 0, 'exim': 0, 'pop3d': 0, 'saned': 0, 'squid': 0, 'apache': 0, 'danted': 0, 'mongod': 0, 'vsftpd': 0, 'smartd': 0, 'mysqld_safe': 0, 'starter': 0, 'squid3': 0}
2025/07/22 14:24:10|INFO    |858:(ThreadPoolExecutor-0_0)|syslog_parser|ACTION_ID: 462d52eb-3596-4407-b754-824607ed0fd9|Dypd statistics are empty. Cannot retrieve injected processes stats
2025/07/22 14:24:10|INFO    |858:(ThreadPoolExecutor-0_0)|syslog_parser|ACTION_ID: 462d52eb-3596-4407-b754-824607ed0fd9|Could not find any crash reports in statistics
2025/07/22 14:24:10|INFO    |858:(ThreadPoolExecutor-0_0)|syslog_parser|ACTION_ID: 462d52eb-3596-4407-b754-824607ed0fd9|Using temporary journal file: /opt/traps/python/scripts/tmput_olew4
2025/07/22 14:24:10|INFO    |858:(ThreadPoolExecutor-0_0)|syslog_parser|ACTION_ID: 462d52eb-3596-4407-b754-824607ed0fd9|Log file: /opt/traps/python/scripts/tmput_olew4 detected.
2025/07/22 14:24:10|INFO    |858:(ThreadPoolExecutor-0_0)|syslog_parser|ACTION_ID: 462d52eb-3596-4407-b754-824607ed0fd9|Syslog format RFC 3164 detected for line: Jul 22 11:04:20 linux-lab02 kernel: pci 0000:00:17.7: BAR 13: failed to assign [io  size 0x1000]

2025/07/22 14:24:10|INFO    |858:(ThreadPoolExecutor-0_0)|syslog_parser|ACTION_ID: 462d52eb-3596-4407-b754-824607ed0fd9|Start monitor /opt/traps/python/scripts/tmput_olew4
2025/07/22 14:24:10|INFO    |858:(ThreadPoolExecutor-0_0)|syslog_parser|ACTION_ID: 462d52eb-3596-4407-b754-824607ed0fd9|Stopping to read lines as iterator has maxed out
2025/07/22 14:24:10|INFO    |858:(ThreadPoolExecutor-0_0)|syslog_parser|ACTION_ID: 462d52eb-3596-4407-b754-824607ed0fd9|saving last line date:: 22/07/1900 14:23:40
2025/07/22 14:24:10|INFO    |858:(ThreadPoolExecutor-0_0)|syslog_parser|ACTION_ID: 462d52eb-3596-4407-b754-824607ed0fd9|12 lines scanned by parser
2025/07/22 14:24:10|INFO    |858:(ThreadPoolExecutor-0_0)|adaptive_policy|ACTION_ID: 462d52eb-3596-4407-b754-824607ed0fd9|syslog_parser created output: None
2025/07/22 14:24:10|INFO    |858:(ThreadPoolExecutor-0_0)|adaptive_policy|ACTION_ID: 462d52eb-3596-4407-b754-824607ed0fd9|Running parser: net_collector
2025/07/22 14:24:10|INFO    |858:(ThreadPoolExecutor-0_0)|net_collector_parser|ACTION_ID: 462d52eb-3596-4407-b754-824607ed0fd9|NetCollector parser started
2025/07/22 14:24:10|INFO    |858:(ThreadPoolExecutor-0_0)|net_collector_parser|ACTION_ID: 462d52eb-3596-4407-b754-824607ed0fd9|System: cpu=3.0% idle=97.0%
2025/07/22 14:24:10|INFO    |858:(ThreadPoolExecutor-0_0)|net_collector_parser|ACTION_ID: 462d52eb-3596-4407-b754-824607ed0fd9|Thread CloudMetadata: cpu=0%
2025/07/22 14:24:10|INFO    |858:(ThreadPoolExecutor-0_0)|net_collector_parser|ACTION_ID: 462d52eb-3596-4407-b754-824607ed0fd9|Thread InjectedProcesses: cpu=0%
2025/07/22 14:24:10|INFO    |858:(ThreadPoolExecutor-0_0)|net_collector_parser|ACTION_ID: 462d52eb-3596-4407-b754-824607ed0fd9|Thread clad: cpu=0%
2025/07/22 14:24:10|INFO    |858:(ThreadPoolExecutor-0_0)|net_collector_parser|ACTION_ID: 462d52eb-3596-4407-b754-824607ed0fd9|Thread dypdng: cpu=0%
2025/07/22 14:24:10|INFO    |858:(ThreadPoolExecutor-0_0)|net_collector_parser|ACTION_ID: 462d52eb-3596-4407-b754-824607ed0fd9|Thread pmd: cpu=0%
2025/07/22 14:24:10|INFO    |858:(ThreadPoolExecutor-0_0)|net_collector_parser|ACTION_ID: 462d52eb-3596-4407-b754-824607ed0fd9|Thread pyxd: cpu=0%
2025/07/22 14:24:10|INFO    |858:(ThreadPoolExecutor-0_0)|net_collector_parser|ACTION_ID: 462d52eb-3596-4407-b754-824607ed0fd9|Thread sandboxd: cpu=0%
2025/07/22 14:24:10|INFO    |858:(ThreadPoolExecutor-0_0)|adaptive_policy|ACTION_ID: 462d52eb-3596-4407-b754-824607ed0fd9|net_collector created output: None
2025/07/22 14:24:10|INFO    |858:(ThreadPoolExecutor-0_0)|adaptive_policy|ACTION_ID: 462d52eb-3596-4407-b754-824607ed0fd9|Running parser: linux_auto_disable_on_write_parser
2025/07/22 14:24:10|INFO    |858:(ThreadPoolExecutor-0_0)|adaptive_policy_utils|ACTION_ID: 462d52eb-3596-4407-b754-824607ed0fd9|Detected traps version: 8.8.0.133595
2025/07/22 14:24:10|INFO    |858:(ThreadPoolExecutor-0_0)|linux_auto_disable_on_write_parser|ACTION_ID: 462d52eb-3596-4407-b754-824607ed0fd9|CPU is normal, waiting for next iteration.
2025/07/22 14:24:10|INFO    |858:(ThreadPoolExecutor-0_0)|adaptive_policy|ACTION_ID: 462d52eb-3596-4407-b754-824607ed0fd9|linux_auto_disable_on_write_parser created output: None
2025/07/22 14:24:10|INFO    |858:(ThreadPoolExecutor-0_0)|adaptive_policy|ACTION_ID: 462d52eb-3596-4407-b754-824607ed0fd9|{'apex': [], 'persistence': {'auto_disable_agent': {}, 'edr_archive_parser': {}, 'syslog_parser': {'last_scan': -2191472992.0}, 'net_collector': {}, 'linux_auto_disable_on_write_parser': {'trapsd_avg_cpu': 0.921866606627884}}, 'output_settings': '{\n"agentDisabledByAdaptivePolicy": false\n}', 'last_analysis': 1753205050}
2025/07/22 14:39:10|INFO    |858:(ThreadPoolExecutor-0_0)|adaptive_policy|ACTION_ID: 462d52eb-3596-4407-b754-824607ed0fd9|Starting adaptive policy engine with kwargs: {}
2025/07/22 14:39:10|INFO    |858:(ThreadPoolExecutor-0_0)|adaptive_policy_utils|ACTION_ID: 462d52eb-3596-4407-b754-824607ed0fd9|Detected traps version: 8.8.0.133595
2025/07/22 14:39:10|INFO    |858:(ThreadPoolExecutor-0_0)|adaptive_policy|ACTION_ID: 462d52eb-3596-4407-b754-824607ed0fd9|{'adaptive_policy_interval': 900}
2025/07/22 14:39:10|INFO    |858:(ThreadPoolExecutor-0_0)|adaptive_policy|ACTION_ID: 462d52eb-3596-4407-b754-824607ed0fd9|Set value of adaptive_policy_interval to 900
2025/07/22 14:39:10|INFO    |858:(ThreadPoolExecutor-0_0)|adaptive_policy|ACTION_ID: 462d52eb-3596-4407-b754-824607ed0fd9|last analysis timestamp: Tuesday, July 22, 2025 at 02:24:10 PM
2025/07/22 14:39:10|INFO    |858:(ThreadPoolExecutor-0_0)|adaptive_policy|ACTION_ID: 462d52eb-3596-4407-b754-824607ed0fd9|High resolution mode: False
2025/07/22 14:39:10|INFO    |858:(ThreadPoolExecutor-0_0)|adaptive_policy|ACTION_ID: 462d52eb-3596-4407-b754-824607ed0fd9|Time elapsed since the previous normal mode execution: 900 seconds
2025/07/22 14:39:10|INFO    |858:(ThreadPoolExecutor-0_0)|adaptive_policy|ACTION_ID: 462d52eb-3596-4407-b754-824607ed0fd9|Adaptive policy normal operation mode interval: 900
2025/07/22 14:39:10|INFO    |858:(ThreadPoolExecutor-0_0)|adaptive_policy|ACTION_ID: 462d52eb-3596-4407-b754-824607ed0fd9|Adaptive policy normal mode is: ENABLED
2025/07/22 14:39:10|INFO    |858:(ThreadPoolExecutor-0_0)|adaptive_policy|ACTION_ID: 462d52eb-3596-4407-b754-824607ed0fd9|Adding normal operation mode parser
2025/07/22 14:39:10|INFO    |858:(ThreadPoolExecutor-0_0)|adaptive_policy|ACTION_ID: 462d52eb-3596-4407-b754-824607ed0fd9|Found 2 statistics components to analyze
2025/07/22 14:39:10|INFO    |858:(ThreadPoolExecutor-0_0)|adaptive_policy|ACTION_ID: 462d52eb-3596-4407-b754-824607ed0fd9|Running parser: auto_disable_agent
2025/07/22 14:39:10|INFO    |858:(ThreadPoolExecutor-0_0)|adaptive_policy_utils|ACTION_ID: 462d52eb-3596-4407-b754-824607ed0fd9|Detected traps version: 8.8.0.133595
2025/07/22 14:39:10|INFO    |858:(ThreadPoolExecutor-0_0)|auto_disable_parser|ACTION_ID: 462d52eb-3596-4407-b754-824607ed0fd9|Trapsd average CPU usage - normalized 1.0313853275717755
2025/07/22 14:39:10|INFO    |858:(ThreadPoolExecutor-0_0)|auto_disable_parser|ACTION_ID: 462d52eb-3596-4407-b754-824607ed0fd9|Trapsd average CPU usage 1.0313853275717755
2025/07/22 14:39:10|INFO    |858:(ThreadPoolExecutor-0_0)|auto_disable_parser|ACTION_ID: 462d52eb-3596-4407-b754-824607ed0fd9|Agent in normal state and CPU is normal, waiting for next iteration.
2025/07/22 14:39:10|INFO    |858:(ThreadPoolExecutor-0_0)|auto_disable_parser|ACTION_ID: 462d52eb-3596-4407-b754-824607ed0fd9|trapsd private memory usage 255,643,648
2025/07/22 14:39:10|INFO    |858:(ThreadPoolExecutor-0_0)|auto_disable_parser|ACTION_ID: 462d52eb-3596-4407-b754-824607ed0fd9|Agent in normal state and Memory is normal, waiting for next iteration.
2025/07/22 14:39:10|INFO    |858:(ThreadPoolExecutor-0_0)|adaptive_policy|ACTION_ID: 462d52eb-3596-4407-b754-824607ed0fd9|auto_disable_agent created output: None
2025/07/22 14:39:10|INFO    |858:(ThreadPoolExecutor-0_0)|adaptive_policy|ACTION_ID: 462d52eb-3596-4407-b754-824607ed0fd9|Running parser: edr_archive_parser
2025/07/22 14:39:10|INFO    |858:(ThreadPoolExecutor-0_0)|edr_archive_parser|ACTION_ID: 462d52eb-3596-4407-b754-824607ed0fd9|EDR Archive size: 0.0mb
2025/07/22 14:39:10|INFO    |858:(ThreadPoolExecutor-0_0)|adaptive_policy|ACTION_ID: 462d52eb-3596-4407-b754-824607ed0fd9|edr_archive_parser created output: None
2025/07/22 14:39:10|INFO    |858:(ThreadPoolExecutor-0_0)|adaptive_policy|ACTION_ID: 462d52eb-3596-4407-b754-824607ed0fd9|Running parser: syslog_parser
2025/07/22 14:39:10|INFO    |858:(ThreadPoolExecutor-0_0)|adaptive_policy_utils|ACTION_ID: 462d52eb-3596-4407-b754-824607ed0fd9|Detected traps version: 8.8.0.133595
2025/07/22 14:39:10|INFO    |858:(ThreadPoolExecutor-0_0)|syslog_parser|ACTION_ID: 462d52eb-3596-4407-b754-824607ed0fd9|Injected processes list: ['wickedd-dhcp6', 'couriertcpd', 'pmmasterd', 'authproxy', 'lighttpd', 'tinyproxy', 'mailman', 'wickedd-dhcp4', 'chronyd', 'apache2', 'xinetd', 'named', 'dovecot', 'samba', 'proftpd', 'charon', 'smbd', 'qmgr', 'ndsd', 'ibserver', 'cupsd', 'nscd', 'java', 'httpd', 'nmbd', 'mysqld', 'cyrus_pop3d', 'kamailio', 'pop2d', 'exim', 'pop3d', 'saned', 'squid', 'apache', 'danted', 'mongod', 'vsftpd', 'smartd', 'mysqld_safe', 'starter', 'squid3']
2025/07/22 14:39:10|INFO    |858:(ThreadPoolExecutor-0_0)|syslog_parser|ACTION_ID: 462d52eb-3596-4407-b754-824607ed0fd9|crash_counters: {'wickedd-dhcp6': 0, 'couriertcpd': 0, 'pmmasterd': 0, 'authproxy': 0, 'lighttpd': 0, 'tinyproxy': 0, 'mailman': 0, 'wickedd-dhcp4': 0, 'chronyd': 0, 'apache2': 0, 'xinetd': 0, 'named': 0, 'dovecot': 0, 'samba': 0, 'proftpd': 0, 'charon': 0, 'smbd': 0, 'qmgr': 0, 'ndsd': 0, 'ibserver': 0, 'cupsd': 0, 'nscd': 0, 'java': 0, 'httpd': 0, 'nmbd': 0, 'mysqld': 0, 'cyrus_pop3d': 0, 'kamailio': 0, 'pop2d': 0, 'exim': 0, 'pop3d': 0, 'saned': 0, 'squid': 0, 'apache': 0, 'danted': 0, 'mongod': 0, 'vsftpd': 0, 'smartd': 0, 'mysqld_safe': 0, 'starter': 0, 'squid3': 0}
2025/07/22 14:39:10|INFO    |858:(ThreadPoolExecutor-0_0)|syslog_parser|ACTION_ID: 462d52eb-3596-4407-b754-824607ed0fd9|Dypd statistics are empty. Cannot retrieve injected processes stats
2025/07/22 14:39:10|INFO    |858:(ThreadPoolExecutor-0_0)|syslog_parser|ACTION_ID: 462d52eb-3596-4407-b754-824607ed0fd9|Could not find any crash reports in statistics
2025/07/22 14:39:10|INFO    |858:(ThreadPoolExecutor-0_0)|syslog_parser|ACTION_ID: 462d52eb-3596-4407-b754-824607ed0fd9|Using temporary journal file: /opt/traps/python/scripts/tmp58a8dvy7
2025/07/22 14:39:10|INFO    |858:(ThreadPoolExecutor-0_0)|syslog_parser|ACTION_ID: 462d52eb-3596-4407-b754-824607ed0fd9|Log file: /opt/traps/python/scripts/tmp58a8dvy7 detected.
2025/07/22 14:39:10|INFO    |858:(ThreadPoolExecutor-0_0)|syslog_parser|ACTION_ID: 462d52eb-3596-4407-b754-824607ed0fd9|Syslog format RFC 3164 detected for line: Jul 22 11:04:20 linux-lab02 kernel: pci 0000:00:17.5: BAR 13: no space for [io  size 0x1000]

2025/07/22 14:39:10|INFO    |858:(ThreadPoolExecutor-0_0)|syslog_parser|ACTION_ID: 462d52eb-3596-4407-b754-824607ed0fd9|Start monitor /opt/traps/python/scripts/tmp58a8dvy7
2025/07/22 14:39:10|INFO    |858:(ThreadPoolExecutor-0_0)|syslog_parser|ACTION_ID: 462d52eb-3596-4407-b754-824607ed0fd9|Stopping to read lines as iterator has maxed out
2025/07/22 14:39:10|INFO    |858:(ThreadPoolExecutor-0_0)|syslog_parser|ACTION_ID: 462d52eb-3596-4407-b754-824607ed0fd9|saving last line date:: 22/07/1900 14:36:11
2025/07/22 14:39:10|INFO    |858:(ThreadPoolExecutor-0_0)|syslog_parser|ACTION_ID: 462d52eb-3596-4407-b754-824607ed0fd9|3 lines scanned by parser
2025/07/22 14:39:10|INFO    |858:(ThreadPoolExecutor-0_0)|adaptive_policy|ACTION_ID: 462d52eb-3596-4407-b754-824607ed0fd9|syslog_parser created output: None
2025/07/22 14:39:10|INFO    |858:(ThreadPoolExecutor-0_0)|adaptive_policy|ACTION_ID: 462d52eb-3596-4407-b754-824607ed0fd9|Running parser: net_collector
2025/07/22 14:39:10|INFO    |858:(ThreadPoolExecutor-0_0)|net_collector_parser|ACTION_ID: 462d52eb-3596-4407-b754-824607ed0fd9|NetCollector parser started
2025/07/22 14:39:10|INFO    |858:(ThreadPoolExecutor-0_0)|net_collector_parser|ACTION_ID: 462d52eb-3596-4407-b754-824607ed0fd9|System: cpu=3.0% idle=97.0%
2025/07/22 14:39:10|INFO    |858:(ThreadPoolExecutor-0_0)|net_collector_parser|ACTION_ID: 462d52eb-3596-4407-b754-824607ed0fd9|Thread CloudMetadata: cpu=0%
2025/07/22 14:39:10|INFO    |858:(ThreadPoolExecutor-0_0)|net_collector_parser|ACTION_ID: 462d52eb-3596-4407-b754-824607ed0fd9|Thread InjectedProcesses: cpu=0%
2025/07/22 14:39:10|INFO    |858:(ThreadPoolExecutor-0_0)|net_collector_parser|ACTION_ID: 462d52eb-3596-4407-b754-824607ed0fd9|Thread clad: cpu=0%
2025/07/22 14:39:10|INFO    |858:(ThreadPoolExecutor-0_0)|net_collector_parser|ACTION_ID: 462d52eb-3596-4407-b754-824607ed0fd9|Thread dypdng: cpu=0%
2025/07/22 14:39:10|INFO    |858:(ThreadPoolExecutor-0_0)|net_collector_parser|ACTION_ID: 462d52eb-3596-4407-b754-824607ed0fd9|Thread pmd: cpu=1.0%
2025/07/22 14:39:10|INFO    |858:(ThreadPoolExecutor-0_0)|net_collector_parser|ACTION_ID: 462d52eb-3596-4407-b754-824607ed0fd9|Thread pyxd: cpu=0%
2025/07/22 14:39:10|INFO    |858:(ThreadPoolExecutor-0_0)|net_collector_parser|ACTION_ID: 462d52eb-3596-4407-b754-824607ed0fd9|Thread sandboxd: cpu=0%
2025/07/22 14:39:10|INFO    |858:(ThreadPoolExecutor-0_0)|adaptive_policy|ACTION_ID: 462d52eb-3596-4407-b754-824607ed0fd9|net_collector created output: None
2025/07/22 14:39:10|INFO    |858:(ThreadPoolExecutor-0_0)|adaptive_policy|ACTION_ID: 462d52eb-3596-4407-b754-824607ed0fd9|Running parser: linux_auto_disable_on_write_parser
2025/07/22 14:39:10|INFO    |858:(ThreadPoolExecutor-0_0)|adaptive_policy_utils|ACTION_ID: 462d52eb-3596-4407-b754-824607ed0fd9|Detected traps version: 8.8.0.133595
2025/07/22 14:39:10|INFO    |858:(ThreadPoolExecutor-0_0)|linux_auto_disable_on_write_parser|ACTION_ID: 462d52eb-3596-4407-b754-824607ed0fd9|CPU is normal, waiting for next iteration.
2025/07/22 14:39:10|INFO    |858:(ThreadPoolExecutor-0_0)|adaptive_policy|ACTION_ID: 462d52eb-3596-4407-b754-824607ed0fd9|linux_auto_disable_on_write_parser created output: None
2025/07/22 14:39:10|INFO    |858:(ThreadPoolExecutor-0_0)|adaptive_policy|ACTION_ID: 462d52eb-3596-4407-b754-824607ed0fd9|{'apex': [], 'persistence': {'auto_disable_agent': {}, 'edr_archive_parser': {}, 'syslog_parser': {'last_scan': -2191472241.0}, 'net_collector': {}, 'linux_auto_disable_on_write_parser': {'trapsd_avg_cpu': 1.0313853275717755}}, 'output_settings': '{\n"agentDisabledByAdaptivePolicy": false\n}', 'last_analysis': 1753205950}
2025/07/22 14:54:10|INFO    |858:(ThreadPoolExecutor-0_0)|adaptive_policy|ACTION_ID: 462d52eb-3596-4407-b754-824607ed0fd9|Starting adaptive policy engine with kwargs: {}
2025/07/22 14:54:10|INFO    |858:(ThreadPoolExecutor-0_0)|adaptive_policy_utils|ACTION_ID: 462d52eb-3596-4407-b754-824607ed0fd9|Detected traps version: 8.8.0.133595
2025/07/22 14:54:10|INFO    |858:(ThreadPoolExecutor-0_0)|adaptive_policy|ACTION_ID: 462d52eb-3596-4407-b754-824607ed0fd9|{'adaptive_policy_interval': 900}
2025/07/22 14:54:10|INFO    |858:(ThreadPoolExecutor-0_0)|adaptive_policy|ACTION_ID: 462d52eb-3596-4407-b754-824607ed0fd9|Set value of adaptive_policy_interval to 900
2025/07/22 14:54:10|INFO    |858:(ThreadPoolExecutor-0_0)|adaptive_policy|ACTION_ID: 462d52eb-3596-4407-b754-824607ed0fd9|last analysis timestamp: Tuesday, July 22, 2025 at 02:39:10 PM
2025/07/22 14:54:10|INFO    |858:(ThreadPoolExecutor-0_0)|adaptive_policy|ACTION_ID: 462d52eb-3596-4407-b754-824607ed0fd9|High resolution mode: False
2025/07/22 14:54:10|INFO    |858:(ThreadPoolExecutor-0_0)|adaptive_policy|ACTION_ID: 462d52eb-3596-4407-b754-824607ed0fd9|Time elapsed since the previous normal mode execution: 900 seconds
2025/07/22 14:54:10|INFO    |858:(ThreadPoolExecutor-0_0)|adaptive_policy|ACTION_ID: 462d52eb-3596-4407-b754-824607ed0fd9|Adaptive policy normal operation mode interval: 900
2025/07/22 14:54:10|INFO    |858:(ThreadPoolExecutor-0_0)|adaptive_policy|ACTION_ID: 462d52eb-3596-4407-b754-824607ed0fd9|Adaptive policy normal mode is: ENABLED
2025/07/22 14:54:10|INFO    |858:(ThreadPoolExecutor-0_0)|adaptive_policy|ACTION_ID: 462d52eb-3596-4407-b754-824607ed0fd9|Adding normal operation mode parser
2025/07/22 14:54:10|INFO    |858:(ThreadPoolExecutor-0_0)|adaptive_policy|ACTION_ID: 462d52eb-3596-4407-b754-824607ed0fd9|Found 2 statistics components to analyze
2025/07/22 14:54:10|INFO    |858:(ThreadPoolExecutor-0_0)|adaptive_policy|ACTION_ID: 462d52eb-3596-4407-b754-824607ed0fd9|Running parser: auto_disable_agent
2025/07/22 14:54:10|INFO    |858:(ThreadPoolExecutor-0_0)|adaptive_policy_utils|ACTION_ID: 462d52eb-3596-4407-b754-824607ed0fd9|Detected traps version: 8.8.0.133595
2025/07/22 14:54:10|INFO    |858:(ThreadPoolExecutor-0_0)|auto_disable_parser|ACTION_ID: 462d52eb-3596-4407-b754-824607ed0fd9|Trapsd average CPU usage - normalized 0.9634193466960043
2025/07/22 14:54:10|INFO    |858:(ThreadPoolExecutor-0_0)|auto_disable_parser|ACTION_ID: 462d52eb-3596-4407-b754-824607ed0fd9|Trapsd average CPU usage 0.9634193466960043
2025/07/22 14:54:10|INFO    |858:(ThreadPoolExecutor-0_0)|auto_disable_parser|ACTION_ID: 462d52eb-3596-4407-b754-824607ed0fd9|Agent in normal state and CPU is normal, waiting for next iteration.
2025/07/22 14:54:10|INFO    |858:(ThreadPoolExecutor-0_0)|auto_disable_parser|ACTION_ID: 462d52eb-3596-4407-b754-824607ed0fd9|trapsd private memory usage 256,425,984
2025/07/22 14:54:10|INFO    |858:(ThreadPoolExecutor-0_0)|auto_disable_parser|ACTION_ID: 462d52eb-3596-4407-b754-824607ed0fd9|Agent in normal state and Memory is normal, waiting for next iteration.
2025/07/22 14:54:10|INFO    |858:(ThreadPoolExecutor-0_0)|adaptive_policy|ACTION_ID: 462d52eb-3596-4407-b754-824607ed0fd9|auto_disable_agent created output: None
2025/07/22 14:54:10|INFO    |858:(ThreadPoolExecutor-0_0)|adaptive_policy|ACTION_ID: 462d52eb-3596-4407-b754-824607ed0fd9|Running parser: edr_archive_parser
2025/07/22 14:54:10|INFO    |858:(ThreadPoolExecutor-0_0)|edr_archive_parser|ACTION_ID: 462d52eb-3596-4407-b754-824607ed0fd9|EDR Archive size: 0.0mb
2025/07/22 14:54:10|INFO    |858:(ThreadPoolExecutor-0_0)|adaptive_policy|ACTION_ID: 462d52eb-3596-4407-b754-824607ed0fd9|edr_archive_parser created output: None
2025/07/22 14:54:10|INFO    |858:(ThreadPoolExecutor-0_0)|adaptive_policy|ACTION_ID: 462d52eb-3596-4407-b754-824607ed0fd9|Running parser: syslog_parser
2025/07/22 14:54:10|INFO    |858:(ThreadPoolExecutor-0_0)|adaptive_policy_utils|ACTION_ID: 462d52eb-3596-4407-b754-824607ed0fd9|Detected traps version: 8.8.0.133595
2025/07/22 14:54:10|INFO    |858:(ThreadPoolExecutor-0_0)|syslog_parser|ACTION_ID: 462d52eb-3596-4407-b754-824607ed0fd9|Injected processes list: ['wickedd-dhcp6', 'couriertcpd', 'pmmasterd', 'authproxy', 'lighttpd', 'tinyproxy', 'mailman', 'wickedd-dhcp4', 'chronyd', 'apache2', 'xinetd', 'named', 'dovecot', 'samba', 'proftpd', 'charon', 'smbd', 'qmgr', 'ndsd', 'ibserver', 'cupsd', 'nscd', 'java', 'httpd', 'nmbd', 'mysqld', 'cyrus_pop3d', 'kamailio', 'pop2d', 'exim', 'pop3d', 'saned', 'squid', 'apache', 'danted', 'mongod', 'vsftpd', 'smartd', 'mysqld_safe', 'starter', 'squid3']
2025/07/22 14:54:10|INFO    |858:(ThreadPoolExecutor-0_0)|syslog_parser|ACTION_ID: 462d52eb-3596-4407-b754-824607ed0fd9|crash_counters: {'wickedd-dhcp6': 0, 'couriertcpd': 0, 'pmmasterd': 0, 'authproxy': 0, 'lighttpd': 0, 'tinyproxy': 0, 'mailman': 0, 'wickedd-dhcp4': 0, 'chronyd': 0, 'apache2': 0, 'xinetd': 0, 'named': 0, 'dovecot': 0, 'samba': 0, 'proftpd': 0, 'charon': 0, 'smbd': 0, 'qmgr': 0, 'ndsd': 0, 'ibserver': 0, 'cupsd': 0, 'nscd': 0, 'java': 0, 'httpd': 0, 'nmbd': 0, 'mysqld': 0, 'cyrus_pop3d': 0, 'kamailio': 0, 'pop2d': 0, 'exim': 0, 'pop3d': 0, 'saned': 0, 'squid': 0, 'apache': 0, 'danted': 0, 'mongod': 0, 'vsftpd': 0, 'smartd': 0, 'mysqld_safe': 0, 'starter': 0, 'squid3': 0}
2025/07/22 14:54:10|INFO    |858:(ThreadPoolExecutor-0_0)|syslog_parser|ACTION_ID: 462d52eb-3596-4407-b754-824607ed0fd9|Dypd statistics are empty. Cannot retrieve injected processes stats
2025/07/22 14:54:10|INFO    |858:(ThreadPoolExecutor-0_0)|syslog_parser|ACTION_ID: 462d52eb-3596-4407-b754-824607ed0fd9|Could not find any crash reports in statistics
2025/07/22 14:54:10|INFO    |858:(ThreadPoolExecutor-0_0)|syslog_parser|ACTION_ID: 462d52eb-3596-4407-b754-824607ed0fd9|Using temporary journal file: /opt/traps/python/scripts/tmpgx4g2q6v
2025/07/22 14:54:10|INFO    |858:(ThreadPoolExecutor-0_0)|syslog_parser|ACTION_ID: 462d52eb-3596-4407-b754-824607ed0fd9|Log file: /opt/traps/python/scripts/tmpgx4g2q6v detected.
2025/07/22 14:54:10|INFO    |858:(ThreadPoolExecutor-0_0)|syslog_parser|ACTION_ID: 462d52eb-3596-4407-b754-824607ed0fd9|Syslog format RFC 3164 detected for line: Jul 22 11:04:20 linux-lab02 kernel: pci 0000:00:17.4: BAR 13: failed to assign [io  size 0x1000]

2025/07/22 14:54:10|INFO    |858:(ThreadPoolExecutor-0_0)|syslog_parser|ACTION_ID: 462d52eb-3596-4407-b754-824607ed0fd9|Start monitor /opt/traps/python/scripts/tmpgx4g2q6v
2025/07/22 14:54:10|INFO    |858:(ThreadPoolExecutor-0_0)|syslog_parser|ACTION_ID: 462d52eb-3596-4407-b754-824607ed0fd9|Stopping to read lines as iterator has maxed out
2025/07/22 14:54:10|INFO    |858:(ThreadPoolExecutor-0_0)|syslog_parser|ACTION_ID: 462d52eb-3596-4407-b754-824607ed0fd9|saving last line date:: 22/07/1900 14:49:33
2025/07/22 14:54:10|INFO    |858:(ThreadPoolExecutor-0_0)|syslog_parser|ACTION_ID: 462d52eb-3596-4407-b754-824607ed0fd9|3 lines scanned by parser
2025/07/22 14:54:10|INFO    |858:(ThreadPoolExecutor-0_0)|adaptive_policy|ACTION_ID: 462d52eb-3596-4407-b754-824607ed0fd9|syslog_parser created output: None
2025/07/22 14:54:10|INFO    |858:(ThreadPoolExecutor-0_0)|adaptive_policy|ACTION_ID: 462d52eb-3596-4407-b754-824607ed0fd9|Running parser: net_collector
2025/07/22 14:54:10|INFO    |858:(ThreadPoolExecutor-0_0)|net_collector_parser|ACTION_ID: 462d52eb-3596-4407-b754-824607ed0fd9|NetCollector parser started
2025/07/22 14:54:10|INFO    |858:(ThreadPoolExecutor-0_0)|net_collector_parser|ACTION_ID: 462d52eb-3596-4407-b754-824607ed0fd9|System: cpu=3.0% idle=97.0%
2025/07/22 14:54:10|INFO    |858:(ThreadPoolExecutor-0_0)|net_collector_parser|ACTION_ID: 462d52eb-3596-4407-b754-824607ed0fd9|Thread CloudMetadata: cpu=0%
2025/07/22 14:54:10|INFO    |858:(ThreadPoolExecutor-0_0)|net_collector_parser|ACTION_ID: 462d52eb-3596-4407-b754-824607ed0fd9|Thread InjectedProcesses: cpu=0%
2025/07/22 14:54:10|INFO    |858:(ThreadPoolExecutor-0_0)|net_collector_parser|ACTION_ID: 462d52eb-3596-4407-b754-824607ed0fd9|Thread clad: cpu=0%
2025/07/22 14:54:10|INFO    |858:(ThreadPoolExecutor-0_0)|net_collector_parser|ACTION_ID: 462d52eb-3596-4407-b754-824607ed0fd9|Thread dypdng: cpu=0%
2025/07/22 14:54:10|INFO    |858:(ThreadPoolExecutor-0_0)|net_collector_parser|ACTION_ID: 462d52eb-3596-4407-b754-824607ed0fd9|Thread pmd: cpu=0%
2025/07/22 14:54:10|INFO    |858:(ThreadPoolExecutor-0_0)|net_collector_parser|ACTION_ID: 462d52eb-3596-4407-b754-824607ed0fd9|Thread pyxd: cpu=0%
2025/07/22 14:54:10|INFO    |858:(ThreadPoolExecutor-0_0)|net_collector_parser|ACTION_ID: 462d52eb-3596-4407-b754-824607ed0fd9|Thread sandboxd: cpu=0%
2025/07/22 14:54:10|INFO    |858:(ThreadPoolExecutor-0_0)|adaptive_policy|ACTION_ID: 462d52eb-3596-4407-b754-824607ed0fd9|net_collector created output: None
2025/07/22 14:54:10|INFO    |858:(ThreadPoolExecutor-0_0)|adaptive_policy|ACTION_ID: 462d52eb-3596-4407-b754-824607ed0fd9|Running parser: linux_auto_disable_on_write_parser
2025/07/22 14:54:10|INFO    |858:(ThreadPoolExecutor-0_0)|adaptive_policy_utils|ACTION_ID: 462d52eb-3596-4407-b754-824607ed0fd9|Detected traps version: 8.8.0.133595
2025/07/22 14:54:10|INFO    |858:(ThreadPoolExecutor-0_0)|linux_auto_disable_on_write_parser|ACTION_ID: 462d52eb-3596-4407-b754-824607ed0fd9|CPU is normal, waiting for next iteration.
2025/07/22 14:54:10|INFO    |858:(ThreadPoolExecutor-0_0)|adaptive_policy|ACTION_ID: 462d52eb-3596-4407-b754-824607ed0fd9|linux_auto_disable_on_write_parser created output: None
2025/07/22 14:54:10|INFO    |858:(ThreadPoolExecutor-0_0)|adaptive_policy|ACTION_ID: 462d52eb-3596-4407-b754-824607ed0fd9|{'apex': [], 'persistence': {'auto_disable_agent': {}, 'edr_archive_parser': {}, 'syslog_parser': {'last_scan': -2191471439.0}, 'net_collector': {}, 'linux_auto_disable_on_write_parser': {'trapsd_avg_cpu': 0.9634193466960043}}, 'output_settings': '{\n"agentDisabledByAdaptivePolicy": false\n}', 'last_analysis': 1753206850}
2025/07/22 15:09:11|INFO    |858:(ThreadPoolExecutor-0_0)|adaptive_policy|ACTION_ID: 462d52eb-3596-4407-b754-824607ed0fd9|Starting adaptive policy engine with kwargs: {}
2025/07/22 15:09:11|INFO    |858:(ThreadPoolExecutor-0_0)|adaptive_policy_utils|ACTION_ID: 462d52eb-3596-4407-b754-824607ed0fd9|Detected traps version: 8.8.0.133595
2025/07/22 15:09:11|INFO    |858:(ThreadPoolExecutor-0_0)|adaptive_policy|ACTION_ID: 462d52eb-3596-4407-b754-824607ed0fd9|{'adaptive_policy_interval': 900}
2025/07/22 15:09:11|INFO    |858:(ThreadPoolExecutor-0_0)|adaptive_policy|ACTION_ID: 462d52eb-3596-4407-b754-824607ed0fd9|Set value of adaptive_policy_interval to 900
2025/07/22 15:09:11|INFO    |858:(ThreadPoolExecutor-0_0)|adaptive_policy|ACTION_ID: 462d52eb-3596-4407-b754-824607ed0fd9|last analysis timestamp: Tuesday, July 22, 2025 at 02:54:10 PM
2025/07/22 15:09:11|INFO    |858:(ThreadPoolExecutor-0_0)|adaptive_policy|ACTION_ID: 462d52eb-3596-4407-b754-824607ed0fd9|High resolution mode: False
2025/07/22 15:09:11|INFO    |858:(ThreadPoolExecutor-0_0)|adaptive_policy|ACTION_ID: 462d52eb-3596-4407-b754-824607ed0fd9|Time elapsed since the previous normal mode execution: 901 seconds
2025/07/22 15:09:11|INFO    |858:(ThreadPoolExecutor-0_0)|adaptive_policy|ACTION_ID: 462d52eb-3596-4407-b754-824607ed0fd9|Adaptive policy normal operation mode interval: 900
2025/07/22 15:09:11|INFO    |858:(ThreadPoolExecutor-0_0)|adaptive_policy|ACTION_ID: 462d52eb-3596-4407-b754-824607ed0fd9|Adaptive policy normal mode is: ENABLED
2025/07/22 15:09:11|INFO    |858:(ThreadPoolExecutor-0_0)|adaptive_policy|ACTION_ID: 462d52eb-3596-4407-b754-824607ed0fd9|Adding normal operation mode parser
2025/07/22 15:09:11|INFO    |858:(ThreadPoolExecutor-0_0)|adaptive_policy|ACTION_ID: 462d52eb-3596-4407-b754-824607ed0fd9|Found 2 statistics components to analyze
2025/07/22 15:09:11|INFO    |858:(ThreadPoolExecutor-0_0)|adaptive_policy|ACTION_ID: 462d52eb-3596-4407-b754-824607ed0fd9|Running parser: auto_disable_agent
2025/07/22 15:09:11|INFO    |858:(ThreadPoolExecutor-0_0)|adaptive_policy_utils|ACTION_ID: 462d52eb-3596-4407-b754-824607ed0fd9|Detected traps version: 8.8.0.133595
2025/07/22 15:09:11|INFO    |858:(ThreadPoolExecutor-0_0)|auto_disable_parser|ACTION_ID: 462d52eb-3596-4407-b754-824607ed0fd9|Trapsd average CPU usage - normalized 0.9770600873718721
2025/07/22 15:09:11|INFO    |858:(ThreadPoolExecutor-0_0)|auto_disable_parser|ACTION_ID: 462d52eb-3596-4407-b754-824607ed0fd9|Trapsd average CPU usage 0.9770600873718721
2025/07/22 15:09:11|INFO    |858:(ThreadPoolExecutor-0_0)|auto_disable_parser|ACTION_ID: 462d52eb-3596-4407-b754-824607ed0fd9|Agent in normal state and CPU is normal, waiting for next iteration.
2025/07/22 15:09:11|INFO    |858:(ThreadPoolExecutor-0_0)|auto_disable_parser|ACTION_ID: 462d52eb-3596-4407-b754-824607ed0fd9|trapsd private memory usage 257,548,288
2025/07/22 15:09:11|INFO    |858:(ThreadPoolExecutor-0_0)|auto_disable_parser|ACTION_ID: 462d52eb-3596-4407-b754-824607ed0fd9|Agent in normal state and Memory is normal, waiting for next iteration.
2025/07/22 15:09:11|INFO    |858:(ThreadPoolExecutor-0_0)|adaptive_policy|ACTION_ID: 462d52eb-3596-4407-b754-824607ed0fd9|auto_disable_agent created output: None
2025/07/22 15:09:11|INFO    |858:(ThreadPoolExecutor-0_0)|adaptive_policy|ACTION_ID: 462d52eb-3596-4407-b754-824607ed0fd9|Running parser: edr_archive_parser
2025/07/22 15:09:11|INFO    |858:(ThreadPoolExecutor-0_0)|edr_archive_parser|ACTION_ID: 462d52eb-3596-4407-b754-824607ed0fd9|EDR Archive size: 0.0mb
2025/07/22 15:09:11|INFO    |858:(ThreadPoolExecutor-0_0)|adaptive_policy|ACTION_ID: 462d52eb-3596-4407-b754-824607ed0fd9|edr_archive_parser created output: None
2025/07/22 15:09:11|INFO    |858:(ThreadPoolExecutor-0_0)|adaptive_policy|ACTION_ID: 462d52eb-3596-4407-b754-824607ed0fd9|Running parser: syslog_parser
2025/07/22 15:09:11|INFO    |858:(ThreadPoolExecutor-0_0)|adaptive_policy_utils|ACTION_ID: 462d52eb-3596-4407-b754-824607ed0fd9|Detected traps version: 8.8.0.133595
2025/07/22 15:09:11|INFO    |858:(ThreadPoolExecutor-0_0)|syslog_parser|ACTION_ID: 462d52eb-3596-4407-b754-824607ed0fd9|Injected processes list: ['wickedd-dhcp6', 'couriertcpd', 'pmmasterd', 'authproxy', 'lighttpd', 'tinyproxy', 'mailman', 'wickedd-dhcp4', 'chronyd', 'apache2', 'xinetd', 'named', 'dovecot', 'samba', 'proftpd', 'charon', 'smbd', 'qmgr', 'ndsd', 'ibserver', 'cupsd', 'nscd', 'java', 'httpd', 'nmbd', 'mysqld', 'cyrus_pop3d', 'kamailio', 'pop2d', 'exim', 'pop3d', 'saned', 'squid', 'apache', 'danted', 'mongod', 'vsftpd', 'smartd', 'mysqld_safe', 'starter', 'squid3']
2025/07/22 15:09:11|INFO    |858:(ThreadPoolExecutor-0_0)|syslog_parser|ACTION_ID: 462d52eb-3596-4407-b754-824607ed0fd9|crash_counters: {'wickedd-dhcp6': 0, 'couriertcpd': 0, 'pmmasterd': 0, 'authproxy': 0, 'lighttpd': 0, 'tinyproxy': 0, 'mailman': 0, 'wickedd-dhcp4': 0, 'chronyd': 0, 'apache2': 0, 'xinetd': 0, 'named': 0, 'dovecot': 0, 'samba': 0, 'proftpd': 0, 'charon': 0, 'smbd': 0, 'qmgr': 0, 'ndsd': 0, 'ibserver': 0, 'cupsd': 0, 'nscd': 0, 'java': 0, 'httpd': 0, 'nmbd': 0, 'mysqld': 0, 'cyrus_pop3d': 0, 'kamailio': 0, 'pop2d': 0, 'exim': 0, 'pop3d': 0, 'saned': 0, 'squid': 0, 'apache': 0, 'danted': 0, 'mongod': 0, 'vsftpd': 0, 'smartd': 0, 'mysqld_safe': 0, 'starter': 0, 'squid3': 0}
2025/07/22 15:09:11|INFO    |858:(ThreadPoolExecutor-0_0)|syslog_parser|ACTION_ID: 462d52eb-3596-4407-b754-824607ed0fd9|Dypd statistics are empty. Cannot retrieve injected processes stats
2025/07/22 15:09:11|INFO    |858:(ThreadPoolExecutor-0_0)|syslog_parser|ACTION_ID: 462d52eb-3596-4407-b754-824607ed0fd9|Could not find any crash reports in statistics
2025/07/22 15:09:11|INFO    |858:(ThreadPoolExecutor-0_0)|syslog_parser|ACTION_ID: 462d52eb-3596-4407-b754-824607ed0fd9|Using temporary journal file: /opt/traps/python/scripts/tmp2q0qs7uj
2025/07/22 15:09:11|INFO    |858:(ThreadPoolExecutor-0_0)|syslog_parser|ACTION_ID: 462d52eb-3596-4407-b754-824607ed0fd9|Log file: /opt/traps/python/scripts/tmp2q0qs7uj detected.
2025/07/22 15:09:11|INFO    |858:(ThreadPoolExecutor-0_0)|syslog_parser|ACTION_ID: 462d52eb-3596-4407-b754-824607ed0fd9|Syslog format RFC 3164 detected for line: Jul 22 11:04:20 linux-lab02 kernel: pci 0000:00:16.7: BAR 13: no space for [io  size 0x1000]

2025/07/22 15:09:11|INFO    |858:(ThreadPoolExecutor-0_0)|syslog_parser|ACTION_ID: 462d52eb-3596-4407-b754-824607ed0fd9|Start monitor /opt/traps/python/scripts/tmp2q0qs7uj
2025/07/22 15:09:11|INFO    |858:(ThreadPoolExecutor-0_0)|syslog_parser|ACTION_ID: 462d52eb-3596-4407-b754-824607ed0fd9|Stopping to read lines as iterator has maxed out
2025/07/22 15:09:11|INFO    |858:(ThreadPoolExecutor-0_0)|syslog_parser|ACTION_ID: 462d52eb-3596-4407-b754-824607ed0fd9|saving last line date:: 22/07/1900 15:02:18
2025/07/22 15:09:11|INFO    |858:(ThreadPoolExecutor-0_0)|syslog_parser|ACTION_ID: 462d52eb-3596-4407-b754-824607ed0fd9|3 lines scanned by parser
2025/07/22 15:09:11|INFO    |858:(ThreadPoolExecutor-0_0)|adaptive_policy|ACTION_ID: 462d52eb-3596-4407-b754-824607ed0fd9|syslog_parser created output: None
2025/07/22 15:09:11|INFO    |858:(ThreadPoolExecutor-0_0)|adaptive_policy|ACTION_ID: 462d52eb-3596-4407-b754-824607ed0fd9|Running parser: net_collector
2025/07/22 15:09:11|INFO    |858:(ThreadPoolExecutor-0_0)|net_collector_parser|ACTION_ID: 462d52eb-3596-4407-b754-824607ed0fd9|NetCollector parser started
2025/07/22 15:09:11|INFO    |858:(ThreadPoolExecutor-0_0)|net_collector_parser|ACTION_ID: 462d52eb-3596-4407-b754-824607ed0fd9|System: cpu=3.0% idle=97.0%
2025/07/22 15:09:11|INFO    |858:(ThreadPoolExecutor-0_0)|net_collector_parser|ACTION_ID: 462d52eb-3596-4407-b754-824607ed0fd9|Thread CloudMetadata: cpu=0%
2025/07/22 15:09:11|INFO    |858:(ThreadPoolExecutor-0_0)|net_collector_parser|ACTION_ID: 462d52eb-3596-4407-b754-824607ed0fd9|Thread InjectedProcesses: cpu=0%
2025/07/22 15:09:11|INFO    |858:(ThreadPoolExecutor-0_0)|net_collector_parser|ACTION_ID: 462d52eb-3596-4407-b754-824607ed0fd9|Thread clad: cpu=0%
2025/07/22 15:09:11|INFO    |858:(ThreadPoolExecutor-0_0)|net_collector_parser|ACTION_ID: 462d52eb-3596-4407-b754-824607ed0fd9|Thread dypdng: cpu=0%
2025/07/22 15:09:11|INFO    |858:(ThreadPoolExecutor-0_0)|net_collector_parser|ACTION_ID: 462d52eb-3596-4407-b754-824607ed0fd9|Thread pmd: cpu=0%
2025/07/22 15:09:11|INFO    |858:(ThreadPoolExecutor-0_0)|net_collector_parser|ACTION_ID: 462d52eb-3596-4407-b754-824607ed0fd9|Thread pyxd: cpu=0%
2025/07/22 15:09:11|INFO    |858:(ThreadPoolExecutor-0_0)|net_collector_parser|ACTION_ID: 462d52eb-3596-4407-b754-824607ed0fd9|Thread sandboxd: cpu=0%
2025/07/22 15:09:11|INFO    |858:(ThreadPoolExecutor-0_0)|adaptive_policy|ACTION_ID: 462d52eb-3596-4407-b754-824607ed0fd9|net_collector created output: None
2025/07/22 15:09:11|INFO    |858:(ThreadPoolExecutor-0_0)|adaptive_policy|ACTION_ID: 462d52eb-3596-4407-b754-824607ed0fd9|Running parser: linux_auto_disable_on_write_parser
2025/07/22 15:09:11|INFO    |858:(ThreadPoolExecutor-0_0)|adaptive_policy_utils|ACTION_ID: 462d52eb-3596-4407-b754-824607ed0fd9|Detected traps version: 8.8.0.133595
2025/07/22 15:09:11|INFO    |858:(ThreadPoolExecutor-0_0)|linux_auto_disable_on_write_parser|ACTION_ID: 462d52eb-3596-4407-b754-824607ed0fd9|CPU is normal, waiting for next iteration.
2025/07/22 15:09:11|INFO    |858:(ThreadPoolExecutor-0_0)|adaptive_policy|ACTION_ID: 462d52eb-3596-4407-b754-824607ed0fd9|linux_auto_disable_on_write_parser created output: None
2025/07/22 15:09:11|INFO    |858:(ThreadPoolExecutor-0_0)|adaptive_policy|ACTION_ID: 462d52eb-3596-4407-b754-824607ed0fd9|{'apex': [], 'persistence': {'auto_disable_agent': {}, 'edr_archive_parser': {}, 'syslog_parser': {'last_scan': -2191470674.0}, 'net_collector': {}, 'linux_auto_disable_on_write_parser': {'trapsd_avg_cpu': 0.9770600873718721}}, 'output_settings': '{\n"agentDisabledByAdaptivePolicy": false\n}', 'last_analysis': 1753207751}
2025/07/22 15:24:11|INFO    |858:(ThreadPoolExecutor-0_0)|adaptive_policy|ACTION_ID: 462d52eb-3596-4407-b754-824607ed0fd9|Starting adaptive policy engine with kwargs: {}
2025/07/22 15:24:11|INFO    |858:(ThreadPoolExecutor-0_0)|adaptive_policy_utils|ACTION_ID: 462d52eb-3596-4407-b754-824607ed0fd9|Detected traps version: 8.8.0.133595
2025/07/22 15:24:11|INFO    |858:(ThreadPoolExecutor-0_0)|adaptive_policy|ACTION_ID: 462d52eb-3596-4407-b754-824607ed0fd9|{'adaptive_policy_interval': 900}
2025/07/22 15:24:11|INFO    |858:(ThreadPoolExecutor-0_0)|adaptive_policy|ACTION_ID: 462d52eb-3596-4407-b754-824607ed0fd9|Set value of adaptive_policy_interval to 900
2025/07/22 15:24:11|INFO    |858:(ThreadPoolExecutor-0_0)|adaptive_policy|ACTION_ID: 462d52eb-3596-4407-b754-824607ed0fd9|last analysis timestamp: Tuesday, July 22, 2025 at 03:09:11 PM
2025/07/22 15:24:11|INFO    |858:(ThreadPoolExecutor-0_0)|adaptive_policy|ACTION_ID: 462d52eb-3596-4407-b754-824607ed0fd9|High resolution mode: False
2025/07/22 15:24:11|INFO    |858:(ThreadPoolExecutor-0_0)|adaptive_policy|ACTION_ID: 462d52eb-3596-4407-b754-824607ed0fd9|Time elapsed since the previous normal mode execution: 900 seconds
2025/07/22 15:24:11|INFO    |858:(ThreadPoolExecutor-0_0)|adaptive_policy|ACTION_ID: 462d52eb-3596-4407-b754-824607ed0fd9|Adaptive policy normal operation mode interval: 900
2025/07/22 15:24:11|INFO    |858:(ThreadPoolExecutor-0_0)|adaptive_policy|ACTION_ID: 462d52eb-3596-4407-b754-824607ed0fd9|Adaptive policy normal mode is: ENABLED
2025/07/22 15:24:11|INFO    |858:(ThreadPoolExecutor-0_0)|adaptive_policy|ACTION_ID: 462d52eb-3596-4407-b754-824607ed0fd9|Adding normal operation mode parser
2025/07/22 15:24:11|INFO    |858:(ThreadPoolExecutor-0_0)|adaptive_policy|ACTION_ID: 462d52eb-3596-4407-b754-824607ed0fd9|Found 2 statistics components to analyze
2025/07/22 15:24:11|INFO    |858:(ThreadPoolExecutor-0_0)|adaptive_policy|ACTION_ID: 462d52eb-3596-4407-b754-824607ed0fd9|Running parser: auto_disable_agent
2025/07/22 15:24:11|INFO    |858:(ThreadPoolExecutor-0_0)|adaptive_policy_utils|ACTION_ID: 462d52eb-3596-4407-b754-824607ed0fd9|Detected traps version: 8.8.0.133595
2025/07/22 15:24:11|INFO    |858:(ThreadPoolExecutor-0_0)|auto_disable_parser|ACTION_ID: 462d52eb-3596-4407-b754-824607ed0fd9|Trapsd average CPU usage - normalized 0.9164311045967244
2025/07/22 15:24:11|INFO    |858:(ThreadPoolExecutor-0_0)|auto_disable_parser|ACTION_ID: 462d52eb-3596-4407-b754-824607ed0fd9|Trapsd average CPU usage 0.9164311045967244
2025/07/22 15:24:11|INFO    |858:(ThreadPoolExecutor-0_0)|auto_disable_parser|ACTION_ID: 462d52eb-3596-4407-b754-824607ed0fd9|Agent in normal state and CPU is normal, waiting for next iteration.
2025/07/22 15:24:11|INFO    |858:(ThreadPoolExecutor-0_0)|auto_disable_parser|ACTION_ID: 462d52eb-3596-4407-b754-824607ed0fd9|trapsd private memory usage 257,814,528
2025/07/22 15:24:11|INFO    |858:(ThreadPoolExecutor-0_0)|auto_disable_parser|ACTION_ID: 462d52eb-3596-4407-b754-824607ed0fd9|Agent in normal state and Memory is normal, waiting for next iteration.
2025/07/22 15:24:11|INFO    |858:(ThreadPoolExecutor-0_0)|adaptive_policy|ACTION_ID: 462d52eb-3596-4407-b754-824607ed0fd9|auto_disable_agent created output: None
2025/07/22 15:24:11|INFO    |858:(ThreadPoolExecutor-0_0)|adaptive_policy|ACTION_ID: 462d52eb-3596-4407-b754-824607ed0fd9|Running parser: edr_archive_parser
2025/07/22 15:24:11|INFO    |858:(ThreadPoolExecutor-0_0)|edr_archive_parser|ACTION_ID: 462d52eb-3596-4407-b754-824607ed0fd9|EDR Archive size: 0.0mb
2025/07/22 15:24:11|INFO    |858:(ThreadPoolExecutor-0_0)|adaptive_policy|ACTION_ID: 462d52eb-3596-4407-b754-824607ed0fd9|edr_archive_parser created output: None
2025/07/22 15:24:11|INFO    |858:(ThreadPoolExecutor-0_0)|adaptive_policy|ACTION_ID: 462d52eb-3596-4407-b754-824607ed0fd9|Running parser: syslog_parser
2025/07/22 15:24:11|INFO    |858:(ThreadPoolExecutor-0_0)|adaptive_policy_utils|ACTION_ID: 462d52eb-3596-4407-b754-824607ed0fd9|Detected traps version: 8.8.0.133595
2025/07/22 15:24:11|INFO    |858:(ThreadPoolExecutor-0_0)|syslog_parser|ACTION_ID: 462d52eb-3596-4407-b754-824607ed0fd9|Injected processes list: ['wickedd-dhcp6', 'couriertcpd', 'pmmasterd', 'authproxy', 'lighttpd', 'tinyproxy', 'mailman', 'wickedd-dhcp4', 'chronyd', 'apache2', 'xinetd', 'named', 'dovecot', 'samba', 'proftpd', 'charon', 'smbd', 'qmgr', 'ndsd', 'ibserver', 'cupsd', 'nscd', 'java', 'httpd', 'nmbd', 'mysqld', 'cyrus_pop3d', 'kamailio', 'pop2d', 'exim', 'pop3d', 'saned', 'squid', 'apache', 'danted', 'mongod', 'vsftpd', 'smartd', 'mysqld_safe', 'starter', 'squid3']
2025/07/22 15:24:11|INFO    |858:(ThreadPoolExecutor-0_0)|syslog_parser|ACTION_ID: 462d52eb-3596-4407-b754-824607ed0fd9|crash_counters: {'wickedd-dhcp6': 0, 'couriertcpd': 0, 'pmmasterd': 0, 'authproxy': 0, 'lighttpd': 0, 'tinyproxy': 0, 'mailman': 0, 'wickedd-dhcp4': 0, 'chronyd': 0, 'apache2': 0, 'xinetd': 0, 'named': 0, 'dovecot': 0, 'samba': 0, 'proftpd': 0, 'charon': 0, 'smbd': 0, 'qmgr': 0, 'ndsd': 0, 'ibserver': 0, 'cupsd': 0, 'nscd': 0, 'java': 0, 'httpd': 0, 'nmbd': 0, 'mysqld': 0, 'cyrus_pop3d': 0, 'kamailio': 0, 'pop2d': 0, 'exim': 0, 'pop3d': 0, 'saned': 0, 'squid': 0, 'apache': 0, 'danted': 0, 'mongod': 0, 'vsftpd': 0, 'smartd': 0, 'mysqld_safe': 0, 'starter': 0, 'squid3': 0}
2025/07/22 15:24:11|INFO    |858:(ThreadPoolExecutor-0_0)|syslog_parser|ACTION_ID: 462d52eb-3596-4407-b754-824607ed0fd9|Dypd statistics are empty. Cannot retrieve injected processes stats
2025/07/22 15:24:11|INFO    |858:(ThreadPoolExecutor-0_0)|syslog_parser|ACTION_ID: 462d52eb-3596-4407-b754-824607ed0fd9|Could not find any crash reports in statistics
2025/07/22 15:24:11|INFO    |858:(ThreadPoolExecutor-0_0)|syslog_parser|ACTION_ID: 462d52eb-3596-4407-b754-824607ed0fd9|Using temporary journal file: /opt/traps/python/scripts/tmpp8m4cayh
2025/07/22 15:24:11|INFO    |858:(ThreadPoolExecutor-0_0)|syslog_parser|ACTION_ID: 462d52eb-3596-4407-b754-824607ed0fd9|Log file: /opt/traps/python/scripts/tmpp8m4cayh detected.
2025/07/22 15:24:11|INFO    |858:(ThreadPoolExecutor-0_0)|syslog_parser|ACTION_ID: 462d52eb-3596-4407-b754-824607ed0fd9|Syslog format RFC 3164 detected for line: Jul 22 11:04:20 linux-lab02 kernel: pci 0000:00:16.4: BAR 13: no space for [io  size 0x1000]

2025/07/22 15:24:11|INFO    |858:(ThreadPoolExecutor-0_0)|syslog_parser|ACTION_ID: 462d52eb-3596-4407-b754-824607ed0fd9|Start monitor /opt/traps/python/scripts/tmpp8m4cayh
2025/07/22 15:24:11|INFO    |858:(ThreadPoolExecutor-0_0)|syslog_parser|ACTION_ID: 462d52eb-3596-4407-b754-824607ed0fd9|Stopping to read lines as iterator has maxed out
2025/07/22 15:24:11|INFO    |858:(ThreadPoolExecutor-0_0)|syslog_parser|ACTION_ID: 462d52eb-3596-4407-b754-824607ed0fd9|saving last line date:: 22/07/1900 15:17:01
2025/07/22 15:24:11|INFO    |858:(ThreadPoolExecutor-0_0)|syslog_parser|ACTION_ID: 462d52eb-3596-4407-b754-824607ed0fd9|6 lines scanned by parser
2025/07/22 15:24:11|INFO    |858:(ThreadPoolExecutor-0_0)|adaptive_policy|ACTION_ID: 462d52eb-3596-4407-b754-824607ed0fd9|syslog_parser created output: None
2025/07/22 15:24:11|INFO    |858:(ThreadPoolExecutor-0_0)|adaptive_policy|ACTION_ID: 462d52eb-3596-4407-b754-824607ed0fd9|Running parser: net_collector
2025/07/22 15:24:11|INFO    |858:(ThreadPoolExecutor-0_0)|net_collector_parser|ACTION_ID: 462d52eb-3596-4407-b754-824607ed0fd9|NetCollector parser started
2025/07/22 15:24:11|INFO    |858:(ThreadPoolExecutor-0_0)|net_collector_parser|ACTION_ID: 462d52eb-3596-4407-b754-824607ed0fd9|System: cpu=3.0% idle=97.0%
2025/07/22 15:24:11|INFO    |858:(ThreadPoolExecutor-0_0)|net_collector_parser|ACTION_ID: 462d52eb-3596-4407-b754-824607ed0fd9|Thread CloudMetadata: cpu=0%
2025/07/22 15:24:11|INFO    |858:(ThreadPoolExecutor-0_0)|net_collector_parser|ACTION_ID: 462d52eb-3596-4407-b754-824607ed0fd9|Thread InjectedProcesses: cpu=0%
2025/07/22 15:24:11|INFO    |858:(ThreadPoolExecutor-0_0)|net_collector_parser|ACTION_ID: 462d52eb-3596-4407-b754-824607ed0fd9|Thread clad: cpu=0%
2025/07/22 15:24:11|INFO    |858:(ThreadPoolExecutor-0_0)|net_collector_parser|ACTION_ID: 462d52eb-3596-4407-b754-824607ed0fd9|Thread dypdng: cpu=0%
2025/07/22 15:24:11|INFO    |858:(ThreadPoolExecutor-0_0)|net_collector_parser|ACTION_ID: 462d52eb-3596-4407-b754-824607ed0fd9|Thread pmd: cpu=0%
2025/07/22 15:24:11|INFO    |858:(ThreadPoolExecutor-0_0)|net_collector_parser|ACTION_ID: 462d52eb-3596-4407-b754-824607ed0fd9|Thread pyxd: cpu=0%
2025/07/22 15:24:11|INFO    |858:(ThreadPoolExecutor-0_0)|net_collector_parser|ACTION_ID: 462d52eb-3596-4407-b754-824607ed0fd9|Thread sandboxd: cpu=0%
2025/07/22 15:24:11|INFO    |858:(ThreadPoolExecutor-0_0)|adaptive_policy|ACTION_ID: 462d52eb-3596-4407-b754-824607ed0fd9|net_collector created output: None
2025/07/22 15:24:11|INFO    |858:(ThreadPoolExecutor-0_0)|adaptive_policy|ACTION_ID: 462d52eb-3596-4407-b754-824607ed0fd9|Running parser: linux_auto_disable_on_write_parser
2025/07/22 15:24:11|INFO    |858:(ThreadPoolExecutor-0_0)|adaptive_policy_utils|ACTION_ID: 462d52eb-3596-4407-b754-824607ed0fd9|Detected traps version: 8.8.0.133595
2025/07/22 15:24:11|INFO    |858:(ThreadPoolExecutor-0_0)|linux_auto_disable_on_write_parser|ACTION_ID: 462d52eb-3596-4407-b754-824607ed0fd9|CPU is normal, waiting for next iteration.
2025/07/22 15:24:11|INFO    |858:(ThreadPoolExecutor-0_0)|adaptive_policy|ACTION_ID: 462d52eb-3596-4407-b754-824607ed0fd9|linux_auto_disable_on_write_parser created output: None
2025/07/22 15:24:11|INFO    |858:(ThreadPoolExecutor-0_0)|adaptive_policy|ACTION_ID: 462d52eb-3596-4407-b754-824607ed0fd9|{'apex': [], 'persistence': {'auto_disable_agent': {}, 'edr_archive_parser': {}, 'syslog_parser': {'last_scan': -2191469791.0}, 'net_collector': {}, 'linux_auto_disable_on_write_parser': {'trapsd_avg_cpu': 0.9164311045967244}}, 'output_settings': '{\n"agentDisabledByAdaptivePolicy": false\n}', 'last_analysis': 1753208651}
2025/07/22 15:39:11|INFO    |858:(ThreadPoolExecutor-0_0)|adaptive_policy|ACTION_ID: 462d52eb-3596-4407-b754-824607ed0fd9|Starting adaptive policy engine with kwargs: {}
2025/07/22 15:39:11|INFO    |858:(ThreadPoolExecutor-0_0)|adaptive_policy_utils|ACTION_ID: 462d52eb-3596-4407-b754-824607ed0fd9|Detected traps version: 8.8.0.133595
2025/07/22 15:39:11|INFO    |858:(ThreadPoolExecutor-0_0)|adaptive_policy|ACTION_ID: 462d52eb-3596-4407-b754-824607ed0fd9|{'adaptive_policy_interval': 900}
2025/07/22 15:39:11|INFO    |858:(ThreadPoolExecutor-0_0)|adaptive_policy|ACTION_ID: 462d52eb-3596-4407-b754-824607ed0fd9|Set value of adaptive_policy_interval to 900
2025/07/22 15:39:11|INFO    |858:(ThreadPoolExecutor-0_0)|adaptive_policy|ACTION_ID: 462d52eb-3596-4407-b754-824607ed0fd9|last analysis timestamp: Tuesday, July 22, 2025 at 03:24:11 PM
2025/07/22 15:39:11|INFO    |858:(ThreadPoolExecutor-0_0)|adaptive_policy|ACTION_ID: 462d52eb-3596-4407-b754-824607ed0fd9|High resolution mode: False
2025/07/22 15:39:11|INFO    |858:(ThreadPoolExecutor-0_0)|adaptive_policy|ACTION_ID: 462d52eb-3596-4407-b754-824607ed0fd9|Time elapsed since the previous normal mode execution: 900 seconds
2025/07/22 15:39:11|INFO    |858:(ThreadPoolExecutor-0_0)|adaptive_policy|ACTION_ID: 462d52eb-3596-4407-b754-824607ed0fd9|Adaptive policy normal operation mode interval: 900
2025/07/22 15:39:11|INFO    |858:(ThreadPoolExecutor-0_0)|adaptive_policy|ACTION_ID: 462d52eb-3596-4407-b754-824607ed0fd9|Adaptive policy normal mode is: ENABLED
2025/07/22 15:39:11|INFO    |858:(ThreadPoolExecutor-0_0)|adaptive_policy|ACTION_ID: 462d52eb-3596-4407-b754-824607ed0fd9|Adding normal operation mode parser
2025/07/22 15:39:11|INFO    |858:(ThreadPoolExecutor-0_0)|adaptive_policy|ACTION_ID: 462d52eb-3596-4407-b754-824607ed0fd9|Found 2 statistics components to analyze
2025/07/22 15:39:11|INFO    |858:(ThreadPoolExecutor-0_0)|adaptive_policy|ACTION_ID: 462d52eb-3596-4407-b754-824607ed0fd9|Running parser: auto_disable_agent
2025/07/22 15:39:11|INFO    |858:(ThreadPoolExecutor-0_0)|adaptive_policy_utils|ACTION_ID: 462d52eb-3596-4407-b754-824607ed0fd9|Detected traps version: 8.8.0.133595
2025/07/22 15:39:11|INFO    |858:(ThreadPoolExecutor-0_0)|auto_disable_parser|ACTION_ID: 462d52eb-3596-4407-b754-824607ed0fd9|Trapsd average CPU usage - normalized 0.9926730131801927
2025/07/22 15:39:11|INFO    |858:(ThreadPoolExecutor-0_0)|auto_disable_parser|ACTION_ID: 462d52eb-3596-4407-b754-824607ed0fd9|Trapsd average CPU usage 0.9926730131801927
2025/07/22 15:39:11|INFO    |858:(ThreadPoolExecutor-0_0)|auto_disable_parser|ACTION_ID: 462d52eb-3596-4407-b754-824607ed0fd9|Agent in normal state and CPU is normal, waiting for next iteration.
2025/07/22 15:39:11|INFO    |858:(ThreadPoolExecutor-0_0)|auto_disable_parser|ACTION_ID: 462d52eb-3596-4407-b754-824607ed0fd9|trapsd private memory usage 261,062,656
2025/07/22 15:39:11|INFO    |858:(ThreadPoolExecutor-0_0)|auto_disable_parser|ACTION_ID: 462d52eb-3596-4407-b754-824607ed0fd9|Agent in normal state and Memory is normal, waiting for next iteration.
2025/07/22 15:39:11|INFO    |858:(ThreadPoolExecutor-0_0)|adaptive_policy|ACTION_ID: 462d52eb-3596-4407-b754-824607ed0fd9|auto_disable_agent created output: None
2025/07/22 15:39:11|INFO    |858:(ThreadPoolExecutor-0_0)|adaptive_policy|ACTION_ID: 462d52eb-3596-4407-b754-824607ed0fd9|Running parser: edr_archive_parser
2025/07/22 15:39:11|INFO    |858:(ThreadPoolExecutor-0_0)|edr_archive_parser|ACTION_ID: 462d52eb-3596-4407-b754-824607ed0fd9|EDR Archive size: 0.0mb
2025/07/22 15:39:11|INFO    |858:(ThreadPoolExecutor-0_0)|adaptive_policy|ACTION_ID: 462d52eb-3596-4407-b754-824607ed0fd9|edr_archive_parser created output: None
2025/07/22 15:39:11|INFO    |858:(ThreadPoolExecutor-0_0)|adaptive_policy|ACTION_ID: 462d52eb-3596-4407-b754-824607ed0fd9|Running parser: syslog_parser
2025/07/22 15:39:11|INFO    |858:(ThreadPoolExecutor-0_0)|adaptive_policy_utils|ACTION_ID: 462d52eb-3596-4407-b754-824607ed0fd9|Detected traps version: 8.8.0.133595
2025/07/22 15:39:11|INFO    |858:(ThreadPoolExecutor-0_0)|syslog_parser|ACTION_ID: 462d52eb-3596-4407-b754-824607ed0fd9|Injected processes list: ['wickedd-dhcp6', 'couriertcpd', 'pmmasterd', 'authproxy', 'lighttpd', 'tinyproxy', 'mailman', 'wickedd-dhcp4', 'chronyd', 'apache2', 'xinetd', 'named', 'dovecot', 'samba', 'proftpd', 'charon', 'smbd', 'qmgr', 'ndsd', 'ibserver', 'cupsd', 'nscd', 'java', 'httpd', 'nmbd', 'mysqld', 'cyrus_pop3d', 'kamailio', 'pop2d', 'exim', 'pop3d', 'saned', 'squid', 'apache', 'danted', 'mongod', 'vsftpd', 'smartd', 'mysqld_safe', 'starter', 'squid3']
2025/07/22 15:39:11|INFO    |858:(ThreadPoolExecutor-0_0)|syslog_parser|ACTION_ID: 462d52eb-3596-4407-b754-824607ed0fd9|crash_counters: {'wickedd-dhcp6': 0, 'couriertcpd': 0, 'pmmasterd': 0, 'authproxy': 0, 'lighttpd': 0, 'tinyproxy': 0, 'mailman': 0, 'wickedd-dhcp4': 0, 'chronyd': 0, 'apache2': 0, 'xinetd': 0, 'named': 0, 'dovecot': 0, 'samba': 0, 'proftpd': 0, 'charon': 0, 'smbd': 0, 'qmgr': 0, 'ndsd': 0, 'ibserver': 0, 'cupsd': 0, 'nscd': 0, 'java': 0, 'httpd': 0, 'nmbd': 0, 'mysqld': 0, 'cyrus_pop3d': 0, 'kamailio': 0, 'pop2d': 0, 'exim': 0, 'pop3d': 0, 'saned': 0, 'squid': 0, 'apache': 0, 'danted': 0, 'mongod': 0, 'vsftpd': 0, 'smartd': 0, 'mysqld_safe': 0, 'starter': 0, 'squid3': 0}
2025/07/22 15:39:11|INFO    |858:(ThreadPoolExecutor-0_0)|syslog_parser|ACTION_ID: 462d52eb-3596-4407-b754-824607ed0fd9|Dypd statistics are empty. Cannot retrieve injected processes stats
2025/07/22 15:39:11|INFO    |858:(ThreadPoolExecutor-0_0)|syslog_parser|ACTION_ID: 462d52eb-3596-4407-b754-824607ed0fd9|Could not find any crash reports in statistics
2025/07/22 15:39:11|INFO    |858:(ThreadPoolExecutor-0_0)|syslog_parser|ACTION_ID: 462d52eb-3596-4407-b754-824607ed0fd9|Using temporary journal file: /opt/traps/python/scripts/tmp6ugm086v
2025/07/22 15:39:11|INFO    |858:(ThreadPoolExecutor-0_0)|syslog_parser|ACTION_ID: 462d52eb-3596-4407-b754-824607ed0fd9|Log file: /opt/traps/python/scripts/tmp6ugm086v detected.
2025/07/22 15:39:11|INFO    |858:(ThreadPoolExecutor-0_0)|syslog_parser|ACTION_ID: 462d52eb-3596-4407-b754-824607ed0fd9|Syslog format RFC 3164 detected for line: Jul 22 11:04:20 linux-lab02 kernel: pci 0000:00:16.3: BAR 13: failed to assign [io  size 0x1000]

2025/07/22 15:39:11|INFO    |858:(ThreadPoolExecutor-0_0)|syslog_parser|ACTION_ID: 462d52eb-3596-4407-b754-824607ed0fd9|Start monitor /opt/traps/python/scripts/tmp6ugm086v
2025/07/22 15:39:11|INFO    |858:(ThreadPoolExecutor-0_0)|syslog_parser|ACTION_ID: 462d52eb-3596-4407-b754-824607ed0fd9|Stopping to read lines as iterator has maxed out
2025/07/22 15:39:11|INFO    |858:(ThreadPoolExecutor-0_0)|syslog_parser|ACTION_ID: 462d52eb-3596-4407-b754-824607ed0fd9|saving last line date:: 22/07/1900 15:31:01
2025/07/22 15:39:11|INFO    |858:(ThreadPoolExecutor-0_0)|syslog_parser|ACTION_ID: 462d52eb-3596-4407-b754-824607ed0fd9|3 lines scanned by parser
2025/07/22 15:39:11|INFO    |858:(ThreadPoolExecutor-0_0)|adaptive_policy|ACTION_ID: 462d52eb-3596-4407-b754-824607ed0fd9|syslog_parser created output: None
2025/07/22 15:39:11|INFO    |858:(ThreadPoolExecutor-0_0)|adaptive_policy|ACTION_ID: 462d52eb-3596-4407-b754-824607ed0fd9|Running parser: net_collector
2025/07/22 15:39:11|INFO    |858:(ThreadPoolExecutor-0_0)|net_collector_parser|ACTION_ID: 462d52eb-3596-4407-b754-824607ed0fd9|NetCollector parser started
2025/07/22 15:39:11|INFO    |858:(ThreadPoolExecutor-0_0)|net_collector_parser|ACTION_ID: 462d52eb-3596-4407-b754-824607ed0fd9|System: cpu=3.0% idle=97.0%
2025/07/22 15:39:11|INFO    |858:(ThreadPoolExecutor-0_0)|net_collector_parser|ACTION_ID: 462d52eb-3596-4407-b754-824607ed0fd9|Thread CloudMetadata: cpu=0%
2025/07/22 15:39:11|INFO    |858:(ThreadPoolExecutor-0_0)|net_collector_parser|ACTION_ID: 462d52eb-3596-4407-b754-824607ed0fd9|Thread InjectedProcesses: cpu=0%
2025/07/22 15:39:11|INFO    |858:(ThreadPoolExecutor-0_0)|net_collector_parser|ACTION_ID: 462d52eb-3596-4407-b754-824607ed0fd9|Thread clad: cpu=0%
2025/07/22 15:39:11|INFO    |858:(ThreadPoolExecutor-0_0)|net_collector_parser|ACTION_ID: 462d52eb-3596-4407-b754-824607ed0fd9|Thread dypdng: cpu=0%
2025/07/22 15:39:11|INFO    |858:(ThreadPoolExecutor-0_0)|net_collector_parser|ACTION_ID: 462d52eb-3596-4407-b754-824607ed0fd9|Thread pmd: cpu=0%
2025/07/22 15:39:11|INFO    |858:(ThreadPoolExecutor-0_0)|net_collector_parser|ACTION_ID: 462d52eb-3596-4407-b754-824607ed0fd9|Thread pyxd: cpu=0%
2025/07/22 15:39:11|INFO    |858:(ThreadPoolExecutor-0_0)|net_collector_parser|ACTION_ID: 462d52eb-3596-4407-b754-824607ed0fd9|Thread sandboxd: cpu=0%
2025/07/22 15:39:11|INFO    |858:(ThreadPoolExecutor-0_0)|adaptive_policy|ACTION_ID: 462d52eb-3596-4407-b754-824607ed0fd9|net_collector created output: None
2025/07/22 15:39:11|INFO    |858:(ThreadPoolExecutor-0_0)|adaptive_policy|ACTION_ID: 462d52eb-3596-4407-b754-824607ed0fd9|Running parser: linux_auto_disable_on_write_parser
2025/07/22 15:39:11|INFO    |858:(ThreadPoolExecutor-0_0)|adaptive_policy_utils|ACTION_ID: 462d52eb-3596-4407-b754-824607ed0fd9|Detected traps version: 8.8.0.133595
2025/07/22 15:39:11|INFO    |858:(ThreadPoolExecutor-0_0)|linux_auto_disable_on_write_parser|ACTION_ID: 462d52eb-3596-4407-b754-824607ed0fd9|CPU is normal, waiting for next iteration.
2025/07/22 15:39:11|INFO    |858:(ThreadPoolExecutor-0_0)|adaptive_policy|ACTION_ID: 462d52eb-3596-4407-b754-824607ed0fd9|linux_auto_disable_on_write_parser created output: None
2025/07/22 15:39:11|INFO    |858:(ThreadPoolExecutor-0_0)|adaptive_policy|ACTION_ID: 462d52eb-3596-4407-b754-824607ed0fd9|{'apex': [], 'persistence': {'auto_disable_agent': {}, 'edr_archive_parser': {}, 'syslog_parser': {'last_scan': -2191468951.0}, 'net_collector': {}, 'linux_auto_disable_on_write_parser': {'trapsd_avg_cpu': 0.9926730131801927}}, 'output_settings': '{\n"agentDisabledByAdaptivePolicy": false\n}', 'last_analysis': 1753209551}
2025/07/22 15:54:12|INFO    |858:(ThreadPoolExecutor-0_0)|adaptive_policy|ACTION_ID: 462d52eb-3596-4407-b754-824607ed0fd9|Starting adaptive policy engine with kwargs: {}
2025/07/22 15:54:12|INFO    |858:(ThreadPoolExecutor-0_0)|adaptive_policy_utils|ACTION_ID: 462d52eb-3596-4407-b754-824607ed0fd9|Detected traps version: 8.8.0.133595
2025/07/22 15:54:12|INFO    |858:(ThreadPoolExecutor-0_0)|adaptive_policy|ACTION_ID: 462d52eb-3596-4407-b754-824607ed0fd9|{'adaptive_policy_interval': 900}
2025/07/22 15:54:12|INFO    |858:(ThreadPoolExecutor-0_0)|adaptive_policy|ACTION_ID: 462d52eb-3596-4407-b754-824607ed0fd9|Set value of adaptive_policy_interval to 900
2025/07/22 15:54:12|INFO    |858:(ThreadPoolExecutor-0_0)|adaptive_policy|ACTION_ID: 462d52eb-3596-4407-b754-824607ed0fd9|last analysis timestamp: Tuesday, July 22, 2025 at 03:39:11 PM
2025/07/22 15:54:12|INFO    |858:(ThreadPoolExecutor-0_0)|adaptive_policy|ACTION_ID: 462d52eb-3596-4407-b754-824607ed0fd9|High resolution mode: False
2025/07/22 15:54:12|INFO    |858:(ThreadPoolExecutor-0_0)|adaptive_policy|ACTION_ID: 462d52eb-3596-4407-b754-824607ed0fd9|Time elapsed since the previous normal mode execution: 901 seconds
2025/07/22 15:54:12|INFO    |858:(ThreadPoolExecutor-0_0)|adaptive_policy|ACTION_ID: 462d52eb-3596-4407-b754-824607ed0fd9|Adaptive policy normal operation mode interval: 900
2025/07/22 15:54:12|INFO    |858:(ThreadPoolExecutor-0_0)|adaptive_policy|ACTION_ID: 462d52eb-3596-4407-b754-824607ed0fd9|Adaptive policy normal mode is: ENABLED
2025/07/22 15:54:12|INFO    |858:(ThreadPoolExecutor-0_0)|adaptive_policy|ACTION_ID: 462d52eb-3596-4407-b754-824607ed0fd9|Adding normal operation mode parser
2025/07/22 15:54:12|INFO    |858:(ThreadPoolExecutor-0_0)|adaptive_policy|ACTION_ID: 462d52eb-3596-4407-b754-824607ed0fd9|Found 2 statistics components to analyze
2025/07/22 15:54:12|INFO    |858:(ThreadPoolExecutor-0_0)|adaptive_policy|ACTION_ID: 462d52eb-3596-4407-b754-824607ed0fd9|Running parser: auto_disable_agent
2025/07/22 15:54:12|INFO    |858:(ThreadPoolExecutor-0_0)|adaptive_policy_utils|ACTION_ID: 462d52eb-3596-4407-b754-824607ed0fd9|Detected traps version: 8.8.0.133595
2025/07/22 15:54:12|INFO    |858:(ThreadPoolExecutor-0_0)|auto_disable_parser|ACTION_ID: 462d52eb-3596-4407-b754-824607ed0fd9|Trapsd average CPU usage - normalized 0.9047477066395921
2025/07/22 15:54:12|INFO    |858:(ThreadPoolExecutor-0_0)|auto_disable_parser|ACTION_ID: 462d52eb-3596-4407-b754-824607ed0fd9|Trapsd average CPU usage 0.9047477066395921
2025/07/22 15:54:12|INFO    |858:(ThreadPoolExecutor-0_0)|auto_disable_parser|ACTION_ID: 462d52eb-3596-4407-b754-824607ed0fd9|Agent in normal state and CPU is normal, waiting for next iteration.
2025/07/22 15:54:12|INFO    |858:(ThreadPoolExecutor-0_0)|auto_disable_parser|ACTION_ID: 462d52eb-3596-4407-b754-824607ed0fd9|trapsd private memory usage 258,453,504
2025/07/22 15:54:12|INFO    |858:(ThreadPoolExecutor-0_0)|auto_disable_parser|ACTION_ID: 462d52eb-3596-4407-b754-824607ed0fd9|Agent in normal state and Memory is normal, waiting for next iteration.
2025/07/22 15:54:12|INFO    |858:(ThreadPoolExecutor-0_0)|adaptive_policy|ACTION_ID: 462d52eb-3596-4407-b754-824607ed0fd9|auto_disable_agent created output: None
2025/07/22 15:54:12|INFO    |858:(ThreadPoolExecutor-0_0)|adaptive_policy|ACTION_ID: 462d52eb-3596-4407-b754-824607ed0fd9|Running parser: edr_archive_parser
2025/07/22 15:54:12|INFO    |858:(ThreadPoolExecutor-0_0)|edr_archive_parser|ACTION_ID: 462d52eb-3596-4407-b754-824607ed0fd9|EDR Archive size: 0.0mb
2025/07/22 15:54:12|INFO    |858:(ThreadPoolExecutor-0_0)|adaptive_policy|ACTION_ID: 462d52eb-3596-4407-b754-824607ed0fd9|edr_archive_parser created output: None
2025/07/22 15:54:12|INFO    |858:(ThreadPoolExecutor-0_0)|adaptive_policy|ACTION_ID: 462d52eb-3596-4407-b754-824607ed0fd9|Running parser: syslog_parser
2025/07/22 15:54:12|INFO    |858:(ThreadPoolExecutor-0_0)|adaptive_policy_utils|ACTION_ID: 462d52eb-3596-4407-b754-824607ed0fd9|Detected traps version: 8.8.0.133595
2025/07/22 15:54:12|INFO    |858:(ThreadPoolExecutor-0_0)|syslog_parser|ACTION_ID: 462d52eb-3596-4407-b754-824607ed0fd9|Injected processes list: ['wickedd-dhcp6', 'couriertcpd', 'pmmasterd', 'authproxy', 'lighttpd', 'tinyproxy', 'mailman', 'wickedd-dhcp4', 'chronyd', 'apache2', 'xinetd', 'named', 'dovecot', 'samba', 'proftpd', 'charon', 'smbd', 'qmgr', 'ndsd', 'ibserver', 'cupsd', 'nscd', 'java', 'httpd', 'nmbd', 'mysqld', 'cyrus_pop3d', 'kamailio', 'pop2d', 'exim', 'pop3d', 'saned', 'squid', 'apache', 'danted', 'mongod', 'vsftpd', 'smartd', 'mysqld_safe', 'starter', 'squid3']
2025/07/22 15:54:12|INFO    |858:(ThreadPoolExecutor-0_0)|syslog_parser|ACTION_ID: 462d52eb-3596-4407-b754-824607ed0fd9|crash_counters: {'wickedd-dhcp6': 0, 'couriertcpd': 0, 'pmmasterd': 0, 'authproxy': 0, 'lighttpd': 0, 'tinyproxy': 0, 'mailman': 0, 'wickedd-dhcp4': 0, 'chronyd': 0, 'apache2': 0, 'xinetd': 0, 'named': 0, 'dovecot': 0, 'samba': 0, 'proftpd': 0, 'charon': 0, 'smbd': 0, 'qmgr': 0, 'ndsd': 0, 'ibserver': 0, 'cupsd': 0, 'nscd': 0, 'java': 0, 'httpd': 0, 'nmbd': 0, 'mysqld': 0, 'cyrus_pop3d': 0, 'kamailio': 0, 'pop2d': 0, 'exim': 0, 'pop3d': 0, 'saned': 0, 'squid': 0, 'apache': 0, 'danted': 0, 'mongod': 0, 'vsftpd': 0, 'smartd': 0, 'mysqld_safe': 0, 'starter': 0, 'squid3': 0}
2025/07/22 15:54:12|INFO    |858:(ThreadPoolExecutor-0_0)|syslog_parser|ACTION_ID: 462d52eb-3596-4407-b754-824607ed0fd9|Dypd statistics are empty. Cannot retrieve injected processes stats
2025/07/22 15:54:12|INFO    |858:(ThreadPoolExecutor-0_0)|syslog_parser|ACTION_ID: 462d52eb-3596-4407-b754-824607ed0fd9|Could not find any crash reports in statistics
2025/07/22 15:54:12|INFO    |858:(ThreadPoolExecutor-0_0)|syslog_parser|ACTION_ID: 462d52eb-3596-4407-b754-824607ed0fd9|Using temporary journal file: /opt/traps/python/scripts/tmpgqcyrqa5
2025/07/22 15:54:12|INFO    |858:(ThreadPoolExecutor-0_0)|syslog_parser|ACTION_ID: 462d52eb-3596-4407-b754-824607ed0fd9|Log file: /opt/traps/python/scripts/tmpgqcyrqa5 detected.
2025/07/22 15:54:12|INFO    |858:(ThreadPoolExecutor-0_0)|syslog_parser|ACTION_ID: 462d52eb-3596-4407-b754-824607ed0fd9|Syslog format RFC 3164 detected for line: Jul 22 11:04:20 linux-lab02 kernel: pci 0000:00:15.6: BAR 13: no space for [io  size 0x1000]

2025/07/22 15:54:12|INFO    |858:(ThreadPoolExecutor-0_0)|syslog_parser|ACTION_ID: 462d52eb-3596-4407-b754-824607ed0fd9|Start monitor /opt/traps/python/scripts/tmpgqcyrqa5
2025/07/22 15:54:12|INFO    |858:(ThreadPoolExecutor-0_0)|syslog_parser|ACTION_ID: 462d52eb-3596-4407-b754-824607ed0fd9|Stopping to read lines as iterator has maxed out
2025/07/22 15:54:12|INFO    |858:(ThreadPoolExecutor-0_0)|syslog_parser|ACTION_ID: 462d52eb-3596-4407-b754-824607ed0fd9|saving last line date:: 22/07/1900 15:43:13
2025/07/22 15:54:12|INFO    |858:(ThreadPoolExecutor-0_0)|syslog_parser|ACTION_ID: 462d52eb-3596-4407-b754-824607ed0fd9|3 lines scanned by parser
2025/07/22 15:54:12|INFO    |858:(ThreadPoolExecutor-0_0)|adaptive_policy|ACTION_ID: 462d52eb-3596-4407-b754-824607ed0fd9|syslog_parser created output: None
2025/07/22 15:54:12|INFO    |858:(ThreadPoolExecutor-0_0)|adaptive_policy|ACTION_ID: 462d52eb-3596-4407-b754-824607ed0fd9|Running parser: net_collector
2025/07/22 15:54:12|INFO    |858:(ThreadPoolExecutor-0_0)|net_collector_parser|ACTION_ID: 462d52eb-3596-4407-b754-824607ed0fd9|NetCollector parser started
2025/07/22 15:54:12|INFO    |858:(ThreadPoolExecutor-0_0)|net_collector_parser|ACTION_ID: 462d52eb-3596-4407-b754-824607ed0fd9|System: cpu=3.0% idle=97.0%
2025/07/22 15:54:12|INFO    |858:(ThreadPoolExecutor-0_0)|net_collector_parser|ACTION_ID: 462d52eb-3596-4407-b754-824607ed0fd9|Thread CloudMetadata: cpu=0%
2025/07/22 15:54:12|INFO    |858:(ThreadPoolExecutor-0_0)|net_collector_parser|ACTION_ID: 462d52eb-3596-4407-b754-824607ed0fd9|Thread InjectedProcesses: cpu=0%
2025/07/22 15:54:12|INFO    |858:(ThreadPoolExecutor-0_0)|net_collector_parser|ACTION_ID: 462d52eb-3596-4407-b754-824607ed0fd9|Thread clad: cpu=0%
2025/07/22 15:54:12|INFO    |858:(ThreadPoolExecutor-0_0)|net_collector_parser|ACTION_ID: 462d52eb-3596-4407-b754-824607ed0fd9|Thread dypdng: cpu=0%
2025/07/22 15:54:12|INFO    |858:(ThreadPoolExecutor-0_0)|net_collector_parser|ACTION_ID: 462d52eb-3596-4407-b754-824607ed0fd9|Thread pmd: cpu=0%
2025/07/22 15:54:12|INFO    |858:(ThreadPoolExecutor-0_0)|net_collector_parser|ACTION_ID: 462d52eb-3596-4407-b754-824607ed0fd9|Thread pyxd: cpu=0%
2025/07/22 15:54:12|INFO    |858:(ThreadPoolExecutor-0_0)|net_collector_parser|ACTION_ID: 462d52eb-3596-4407-b754-824607ed0fd9|Thread sandboxd: cpu=0%
2025/07/22 15:54:12|INFO    |858:(ThreadPoolExecutor-0_0)|adaptive_policy|ACTION_ID: 462d52eb-3596-4407-b754-824607ed0fd9|net_collector created output: None
2025/07/22 15:54:12|INFO    |858:(ThreadPoolExecutor-0_0)|adaptive_policy|ACTION_ID: 462d52eb-3596-4407-b754-824607ed0fd9|Running parser: linux_auto_disable_on_write_parser
2025/07/22 15:54:12|INFO    |858:(ThreadPoolExecutor-0_0)|adaptive_policy_utils|ACTION_ID: 462d52eb-3596-4407-b754-824607ed0fd9|Detected traps version: 8.8.0.133595
2025/07/22 15:54:12|INFO    |858:(ThreadPoolExecutor-0_0)|linux_auto_disable_on_write_parser|ACTION_ID: 462d52eb-3596-4407-b754-824607ed0fd9|CPU is normal, waiting for next iteration.
2025/07/22 15:54:12|INFO    |858:(ThreadPoolExecutor-0_0)|adaptive_policy|ACTION_ID: 462d52eb-3596-4407-b754-824607ed0fd9|linux_auto_disable_on_write_parser created output: None
2025/07/22 15:54:12|INFO    |858:(ThreadPoolExecutor-0_0)|adaptive_policy|ACTION_ID: 462d52eb-3596-4407-b754-824607ed0fd9|{'apex': [], 'persistence': {'auto_disable_agent': {}, 'edr_archive_parser': {}, 'syslog_parser': {'last_scan': -2191468219.0}, 'net_collector': {}, 'linux_auto_disable_on_write_parser': {'trapsd_avg_cpu': 0.9047477066395921}}, 'output_settings': '{\n"agentDisabledByAdaptivePolicy": false\n}', 'last_analysis': 1753210452}
2025/07/22 16:09:12|INFO    |858:(ThreadPoolExecutor-0_0)|adaptive_policy|ACTION_ID: 462d52eb-3596-4407-b754-824607ed0fd9|Starting adaptive policy engine with kwargs: {}
2025/07/22 16:09:12|INFO    |858:(ThreadPoolExecutor-0_0)|adaptive_policy_utils|ACTION_ID: 462d52eb-3596-4407-b754-824607ed0fd9|Detected traps version: 8.8.0.133595
2025/07/22 16:09:12|INFO    |858:(ThreadPoolExecutor-0_0)|adaptive_policy|ACTION_ID: 462d52eb-3596-4407-b754-824607ed0fd9|{'adaptive_policy_interval': 900}
2025/07/22 16:09:12|INFO    |858:(ThreadPoolExecutor-0_0)|adaptive_policy|ACTION_ID: 462d52eb-3596-4407-b754-824607ed0fd9|Set value of adaptive_policy_interval to 900
2025/07/22 16:09:12|INFO    |858:(ThreadPoolExecutor-0_0)|adaptive_policy|ACTION_ID: 462d52eb-3596-4407-b754-824607ed0fd9|last analysis timestamp: Tuesday, July 22, 2025 at 03:54:12 PM
2025/07/22 16:09:12|INFO    |858:(ThreadPoolExecutor-0_0)|adaptive_policy|ACTION_ID: 462d52eb-3596-4407-b754-824607ed0fd9|High resolution mode: False
2025/07/22 16:09:12|INFO    |858:(ThreadPoolExecutor-0_0)|adaptive_policy|ACTION_ID: 462d52eb-3596-4407-b754-824607ed0fd9|Time elapsed since the previous normal mode execution: 900 seconds
2025/07/22 16:09:12|INFO    |858:(ThreadPoolExecutor-0_0)|adaptive_policy|ACTION_ID: 462d52eb-3596-4407-b754-824607ed0fd9|Adaptive policy normal operation mode interval: 900
2025/07/22 16:09:12|INFO    |858:(ThreadPoolExecutor-0_0)|adaptive_policy|ACTION_ID: 462d52eb-3596-4407-b754-824607ed0fd9|Adaptive policy normal mode is: ENABLED
2025/07/22 16:09:12|INFO    |858:(ThreadPoolExecutor-0_0)|adaptive_policy|ACTION_ID: 462d52eb-3596-4407-b754-824607ed0fd9|Adding normal operation mode parser
2025/07/22 16:09:12|INFO    |858:(ThreadPoolExecutor-0_0)|adaptive_policy|ACTION_ID: 462d52eb-3596-4407-b754-824607ed0fd9|Found 2 statistics components to analyze
2025/07/22 16:09:12|INFO    |858:(ThreadPoolExecutor-0_0)|adaptive_policy|ACTION_ID: 462d52eb-3596-4407-b754-824607ed0fd9|Running parser: auto_disable_agent
2025/07/22 16:09:12|INFO    |858:(ThreadPoolExecutor-0_0)|adaptive_policy_utils|ACTION_ID: 462d52eb-3596-4407-b754-824607ed0fd9|Detected traps version: 8.8.0.133595
2025/07/22 16:09:12|INFO    |858:(ThreadPoolExecutor-0_0)|auto_disable_parser|ACTION_ID: 462d52eb-3596-4407-b754-824607ed0fd9|Trapsd average CPU usage - normalized 0.8933141385940946
2025/07/22 16:09:12|INFO    |858:(ThreadPoolExecutor-0_0)|auto_disable_parser|ACTION_ID: 462d52eb-3596-4407-b754-824607ed0fd9|Trapsd average CPU usage 0.8933141385940946
2025/07/22 16:09:12|INFO    |858:(ThreadPoolExecutor-0_0)|auto_disable_parser|ACTION_ID: 462d52eb-3596-4407-b754-824607ed0fd9|Agent in normal state and CPU is normal, waiting for next iteration.
2025/07/22 16:09:12|INFO    |858:(ThreadPoolExecutor-0_0)|auto_disable_parser|ACTION_ID: 462d52eb-3596-4407-b754-824607ed0fd9|trapsd private memory usage 260,845,568
2025/07/22 16:09:12|INFO    |858:(ThreadPoolExecutor-0_0)|auto_disable_parser|ACTION_ID: 462d52eb-3596-4407-b754-824607ed0fd9|Agent in normal state and Memory is normal, waiting for next iteration.
2025/07/22 16:09:12|INFO    |858:(ThreadPoolExecutor-0_0)|adaptive_policy|ACTION_ID: 462d52eb-3596-4407-b754-824607ed0fd9|auto_disable_agent created output: None
2025/07/22 16:09:12|INFO    |858:(ThreadPoolExecutor-0_0)|adaptive_policy|ACTION_ID: 462d52eb-3596-4407-b754-824607ed0fd9|Running parser: edr_archive_parser
2025/07/22 16:09:12|INFO    |858:(ThreadPoolExecutor-0_0)|edr_archive_parser|ACTION_ID: 462d52eb-3596-4407-b754-824607ed0fd9|EDR Archive size: 0.0mb
2025/07/22 16:09:12|INFO    |858:(ThreadPoolExecutor-0_0)|adaptive_policy|ACTION_ID: 462d52eb-3596-4407-b754-824607ed0fd9|edr_archive_parser created output: None
2025/07/22 16:09:12|INFO    |858:(ThreadPoolExecutor-0_0)|adaptive_policy|ACTION_ID: 462d52eb-3596-4407-b754-824607ed0fd9|Running parser: syslog_parser
2025/07/22 16:09:12|INFO    |858:(ThreadPoolExecutor-0_0)|adaptive_policy_utils|ACTION_ID: 462d52eb-3596-4407-b754-824607ed0fd9|Detected traps version: 8.8.0.133595
2025/07/22 16:09:12|INFO    |858:(ThreadPoolExecutor-0_0)|syslog_parser|ACTION_ID: 462d52eb-3596-4407-b754-824607ed0fd9|Injected processes list: ['wickedd-dhcp6', 'couriertcpd', 'pmmasterd', 'authproxy', 'lighttpd', 'tinyproxy', 'mailman', 'wickedd-dhcp4', 'chronyd', 'apache2', 'xinetd', 'named', 'dovecot', 'samba', 'proftpd', 'charon', 'smbd', 'qmgr', 'ndsd', 'ibserver', 'cupsd', 'nscd', 'java', 'httpd', 'nmbd', 'mysqld', 'cyrus_pop3d', 'kamailio', 'pop2d', 'exim', 'pop3d', 'saned', 'squid', 'apache', 'danted', 'mongod', 'vsftpd', 'smartd', 'mysqld_safe', 'starter', 'squid3']
2025/07/22 16:09:12|INFO    |858:(ThreadPoolExecutor-0_0)|syslog_parser|ACTION_ID: 462d52eb-3596-4407-b754-824607ed0fd9|crash_counters: {'wickedd-dhcp6': 0, 'couriertcpd': 0, 'pmmasterd': 0, 'authproxy': 0, 'lighttpd': 0, 'tinyproxy': 0, 'mailman': 0, 'wickedd-dhcp4': 0, 'chronyd': 0, 'apache2': 0, 'xinetd': 0, 'named': 0, 'dovecot': 0, 'samba': 0, 'proftpd': 0, 'charon': 0, 'smbd': 0, 'qmgr': 0, 'ndsd': 0, 'ibserver': 0, 'cupsd': 0, 'nscd': 0, 'java': 0, 'httpd': 0, 'nmbd': 0, 'mysqld': 0, 'cyrus_pop3d': 0, 'kamailio': 0, 'pop2d': 0, 'exim': 0, 'pop3d': 0, 'saned': 0, 'squid': 0, 'apache': 0, 'danted': 0, 'mongod': 0, 'vsftpd': 0, 'smartd': 0, 'mysqld_safe': 0, 'starter': 0, 'squid3': 0}
2025/07/22 16:09:12|INFO    |858:(ThreadPoolExecutor-0_0)|syslog_parser|ACTION_ID: 462d52eb-3596-4407-b754-824607ed0fd9|Dypd statistics are empty. Cannot retrieve injected processes stats
2025/07/22 16:09:12|INFO    |858:(ThreadPoolExecutor-0_0)|syslog_parser|ACTION_ID: 462d52eb-3596-4407-b754-824607ed0fd9|Could not find any crash reports in statistics
2025/07/22 16:09:12|INFO    |858:(ThreadPoolExecutor-0_0)|syslog_parser|ACTION_ID: 462d52eb-3596-4407-b754-824607ed0fd9|Using temporary journal file: /opt/traps/python/scripts/tmp2wk1lp1y
2025/07/22 16:09:12|INFO    |858:(ThreadPoolExecutor-0_0)|syslog_parser|ACTION_ID: 462d52eb-3596-4407-b754-824607ed0fd9|Log file: /opt/traps/python/scripts/tmp2wk1lp1y detected.
2025/07/22 16:09:12|INFO    |858:(ThreadPoolExecutor-0_0)|syslog_parser|ACTION_ID: 462d52eb-3596-4407-b754-824607ed0fd9|Syslog format RFC 3164 detected for line: Jul 22 11:04:20 linux-lab02 kernel: pci 0000:00:15.3: BAR 13: no space for [io  size 0x1000]

2025/07/22 16:09:12|INFO    |858:(ThreadPoolExecutor-0_0)|syslog_parser|ACTION_ID: 462d52eb-3596-4407-b754-824607ed0fd9|Start monitor /opt/traps/python/scripts/tmp2wk1lp1y
2025/07/22 16:09:12|INFO    |858:(ThreadPoolExecutor-0_0)|syslog_parser|ACTION_ID: 462d52eb-3596-4407-b754-824607ed0fd9|Stopping to read lines as iterator has maxed out
2025/07/22 16:09:12|INFO    |858:(ThreadPoolExecutor-0_0)|syslog_parser|ACTION_ID: 462d52eb-3596-4407-b754-824607ed0fd9|saving last line date:: 22/07/1900 16:07:20
2025/07/22 16:09:12|INFO    |858:(ThreadPoolExecutor-0_0)|syslog_parser|ACTION_ID: 462d52eb-3596-4407-b754-824607ed0fd9|6 lines scanned by parser
2025/07/22 16:09:12|INFO    |858:(ThreadPoolExecutor-0_0)|adaptive_policy|ACTION_ID: 462d52eb-3596-4407-b754-824607ed0fd9|syslog_parser created output: None
2025/07/22 16:09:12|INFO    |858:(ThreadPoolExecutor-0_0)|adaptive_policy|ACTION_ID: 462d52eb-3596-4407-b754-824607ed0fd9|Running parser: net_collector
2025/07/22 16:09:12|INFO    |858:(ThreadPoolExecutor-0_0)|net_collector_parser|ACTION_ID: 462d52eb-3596-4407-b754-824607ed0fd9|NetCollector parser started
2025/07/22 16:09:12|INFO    |858:(ThreadPoolExecutor-0_0)|net_collector_parser|ACTION_ID: 462d52eb-3596-4407-b754-824607ed0fd9|System: cpu=3.0% idle=97.0%
2025/07/22 16:09:12|INFO    |858:(ThreadPoolExecutor-0_0)|net_collector_parser|ACTION_ID: 462d52eb-3596-4407-b754-824607ed0fd9|Thread CloudMetadata: cpu=0%
2025/07/22 16:09:12|INFO    |858:(ThreadPoolExecutor-0_0)|net_collector_parser|ACTION_ID: 462d52eb-3596-4407-b754-824607ed0fd9|Thread InjectedProcesses: cpu=0%
2025/07/22 16:09:12|INFO    |858:(ThreadPoolExecutor-0_0)|net_collector_parser|ACTION_ID: 462d52eb-3596-4407-b754-824607ed0fd9|Thread clad: cpu=0%
2025/07/22 16:09:12|INFO    |858:(ThreadPoolExecutor-0_0)|net_collector_parser|ACTION_ID: 462d52eb-3596-4407-b754-824607ed0fd9|Thread dypdng: cpu=0%
2025/07/22 16:09:12|INFO    |858:(ThreadPoolExecutor-0_0)|net_collector_parser|ACTION_ID: 462d52eb-3596-4407-b754-824607ed0fd9|Thread pmd: cpu=0%
2025/07/22 16:09:12|INFO    |858:(ThreadPoolExecutor-0_0)|net_collector_parser|ACTION_ID: 462d52eb-3596-4407-b754-824607ed0fd9|Thread pyxd: cpu=0%
2025/07/22 16:09:12|INFO    |858:(ThreadPoolExecutor-0_0)|net_collector_parser|ACTION_ID: 462d52eb-3596-4407-b754-824607ed0fd9|Thread sandboxd: cpu=0%
2025/07/22 16:09:12|INFO    |858:(ThreadPoolExecutor-0_0)|adaptive_policy|ACTION_ID: 462d52eb-3596-4407-b754-824607ed0fd9|net_collector created output: None
2025/07/22 16:09:12|INFO    |858:(ThreadPoolExecutor-0_0)|adaptive_policy|ACTION_ID: 462d52eb-3596-4407-b754-824607ed0fd9|Running parser: linux_auto_disable_on_write_parser
2025/07/22 16:09:12|INFO    |858:(ThreadPoolExecutor-0_0)|adaptive_policy_utils|ACTION_ID: 462d52eb-3596-4407-b754-824607ed0fd9|Detected traps version: 8.8.0.133595
2025/07/22 16:09:12|INFO    |858:(ThreadPoolExecutor-0_0)|linux_auto_disable_on_write_parser|ACTION_ID: 462d52eb-3596-4407-b754-824607ed0fd9|CPU is normal, waiting for next iteration.
2025/07/22 16:09:12|INFO    |858:(ThreadPoolExecutor-0_0)|adaptive_policy|ACTION_ID: 462d52eb-3596-4407-b754-824607ed0fd9|linux_auto_disable_on_write_parser created output: None
2025/07/22 16:09:12|INFO    |858:(ThreadPoolExecutor-0_0)|adaptive_policy|ACTION_ID: 462d52eb-3596-4407-b754-824607ed0fd9|{'apex': [], 'persistence': {'auto_disable_agent': {}, 'edr_archive_parser': {}, 'syslog_parser': {'last_scan': -2191466772.0}, 'net_collector': {}, 'linux_auto_disable_on_write_parser': {'trapsd_avg_cpu': 0.8933141385940946}}, 'output_settings': '{\n"agentDisabledByAdaptivePolicy": false\n}', 'last_analysis': 1753211352}
2025/07/22 16:24:12|INFO    |858:(ThreadPoolExecutor-0_0)|adaptive_policy|ACTION_ID: 462d52eb-3596-4407-b754-824607ed0fd9|Starting adaptive policy engine with kwargs: {}
2025/07/22 16:24:12|INFO    |858:(ThreadPoolExecutor-0_0)|adaptive_policy_utils|ACTION_ID: 462d52eb-3596-4407-b754-824607ed0fd9|Detected traps version: 8.8.0.133595
2025/07/22 16:24:12|INFO    |858:(ThreadPoolExecutor-0_0)|adaptive_policy|ACTION_ID: 462d52eb-3596-4407-b754-824607ed0fd9|{'adaptive_policy_interval': 900}
2025/07/22 16:24:12|INFO    |858:(ThreadPoolExecutor-0_0)|adaptive_policy|ACTION_ID: 462d52eb-3596-4407-b754-824607ed0fd9|Set value of adaptive_policy_interval to 900
2025/07/22 16:24:12|INFO    |858:(ThreadPoolExecutor-0_0)|adaptive_policy|ACTION_ID: 462d52eb-3596-4407-b754-824607ed0fd9|last analysis timestamp: Tuesday, July 22, 2025 at 04:09:12 PM
2025/07/22 16:24:12|INFO    |858:(ThreadPoolExecutor-0_0)|adaptive_policy|ACTION_ID: 462d52eb-3596-4407-b754-824607ed0fd9|High resolution mode: False
2025/07/22 16:24:12|INFO    |858:(ThreadPoolExecutor-0_0)|adaptive_policy|ACTION_ID: 462d52eb-3596-4407-b754-824607ed0fd9|Time elapsed since the previous normal mode execution: 900 seconds
2025/07/22 16:24:12|INFO    |858:(ThreadPoolExecutor-0_0)|adaptive_policy|ACTION_ID: 462d52eb-3596-4407-b754-824607ed0fd9|Adaptive policy normal operation mode interval: 900
2025/07/22 16:24:12|INFO    |858:(ThreadPoolExecutor-0_0)|adaptive_policy|ACTION_ID: 462d52eb-3596-4407-b754-824607ed0fd9|Adaptive policy normal mode is: ENABLED
2025/07/22 16:24:12|INFO    |858:(ThreadPoolExecutor-0_0)|adaptive_policy|ACTION_ID: 462d52eb-3596-4407-b754-824607ed0fd9|Adding normal operation mode parser
2025/07/22 16:24:12|INFO    |858:(ThreadPoolExecutor-0_0)|adaptive_policy|ACTION_ID: 462d52eb-3596-4407-b754-824607ed0fd9|Found 2 statistics components to analyze
2025/07/22 16:24:12|INFO    |858:(ThreadPoolExecutor-0_0)|adaptive_policy|ACTION_ID: 462d52eb-3596-4407-b754-824607ed0fd9|Running parser: auto_disable_agent
2025/07/22 16:24:12|INFO    |858:(ThreadPoolExecutor-0_0)|adaptive_policy_utils|ACTION_ID: 462d52eb-3596-4407-b754-824607ed0fd9|Detected traps version: 8.8.0.133595
2025/07/22 16:24:12|INFO    |858:(ThreadPoolExecutor-0_0)|auto_disable_parser|ACTION_ID: 462d52eb-3596-4407-b754-824607ed0fd9|Trapsd average CPU usage - normalized 0.9075014283530408
2025/07/22 16:24:12|INFO    |858:(ThreadPoolExecutor-0_0)|auto_disable_parser|ACTION_ID: 462d52eb-3596-4407-b754-824607ed0fd9|Trapsd average CPU usage 0.9075014283530408
2025/07/22 16:24:12|INFO    |858:(ThreadPoolExecutor-0_0)|auto_disable_parser|ACTION_ID: 462d52eb-3596-4407-b754-824607ed0fd9|Agent in normal state and CPU is normal, waiting for next iteration.
2025/07/22 16:24:12|INFO    |858:(ThreadPoolExecutor-0_0)|auto_disable_parser|ACTION_ID: 462d52eb-3596-4407-b754-824607ed0fd9|trapsd private memory usage 262,094,848
2025/07/22 16:24:12|INFO    |858:(ThreadPoolExecutor-0_0)|auto_disable_parser|ACTION_ID: 462d52eb-3596-4407-b754-824607ed0fd9|Agent in normal state and Memory is normal, waiting for next iteration.
2025/07/22 16:24:12|INFO    |858:(ThreadPoolExecutor-0_0)|adaptive_policy|ACTION_ID: 462d52eb-3596-4407-b754-824607ed0fd9|auto_disable_agent created output: None
2025/07/22 16:24:12|INFO    |858:(ThreadPoolExecutor-0_0)|adaptive_policy|ACTION_ID: 462d52eb-3596-4407-b754-824607ed0fd9|Running parser: edr_archive_parser
2025/07/22 16:24:12|INFO    |858:(ThreadPoolExecutor-0_0)|edr_archive_parser|ACTION_ID: 462d52eb-3596-4407-b754-824607ed0fd9|EDR Archive size: 0.0mb
2025/07/22 16:24:12|INFO    |858:(ThreadPoolExecutor-0_0)|adaptive_policy|ACTION_ID: 462d52eb-3596-4407-b754-824607ed0fd9|edr_archive_parser created output: None
2025/07/22 16:24:12|INFO    |858:(ThreadPoolExecutor-0_0)|adaptive_policy|ACTION_ID: 462d52eb-3596-4407-b754-824607ed0fd9|Running parser: syslog_parser
2025/07/22 16:24:12|INFO    |858:(ThreadPoolExecutor-0_0)|adaptive_policy_utils|ACTION_ID: 462d52eb-3596-4407-b754-824607ed0fd9|Detected traps version: 8.8.0.133595
2025/07/22 16:24:12|INFO    |858:(ThreadPoolExecutor-0_0)|syslog_parser|ACTION_ID: 462d52eb-3596-4407-b754-824607ed0fd9|Injected processes list: ['wickedd-dhcp6', 'couriertcpd', 'pmmasterd', 'authproxy', 'lighttpd', 'tinyproxy', 'mailman', 'wickedd-dhcp4', 'chronyd', 'apache2', 'xinetd', 'named', 'dovecot', 'samba', 'proftpd', 'charon', 'smbd', 'qmgr', 'ndsd', 'ibserver', 'cupsd', 'nscd', 'java', 'httpd', 'nmbd', 'mysqld', 'cyrus_pop3d', 'kamailio', 'pop2d', 'exim', 'pop3d', 'saned', 'squid', 'apache', 'danted', 'mongod', 'vsftpd', 'smartd', 'mysqld_safe', 'starter', 'squid3']
2025/07/22 16:24:12|INFO    |858:(ThreadPoolExecutor-0_0)|syslog_parser|ACTION_ID: 462d52eb-3596-4407-b754-824607ed0fd9|crash_counters: {'wickedd-dhcp6': 0, 'couriertcpd': 0, 'pmmasterd': 0, 'authproxy': 0, 'lighttpd': 0, 'tinyproxy': 0, 'mailman': 0, 'wickedd-dhcp4': 0, 'chronyd': 0, 'apache2': 0, 'xinetd': 0, 'named': 0, 'dovecot': 0, 'samba': 0, 'proftpd': 0, 'charon': 0, 'smbd': 0, 'qmgr': 0, 'ndsd': 0, 'ibserver': 0, 'cupsd': 0, 'nscd': 0, 'java': 0, 'httpd': 0, 'nmbd': 0, 'mysqld': 0, 'cyrus_pop3d': 0, 'kamailio': 0, 'pop2d': 0, 'exim': 0, 'pop3d': 0, 'saned': 0, 'squid': 0, 'apache': 0, 'danted': 0, 'mongod': 0, 'vsftpd': 0, 'smartd': 0, 'mysqld_safe': 0, 'starter': 0, 'squid3': 0}
2025/07/22 16:24:12|INFO    |858:(ThreadPoolExecutor-0_0)|syslog_parser|ACTION_ID: 462d52eb-3596-4407-b754-824607ed0fd9|Dypd statistics are empty. Cannot retrieve injected processes stats
2025/07/22 16:24:12|INFO    |858:(ThreadPoolExecutor-0_0)|syslog_parser|ACTION_ID: 462d52eb-3596-4407-b754-824607ed0fd9|Could not find any crash reports in statistics
2025/07/22 16:24:12|INFO    |858:(ThreadPoolExecutor-0_0)|syslog_parser|ACTION_ID: 462d52eb-3596-4407-b754-824607ed0fd9|Using temporary journal file: /opt/traps/python/scripts/tmpm3o3zmuf
2025/07/22 16:24:12|INFO    |858:(ThreadPoolExecutor-0_0)|syslog_parser|ACTION_ID: 462d52eb-3596-4407-b754-824607ed0fd9|Log file: /opt/traps/python/scripts/tmpm3o3zmuf detected.
2025/07/22 16:24:12|INFO    |858:(ThreadPoolExecutor-0_0)|syslog_parser|ACTION_ID: 462d52eb-3596-4407-b754-824607ed0fd9|Syslog format RFC 3164 detected for line: Jul 22 11:04:20 linux-lab02 kernel: pci 0000:00:11.0:   bridge window [mem 0xfd500000-0xfdffffff]

2025/07/22 16:24:12|INFO    |858:(ThreadPoolExecutor-0_0)|syslog_parser|ACTION_ID: 462d52eb-3596-4407-b754-824607ed0fd9|Start monitor /opt/traps/python/scripts/tmpm3o3zmuf
2025/07/22 16:24:12|INFO    |858:(ThreadPoolExecutor-0_0)|syslog_parser|ACTION_ID: 462d52eb-3596-4407-b754-824607ed0fd9|Stopping to read lines as iterator has maxed out
2025/07/22 16:24:12|INFO    |858:(ThreadPoolExecutor-0_0)|syslog_parser|ACTION_ID: 462d52eb-3596-4407-b754-824607ed0fd9|saving last line date:: 22/07/1900 16:19:00
2025/07/22 16:24:12|INFO    |858:(ThreadPoolExecutor-0_0)|syslog_parser|ACTION_ID: 462d52eb-3596-4407-b754-824607ed0fd9|7 lines scanned by parser
2025/07/22 16:24:12|INFO    |858:(ThreadPoolExecutor-0_0)|adaptive_policy|ACTION_ID: 462d52eb-3596-4407-b754-824607ed0fd9|syslog_parser created output: None
2025/07/22 16:24:12|INFO    |858:(ThreadPoolExecutor-0_0)|adaptive_policy|ACTION_ID: 462d52eb-3596-4407-b754-824607ed0fd9|Running parser: net_collector
2025/07/22 16:24:12|INFO    |858:(ThreadPoolExecutor-0_0)|net_collector_parser|ACTION_ID: 462d52eb-3596-4407-b754-824607ed0fd9|NetCollector parser started
2025/07/22 16:24:12|INFO    |858:(ThreadPoolExecutor-0_0)|net_collector_parser|ACTION_ID: 462d52eb-3596-4407-b754-824607ed0fd9|System: cpu=3.0% idle=97.0%
2025/07/22 16:24:12|INFO    |858:(ThreadPoolExecutor-0_0)|net_collector_parser|ACTION_ID: 462d52eb-3596-4407-b754-824607ed0fd9|Thread CloudMetadata: cpu=0%
2025/07/22 16:24:12|INFO    |858:(ThreadPoolExecutor-0_0)|net_collector_parser|ACTION_ID: 462d52eb-3596-4407-b754-824607ed0fd9|Thread InjectedProcesses: cpu=0%
2025/07/22 16:24:12|INFO    |858:(ThreadPoolExecutor-0_0)|net_collector_parser|ACTION_ID: 462d52eb-3596-4407-b754-824607ed0fd9|Thread clad: cpu=0%
2025/07/22 16:24:12|INFO    |858:(ThreadPoolExecutor-0_0)|net_collector_parser|ACTION_ID: 462d52eb-3596-4407-b754-824607ed0fd9|Thread dypdng: cpu=0%
2025/07/22 16:24:12|INFO    |858:(ThreadPoolExecutor-0_0)|net_collector_parser|ACTION_ID: 462d52eb-3596-4407-b754-824607ed0fd9|Thread pmd: cpu=0%
2025/07/22 16:24:12|INFO    |858:(ThreadPoolExecutor-0_0)|net_collector_parser|ACTION_ID: 462d52eb-3596-4407-b754-824607ed0fd9|Thread pyxd: cpu=0%
2025/07/22 16:24:12|INFO    |858:(ThreadPoolExecutor-0_0)|net_collector_parser|ACTION_ID: 462d52eb-3596-4407-b754-824607ed0fd9|Thread sandboxd: cpu=0%
2025/07/22 16:24:12|INFO    |858:(ThreadPoolExecutor-0_0)|adaptive_policy|ACTION_ID: 462d52eb-3596-4407-b754-824607ed0fd9|net_collector created output: None
2025/07/22 16:24:12|INFO    |858:(ThreadPoolExecutor-0_0)|adaptive_policy|ACTION_ID: 462d52eb-3596-4407-b754-824607ed0fd9|Running parser: linux_auto_disable_on_write_parser
2025/07/22 16:24:12|INFO    |858:(ThreadPoolExecutor-0_0)|adaptive_policy_utils|ACTION_ID: 462d52eb-3596-4407-b754-824607ed0fd9|Detected traps version: 8.8.0.133595
2025/07/22 16:24:12|INFO    |858:(ThreadPoolExecutor-0_0)|linux_auto_disable_on_write_parser|ACTION_ID: 462d52eb-3596-4407-b754-824607ed0fd9|CPU is normal, waiting for next iteration.
2025/07/22 16:24:12|INFO    |858:(ThreadPoolExecutor-0_0)|adaptive_policy|ACTION_ID: 462d52eb-3596-4407-b754-824607ed0fd9|linux_auto_disable_on_write_parser created output: None
2025/07/22 16:24:12|INFO    |858:(ThreadPoolExecutor-0_0)|adaptive_policy|ACTION_ID: 462d52eb-3596-4407-b754-824607ed0fd9|{'apex': [], 'persistence': {'auto_disable_agent': {}, 'edr_archive_parser': {}, 'syslog_parser': {'last_scan': -2191466072.0}, 'net_collector': {}, 'linux_auto_disable_on_write_parser': {'trapsd_avg_cpu': 0.9075014283530408}}, 'output_settings': '{\n"agentDisabledByAdaptivePolicy": false\n}', 'last_analysis': 1753212252}
2025/07/22 16:39:13|INFO    |858:(ThreadPoolExecutor-0_0)|adaptive_policy|ACTION_ID: 462d52eb-3596-4407-b754-824607ed0fd9|Starting adaptive policy engine with kwargs: {}
2025/07/22 16:39:13|INFO    |858:(ThreadPoolExecutor-0_0)|adaptive_policy_utils|ACTION_ID: 462d52eb-3596-4407-b754-824607ed0fd9|Detected traps version: 8.8.0.133595
2025/07/22 16:39:13|INFO    |858:(ThreadPoolExecutor-0_0)|adaptive_policy|ACTION_ID: 462d52eb-3596-4407-b754-824607ed0fd9|{'adaptive_policy_interval': 900}
2025/07/22 16:39:13|INFO    |858:(ThreadPoolExecutor-0_0)|adaptive_policy|ACTION_ID: 462d52eb-3596-4407-b754-824607ed0fd9|Set value of adaptive_policy_interval to 900
2025/07/22 16:39:13|INFO    |858:(ThreadPoolExecutor-0_0)|adaptive_policy|ACTION_ID: 462d52eb-3596-4407-b754-824607ed0fd9|last analysis timestamp: Tuesday, July 22, 2025 at 04:24:12 PM
2025/07/22 16:39:13|INFO    |858:(ThreadPoolExecutor-0_0)|adaptive_policy|ACTION_ID: 462d52eb-3596-4407-b754-824607ed0fd9|High resolution mode: False
2025/07/22 16:39:13|INFO    |858:(ThreadPoolExecutor-0_0)|adaptive_policy|ACTION_ID: 462d52eb-3596-4407-b754-824607ed0fd9|Time elapsed since the previous normal mode execution: 901 seconds
2025/07/22 16:39:13|INFO    |858:(ThreadPoolExecutor-0_0)|adaptive_policy|ACTION_ID: 462d52eb-3596-4407-b754-824607ed0fd9|Adaptive policy normal operation mode interval: 900
2025/07/22 16:39:13|INFO    |858:(ThreadPoolExecutor-0_0)|adaptive_policy|ACTION_ID: 462d52eb-3596-4407-b754-824607ed0fd9|Adaptive policy normal mode is: ENABLED
2025/07/22 16:39:13|INFO    |858:(ThreadPoolExecutor-0_0)|adaptive_policy|ACTION_ID: 462d52eb-3596-4407-b754-824607ed0fd9|Adding normal operation mode parser
2025/07/22 16:39:13|INFO    |858:(ThreadPoolExecutor-0_0)|adaptive_policy|ACTION_ID: 462d52eb-3596-4407-b754-824607ed0fd9|Found 2 statistics components to analyze
2025/07/22 16:39:13|INFO    |858:(ThreadPoolExecutor-0_0)|adaptive_policy|ACTION_ID: 462d52eb-3596-4407-b754-824607ed0fd9|Running parser: auto_disable_agent
2025/07/22 16:39:13|INFO    |858:(ThreadPoolExecutor-0_0)|adaptive_policy_utils|ACTION_ID: 462d52eb-3596-4407-b754-824607ed0fd9|Detected traps version: 8.8.0.133595
2025/07/22 16:39:13|INFO    |858:(ThreadPoolExecutor-0_0)|auto_disable_parser|ACTION_ID: 462d52eb-3596-4407-b754-824607ed0fd9|Trapsd average CPU usage - normalized 0.9275393782264705
2025/07/22 16:39:13|INFO    |858:(ThreadPoolExecutor-0_0)|auto_disable_parser|ACTION_ID: 462d52eb-3596-4407-b754-824607ed0fd9|Trapsd average CPU usage 0.9275393782264705
2025/07/22 16:39:13|INFO    |858:(ThreadPoolExecutor-0_0)|auto_disable_parser|ACTION_ID: 462d52eb-3596-4407-b754-824607ed0fd9|Agent in normal state and CPU is normal, waiting for next iteration.
2025/07/22 16:39:13|INFO    |858:(ThreadPoolExecutor-0_0)|auto_disable_parser|ACTION_ID: 462d52eb-3596-4407-b754-824607ed0fd9|trapsd private memory usage 236,257,280
2025/07/22 16:39:13|INFO    |858:(ThreadPoolExecutor-0_0)|auto_disable_parser|ACTION_ID: 462d52eb-3596-4407-b754-824607ed0fd9|Agent in normal state and Memory is normal, waiting for next iteration.
2025/07/22 16:39:13|INFO    |858:(ThreadPoolExecutor-0_0)|adaptive_policy|ACTION_ID: 462d52eb-3596-4407-b754-824607ed0fd9|auto_disable_agent created output: None
2025/07/22 16:39:13|INFO    |858:(ThreadPoolExecutor-0_0)|adaptive_policy|ACTION_ID: 462d52eb-3596-4407-b754-824607ed0fd9|Running parser: edr_archive_parser
2025/07/22 16:39:13|INFO    |858:(ThreadPoolExecutor-0_0)|edr_archive_parser|ACTION_ID: 462d52eb-3596-4407-b754-824607ed0fd9|EDR Archive size: 0.0mb
2025/07/22 16:39:13|INFO    |858:(ThreadPoolExecutor-0_0)|adaptive_policy|ACTION_ID: 462d52eb-3596-4407-b754-824607ed0fd9|edr_archive_parser created output: None
2025/07/22 16:39:13|INFO    |858:(ThreadPoolExecutor-0_0)|adaptive_policy|ACTION_ID: 462d52eb-3596-4407-b754-824607ed0fd9|Running parser: syslog_parser
2025/07/22 16:39:13|INFO    |858:(ThreadPoolExecutor-0_0)|adaptive_policy_utils|ACTION_ID: 462d52eb-3596-4407-b754-824607ed0fd9|Detected traps version: 8.8.0.133595
2025/07/22 16:39:13|INFO    |858:(ThreadPoolExecutor-0_0)|syslog_parser|ACTION_ID: 462d52eb-3596-4407-b754-824607ed0fd9|Injected processes list: ['wickedd-dhcp6', 'couriertcpd', 'pmmasterd', 'authproxy', 'lighttpd', 'tinyproxy', 'mailman', 'wickedd-dhcp4', 'chronyd', 'apache2', 'xinetd', 'named', 'dovecot', 'samba', 'proftpd', 'charon', 'smbd', 'qmgr', 'ndsd', 'ibserver', 'cupsd', 'nscd', 'java', 'httpd', 'nmbd', 'mysqld', 'cyrus_pop3d', 'kamailio', 'pop2d', 'exim', 'pop3d', 'saned', 'squid', 'apache', 'danted', 'mongod', 'vsftpd', 'smartd', 'mysqld_safe', 'starter', 'squid3']
2025/07/22 16:39:13|INFO    |858:(ThreadPoolExecutor-0_0)|syslog_parser|ACTION_ID: 462d52eb-3596-4407-b754-824607ed0fd9|crash_counters: {'wickedd-dhcp6': 0, 'couriertcpd': 0, 'pmmasterd': 0, 'authproxy': 0, 'lighttpd': 0, 'tinyproxy': 0, 'mailman': 0, 'wickedd-dhcp4': 0, 'chronyd': 0, 'apache2': 0, 'xinetd': 0, 'named': 0, 'dovecot': 0, 'samba': 0, 'proftpd': 0, 'charon': 0, 'smbd': 0, 'qmgr': 0, 'ndsd': 0, 'ibserver': 0, 'cupsd': 0, 'nscd': 0, 'java': 0, 'httpd': 0, 'nmbd': 0, 'mysqld': 0, 'cyrus_pop3d': 0, 'kamailio': 0, 'pop2d': 0, 'exim': 0, 'pop3d': 0, 'saned': 0, 'squid': 0, 'apache': 0, 'danted': 0, 'mongod': 0, 'vsftpd': 0, 'smartd': 0, 'mysqld_safe': 0, 'starter': 0, 'squid3': 0}
2025/07/22 16:39:13|INFO    |858:(ThreadPoolExecutor-0_0)|syslog_parser|ACTION_ID: 462d52eb-3596-4407-b754-824607ed0fd9|Dypd statistics are empty. Cannot retrieve injected processes stats
2025/07/22 16:39:13|INFO    |858:(ThreadPoolExecutor-0_0)|syslog_parser|ACTION_ID: 462d52eb-3596-4407-b754-824607ed0fd9|Could not find any crash reports in statistics
2025/07/22 16:39:13|INFO    |858:(ThreadPoolExecutor-0_0)|syslog_parser|ACTION_ID: 462d52eb-3596-4407-b754-824607ed0fd9|Using temporary journal file: /opt/traps/python/scripts/tmpz4_2uug3
2025/07/22 16:39:13|INFO    |858:(ThreadPoolExecutor-0_0)|syslog_parser|ACTION_ID: 462d52eb-3596-4407-b754-824607ed0fd9|Log file: /opt/traps/python/scripts/tmpz4_2uug3 detected.
2025/07/22 16:39:13|INFO    |858:(ThreadPoolExecutor-0_0)|syslog_parser|ACTION_ID: 462d52eb-3596-4407-b754-824607ed0fd9|Syslog format RFC 3164 detected for line: Jul 22 11:04:20 linux-lab02 kernel: pci 0000:00:16.1:   bridge window [mem 0xe7500000-0xe75fffff 64bit pref]

2025/07/22 16:39:13|INFO    |858:(ThreadPoolExecutor-0_0)|syslog_parser|ACTION_ID: 462d52eb-3596-4407-b754-824607ed0fd9|Start monitor /opt/traps/python/scripts/tmpz4_2uug3
2025/07/22 16:39:13|INFO    |858:(ThreadPoolExecutor-0_0)|syslog_parser|ACTION_ID: 462d52eb-3596-4407-b754-824607ed0fd9|Stopping to read lines as iterator has maxed out
2025/07/22 16:39:13|INFO    |858:(ThreadPoolExecutor-0_0)|syslog_parser|ACTION_ID: 462d52eb-3596-4407-b754-824607ed0fd9|saving last line date:: 22/07/1900 16:30:50
2025/07/22 16:39:13|INFO    |858:(ThreadPoolExecutor-0_0)|syslog_parser|ACTION_ID: 462d52eb-3596-4407-b754-824607ed0fd9|36 lines scanned by parser
2025/07/22 16:39:13|INFO    |858:(ThreadPoolExecutor-0_0)|adaptive_policy|ACTION_ID: 462d52eb-3596-4407-b754-824607ed0fd9|syslog_parser created output: None
2025/07/22 16:39:13|INFO    |858:(ThreadPoolExecutor-0_0)|adaptive_policy|ACTION_ID: 462d52eb-3596-4407-b754-824607ed0fd9|Running parser: net_collector
2025/07/22 16:39:13|INFO    |858:(ThreadPoolExecutor-0_0)|net_collector_parser|ACTION_ID: 462d52eb-3596-4407-b754-824607ed0fd9|NetCollector parser started
2025/07/22 16:39:13|INFO    |858:(ThreadPoolExecutor-0_0)|net_collector_parser|ACTION_ID: 462d52eb-3596-4407-b754-824607ed0fd9|System: cpu=3.0% idle=97.0%
2025/07/22 16:39:13|INFO    |858:(ThreadPoolExecutor-0_0)|net_collector_parser|ACTION_ID: 462d52eb-3596-4407-b754-824607ed0fd9|Thread CloudMetadata: cpu=0%
2025/07/22 16:39:13|INFO    |858:(ThreadPoolExecutor-0_0)|net_collector_parser|ACTION_ID: 462d52eb-3596-4407-b754-824607ed0fd9|Thread InjectedProcesses: cpu=0%
2025/07/22 16:39:13|INFO    |858:(ThreadPoolExecutor-0_0)|net_collector_parser|ACTION_ID: 462d52eb-3596-4407-b754-824607ed0fd9|Thread clad: cpu=0%
2025/07/22 16:39:13|INFO    |858:(ThreadPoolExecutor-0_0)|net_collector_parser|ACTION_ID: 462d52eb-3596-4407-b754-824607ed0fd9|Thread dypdng: cpu=0%
2025/07/22 16:39:13|INFO    |858:(ThreadPoolExecutor-0_0)|net_collector_parser|ACTION_ID: 462d52eb-3596-4407-b754-824607ed0fd9|Thread pmd: cpu=0%
2025/07/22 16:39:13|INFO    |858:(ThreadPoolExecutor-0_0)|net_collector_parser|ACTION_ID: 462d52eb-3596-4407-b754-824607ed0fd9|Thread pyxd: cpu=0%
2025/07/22 16:39:13|INFO    |858:(ThreadPoolExecutor-0_0)|net_collector_parser|ACTION_ID: 462d52eb-3596-4407-b754-824607ed0fd9|Thread sandboxd: cpu=0%
2025/07/22 16:39:13|INFO    |858:(ThreadPoolExecutor-0_0)|adaptive_policy|ACTION_ID: 462d52eb-3596-4407-b754-824607ed0fd9|net_collector created output: None
2025/07/22 16:39:13|INFO    |858:(ThreadPoolExecutor-0_0)|adaptive_policy|ACTION_ID: 462d52eb-3596-4407-b754-824607ed0fd9|Running parser: linux_auto_disable_on_write_parser
2025/07/22 16:39:13|INFO    |858:(ThreadPoolExecutor-0_0)|adaptive_policy_utils|ACTION_ID: 462d52eb-3596-4407-b754-824607ed0fd9|Detected traps version: 8.8.0.133595
2025/07/22 16:39:13|INFO    |858:(ThreadPoolExecutor-0_0)|linux_auto_disable_on_write_parser|ACTION_ID: 462d52eb-3596-4407-b754-824607ed0fd9|CPU is normal, waiting for next iteration.
2025/07/22 16:39:13|INFO    |858:(ThreadPoolExecutor-0_0)|adaptive_policy|ACTION_ID: 462d52eb-3596-4407-b754-824607ed0fd9|linux_auto_disable_on_write_parser created output: None
2025/07/22 16:39:13|INFO    |858:(ThreadPoolExecutor-0_0)|adaptive_policy|ACTION_ID: 462d52eb-3596-4407-b754-824607ed0fd9|{'apex': [], 'persistence': {'auto_disable_agent': {}, 'edr_archive_parser': {}, 'syslog_parser': {'last_scan': -2191465362.0}, 'net_collector': {}, 'linux_auto_disable_on_write_parser': {'trapsd_avg_cpu': 0.9275393782264705}}, 'output_settings': '{\n"agentDisabledByAdaptivePolicy": false\n}', 'last_analysis': 1753213153}
2025/07/22 16:54:13|INFO    |858:(ThreadPoolExecutor-0_0)|adaptive_policy|ACTION_ID: 462d52eb-3596-4407-b754-824607ed0fd9|Starting adaptive policy engine with kwargs: {}
2025/07/22 16:54:13|INFO    |858:(ThreadPoolExecutor-0_0)|adaptive_policy_utils|ACTION_ID: 462d52eb-3596-4407-b754-824607ed0fd9|Detected traps version: 8.8.0.133595
2025/07/22 16:54:13|INFO    |858:(ThreadPoolExecutor-0_0)|adaptive_policy|ACTION_ID: 462d52eb-3596-4407-b754-824607ed0fd9|{'adaptive_policy_interval': 900}
2025/07/22 16:54:13|INFO    |858:(ThreadPoolExecutor-0_0)|adaptive_policy|ACTION_ID: 462d52eb-3596-4407-b754-824607ed0fd9|Set value of adaptive_policy_interval to 900
2025/07/22 16:54:13|INFO    |858:(ThreadPoolExecutor-0_0)|adaptive_policy|ACTION_ID: 462d52eb-3596-4407-b754-824607ed0fd9|last analysis timestamp: Tuesday, July 22, 2025 at 04:39:13 PM
2025/07/22 16:54:13|INFO    |858:(ThreadPoolExecutor-0_0)|adaptive_policy|ACTION_ID: 462d52eb-3596-4407-b754-824607ed0fd9|High resolution mode: False
2025/07/22 16:54:13|INFO    |858:(ThreadPoolExecutor-0_0)|adaptive_policy|ACTION_ID: 462d52eb-3596-4407-b754-824607ed0fd9|Time elapsed since the previous normal mode execution: 900 seconds
2025/07/22 16:54:13|INFO    |858:(ThreadPoolExecutor-0_0)|adaptive_policy|ACTION_ID: 462d52eb-3596-4407-b754-824607ed0fd9|Adaptive policy normal operation mode interval: 900
2025/07/22 16:54:13|INFO    |858:(ThreadPoolExecutor-0_0)|adaptive_policy|ACTION_ID: 462d52eb-3596-4407-b754-824607ed0fd9|Adaptive policy normal mode is: ENABLED
2025/07/22 16:54:13|INFO    |858:(ThreadPoolExecutor-0_0)|adaptive_policy|ACTION_ID: 462d52eb-3596-4407-b754-824607ed0fd9|Adding normal operation mode parser
2025/07/22 16:54:13|INFO    |858:(ThreadPoolExecutor-0_0)|adaptive_policy|ACTION_ID: 462d52eb-3596-4407-b754-824607ed0fd9|Found 2 statistics components to analyze
2025/07/22 16:54:13|INFO    |858:(ThreadPoolExecutor-0_0)|adaptive_policy|ACTION_ID: 462d52eb-3596-4407-b754-824607ed0fd9|Running parser: auto_disable_agent
2025/07/22 16:54:13|INFO    |858:(ThreadPoolExecutor-0_0)|adaptive_policy_utils|ACTION_ID: 462d52eb-3596-4407-b754-824607ed0fd9|Detected traps version: 8.8.0.133595
2025/07/22 16:54:13|INFO    |858:(ThreadPoolExecutor-0_0)|auto_disable_parser|ACTION_ID: 462d52eb-3596-4407-b754-824607ed0fd9|Trapsd average CPU usage - normalized 0.9122028343080331
2025/07/22 16:54:13|INFO    |858:(ThreadPoolExecutor-0_0)|auto_disable_parser|ACTION_ID: 462d52eb-3596-4407-b754-824607ed0fd9|Trapsd average CPU usage 0.9122028343080331
2025/07/22 16:54:13|INFO    |858:(ThreadPoolExecutor-0_0)|auto_disable_parser|ACTION_ID: 462d52eb-3596-4407-b754-824607ed0fd9|Agent in normal state and CPU is normal, waiting for next iteration.
2025/07/22 16:54:13|INFO    |858:(ThreadPoolExecutor-0_0)|auto_disable_parser|ACTION_ID: 462d52eb-3596-4407-b754-824607ed0fd9|trapsd private memory usage 235,159,552
2025/07/22 16:54:13|INFO    |858:(ThreadPoolExecutor-0_0)|auto_disable_parser|ACTION_ID: 462d52eb-3596-4407-b754-824607ed0fd9|Agent in normal state and Memory is normal, waiting for next iteration.
2025/07/22 16:54:13|INFO    |858:(ThreadPoolExecutor-0_0)|adaptive_policy|ACTION_ID: 462d52eb-3596-4407-b754-824607ed0fd9|auto_disable_agent created output: None
2025/07/22 16:54:13|INFO    |858:(ThreadPoolExecutor-0_0)|adaptive_policy|ACTION_ID: 462d52eb-3596-4407-b754-824607ed0fd9|Running parser: edr_archive_parser
2025/07/22 16:54:13|INFO    |858:(ThreadPoolExecutor-0_0)|edr_archive_parser|ACTION_ID: 462d52eb-3596-4407-b754-824607ed0fd9|EDR Archive size: 0.0mb
2025/07/22 16:54:13|INFO    |858:(ThreadPoolExecutor-0_0)|adaptive_policy|ACTION_ID: 462d52eb-3596-4407-b754-824607ed0fd9|edr_archive_parser created output: None
2025/07/22 16:54:13|INFO    |858:(ThreadPoolExecutor-0_0)|adaptive_policy|ACTION_ID: 462d52eb-3596-4407-b754-824607ed0fd9|Running parser: syslog_parser
2025/07/22 16:54:13|INFO    |858:(ThreadPoolExecutor-0_0)|adaptive_policy_utils|ACTION_ID: 462d52eb-3596-4407-b754-824607ed0fd9|Detected traps version: 8.8.0.133595
2025/07/22 16:54:13|INFO    |858:(ThreadPoolExecutor-0_0)|syslog_parser|ACTION_ID: 462d52eb-3596-4407-b754-824607ed0fd9|Injected processes list: ['wickedd-dhcp6', 'couriertcpd', 'pmmasterd', 'authproxy', 'lighttpd', 'tinyproxy', 'mailman', 'wickedd-dhcp4', 'chronyd', 'apache2', 'xinetd', 'named', 'dovecot', 'samba', 'proftpd', 'charon', 'smbd', 'qmgr', 'ndsd', 'ibserver', 'cupsd', 'nscd', 'java', 'httpd', 'nmbd', 'mysqld', 'cyrus_pop3d', 'kamailio', 'pop2d', 'exim', 'pop3d', 'saned', 'squid', 'apache', 'danted', 'mongod', 'vsftpd', 'smartd', 'mysqld_safe', 'starter', 'squid3']
2025/07/22 16:54:13|INFO    |858:(ThreadPoolExecutor-0_0)|syslog_parser|ACTION_ID: 462d52eb-3596-4407-b754-824607ed0fd9|crash_counters: {'wickedd-dhcp6': 0, 'couriertcpd': 0, 'pmmasterd': 0, 'authproxy': 0, 'lighttpd': 0, 'tinyproxy': 0, 'mailman': 0, 'wickedd-dhcp4': 0, 'chronyd': 0, 'apache2': 0, 'xinetd': 0, 'named': 0, 'dovecot': 0, 'samba': 0, 'proftpd': 0, 'charon': 0, 'smbd': 0, 'qmgr': 0, 'ndsd': 0, 'ibserver': 0, 'cupsd': 0, 'nscd': 0, 'java': 0, 'httpd': 0, 'nmbd': 0, 'mysqld': 0, 'cyrus_pop3d': 0, 'kamailio': 0, 'pop2d': 0, 'exim': 0, 'pop3d': 0, 'saned': 0, 'squid': 0, 'apache': 0, 'danted': 0, 'mongod': 0, 'vsftpd': 0, 'smartd': 0, 'mysqld_safe': 0, 'starter': 0, 'squid3': 0}
2025/07/22 16:54:13|INFO    |858:(ThreadPoolExecutor-0_0)|syslog_parser|ACTION_ID: 462d52eb-3596-4407-b754-824607ed0fd9|Dypd statistics are empty. Cannot retrieve injected processes stats
2025/07/22 16:54:13|INFO    |858:(ThreadPoolExecutor-0_0)|syslog_parser|ACTION_ID: 462d52eb-3596-4407-b754-824607ed0fd9|Could not find any crash reports in statistics
2025/07/22 16:54:13|INFO    |858:(ThreadPoolExecutor-0_0)|syslog_parser|ACTION_ID: 462d52eb-3596-4407-b754-824607ed0fd9|Using temporary journal file: /opt/traps/python/scripts/tmpt_19zjtz
2025/07/22 16:54:13|INFO    |858:(ThreadPoolExecutor-0_0)|syslog_parser|ACTION_ID: 462d52eb-3596-4407-b754-824607ed0fd9|Log file: /opt/traps/python/scripts/tmpt_19zjtz detected.
2025/07/22 16:54:13|INFO    |858:(ThreadPoolExecutor-0_0)|syslog_parser|ACTION_ID: 462d52eb-3596-4407-b754-824607ed0fd9|Syslog format RFC 3164 detected for line: Jul 22 11:04:20 linux-lab02 kernel: pci 0000:00:16.3:   bridge window [mem 0xfc700000-0xfc7fffff]

2025/07/22 16:54:13|INFO    |858:(ThreadPoolExecutor-0_0)|syslog_parser|ACTION_ID: 462d52eb-3596-4407-b754-824607ed0fd9|Start monitor /opt/traps/python/scripts/tmpt_19zjtz
2025/07/22 16:54:13|INFO    |858:(ThreadPoolExecutor-0_0)|syslog_parser|ACTION_ID: 462d52eb-3596-4407-b754-824607ed0fd9|Stopping to read lines as iterator has maxed out
2025/07/22 16:54:13|INFO    |858:(ThreadPoolExecutor-0_0)|syslog_parser|ACTION_ID: 462d52eb-3596-4407-b754-824607ed0fd9|saving last line date:: 22/07/1900 16:54:06
2025/07/22 16:54:13|INFO    |858:(ThreadPoolExecutor-0_0)|syslog_parser|ACTION_ID: 462d52eb-3596-4407-b754-824607ed0fd9|6 lines scanned by parser
2025/07/22 16:54:13|INFO    |858:(ThreadPoolExecutor-0_0)|adaptive_policy|ACTION_ID: 462d52eb-3596-4407-b754-824607ed0fd9|syslog_parser created output: None
2025/07/22 16:54:13|INFO    |858:(ThreadPoolExecutor-0_0)|adaptive_policy|ACTION_ID: 462d52eb-3596-4407-b754-824607ed0fd9|Running parser: net_collector
2025/07/22 16:54:13|INFO    |858:(ThreadPoolExecutor-0_0)|net_collector_parser|ACTION_ID: 462d52eb-3596-4407-b754-824607ed0fd9|NetCollector parser started
2025/07/22 16:54:13|INFO    |858:(ThreadPoolExecutor-0_0)|net_collector_parser|ACTION_ID: 462d52eb-3596-4407-b754-824607ed0fd9|System: cpu=3.0% idle=97.0%
2025/07/22 16:54:13|INFO    |858:(ThreadPoolExecutor-0_0)|net_collector_parser|ACTION_ID: 462d52eb-3596-4407-b754-824607ed0fd9|Thread CloudMetadata: cpu=0%
2025/07/22 16:54:13|INFO    |858:(ThreadPoolExecutor-0_0)|net_collector_parser|ACTION_ID: 462d52eb-3596-4407-b754-824607ed0fd9|Thread InjectedProcesses: cpu=0%
2025/07/22 16:54:13|INFO    |858:(ThreadPoolExecutor-0_0)|net_collector_parser|ACTION_ID: 462d52eb-3596-4407-b754-824607ed0fd9|Thread clad: cpu=0%
2025/07/22 16:54:13|INFO    |858:(ThreadPoolExecutor-0_0)|net_collector_parser|ACTION_ID: 462d52eb-3596-4407-b754-824607ed0fd9|Thread dypdng: cpu=0%
2025/07/22 16:54:13|INFO    |858:(ThreadPoolExecutor-0_0)|net_collector_parser|ACTION_ID: 462d52eb-3596-4407-b754-824607ed0fd9|Thread pmd: cpu=0%
2025/07/22 16:54:13|INFO    |858:(ThreadPoolExecutor-0_0)|net_collector_parser|ACTION_ID: 462d52eb-3596-4407-b754-824607ed0fd9|Thread pyxd: cpu=0%
2025/07/22 16:54:13|INFO    |858:(ThreadPoolExecutor-0_0)|net_collector_parser|ACTION_ID: 462d52eb-3596-4407-b754-824607ed0fd9|Thread sandboxd: cpu=0%
2025/07/22 16:54:13|INFO    |858:(ThreadPoolExecutor-0_0)|adaptive_policy|ACTION_ID: 462d52eb-3596-4407-b754-824607ed0fd9|net_collector created output: None
2025/07/22 16:54:13|INFO    |858:(ThreadPoolExecutor-0_0)|adaptive_policy|ACTION_ID: 462d52eb-3596-4407-b754-824607ed0fd9|Running parser: linux_auto_disable_on_write_parser
2025/07/22 16:54:13|INFO    |858:(ThreadPoolExecutor-0_0)|adaptive_policy_utils|ACTION_ID: 462d52eb-3596-4407-b754-824607ed0fd9|Detected traps version: 8.8.0.133595
2025/07/22 16:54:13|INFO    |858:(ThreadPoolExecutor-0_0)|linux_auto_disable_on_write_parser|ACTION_ID: 462d52eb-3596-4407-b754-824607ed0fd9|CPU is normal, waiting for next iteration.
2025/07/22 16:54:13|INFO    |858:(ThreadPoolExecutor-0_0)|adaptive_policy|ACTION_ID: 462d52eb-3596-4407-b754-824607ed0fd9|linux_auto_disable_on_write_parser created output: None
2025/07/22 16:54:13|INFO    |858:(ThreadPoolExecutor-0_0)|adaptive_policy|ACTION_ID: 462d52eb-3596-4407-b754-824607ed0fd9|{'apex': [], 'persistence': {'auto_disable_agent': {}, 'edr_archive_parser': {}, 'syslog_parser': {'last_scan': -2191463966.0}, 'net_collector': {}, 'linux_auto_disable_on_write_parser': {'trapsd_avg_cpu': 0.9122028343080331}}, 'output_settings': '{\n"agentDisabledByAdaptivePolicy": false\n}', 'last_analysis': 1753214053}
2025/07/22 17:09:13|INFO    |858:(ThreadPoolExecutor-0_0)|adaptive_policy|ACTION_ID: 462d52eb-3596-4407-b754-824607ed0fd9|Starting adaptive policy engine with kwargs: {}
2025/07/22 17:09:13|INFO    |858:(ThreadPoolExecutor-0_0)|adaptive_policy_utils|ACTION_ID: 462d52eb-3596-4407-b754-824607ed0fd9|Detected traps version: 8.8.0.133595
2025/07/22 17:09:13|INFO    |858:(ThreadPoolExecutor-0_0)|adaptive_policy|ACTION_ID: 462d52eb-3596-4407-b754-824607ed0fd9|{'adaptive_policy_interval': 900}
2025/07/22 17:09:13|INFO    |858:(ThreadPoolExecutor-0_0)|adaptive_policy|ACTION_ID: 462d52eb-3596-4407-b754-824607ed0fd9|Set value of adaptive_policy_interval to 900
2025/07/22 17:09:13|INFO    |858:(ThreadPoolExecutor-0_0)|adaptive_policy|ACTION_ID: 462d52eb-3596-4407-b754-824607ed0fd9|last analysis timestamp: Tuesday, July 22, 2025 at 04:54:13 PM
2025/07/22 17:09:13|INFO    |858:(ThreadPoolExecutor-0_0)|adaptive_policy|ACTION_ID: 462d52eb-3596-4407-b754-824607ed0fd9|High resolution mode: False
2025/07/22 17:09:13|INFO    |858:(ThreadPoolExecutor-0_0)|adaptive_policy|ACTION_ID: 462d52eb-3596-4407-b754-824607ed0fd9|Time elapsed since the previous normal mode execution: 900 seconds
2025/07/22 17:09:13|INFO    |858:(ThreadPoolExecutor-0_0)|adaptive_policy|ACTION_ID: 462d52eb-3596-4407-b754-824607ed0fd9|Adaptive policy normal operation mode interval: 900
2025/07/22 17:09:13|INFO    |858:(ThreadPoolExecutor-0_0)|adaptive_policy|ACTION_ID: 462d52eb-3596-4407-b754-824607ed0fd9|Adaptive policy normal mode is: ENABLED
2025/07/22 17:09:13|INFO    |858:(ThreadPoolExecutor-0_0)|adaptive_policy|ACTION_ID: 462d52eb-3596-4407-b754-824607ed0fd9|Adding normal operation mode parser
2025/07/22 17:09:13|INFO    |858:(ThreadPoolExecutor-0_0)|adaptive_policy|ACTION_ID: 462d52eb-3596-4407-b754-824607ed0fd9|Found 2 statistics components to analyze
2025/07/22 17:09:13|INFO    |858:(ThreadPoolExecutor-0_0)|adaptive_policy|ACTION_ID: 462d52eb-3596-4407-b754-824607ed0fd9|Running parser: auto_disable_agent
2025/07/22 17:09:13|INFO    |858:(ThreadPoolExecutor-0_0)|adaptive_policy_utils|ACTION_ID: 462d52eb-3596-4407-b754-824607ed0fd9|Detected traps version: 8.8.0.133595
2025/07/22 17:09:13|INFO    |858:(ThreadPoolExecutor-0_0)|auto_disable_parser|ACTION_ID: 462d52eb-3596-4407-b754-824607ed0fd9|Trapsd average CPU usage - normalized 1.015603800506267
2025/07/22 17:09:13|INFO    |858:(ThreadPoolExecutor-0_0)|auto_disable_parser|ACTION_ID: 462d52eb-3596-4407-b754-824607ed0fd9|Trapsd average CPU usage 1.015603800506267
2025/07/22 17:09:13|INFO    |858:(ThreadPoolExecutor-0_0)|auto_disable_parser|ACTION_ID: 462d52eb-3596-4407-b754-824607ed0fd9|Agent in normal state and CPU is normal, waiting for next iteration.
2025/07/22 17:09:13|INFO    |858:(ThreadPoolExecutor-0_0)|auto_disable_parser|ACTION_ID: 462d52eb-3596-4407-b754-824607ed0fd9|trapsd private memory usage 235,859,968
2025/07/22 17:09:13|INFO    |858:(ThreadPoolExecutor-0_0)|auto_disable_parser|ACTION_ID: 462d52eb-3596-4407-b754-824607ed0fd9|Agent in normal state and Memory is normal, waiting for next iteration.
2025/07/22 17:09:13|INFO    |858:(ThreadPoolExecutor-0_0)|adaptive_policy|ACTION_ID: 462d52eb-3596-4407-b754-824607ed0fd9|auto_disable_agent created output: None
2025/07/22 17:09:13|INFO    |858:(ThreadPoolExecutor-0_0)|adaptive_policy|ACTION_ID: 462d52eb-3596-4407-b754-824607ed0fd9|Running parser: edr_archive_parser
2025/07/22 17:09:13|INFO    |858:(ThreadPoolExecutor-0_0)|edr_archive_parser|ACTION_ID: 462d52eb-3596-4407-b754-824607ed0fd9|EDR Archive size: 0.0mb
2025/07/22 17:09:13|INFO    |858:(ThreadPoolExecutor-0_0)|adaptive_policy|ACTION_ID: 462d52eb-3596-4407-b754-824607ed0fd9|edr_archive_parser created output: None
2025/07/22 17:09:13|INFO    |858:(ThreadPoolExecutor-0_0)|adaptive_policy|ACTION_ID: 462d52eb-3596-4407-b754-824607ed0fd9|Running parser: syslog_parser
2025/07/22 17:09:13|INFO    |858:(ThreadPoolExecutor-0_0)|adaptive_policy_utils|ACTION_ID: 462d52eb-3596-4407-b754-824607ed0fd9|Detected traps version: 8.8.0.133595
2025/07/22 17:09:13|INFO    |858:(ThreadPoolExecutor-0_0)|syslog_parser|ACTION_ID: 462d52eb-3596-4407-b754-824607ed0fd9|Injected processes list: ['wickedd-dhcp6', 'couriertcpd', 'pmmasterd', 'authproxy', 'lighttpd', 'tinyproxy', 'mailman', 'wickedd-dhcp4', 'chronyd', 'apache2', 'xinetd', 'named', 'dovecot', 'samba', 'proftpd', 'charon', 'smbd', 'qmgr', 'ndsd', 'ibserver', 'cupsd', 'nscd', 'java', 'httpd', 'nmbd', 'mysqld', 'cyrus_pop3d', 'kamailio', 'pop2d', 'exim', 'pop3d', 'saned', 'squid', 'apache', 'danted', 'mongod', 'vsftpd', 'smartd', 'mysqld_safe', 'starter', 'squid3']
2025/07/22 17:09:13|INFO    |858:(ThreadPoolExecutor-0_0)|syslog_parser|ACTION_ID: 462d52eb-3596-4407-b754-824607ed0fd9|crash_counters: {'wickedd-dhcp6': 0, 'couriertcpd': 0, 'pmmasterd': 0, 'authproxy': 0, 'lighttpd': 0, 'tinyproxy': 0, 'mailman': 0, 'wickedd-dhcp4': 0, 'chronyd': 0, 'apache2': 0, 'xinetd': 0, 'named': 0, 'dovecot': 0, 'samba': 0, 'proftpd': 0, 'charon': 0, 'smbd': 0, 'qmgr': 0, 'ndsd': 0, 'ibserver': 0, 'cupsd': 0, 'nscd': 0, 'java': 0, 'httpd': 0, 'nmbd': 0, 'mysqld': 0, 'cyrus_pop3d': 0, 'kamailio': 0, 'pop2d': 0, 'exim': 0, 'pop3d': 0, 'saned': 0, 'squid': 0, 'apache': 0, 'danted': 0, 'mongod': 0, 'vsftpd': 0, 'smartd': 0, 'mysqld_safe': 0, 'starter': 0, 'squid3': 0}
2025/07/22 17:09:13|INFO    |858:(ThreadPoolExecutor-0_0)|syslog_parser|ACTION_ID: 462d52eb-3596-4407-b754-824607ed0fd9|Dypd statistics are empty. Cannot retrieve injected processes stats
2025/07/22 17:09:13|INFO    |858:(ThreadPoolExecutor-0_0)|syslog_parser|ACTION_ID: 462d52eb-3596-4407-b754-824607ed0fd9|Could not find any crash reports in statistics
2025/07/22 17:09:13|INFO    |858:(ThreadPoolExecutor-0_0)|syslog_parser|ACTION_ID: 462d52eb-3596-4407-b754-824607ed0fd9|Using temporary journal file: /opt/traps/python/scripts/tmp4i3l4bjw
2025/07/22 17:09:13|INFO    |858:(ThreadPoolExecutor-0_0)|syslog_parser|ACTION_ID: 462d52eb-3596-4407-b754-824607ed0fd9|Log file: /opt/traps/python/scripts/tmp4i3l4bjw detected.
2025/07/22 17:09:13|INFO    |858:(ThreadPoolExecutor-0_0)|syslog_parser|ACTION_ID: 462d52eb-3596-4407-b754-824607ed0fd9|Syslog format RFC 3164 detected for line: Jul 22 11:04:20 linux-lab02 kernel: pci 0000:00:16.4:   bridge window [mem 0xfc300000-0xfc3fffff]

2025/07/22 17:09:13|INFO    |858:(ThreadPoolExecutor-0_0)|syslog_parser|ACTION_ID: 462d52eb-3596-4407-b754-824607ed0fd9|Start monitor /opt/traps/python/scripts/tmp4i3l4bjw
2025/07/22 17:09:13|INFO    |858:(ThreadPoolExecutor-0_0)|syslog_parser|ACTION_ID: 462d52eb-3596-4407-b754-824607ed0fd9|Stopping to read lines as iterator has maxed out
2025/07/22 17:09:13|INFO    |858:(ThreadPoolExecutor-0_0)|syslog_parser|ACTION_ID: 462d52eb-3596-4407-b754-824607ed0fd9|saving last line date:: 22/07/1900 17:08:31
2025/07/22 17:09:13|INFO    |858:(ThreadPoolExecutor-0_0)|syslog_parser|ACTION_ID: 462d52eb-3596-4407-b754-824607ed0fd9|3 lines scanned by parser
2025/07/22 17:09:13|INFO    |858:(ThreadPoolExecutor-0_0)|adaptive_policy|ACTION_ID: 462d52eb-3596-4407-b754-824607ed0fd9|syslog_parser created output: None
2025/07/22 17:09:13|INFO    |858:(ThreadPoolExecutor-0_0)|adaptive_policy|ACTION_ID: 462d52eb-3596-4407-b754-824607ed0fd9|Running parser: net_collector
2025/07/22 17:09:13|INFO    |858:(ThreadPoolExecutor-0_0)|net_collector_parser|ACTION_ID: 462d52eb-3596-4407-b754-824607ed0fd9|NetCollector parser started
2025/07/22 17:09:13|INFO    |858:(ThreadPoolExecutor-0_0)|net_collector_parser|ACTION_ID: 462d52eb-3596-4407-b754-824607ed0fd9|System: cpu=3.0% idle=97.0%
2025/07/22 17:09:13|INFO    |858:(ThreadPoolExecutor-0_0)|net_collector_parser|ACTION_ID: 462d52eb-3596-4407-b754-824607ed0fd9|Thread CloudMetadata: cpu=0%
2025/07/22 17:09:13|INFO    |858:(ThreadPoolExecutor-0_0)|net_collector_parser|ACTION_ID: 462d52eb-3596-4407-b754-824607ed0fd9|Thread InjectedProcesses: cpu=0%
2025/07/22 17:09:13|INFO    |858:(ThreadPoolExecutor-0_0)|net_collector_parser|ACTION_ID: 462d52eb-3596-4407-b754-824607ed0fd9|Thread clad: cpu=0%
2025/07/22 17:09:13|INFO    |858:(ThreadPoolExecutor-0_0)|net_collector_parser|ACTION_ID: 462d52eb-3596-4407-b754-824607ed0fd9|Thread dypdng: cpu=0%
2025/07/22 17:09:13|INFO    |858:(ThreadPoolExecutor-0_0)|net_collector_parser|ACTION_ID: 462d52eb-3596-4407-b754-824607ed0fd9|Thread pmd: cpu=1.0%
2025/07/22 17:09:13|INFO    |858:(ThreadPoolExecutor-0_0)|net_collector_parser|ACTION_ID: 462d52eb-3596-4407-b754-824607ed0fd9|Thread pyxd: cpu=0%
2025/07/22 17:09:13|INFO    |858:(ThreadPoolExecutor-0_0)|net_collector_parser|ACTION_ID: 462d52eb-3596-4407-b754-824607ed0fd9|Thread sandboxd: cpu=0%
2025/07/22 17:09:13|INFO    |858:(ThreadPoolExecutor-0_0)|adaptive_policy|ACTION_ID: 462d52eb-3596-4407-b754-824607ed0fd9|net_collector created output: None
2025/07/22 17:09:13|INFO    |858:(ThreadPoolExecutor-0_0)|adaptive_policy|ACTION_ID: 462d52eb-3596-4407-b754-824607ed0fd9|Running parser: linux_auto_disable_on_write_parser
2025/07/22 17:09:13|INFO    |858:(ThreadPoolExecutor-0_0)|adaptive_policy_utils|ACTION_ID: 462d52eb-3596-4407-b754-824607ed0fd9|Detected traps version: 8.8.0.133595
2025/07/22 17:09:13|INFO    |858:(ThreadPoolExecutor-0_0)|linux_auto_disable_on_write_parser|ACTION_ID: 462d52eb-3596-4407-b754-824607ed0fd9|CPU is normal, waiting for next iteration.
2025/07/22 17:09:13|INFO    |858:(ThreadPoolExecutor-0_0)|adaptive_policy|ACTION_ID: 462d52eb-3596-4407-b754-824607ed0fd9|linux_auto_disable_on_write_parser created output: None
2025/07/22 17:09:13|INFO    |858:(ThreadPoolExecutor-0_0)|adaptive_policy|ACTION_ID: 462d52eb-3596-4407-b754-824607ed0fd9|{'apex': [], 'persistence': {'auto_disable_agent': {}, 'edr_archive_parser': {}, 'syslog_parser': {'last_scan': -2191463101.0}, 'net_collector': {}, 'linux_auto_disable_on_write_parser': {'trapsd_avg_cpu': 1.015603800506267}}, 'output_settings': '{\n"agentDisabledByAdaptivePolicy": false\n}', 'last_analysis': 1753214953}
2025/07/22 17:24:14|INFO    |858:(ThreadPoolExecutor-0_0)|adaptive_policy|ACTION_ID: 462d52eb-3596-4407-b754-824607ed0fd9|Starting adaptive policy engine with kwargs: {}
2025/07/22 17:24:14|INFO    |858:(ThreadPoolExecutor-0_0)|adaptive_policy_utils|ACTION_ID: 462d52eb-3596-4407-b754-824607ed0fd9|Detected traps version: 8.8.0.133595
2025/07/22 17:24:14|INFO    |858:(ThreadPoolExecutor-0_0)|adaptive_policy|ACTION_ID: 462d52eb-3596-4407-b754-824607ed0fd9|{'adaptive_policy_interval': 900}
2025/07/22 17:24:14|INFO    |858:(ThreadPoolExecutor-0_0)|adaptive_policy|ACTION_ID: 462d52eb-3596-4407-b754-824607ed0fd9|Set value of adaptive_policy_interval to 900
2025/07/22 17:24:14|INFO    |858:(ThreadPoolExecutor-0_0)|adaptive_policy|ACTION_ID: 462d52eb-3596-4407-b754-824607ed0fd9|last analysis timestamp: Tuesday, July 22, 2025 at 05:09:13 PM
2025/07/22 17:24:14|INFO    |858:(ThreadPoolExecutor-0_0)|adaptive_policy|ACTION_ID: 462d52eb-3596-4407-b754-824607ed0fd9|High resolution mode: False
2025/07/22 17:24:14|INFO    |858:(ThreadPoolExecutor-0_0)|adaptive_policy|ACTION_ID: 462d52eb-3596-4407-b754-824607ed0fd9|Time elapsed since the previous normal mode execution: 901 seconds
2025/07/22 17:24:14|INFO    |858:(ThreadPoolExecutor-0_0)|adaptive_policy|ACTION_ID: 462d52eb-3596-4407-b754-824607ed0fd9|Adaptive policy normal operation mode interval: 900
2025/07/22 17:24:14|INFO    |858:(ThreadPoolExecutor-0_0)|adaptive_policy|ACTION_ID: 462d52eb-3596-4407-b754-824607ed0fd9|Adaptive policy normal mode is: ENABLED
2025/07/22 17:24:14|INFO    |858:(ThreadPoolExecutor-0_0)|adaptive_policy|ACTION_ID: 462d52eb-3596-4407-b754-824607ed0fd9|Adding normal operation mode parser
2025/07/22 17:24:14|INFO    |858:(ThreadPoolExecutor-0_0)|adaptive_policy|ACTION_ID: 462d52eb-3596-4407-b754-824607ed0fd9|Found 2 statistics components to analyze
2025/07/22 17:24:14|INFO    |858:(ThreadPoolExecutor-0_0)|adaptive_policy|ACTION_ID: 462d52eb-3596-4407-b754-824607ed0fd9|Running parser: auto_disable_agent
2025/07/22 17:24:14|INFO    |858:(ThreadPoolExecutor-0_0)|adaptive_policy_utils|ACTION_ID: 462d52eb-3596-4407-b754-824607ed0fd9|Detected traps version: 8.8.0.133595
2025/07/22 17:24:14|INFO    |858:(ThreadPoolExecutor-0_0)|auto_disable_parser|ACTION_ID: 462d52eb-3596-4407-b754-824607ed0fd9|Trapsd average CPU usage - normalized 1.0196907549622096
2025/07/22 17:24:14|INFO    |858:(ThreadPoolExecutor-0_0)|auto_disable_parser|ACTION_ID: 462d52eb-3596-4407-b754-824607ed0fd9|Trapsd average CPU usage 1.0196907549622096
2025/07/22 17:24:14|INFO    |858:(ThreadPoolExecutor-0_0)|auto_disable_parser|ACTION_ID: 462d52eb-3596-4407-b754-824607ed0fd9|Agent in normal state and CPU is normal, waiting for next iteration.
2025/07/22 17:24:14|INFO    |858:(ThreadPoolExecutor-0_0)|auto_disable_parser|ACTION_ID: 462d52eb-3596-4407-b754-824607ed0fd9|trapsd private memory usage 235,593,728
2025/07/22 17:24:14|INFO    |858:(ThreadPoolExecutor-0_0)|auto_disable_parser|ACTION_ID: 462d52eb-3596-4407-b754-824607ed0fd9|Agent in normal state and Memory is normal, waiting for next iteration.
2025/07/22 17:24:14|INFO    |858:(ThreadPoolExecutor-0_0)|adaptive_policy|ACTION_ID: 462d52eb-3596-4407-b754-824607ed0fd9|auto_disable_agent created output: None
2025/07/22 17:24:14|INFO    |858:(ThreadPoolExecutor-0_0)|adaptive_policy|ACTION_ID: 462d52eb-3596-4407-b754-824607ed0fd9|Running parser: edr_archive_parser
2025/07/22 17:24:14|INFO    |858:(ThreadPoolExecutor-0_0)|edr_archive_parser|ACTION_ID: 462d52eb-3596-4407-b754-824607ed0fd9|EDR Archive size: 0.0mb
2025/07/22 17:24:14|INFO    |858:(ThreadPoolExecutor-0_0)|adaptive_policy|ACTION_ID: 462d52eb-3596-4407-b754-824607ed0fd9|edr_archive_parser created output: None
2025/07/22 17:24:14|INFO    |858:(ThreadPoolExecutor-0_0)|adaptive_policy|ACTION_ID: 462d52eb-3596-4407-b754-824607ed0fd9|Running parser: syslog_parser
2025/07/22 17:24:14|INFO    |858:(ThreadPoolExecutor-0_0)|adaptive_policy_utils|ACTION_ID: 462d52eb-3596-4407-b754-824607ed0fd9|Detected traps version: 8.8.0.133595
2025/07/22 17:24:14|INFO    |858:(ThreadPoolExecutor-0_0)|syslog_parser|ACTION_ID: 462d52eb-3596-4407-b754-824607ed0fd9|Injected processes list: ['wickedd-dhcp6', 'couriertcpd', 'pmmasterd', 'authproxy', 'lighttpd', 'tinyproxy', 'mailman', 'wickedd-dhcp4', 'chronyd', 'apache2', 'xinetd', 'named', 'dovecot', 'samba', 'proftpd', 'charon', 'smbd', 'qmgr', 'ndsd', 'ibserver', 'cupsd', 'nscd', 'java', 'httpd', 'nmbd', 'mysqld', 'cyrus_pop3d', 'kamailio', 'pop2d', 'exim', 'pop3d', 'saned', 'squid', 'apache', 'danted', 'mongod', 'vsftpd', 'smartd', 'mysqld_safe', 'starter', 'squid3']
2025/07/22 17:24:14|INFO    |858:(ThreadPoolExecutor-0_0)|syslog_parser|ACTION_ID: 462d52eb-3596-4407-b754-824607ed0fd9|crash_counters: {'wickedd-dhcp6': 0, 'couriertcpd': 0, 'pmmasterd': 0, 'authproxy': 0, 'lighttpd': 0, 'tinyproxy': 0, 'mailman': 0, 'wickedd-dhcp4': 0, 'chronyd': 0, 'apache2': 0, 'xinetd': 0, 'named': 0, 'dovecot': 0, 'samba': 0, 'proftpd': 0, 'charon': 0, 'smbd': 0, 'qmgr': 0, 'ndsd': 0, 'ibserver': 0, 'cupsd': 0, 'nscd': 0, 'java': 0, 'httpd': 0, 'nmbd': 0, 'mysqld': 0, 'cyrus_pop3d': 0, 'kamailio': 0, 'pop2d': 0, 'exim': 0, 'pop3d': 0, 'saned': 0, 'squid': 0, 'apache': 0, 'danted': 0, 'mongod': 0, 'vsftpd': 0, 'smartd': 0, 'mysqld_safe': 0, 'starter': 0, 'squid3': 0}
2025/07/22 17:24:14|INFO    |858:(ThreadPoolExecutor-0_0)|syslog_parser|ACTION_ID: 462d52eb-3596-4407-b754-824607ed0fd9|Dypd statistics are empty. Cannot retrieve injected processes stats
2025/07/22 17:24:14|INFO    |858:(ThreadPoolExecutor-0_0)|syslog_parser|ACTION_ID: 462d52eb-3596-4407-b754-824607ed0fd9|Could not find any crash reports in statistics
2025/07/22 17:24:14|INFO    |858:(ThreadPoolExecutor-0_0)|syslog_parser|ACTION_ID: 462d52eb-3596-4407-b754-824607ed0fd9|Using temporary journal file: /opt/traps/python/scripts/tmpewlfkbut
2025/07/22 17:24:14|INFO    |858:(ThreadPoolExecutor-0_0)|syslog_parser|ACTION_ID: 462d52eb-3596-4407-b754-824607ed0fd9|Log file: /opt/traps/python/scripts/tmpewlfkbut detected.
2025/07/22 17:24:14|INFO    |858:(ThreadPoolExecutor-0_0)|syslog_parser|ACTION_ID: 462d52eb-3596-4407-b754-824607ed0fd9|Syslog format RFC 3164 detected for line: Jul 22 11:04:20 linux-lab02 kernel: pci 0000:00:16.7:   bridge window [mem 0xfb700000-0xfb7fffff]

2025/07/22 17:24:14|INFO    |858:(ThreadPoolExecutor-0_0)|syslog_parser|ACTION_ID: 462d52eb-3596-4407-b754-824607ed0fd9|Start monitor /opt/traps/python/scripts/tmpewlfkbut
2025/07/22 17:24:14|INFO    |858:(ThreadPoolExecutor-0_0)|syslog_parser|ACTION_ID: 462d52eb-3596-4407-b754-824607ed0fd9|Stopping to read lines as iterator has maxed out
2025/07/22 17:24:14|INFO    |858:(ThreadPoolExecutor-0_0)|syslog_parser|ACTION_ID: 462d52eb-3596-4407-b754-824607ed0fd9|saving last line date:: 22/07/1900 17:21:06
2025/07/22 17:24:14|INFO    |858:(ThreadPoolExecutor-0_0)|syslog_parser|ACTION_ID: 462d52eb-3596-4407-b754-824607ed0fd9|9 lines scanned by parser
2025/07/22 17:24:14|INFO    |858:(ThreadPoolExecutor-0_0)|adaptive_policy|ACTION_ID: 462d52eb-3596-4407-b754-824607ed0fd9|syslog_parser created output: None
2025/07/22 17:24:14|INFO    |858:(ThreadPoolExecutor-0_0)|adaptive_policy|ACTION_ID: 462d52eb-3596-4407-b754-824607ed0fd9|Running parser: net_collector
2025/07/22 17:24:14|INFO    |858:(ThreadPoolExecutor-0_0)|net_collector_parser|ACTION_ID: 462d52eb-3596-4407-b754-824607ed0fd9|NetCollector parser started
2025/07/22 17:24:14|INFO    |858:(ThreadPoolExecutor-0_0)|net_collector_parser|ACTION_ID: 462d52eb-3596-4407-b754-824607ed0fd9|System: cpu=3.0% idle=97.0%
2025/07/22 17:24:14|INFO    |858:(ThreadPoolExecutor-0_0)|net_collector_parser|ACTION_ID: 462d52eb-3596-4407-b754-824607ed0fd9|Thread CloudMetadata: cpu=0%
2025/07/22 17:24:14|INFO    |858:(ThreadPoolExecutor-0_0)|net_collector_parser|ACTION_ID: 462d52eb-3596-4407-b754-824607ed0fd9|Thread InjectedProcesses: cpu=0%
2025/07/22 17:24:14|INFO    |858:(ThreadPoolExecutor-0_0)|net_collector_parser|ACTION_ID: 462d52eb-3596-4407-b754-824607ed0fd9|Thread clad: cpu=0%
2025/07/22 17:24:14|INFO    |858:(ThreadPoolExecutor-0_0)|net_collector_parser|ACTION_ID: 462d52eb-3596-4407-b754-824607ed0fd9|Thread dypdng: cpu=0%
2025/07/22 17:24:14|INFO    |858:(ThreadPoolExecutor-0_0)|net_collector_parser|ACTION_ID: 462d52eb-3596-4407-b754-824607ed0fd9|Thread pmd: cpu=1.0%
2025/07/22 17:24:14|INFO    |858:(ThreadPoolExecutor-0_0)|net_collector_parser|ACTION_ID: 462d52eb-3596-4407-b754-824607ed0fd9|Thread pyxd: cpu=0%
2025/07/22 17:24:14|INFO    |858:(ThreadPoolExecutor-0_0)|net_collector_parser|ACTION_ID: 462d52eb-3596-4407-b754-824607ed0fd9|Thread sandboxd: cpu=0%
2025/07/22 17:24:14|INFO    |858:(ThreadPoolExecutor-0_0)|adaptive_policy|ACTION_ID: 462d52eb-3596-4407-b754-824607ed0fd9|net_collector created output: None
2025/07/22 17:24:14|INFO    |858:(ThreadPoolExecutor-0_0)|adaptive_policy|ACTION_ID: 462d52eb-3596-4407-b754-824607ed0fd9|Running parser: linux_auto_disable_on_write_parser
2025/07/22 17:24:14|INFO    |858:(ThreadPoolExecutor-0_0)|adaptive_policy_utils|ACTION_ID: 462d52eb-3596-4407-b754-824607ed0fd9|Detected traps version: 8.8.0.133595
2025/07/22 17:24:14|INFO    |858:(ThreadPoolExecutor-0_0)|linux_auto_disable_on_write_parser|ACTION_ID: 462d52eb-3596-4407-b754-824607ed0fd9|CPU is normal, waiting for next iteration.
2025/07/22 17:24:14|INFO    |858:(ThreadPoolExecutor-0_0)|adaptive_policy|ACTION_ID: 462d52eb-3596-4407-b754-824607ed0fd9|linux_auto_disable_on_write_parser created output: None
2025/07/22 17:24:14|INFO    |858:(ThreadPoolExecutor-0_0)|adaptive_policy|ACTION_ID: 462d52eb-3596-4407-b754-824607ed0fd9|{'apex': [], 'persistence': {'auto_disable_agent': {}, 'edr_archive_parser': {}, 'syslog_parser': {'last_scan': -2191462346.0}, 'net_collector': {}, 'linux_auto_disable_on_write_parser': {'trapsd_avg_cpu': 1.0196907549622096}}, 'output_settings': '{\n"agentDisabledByAdaptivePolicy": false\n}', 'last_analysis': 1753215854}
2025/07/22 17:39:14|INFO    |858:(ThreadPoolExecutor-0_0)|adaptive_policy|ACTION_ID: 462d52eb-3596-4407-b754-824607ed0fd9|Starting adaptive policy engine with kwargs: {}
2025/07/22 17:39:14|INFO    |858:(ThreadPoolExecutor-0_0)|adaptive_policy_utils|ACTION_ID: 462d52eb-3596-4407-b754-824607ed0fd9|Detected traps version: 8.8.0.133595
2025/07/22 17:39:14|INFO    |858:(ThreadPoolExecutor-0_0)|adaptive_policy|ACTION_ID: 462d52eb-3596-4407-b754-824607ed0fd9|{'adaptive_policy_interval': 900}
2025/07/22 17:39:14|INFO    |858:(ThreadPoolExecutor-0_0)|adaptive_policy|ACTION_ID: 462d52eb-3596-4407-b754-824607ed0fd9|Set value of adaptive_policy_interval to 900
2025/07/22 17:39:14|INFO    |858:(ThreadPoolExecutor-0_0)|adaptive_policy|ACTION_ID: 462d52eb-3596-4407-b754-824607ed0fd9|last analysis timestamp: Tuesday, July 22, 2025 at 05:24:14 PM
2025/07/22 17:39:14|INFO    |858:(ThreadPoolExecutor-0_0)|adaptive_policy|ACTION_ID: 462d52eb-3596-4407-b754-824607ed0fd9|High resolution mode: False
2025/07/22 17:39:14|INFO    |858:(ThreadPoolExecutor-0_0)|adaptive_policy|ACTION_ID: 462d52eb-3596-4407-b754-824607ed0fd9|Time elapsed since the previous normal mode execution: 900 seconds
2025/07/22 17:39:14|INFO    |858:(ThreadPoolExecutor-0_0)|adaptive_policy|ACTION_ID: 462d52eb-3596-4407-b754-824607ed0fd9|Adaptive policy normal operation mode interval: 900
2025/07/22 17:39:14|INFO    |858:(ThreadPoolExecutor-0_0)|adaptive_policy|ACTION_ID: 462d52eb-3596-4407-b754-824607ed0fd9|Adaptive policy normal mode is: ENABLED
2025/07/22 17:39:14|INFO    |858:(ThreadPoolExecutor-0_0)|adaptive_policy|ACTION_ID: 462d52eb-3596-4407-b754-824607ed0fd9|Adding normal operation mode parser
2025/07/22 17:39:14|INFO    |858:(ThreadPoolExecutor-0_0)|adaptive_policy|ACTION_ID: 462d52eb-3596-4407-b754-824607ed0fd9|Found 2 statistics components to analyze
2025/07/22 17:39:14|INFO    |858:(ThreadPoolExecutor-0_0)|adaptive_policy|ACTION_ID: 462d52eb-3596-4407-b754-824607ed0fd9|Running parser: auto_disable_agent
2025/07/22 17:39:14|INFO    |858:(ThreadPoolExecutor-0_0)|adaptive_policy_utils|ACTION_ID: 462d52eb-3596-4407-b754-824607ed0fd9|Detected traps version: 8.8.0.133595
2025/07/22 17:39:14|INFO    |858:(ThreadPoolExecutor-0_0)|auto_disable_parser|ACTION_ID: 462d52eb-3596-4407-b754-824607ed0fd9|Trapsd average CPU usage - normalized 0.9541508829402017
2025/07/22 17:39:14|INFO    |858:(ThreadPoolExecutor-0_0)|auto_disable_parser|ACTION_ID: 462d52eb-3596-4407-b754-824607ed0fd9|Trapsd average CPU usage 0.9541508829402017
2025/07/22 17:39:14|INFO    |858:(ThreadPoolExecutor-0_0)|auto_disable_parser|ACTION_ID: 462d52eb-3596-4407-b754-824607ed0fd9|Agent in normal state and CPU is normal, waiting for next iteration.
2025/07/22 17:39:14|INFO    |858:(ThreadPoolExecutor-0_0)|auto_disable_parser|ACTION_ID: 462d52eb-3596-4407-b754-824607ed0fd9|trapsd private memory usage 236,675,072
2025/07/22 17:39:14|INFO    |858:(ThreadPoolExecutor-0_0)|auto_disable_parser|ACTION_ID: 462d52eb-3596-4407-b754-824607ed0fd9|Agent in normal state and Memory is normal, waiting for next iteration.
2025/07/22 17:39:14|INFO    |858:(ThreadPoolExecutor-0_0)|adaptive_policy|ACTION_ID: 462d52eb-3596-4407-b754-824607ed0fd9|auto_disable_agent created output: None
2025/07/22 17:39:14|INFO    |858:(ThreadPoolExecutor-0_0)|adaptive_policy|ACTION_ID: 462d52eb-3596-4407-b754-824607ed0fd9|Running parser: edr_archive_parser
2025/07/22 17:39:14|INFO    |858:(ThreadPoolExecutor-0_0)|edr_archive_parser|ACTION_ID: 462d52eb-3596-4407-b754-824607ed0fd9|EDR Archive size: 0.0mb
2025/07/22 17:39:14|INFO    |858:(ThreadPoolExecutor-0_0)|adaptive_policy|ACTION_ID: 462d52eb-3596-4407-b754-824607ed0fd9|edr_archive_parser created output: None
2025/07/22 17:39:14|INFO    |858:(ThreadPoolExecutor-0_0)|adaptive_policy|ACTION_ID: 462d52eb-3596-4407-b754-824607ed0fd9|Running parser: syslog_parser
2025/07/22 17:39:14|INFO    |858:(ThreadPoolExecutor-0_0)|adaptive_policy_utils|ACTION_ID: 462d52eb-3596-4407-b754-824607ed0fd9|Detected traps version: 8.8.0.133595
2025/07/22 17:39:14|INFO    |858:(ThreadPoolExecutor-0_0)|syslog_parser|ACTION_ID: 462d52eb-3596-4407-b754-824607ed0fd9|Injected processes list: ['wickedd-dhcp6', 'couriertcpd', 'pmmasterd', 'authproxy', 'lighttpd', 'tinyproxy', 'mailman', 'wickedd-dhcp4', 'chronyd', 'apache2', 'xinetd', 'named', 'dovecot', 'samba', 'proftpd', 'charon', 'smbd', 'qmgr', 'ndsd', 'ibserver', 'cupsd', 'nscd', 'java', 'httpd', 'nmbd', 'mysqld', 'cyrus_pop3d', 'kamailio', 'pop2d', 'exim', 'pop3d', 'saned', 'squid', 'apache', 'danted', 'mongod', 'vsftpd', 'smartd', 'mysqld_safe', 'starter', 'squid3']
2025/07/22 17:39:14|INFO    |858:(ThreadPoolExecutor-0_0)|syslog_parser|ACTION_ID: 462d52eb-3596-4407-b754-824607ed0fd9|crash_counters: {'wickedd-dhcp6': 0, 'couriertcpd': 0, 'pmmasterd': 0, 'authproxy': 0, 'lighttpd': 0, 'tinyproxy': 0, 'mailman': 0, 'wickedd-dhcp4': 0, 'chronyd': 0, 'apache2': 0, 'xinetd': 0, 'named': 0, 'dovecot': 0, 'samba': 0, 'proftpd': 0, 'charon': 0, 'smbd': 0, 'qmgr': 0, 'ndsd': 0, 'ibserver': 0, 'cupsd': 0, 'nscd': 0, 'java': 0, 'httpd': 0, 'nmbd': 0, 'mysqld': 0, 'cyrus_pop3d': 0, 'kamailio': 0, 'pop2d': 0, 'exim': 0, 'pop3d': 0, 'saned': 0, 'squid': 0, 'apache': 0, 'danted': 0, 'mongod': 0, 'vsftpd': 0, 'smartd': 0, 'mysqld_safe': 0, 'starter': 0, 'squid3': 0}
2025/07/22 17:39:14|INFO    |858:(ThreadPoolExecutor-0_0)|syslog_parser|ACTION_ID: 462d52eb-3596-4407-b754-824607ed0fd9|Dypd statistics are empty. Cannot retrieve injected processes stats
2025/07/22 17:39:14|INFO    |858:(ThreadPoolExecutor-0_0)|syslog_parser|ACTION_ID: 462d52eb-3596-4407-b754-824607ed0fd9|Could not find any crash reports in statistics
2025/07/22 17:39:14|INFO    |858:(ThreadPoolExecutor-0_0)|syslog_parser|ACTION_ID: 462d52eb-3596-4407-b754-824607ed0fd9|Using temporary journal file: /opt/traps/python/scripts/tmp7xk_urwb
2025/07/22 17:39:14|INFO    |858:(ThreadPoolExecutor-0_0)|syslog_parser|ACTION_ID: 462d52eb-3596-4407-b754-824607ed0fd9|Log file: /opt/traps/python/scripts/tmp7xk_urwb detected.
2025/07/22 17:39:14|INFO    |858:(ThreadPoolExecutor-0_0)|syslog_parser|ACTION_ID: 462d52eb-3596-4407-b754-824607ed0fd9|Syslog format RFC 3164 detected for line: Jul 22 11:04:20 linux-lab02 kernel: pci 0000:00:17.0:   bridge window [io  0x6000-0x6fff]

2025/07/22 17:39:14|INFO    |858:(ThreadPoolExecutor-0_0)|syslog_parser|ACTION_ID: 462d52eb-3596-4407-b754-824607ed0fd9|Start monitor /opt/traps/python/scripts/tmp7xk_urwb
2025/07/22 17:39:14|INFO    |858:(ThreadPoolExecutor-0_0)|syslog_parser|ACTION_ID: 462d52eb-3596-4407-b754-824607ed0fd9|Stopping to read lines as iterator has maxed out
2025/07/22 17:39:14|INFO    |858:(ThreadPoolExecutor-0_0)|syslog_parser|ACTION_ID: 462d52eb-3596-4407-b754-824607ed0fd9|saving last line date:: 22/07/1900 17:34:37
2025/07/22 17:39:14|INFO    |858:(ThreadPoolExecutor-0_0)|syslog_parser|ACTION_ID: 462d52eb-3596-4407-b754-824607ed0fd9|3 lines scanned by parser
2025/07/22 17:39:14|INFO    |858:(ThreadPoolExecutor-0_0)|adaptive_policy|ACTION_ID: 462d52eb-3596-4407-b754-824607ed0fd9|syslog_parser created output: None
2025/07/22 17:39:14|INFO    |858:(ThreadPoolExecutor-0_0)|adaptive_policy|ACTION_ID: 462d52eb-3596-4407-b754-824607ed0fd9|Running parser: net_collector
2025/07/22 17:39:14|INFO    |858:(ThreadPoolExecutor-0_0)|net_collector_parser|ACTION_ID: 462d52eb-3596-4407-b754-824607ed0fd9|NetCollector parser started
2025/07/22 17:39:14|INFO    |858:(ThreadPoolExecutor-0_0)|net_collector_parser|ACTION_ID: 462d52eb-3596-4407-b754-824607ed0fd9|System: cpu=3.0% idle=97.0%
2025/07/22 17:39:14|INFO    |858:(ThreadPoolExecutor-0_0)|net_collector_parser|ACTION_ID: 462d52eb-3596-4407-b754-824607ed0fd9|Thread CloudMetadata: cpu=0%
2025/07/22 17:39:14|INFO    |858:(ThreadPoolExecutor-0_0)|net_collector_parser|ACTION_ID: 462d52eb-3596-4407-b754-824607ed0fd9|Thread InjectedProcesses: cpu=0%
2025/07/22 17:39:14|INFO    |858:(ThreadPoolExecutor-0_0)|net_collector_parser|ACTION_ID: 462d52eb-3596-4407-b754-824607ed0fd9|Thread clad: cpu=0%
2025/07/22 17:39:14|INFO    |858:(ThreadPoolExecutor-0_0)|net_collector_parser|ACTION_ID: 462d52eb-3596-4407-b754-824607ed0fd9|Thread dypdng: cpu=0%
2025/07/22 17:39:14|INFO    |858:(ThreadPoolExecutor-0_0)|net_collector_parser|ACTION_ID: 462d52eb-3596-4407-b754-824607ed0fd9|Thread pmd: cpu=0%
2025/07/22 17:39:14|INFO    |858:(ThreadPoolExecutor-0_0)|net_collector_parser|ACTION_ID: 462d52eb-3596-4407-b754-824607ed0fd9|Thread pyxd: cpu=0%
2025/07/22 17:39:14|INFO    |858:(ThreadPoolExecutor-0_0)|net_collector_parser|ACTION_ID: 462d52eb-3596-4407-b754-824607ed0fd9|Thread sandboxd: cpu=0%
2025/07/22 17:39:14|INFO    |858:(ThreadPoolExecutor-0_0)|adaptive_policy|ACTION_ID: 462d52eb-3596-4407-b754-824607ed0fd9|net_collector created output: None
2025/07/22 17:39:14|INFO    |858:(ThreadPoolExecutor-0_0)|adaptive_policy|ACTION_ID: 462d52eb-3596-4407-b754-824607ed0fd9|Running parser: linux_auto_disable_on_write_parser
2025/07/22 17:39:14|INFO    |858:(ThreadPoolExecutor-0_0)|adaptive_policy_utils|ACTION_ID: 462d52eb-3596-4407-b754-824607ed0fd9|Detected traps version: 8.8.0.133595
2025/07/22 17:39:14|INFO    |858:(ThreadPoolExecutor-0_0)|linux_auto_disable_on_write_parser|ACTION_ID: 462d52eb-3596-4407-b754-824607ed0fd9|CPU is normal, waiting for next iteration.
2025/07/22 17:39:14|INFO    |858:(ThreadPoolExecutor-0_0)|adaptive_policy|ACTION_ID: 462d52eb-3596-4407-b754-824607ed0fd9|linux_auto_disable_on_write_parser created output: None
2025/07/22 17:39:14|INFO    |858:(ThreadPoolExecutor-0_0)|adaptive_policy|ACTION_ID: 462d52eb-3596-4407-b754-824607ed0fd9|{'apex': [], 'persistence': {'auto_disable_agent': {}, 'edr_archive_parser': {}, 'syslog_parser': {'last_scan': -2191461535.0}, 'net_collector': {}, 'linux_auto_disable_on_write_parser': {'trapsd_avg_cpu': 0.9541508829402017}}, 'output_settings': '{\n"agentDisabledByAdaptivePolicy": false\n}', 'last_analysis': 1753216754}
2025/07/22 17:54:14|INFO    |858:(ThreadPoolExecutor-0_0)|adaptive_policy|ACTION_ID: 462d52eb-3596-4407-b754-824607ed0fd9|Starting adaptive policy engine with kwargs: {}
2025/07/22 17:54:14|INFO    |858:(ThreadPoolExecutor-0_0)|adaptive_policy_utils|ACTION_ID: 462d52eb-3596-4407-b754-824607ed0fd9|Detected traps version: 8.8.0.133595
2025/07/22 17:54:14|INFO    |858:(ThreadPoolExecutor-0_0)|adaptive_policy|ACTION_ID: 462d52eb-3596-4407-b754-824607ed0fd9|{'adaptive_policy_interval': 900}
2025/07/22 17:54:14|INFO    |858:(ThreadPoolExecutor-0_0)|adaptive_policy|ACTION_ID: 462d52eb-3596-4407-b754-824607ed0fd9|Set value of adaptive_policy_interval to 900
2025/07/22 17:54:14|INFO    |858:(ThreadPoolExecutor-0_0)|adaptive_policy|ACTION_ID: 462d52eb-3596-4407-b754-824607ed0fd9|last analysis timestamp: Tuesday, July 22, 2025 at 05:39:14 PM
2025/07/22 17:54:14|INFO    |858:(ThreadPoolExecutor-0_0)|adaptive_policy|ACTION_ID: 462d52eb-3596-4407-b754-824607ed0fd9|High resolution mode: False
2025/07/22 17:54:14|INFO    |858:(ThreadPoolExecutor-0_0)|adaptive_policy|ACTION_ID: 462d52eb-3596-4407-b754-824607ed0fd9|Time elapsed since the previous normal mode execution: 900 seconds
2025/07/22 17:54:14|INFO    |858:(ThreadPoolExecutor-0_0)|adaptive_policy|ACTION_ID: 462d52eb-3596-4407-b754-824607ed0fd9|Adaptive policy normal operation mode interval: 900
2025/07/22 17:54:14|INFO    |858:(ThreadPoolExecutor-0_0)|adaptive_policy|ACTION_ID: 462d52eb-3596-4407-b754-824607ed0fd9|Adaptive policy normal mode is: ENABLED
2025/07/22 17:54:14|INFO    |858:(ThreadPoolExecutor-0_0)|adaptive_policy|ACTION_ID: 462d52eb-3596-4407-b754-824607ed0fd9|Adding normal operation mode parser
2025/07/22 17:54:14|INFO    |858:(ThreadPoolExecutor-0_0)|adaptive_policy|ACTION_ID: 462d52eb-3596-4407-b754-824607ed0fd9|Found 2 statistics components to analyze
2025/07/22 17:54:14|INFO    |858:(ThreadPoolExecutor-0_0)|adaptive_policy|ACTION_ID: 462d52eb-3596-4407-b754-824607ed0fd9|Running parser: auto_disable_agent
2025/07/22 17:54:14|INFO    |858:(ThreadPoolExecutor-0_0)|adaptive_policy_utils|ACTION_ID: 462d52eb-3596-4407-b754-824607ed0fd9|Detected traps version: 8.8.0.133595
2025/07/22 17:54:14|INFO    |858:(ThreadPoolExecutor-0_0)|auto_disable_parser|ACTION_ID: 462d52eb-3596-4407-b754-824607ed0fd9|Trapsd average CPU usage - normalized 1.0085215181960132
2025/07/22 17:54:14|INFO    |858:(ThreadPoolExecutor-0_0)|auto_disable_parser|ACTION_ID: 462d52eb-3596-4407-b754-824607ed0fd9|Trapsd average CPU usage 1.0085215181960132
2025/07/22 17:54:14|INFO    |858:(ThreadPoolExecutor-0_0)|auto_disable_parser|ACTION_ID: 462d52eb-3596-4407-b754-824607ed0fd9|Agent in normal state and CPU is normal, waiting for next iteration.
2025/07/22 17:54:14|INFO    |858:(ThreadPoolExecutor-0_0)|auto_disable_parser|ACTION_ID: 462d52eb-3596-4407-b754-824607ed0fd9|trapsd private memory usage 235,757,568
2025/07/22 17:54:14|INFO    |858:(ThreadPoolExecutor-0_0)|auto_disable_parser|ACTION_ID: 462d52eb-3596-4407-b754-824607ed0fd9|Agent in normal state and Memory is normal, waiting for next iteration.
2025/07/22 17:54:14|INFO    |858:(ThreadPoolExecutor-0_0)|adaptive_policy|ACTION_ID: 462d52eb-3596-4407-b754-824607ed0fd9|auto_disable_agent created output: None
2025/07/22 17:54:14|INFO    |858:(ThreadPoolExecutor-0_0)|adaptive_policy|ACTION_ID: 462d52eb-3596-4407-b754-824607ed0fd9|Running parser: edr_archive_parser
2025/07/22 17:54:14|INFO    |858:(ThreadPoolExecutor-0_0)|edr_archive_parser|ACTION_ID: 462d52eb-3596-4407-b754-824607ed0fd9|EDR Archive size: 0.0mb
2025/07/22 17:54:14|INFO    |858:(ThreadPoolExecutor-0_0)|adaptive_policy|ACTION_ID: 462d52eb-3596-4407-b754-824607ed0fd9|edr_archive_parser created output: None
2025/07/22 17:54:14|INFO    |858:(ThreadPoolExecutor-0_0)|adaptive_policy|ACTION_ID: 462d52eb-3596-4407-b754-824607ed0fd9|Running parser: syslog_parser
2025/07/22 17:54:14|INFO    |858:(ThreadPoolExecutor-0_0)|adaptive_policy_utils|ACTION_ID: 462d52eb-3596-4407-b754-824607ed0fd9|Detected traps version: 8.8.0.133595
2025/07/22 17:54:14|INFO    |858:(ThreadPoolExecutor-0_0)|syslog_parser|ACTION_ID: 462d52eb-3596-4407-b754-824607ed0fd9|Injected processes list: ['wickedd-dhcp6', 'couriertcpd', 'pmmasterd', 'authproxy', 'lighttpd', 'tinyproxy', 'mailman', 'wickedd-dhcp4', 'chronyd', 'apache2', 'xinetd', 'named', 'dovecot', 'samba', 'proftpd', 'charon', 'smbd', 'qmgr', 'ndsd', 'ibserver', 'cupsd', 'nscd', 'java', 'httpd', 'nmbd', 'mysqld', 'cyrus_pop3d', 'kamailio', 'pop2d', 'exim', 'pop3d', 'saned', 'squid', 'apache', 'danted', 'mongod', 'vsftpd', 'smartd', 'mysqld_safe', 'starter', 'squid3']
2025/07/22 17:54:14|INFO    |858:(ThreadPoolExecutor-0_0)|syslog_parser|ACTION_ID: 462d52eb-3596-4407-b754-824607ed0fd9|crash_counters: {'wickedd-dhcp6': 0, 'couriertcpd': 0, 'pmmasterd': 0, 'authproxy': 0, 'lighttpd': 0, 'tinyproxy': 0, 'mailman': 0, 'wickedd-dhcp4': 0, 'chronyd': 0, 'apache2': 0, 'xinetd': 0, 'named': 0, 'dovecot': 0, 'samba': 0, 'proftpd': 0, 'charon': 0, 'smbd': 0, 'qmgr': 0, 'ndsd': 0, 'ibserver': 0, 'cupsd': 0, 'nscd': 0, 'java': 0, 'httpd': 0, 'nmbd': 0, 'mysqld': 0, 'cyrus_pop3d': 0, 'kamailio': 0, 'pop2d': 0, 'exim': 0, 'pop3d': 0, 'saned': 0, 'squid': 0, 'apache': 0, 'danted': 0, 'mongod': 0, 'vsftpd': 0, 'smartd': 0, 'mysqld_safe': 0, 'starter': 0, 'squid3': 0}
2025/07/22 17:54:14|INFO    |858:(ThreadPoolExecutor-0_0)|syslog_parser|ACTION_ID: 462d52eb-3596-4407-b754-824607ed0fd9|Dypd statistics are empty. Cannot retrieve injected processes stats
2025/07/22 17:54:14|INFO    |858:(ThreadPoolExecutor-0_0)|syslog_parser|ACTION_ID: 462d52eb-3596-4407-b754-824607ed0fd9|Could not find any crash reports in statistics
2025/07/22 17:54:14|INFO    |858:(ThreadPoolExecutor-0_0)|syslog_parser|ACTION_ID: 462d52eb-3596-4407-b754-824607ed0fd9|Using temporary journal file: /opt/traps/python/scripts/tmp2ea_z1tj
2025/07/22 17:54:14|INFO    |858:(ThreadPoolExecutor-0_0)|syslog_parser|ACTION_ID: 462d52eb-3596-4407-b754-824607ed0fd9|Log file: /opt/traps/python/scripts/tmp2ea_z1tj detected.
2025/07/22 17:54:14|INFO    |858:(ThreadPoolExecutor-0_0)|syslog_parser|ACTION_ID: 462d52eb-3596-4407-b754-824607ed0fd9|Syslog format RFC 3164 detected for line: Jul 22 11:04:20 linux-lab02 kernel: pci 0000:00:17.1: PCI bridge to [bus 14]

2025/07/22 17:54:14|INFO    |858:(ThreadPoolExecutor-0_0)|syslog_parser|ACTION_ID: 462d52eb-3596-4407-b754-824607ed0fd9|Start monitor /opt/traps/python/scripts/tmp2ea_z1tj
2025/07/22 17:54:14|INFO    |858:(ThreadPoolExecutor-0_0)|syslog_parser|ACTION_ID: 462d52eb-3596-4407-b754-824607ed0fd9|Stopping to read lines as iterator has maxed out
2025/07/22 17:54:14|INFO    |858:(ThreadPoolExecutor-0_0)|syslog_parser|ACTION_ID: 462d52eb-3596-4407-b754-824607ed0fd9|saving last line date:: 22/07/1900 17:47:30
2025/07/22 17:54:14|INFO    |858:(ThreadPoolExecutor-0_0)|syslog_parser|ACTION_ID: 462d52eb-3596-4407-b754-824607ed0fd9|3 lines scanned by parser
2025/07/22 17:54:14|INFO    |858:(ThreadPoolExecutor-0_0)|adaptive_policy|ACTION_ID: 462d52eb-3596-4407-b754-824607ed0fd9|syslog_parser created output: None
2025/07/22 17:54:14|INFO    |858:(ThreadPoolExecutor-0_0)|adaptive_policy|ACTION_ID: 462d52eb-3596-4407-b754-824607ed0fd9|Running parser: net_collector
2025/07/22 17:54:14|INFO    |858:(ThreadPoolExecutor-0_0)|net_collector_parser|ACTION_ID: 462d52eb-3596-4407-b754-824607ed0fd9|NetCollector parser started
2025/07/22 17:54:14|INFO    |858:(ThreadPoolExecutor-0_0)|net_collector_parser|ACTION_ID: 462d52eb-3596-4407-b754-824607ed0fd9|System: cpu=3.0% idle=97.0%
2025/07/22 17:54:14|INFO    |858:(ThreadPoolExecutor-0_0)|net_collector_parser|ACTION_ID: 462d52eb-3596-4407-b754-824607ed0fd9|Thread CloudMetadata: cpu=0%
2025/07/22 17:54:14|INFO    |858:(ThreadPoolExecutor-0_0)|net_collector_parser|ACTION_ID: 462d52eb-3596-4407-b754-824607ed0fd9|Thread InjectedProcesses: cpu=0%
2025/07/22 17:54:14|INFO    |858:(ThreadPoolExecutor-0_0)|net_collector_parser|ACTION_ID: 462d52eb-3596-4407-b754-824607ed0fd9|Thread clad: cpu=0%
2025/07/22 17:54:14|INFO    |858:(ThreadPoolExecutor-0_0)|net_collector_parser|ACTION_ID: 462d52eb-3596-4407-b754-824607ed0fd9|Thread dypdng: cpu=0%
2025/07/22 17:54:14|INFO    |858:(ThreadPoolExecutor-0_0)|net_collector_parser|ACTION_ID: 462d52eb-3596-4407-b754-824607ed0fd9|Thread pmd: cpu=1.0%
2025/07/22 17:54:14|INFO    |858:(ThreadPoolExecutor-0_0)|net_collector_parser|ACTION_ID: 462d52eb-3596-4407-b754-824607ed0fd9|Thread pyxd: cpu=0%
2025/07/22 17:54:14|INFO    |858:(ThreadPoolExecutor-0_0)|net_collector_parser|ACTION_ID: 462d52eb-3596-4407-b754-824607ed0fd9|Thread sandboxd: cpu=0%
2025/07/22 17:54:14|INFO    |858:(ThreadPoolExecutor-0_0)|adaptive_policy|ACTION_ID: 462d52eb-3596-4407-b754-824607ed0fd9|net_collector created output: None
2025/07/22 17:54:14|INFO    |858:(ThreadPoolExecutor-0_0)|adaptive_policy|ACTION_ID: 462d52eb-3596-4407-b754-824607ed0fd9|Running parser: linux_auto_disable_on_write_parser
2025/07/22 17:54:14|INFO    |858:(ThreadPoolExecutor-0_0)|adaptive_policy_utils|ACTION_ID: 462d52eb-3596-4407-b754-824607ed0fd9|Detected traps version: 8.8.0.133595
2025/07/22 17:54:14|INFO    |858:(ThreadPoolExecutor-0_0)|linux_auto_disable_on_write_parser|ACTION_ID: 462d52eb-3596-4407-b754-824607ed0fd9|CPU is normal, waiting for next iteration.
2025/07/22 17:54:14|INFO    |858:(ThreadPoolExecutor-0_0)|adaptive_policy|ACTION_ID: 462d52eb-3596-4407-b754-824607ed0fd9|linux_auto_disable_on_write_parser created output: None
2025/07/22 17:54:14|INFO    |858:(ThreadPoolExecutor-0_0)|adaptive_policy|ACTION_ID: 462d52eb-3596-4407-b754-824607ed0fd9|{'apex': [], 'persistence': {'auto_disable_agent': {}, 'edr_archive_parser': {}, 'syslog_parser': {'last_scan': -2191460762.0}, 'net_collector': {}, 'linux_auto_disable_on_write_parser': {'trapsd_avg_cpu': 1.0085215181960132}}, 'output_settings': '{\n"agentDisabledByAdaptivePolicy": false\n}', 'last_analysis': 1753217654}
2025/07/22 18:09:15|INFO    |858:(ThreadPoolExecutor-0_0)|adaptive_policy|ACTION_ID: 462d52eb-3596-4407-b754-824607ed0fd9|Starting adaptive policy engine with kwargs: {}
2025/07/22 18:09:15|INFO    |858:(ThreadPoolExecutor-0_0)|adaptive_policy_utils|ACTION_ID: 462d52eb-3596-4407-b754-824607ed0fd9|Detected traps version: 8.8.0.133595
2025/07/22 18:09:15|INFO    |858:(ThreadPoolExecutor-0_0)|adaptive_policy|ACTION_ID: 462d52eb-3596-4407-b754-824607ed0fd9|{'adaptive_policy_interval': 900}
2025/07/22 18:09:15|INFO    |858:(ThreadPoolExecutor-0_0)|adaptive_policy|ACTION_ID: 462d52eb-3596-4407-b754-824607ed0fd9|Set value of adaptive_policy_interval to 900
2025/07/22 18:09:15|INFO    |858:(ThreadPoolExecutor-0_0)|adaptive_policy|ACTION_ID: 462d52eb-3596-4407-b754-824607ed0fd9|last analysis timestamp: Tuesday, July 22, 2025 at 05:54:14 PM
2025/07/22 18:09:15|INFO    |858:(ThreadPoolExecutor-0_0)|adaptive_policy|ACTION_ID: 462d52eb-3596-4407-b754-824607ed0fd9|High resolution mode: False
2025/07/22 18:09:15|INFO    |858:(ThreadPoolExecutor-0_0)|adaptive_policy|ACTION_ID: 462d52eb-3596-4407-b754-824607ed0fd9|Time elapsed since the previous normal mode execution: 901 seconds
2025/07/22 18:09:15|INFO    |858:(ThreadPoolExecutor-0_0)|adaptive_policy|ACTION_ID: 462d52eb-3596-4407-b754-824607ed0fd9|Adaptive policy normal operation mode interval: 900
2025/07/22 18:09:15|INFO    |858:(ThreadPoolExecutor-0_0)|adaptive_policy|ACTION_ID: 462d52eb-3596-4407-b754-824607ed0fd9|Adaptive policy normal mode is: ENABLED
2025/07/22 18:09:15|INFO    |858:(ThreadPoolExecutor-0_0)|adaptive_policy|ACTION_ID: 462d52eb-3596-4407-b754-824607ed0fd9|Adding normal operation mode parser
2025/07/22 18:09:15|INFO    |858:(ThreadPoolExecutor-0_0)|adaptive_policy|ACTION_ID: 462d52eb-3596-4407-b754-824607ed0fd9|Found 2 statistics components to analyze
2025/07/22 18:09:15|INFO    |858:(ThreadPoolExecutor-0_0)|adaptive_policy|ACTION_ID: 462d52eb-3596-4407-b754-824607ed0fd9|Running parser: auto_disable_agent
2025/07/22 18:09:15|INFO    |858:(ThreadPoolExecutor-0_0)|adaptive_policy_utils|ACTION_ID: 462d52eb-3596-4407-b754-824607ed0fd9|Detected traps version: 8.8.0.133595
2025/07/22 18:09:15|INFO    |858:(ThreadPoolExecutor-0_0)|auto_disable_parser|ACTION_ID: 462d52eb-3596-4407-b754-824607ed0fd9|Trapsd average CPU usage - normalized 1.1953307664543507
2025/07/22 18:09:15|INFO    |858:(ThreadPoolExecutor-0_0)|auto_disable_parser|ACTION_ID: 462d52eb-3596-4407-b754-824607ed0fd9|Trapsd average CPU usage 1.1953307664543507
2025/07/22 18:09:15|INFO    |858:(ThreadPoolExecutor-0_0)|auto_disable_parser|ACTION_ID: 462d52eb-3596-4407-b754-824607ed0fd9|Agent in normal state and CPU is normal, waiting for next iteration.
2025/07/22 18:09:15|INFO    |858:(ThreadPoolExecutor-0_0)|auto_disable_parser|ACTION_ID: 462d52eb-3596-4407-b754-824607ed0fd9|trapsd private memory usage 237,805,568
2025/07/22 18:09:15|INFO    |858:(ThreadPoolExecutor-0_0)|auto_disable_parser|ACTION_ID: 462d52eb-3596-4407-b754-824607ed0fd9|Agent in normal state and Memory is normal, waiting for next iteration.
2025/07/22 18:09:15|INFO    |858:(ThreadPoolExecutor-0_0)|adaptive_policy|ACTION_ID: 462d52eb-3596-4407-b754-824607ed0fd9|auto_disable_agent created output: None
2025/07/22 18:09:15|INFO    |858:(ThreadPoolExecutor-0_0)|adaptive_policy|ACTION_ID: 462d52eb-3596-4407-b754-824607ed0fd9|Running parser: edr_archive_parser
2025/07/22 18:09:15|INFO    |858:(ThreadPoolExecutor-0_0)|edr_archive_parser|ACTION_ID: 462d52eb-3596-4407-b754-824607ed0fd9|EDR Archive size: 0.0mb
2025/07/22 18:09:15|INFO    |858:(ThreadPoolExecutor-0_0)|adaptive_policy|ACTION_ID: 462d52eb-3596-4407-b754-824607ed0fd9|edr_archive_parser created output: None
2025/07/22 18:09:15|INFO    |858:(ThreadPoolExecutor-0_0)|adaptive_policy|ACTION_ID: 462d52eb-3596-4407-b754-824607ed0fd9|Running parser: syslog_parser
2025/07/22 18:09:15|INFO    |858:(ThreadPoolExecutor-0_0)|adaptive_policy_utils|ACTION_ID: 462d52eb-3596-4407-b754-824607ed0fd9|Detected traps version: 8.8.0.133595
2025/07/22 18:09:15|INFO    |858:(ThreadPoolExecutor-0_0)|syslog_parser|ACTION_ID: 462d52eb-3596-4407-b754-824607ed0fd9|Injected processes list: ['wickedd-dhcp6', 'couriertcpd', 'pmmasterd', 'authproxy', 'lighttpd', 'tinyproxy', 'mailman', 'wickedd-dhcp4', 'chronyd', 'apache2', 'xinetd', 'named', 'dovecot', 'samba', 'proftpd', 'charon', 'smbd', 'qmgr', 'ndsd', 'ibserver', 'cupsd', 'nscd', 'java', 'httpd', 'nmbd', 'mysqld', 'cyrus_pop3d', 'kamailio', 'pop2d', 'exim', 'pop3d', 'saned', 'squid', 'apache', 'danted', 'mongod', 'vsftpd', 'smartd', 'mysqld_safe', 'starter', 'squid3']
2025/07/22 18:09:15|INFO    |858:(ThreadPoolExecutor-0_0)|syslog_parser|ACTION_ID: 462d52eb-3596-4407-b754-824607ed0fd9|crash_counters: {'wickedd-dhcp6': 0, 'couriertcpd': 0, 'pmmasterd': 0, 'authproxy': 0, 'lighttpd': 0, 'tinyproxy': 0, 'mailman': 0, 'wickedd-dhcp4': 0, 'chronyd': 0, 'apache2': 0, 'xinetd': 0, 'named': 0, 'dovecot': 0, 'samba': 0, 'proftpd': 0, 'charon': 0, 'smbd': 0, 'qmgr': 0, 'ndsd': 0, 'ibserver': 0, 'cupsd': 0, 'nscd': 0, 'java': 0, 'httpd': 0, 'nmbd': 0, 'mysqld': 0, 'cyrus_pop3d': 0, 'kamailio': 0, 'pop2d': 0, 'exim': 0, 'pop3d': 0, 'saned': 0, 'squid': 0, 'apache': 0, 'danted': 0, 'mongod': 0, 'vsftpd': 0, 'smartd': 0, 'mysqld_safe': 0, 'starter': 0, 'squid3': 0}
2025/07/22 18:09:15|INFO    |858:(ThreadPoolExecutor-0_0)|syslog_parser|ACTION_ID: 462d52eb-3596-4407-b754-824607ed0fd9|Dypd statistics are empty. Cannot retrieve injected processes stats
2025/07/22 18:09:15|INFO    |858:(ThreadPoolExecutor-0_0)|syslog_parser|ACTION_ID: 462d52eb-3596-4407-b754-824607ed0fd9|Could not find any crash reports in statistics
2025/07/22 18:09:15|INFO    |858:(ThreadPoolExecutor-0_0)|syslog_parser|ACTION_ID: 462d52eb-3596-4407-b754-824607ed0fd9|Using temporary journal file: /opt/traps/python/scripts/tmpchrxcuyr
2025/07/22 18:09:15|INFO    |858:(ThreadPoolExecutor-0_0)|syslog_parser|ACTION_ID: 462d52eb-3596-4407-b754-824607ed0fd9|Log file: /opt/traps/python/scripts/tmpchrxcuyr detected.
2025/07/22 18:09:15|INFO    |858:(ThreadPoolExecutor-0_0)|syslog_parser|ACTION_ID: 462d52eb-3596-4407-b754-824607ed0fd9|Syslog format RFC 3164 detected for line: Jul 22 11:04:20 linux-lab02 kernel: pci 0000:00:17.1:   bridge window [mem 0xe7400000-0xe74fffff 64bit pref]

2025/07/22 18:09:15|INFO    |858:(ThreadPoolExecutor-0_0)|syslog_parser|ACTION_ID: 462d52eb-3596-4407-b754-824607ed0fd9|Start monitor /opt/traps/python/scripts/tmpchrxcuyr
2025/07/22 18:09:15|INFO    |858:(ThreadPoolExecutor-0_0)|syslog_parser|ACTION_ID: 462d52eb-3596-4407-b754-824607ed0fd9|Stopping to read lines as iterator has maxed out
2025/07/22 18:09:15|INFO    |858:(ThreadPoolExecutor-0_0)|syslog_parser|ACTION_ID: 462d52eb-3596-4407-b754-824607ed0fd9|saving last line date:: 22/07/1900 18:01:04
2025/07/22 18:09:15|INFO    |858:(ThreadPoolExecutor-0_0)|syslog_parser|ACTION_ID: 462d52eb-3596-4407-b754-824607ed0fd9|3 lines scanned by parser
2025/07/22 18:09:15|INFO    |858:(ThreadPoolExecutor-0_0)|adaptive_policy|ACTION_ID: 462d52eb-3596-4407-b754-824607ed0fd9|syslog_parser created output: None
2025/07/22 18:09:15|INFO    |858:(ThreadPoolExecutor-0_0)|adaptive_policy|ACTION_ID: 462d52eb-3596-4407-b754-824607ed0fd9|Running parser: net_collector
2025/07/22 18:09:15|INFO    |858:(ThreadPoolExecutor-0_0)|net_collector_parser|ACTION_ID: 462d52eb-3596-4407-b754-824607ed0fd9|NetCollector parser started
2025/07/22 18:09:15|INFO    |858:(ThreadPoolExecutor-0_0)|net_collector_parser|ACTION_ID: 462d52eb-3596-4407-b754-824607ed0fd9|System: cpu=3.0% idle=97.0%
2025/07/22 18:09:15|INFO    |858:(ThreadPoolExecutor-0_0)|net_collector_parser|ACTION_ID: 462d52eb-3596-4407-b754-824607ed0fd9|Thread CloudMetadata: cpu=0%
2025/07/22 18:09:15|INFO    |858:(ThreadPoolExecutor-0_0)|net_collector_parser|ACTION_ID: 462d52eb-3596-4407-b754-824607ed0fd9|Thread InjectedProcesses: cpu=0%
2025/07/22 18:09:15|INFO    |858:(ThreadPoolExecutor-0_0)|net_collector_parser|ACTION_ID: 462d52eb-3596-4407-b754-824607ed0fd9|Thread clad: cpu=0%
2025/07/22 18:09:15|INFO    |858:(ThreadPoolExecutor-0_0)|net_collector_parser|ACTION_ID: 462d52eb-3596-4407-b754-824607ed0fd9|Thread dypdng: cpu=0%
2025/07/22 18:09:15|INFO    |858:(ThreadPoolExecutor-0_0)|net_collector_parser|ACTION_ID: 462d52eb-3596-4407-b754-824607ed0fd9|Thread pmd: cpu=1.0%
2025/07/22 18:09:15|INFO    |858:(ThreadPoolExecutor-0_0)|net_collector_parser|ACTION_ID: 462d52eb-3596-4407-b754-824607ed0fd9|Thread pyxd: cpu=0%
2025/07/22 18:09:15|INFO    |858:(ThreadPoolExecutor-0_0)|net_collector_parser|ACTION_ID: 462d52eb-3596-4407-b754-824607ed0fd9|Thread sandboxd: cpu=0%
2025/07/22 18:09:15|INFO    |858:(ThreadPoolExecutor-0_0)|adaptive_policy|ACTION_ID: 462d52eb-3596-4407-b754-824607ed0fd9|net_collector created output: None
2025/07/22 18:09:15|INFO    |858:(ThreadPoolExecutor-0_0)|adaptive_policy|ACTION_ID: 462d52eb-3596-4407-b754-824607ed0fd9|Running parser: linux_auto_disable_on_write_parser
2025/07/22 18:09:15|INFO    |858:(ThreadPoolExecutor-0_0)|adaptive_policy_utils|ACTION_ID: 462d52eb-3596-4407-b754-824607ed0fd9|Detected traps version: 8.8.0.133595
2025/07/22 18:09:15|INFO    |858:(ThreadPoolExecutor-0_0)|linux_auto_disable_on_write_parser|ACTION_ID: 462d52eb-3596-4407-b754-824607ed0fd9|CPU is normal, waiting for next iteration.
2025/07/22 18:09:15|INFO    |858:(ThreadPoolExecutor-0_0)|adaptive_policy|ACTION_ID: 462d52eb-3596-4407-b754-824607ed0fd9|linux_auto_disable_on_write_parser created output: None
2025/07/22 18:09:15|INFO    |858:(ThreadPoolExecutor-0_0)|adaptive_policy|ACTION_ID: 462d52eb-3596-4407-b754-824607ed0fd9|{'apex': [], 'persistence': {'auto_disable_agent': {}, 'edr_archive_parser': {}, 'syslog_parser': {'last_scan': -2191459948.0}, 'net_collector': {}, 'linux_auto_disable_on_write_parser': {'trapsd_avg_cpu': 1.1953307664543507}}, 'output_settings': '{\n"agentDisabledByAdaptivePolicy": false\n}', 'last_analysis': 1753218555}
2025/07/22 18:24:17|INFO    |5525:(ThreadPoolExecutor-0_0)|ipc_client_api|ACTION_ID: 01cc3c7f-b819-41fb-a849-662df77bf5b7|Detected traps version: 8.8.0.133595
2025/07/22 18:24:17|INFO    |5525:(ThreadPoolExecutor-0_0)|ipc_client_api|ACTION_ID: 01cc3c7f-b819-41fb-a849-662df77bf5b7|Traps version is higher or equal to 7.7 - using irpc client.
2025/07/22 18:24:17|INFO    |5525:(ThreadPoolExecutor-0_0)|irpc_client_nix|ACTION_ID: 01cc3c7f-b819-41fb-a849-662df77bf5b7|Creating IRRPCClient for channel path: /opt/traps/ipc/status.03A70614CCF742FD93977FD1A4336D9A
2025/07/22 18:24:17|INFO    |5525:(ThreadPoolExecutor-0_0)|ipc_client_api|ACTION_ID: 01cc3c7f-b819-41fb-a849-662df77bf5b7|Detected traps version: 8.8.0.133595
2025/07/22 18:24:17|INFO    |5525:(ThreadPoolExecutor-0_0)|ipc_client_api|ACTION_ID: 01cc3c7f-b819-41fb-a849-662df77bf5b7|Traps version is higher or equal to 7.7 - using irpc client.
2025/07/22 18:24:17|INFO    |5525:(ThreadPoolExecutor-0_0)|irpc_client_nix|ACTION_ID: 01cc3c7f-b819-41fb-a849-662df77bf5b7|Creating IRRPCClient for channel path: /opt/traps/ipc/status.03A70614CCF742FD93977FD1A4336D9A
2025/07/22 18:24:17|INFO    |5525:(ThreadPoolExecutor-0_0)|adaptive_policy|ACTION_ID: 01cc3c7f-b819-41fb-a849-662df77bf5b7|Starting adaptive policy engine with kwargs: {}
2025/07/22 18:24:17|INFO    |5525:(ThreadPoolExecutor-0_0)|adaptive_policy_utils|ACTION_ID: 01cc3c7f-b819-41fb-a849-662df77bf5b7|Detected traps version: 8.8.0.133595
2025/07/22 18:24:17|INFO    |5525:(ThreadPoolExecutor-0_0)|adaptive_policy|ACTION_ID: 01cc3c7f-b819-41fb-a849-662df77bf5b7|{'adaptive_policy_interval': 900}
2025/07/22 18:24:17|INFO    |5525:(ThreadPoolExecutor-0_0)|adaptive_policy|ACTION_ID: 01cc3c7f-b819-41fb-a849-662df77bf5b7|Set value of adaptive_policy_interval to 900
2025/07/22 18:24:17|INFO    |5525:(ThreadPoolExecutor-0_0)|adaptive_policy|ACTION_ID: 01cc3c7f-b819-41fb-a849-662df77bf5b7|last analysis timestamp: Tuesday, July 22, 2025 at 06:09:15 PM
2025/07/22 18:24:17|INFO    |5525:(ThreadPoolExecutor-0_0)|adaptive_policy|ACTION_ID: 01cc3c7f-b819-41fb-a849-662df77bf5b7|High resolution mode: False
2025/07/22 18:24:17|INFO    |5525:(ThreadPoolExecutor-0_0)|adaptive_policy|ACTION_ID: 01cc3c7f-b819-41fb-a849-662df77bf5b7|Time elapsed since the previous normal mode execution: 902 seconds
2025/07/22 18:24:17|INFO    |5525:(ThreadPoolExecutor-0_0)|adaptive_policy|ACTION_ID: 01cc3c7f-b819-41fb-a849-662df77bf5b7|Adaptive policy normal operation mode interval: 900
2025/07/22 18:24:17|INFO    |5525:(ThreadPoolExecutor-0_0)|adaptive_policy|ACTION_ID: 01cc3c7f-b819-41fb-a849-662df77bf5b7|Adaptive policy normal mode is: ENABLED
2025/07/22 18:24:17|INFO    |5525:(ThreadPoolExecutor-0_0)|adaptive_policy|ACTION_ID: 01cc3c7f-b819-41fb-a849-662df77bf5b7|Adding normal operation mode parser
2025/07/22 18:24:17|INFO    |5525:(ThreadPoolExecutor-0_0)|adaptive_policy|ACTION_ID: 01cc3c7f-b819-41fb-a849-662df77bf5b7|Found 2 statistics components to analyze
2025/07/22 18:24:17|INFO    |5525:(ThreadPoolExecutor-0_0)|adaptive_policy|ACTION_ID: 01cc3c7f-b819-41fb-a849-662df77bf5b7|Running parser: auto_disable_agent
2025/07/22 18:24:17|INFO    |5525:(ThreadPoolExecutor-0_0)|adaptive_policy_utils|ACTION_ID: 01cc3c7f-b819-41fb-a849-662df77bf5b7|Detected traps version: 8.8.0.133595
2025/07/22 18:24:17|INFO    |5525:(ThreadPoolExecutor-0_0)|auto_disable_parser|ACTION_ID: 01cc3c7f-b819-41fb-a849-662df77bf5b7|Trapsd average CPU usage - normalized 1.0546360330975297
2025/07/22 18:24:17|INFO    |5525:(ThreadPoolExecutor-0_0)|auto_disable_parser|ACTION_ID: 01cc3c7f-b819-41fb-a849-662df77bf5b7|Trapsd average CPU usage 1.0546360330975297
2025/07/22 18:24:17|INFO    |5525:(ThreadPoolExecutor-0_0)|auto_disable_parser|ACTION_ID: 01cc3c7f-b819-41fb-a849-662df77bf5b7|Agent in normal state and CPU is normal, waiting for next iteration.
2025/07/22 18:24:17|INFO    |5525:(ThreadPoolExecutor-0_0)|auto_disable_parser|ACTION_ID: 01cc3c7f-b819-41fb-a849-662df77bf5b7|trapsd private memory usage 236,716,032
2025/07/22 18:24:17|INFO    |5525:(ThreadPoolExecutor-0_0)|auto_disable_parser|ACTION_ID: 01cc3c7f-b819-41fb-a849-662df77bf5b7|Agent in normal state and Memory is normal, waiting for next iteration.
2025/07/22 18:24:17|INFO    |5525:(ThreadPoolExecutor-0_0)|adaptive_policy|ACTION_ID: 01cc3c7f-b819-41fb-a849-662df77bf5b7|auto_disable_agent created output: None
2025/07/22 18:24:17|INFO    |5525:(ThreadPoolExecutor-0_0)|adaptive_policy|ACTION_ID: 01cc3c7f-b819-41fb-a849-662df77bf5b7|Running parser: edr_archive_parser
2025/07/22 18:24:17|INFO    |5525:(ThreadPoolExecutor-0_0)|edr_archive_parser|ACTION_ID: 01cc3c7f-b819-41fb-a849-662df77bf5b7|EDR Archive size: 0.0mb
2025/07/22 18:24:17|INFO    |5525:(ThreadPoolExecutor-0_0)|adaptive_policy|ACTION_ID: 01cc3c7f-b819-41fb-a849-662df77bf5b7|edr_archive_parser created output: None
2025/07/22 18:24:17|INFO    |5525:(ThreadPoolExecutor-0_0)|adaptive_policy|ACTION_ID: 01cc3c7f-b819-41fb-a849-662df77bf5b7|Running parser: syslog_parser
2025/07/22 18:24:17|INFO    |5525:(ThreadPoolExecutor-0_0)|adaptive_policy_utils|ACTION_ID: 01cc3c7f-b819-41fb-a849-662df77bf5b7|Detected traps version: 8.8.0.133595
2025/07/22 18:24:17|INFO    |5525:(ThreadPoolExecutor-0_0)|syslog_parser|ACTION_ID: 01cc3c7f-b819-41fb-a849-662df77bf5b7|Injected processes list: ['wickedd-dhcp6', 'couriertcpd', 'pmmasterd', 'authproxy', 'lighttpd', 'tinyproxy', 'mailman', 'wickedd-dhcp4', 'chronyd', 'apache2', 'xinetd', 'named', 'dovecot', 'samba', 'proftpd', 'charon', 'smbd', 'qmgr', 'ndsd', 'ibserver', 'cupsd', 'nscd', 'java', 'httpd', 'nmbd', 'mysqld', 'cyrus_pop3d', 'kamailio', 'pop2d', 'exim', 'pop3d', 'saned', 'squid', 'apache', 'danted', 'mongod', 'vsftpd', 'smartd', 'mysqld_safe', 'starter', 'squid3']
2025/07/22 18:24:17|INFO    |5525:(ThreadPoolExecutor-0_0)|syslog_parser|ACTION_ID: 01cc3c7f-b819-41fb-a849-662df77bf5b7|crash_counters list is empty.
2025/07/22 18:24:17|INFO    |5525:(ThreadPoolExecutor-0_0)|syslog_parser|ACTION_ID: 01cc3c7f-b819-41fb-a849-662df77bf5b7|crash_counters: {'wickedd-dhcp6': 0, 'couriertcpd': 0, 'pmmasterd': 0, 'authproxy': 0, 'lighttpd': 0, 'tinyproxy': 0, 'mailman': 0, 'wickedd-dhcp4': 0, 'chronyd': 0, 'apache2': 0, 'xinetd': 0, 'named': 0, 'dovecot': 0, 'samba': 0, 'proftpd': 0, 'charon': 0, 'smbd': 0, 'qmgr': 0, 'ndsd': 0, 'ibserver': 0, 'cupsd': 0, 'nscd': 0, 'java': 0, 'httpd': 0, 'nmbd': 0, 'mysqld': 0, 'cyrus_pop3d': 0, 'kamailio': 0, 'pop2d': 0, 'exim': 0, 'pop3d': 0, 'saned': 0, 'squid': 0, 'apache': 0, 'danted': 0, 'mongod': 0, 'vsftpd': 0, 'smartd': 0, 'mysqld_safe': 0, 'starter': 0, 'squid3': 0}
2025/07/22 18:24:17|INFO    |5525:(ThreadPoolExecutor-0_0)|syslog_parser|ACTION_ID: 01cc3c7f-b819-41fb-a849-662df77bf5b7|Dypd statistics are empty. Cannot retrieve injected processes stats
2025/07/22 18:24:17|INFO    |5525:(ThreadPoolExecutor-0_0)|syslog_parser|ACTION_ID: 01cc3c7f-b819-41fb-a849-662df77bf5b7|Could not find any crash reports in statistics
2025/07/22 18:24:17|INFO    |5525:(ThreadPoolExecutor-0_0)|syslog_parser|ACTION_ID: 01cc3c7f-b819-41fb-a849-662df77bf5b7|Using temporary journal file: /opt/traps/python/scripts/tmp5qjkq5my
2025/07/22 18:24:17|INFO    |5525:(ThreadPoolExecutor-0_0)|syslog_parser|ACTION_ID: 01cc3c7f-b819-41fb-a849-662df77bf5b7|Log file: /opt/traps/python/scripts/tmp5qjkq5my detected.
2025/07/22 18:24:17|INFO    |5525:(ThreadPoolExecutor-0_0)|syslog_parser|ACTION_ID: 01cc3c7f-b819-41fb-a849-662df77bf5b7|Syslog format RFC 3164 detected for line: Jul 22 11:04:20 linux-lab02 kernel: pci 0000:00:17.4: PCI bridge to [bus 17]

2025/07/22 18:24:17|INFO    |5525:(ThreadPoolExecutor-0_0)|syslog_parser|ACTION_ID: 01cc3c7f-b819-41fb-a849-662df77bf5b7|Start monitor /opt/traps/python/scripts/tmp5qjkq5my
2025/07/22 18:24:17|INFO    |5525:(ThreadPoolExecutor-0_0)|syslog_parser|ACTION_ID: 01cc3c7f-b819-41fb-a849-662df77bf5b7|Stopping to read lines as iterator has maxed out
2025/07/22 18:24:17|INFO    |5525:(ThreadPoolExecutor-0_0)|syslog_parser|ACTION_ID: 01cc3c7f-b819-41fb-a849-662df77bf5b7|saving last line date:: 22/07/1900 18:23:48
2025/07/22 18:24:17|INFO    |5525:(ThreadPoolExecutor-0_0)|syslog_parser|ACTION_ID: 01cc3c7f-b819-41fb-a849-662df77bf5b7|8 lines scanned by parser
2025/07/22 18:24:17|INFO    |5525:(ThreadPoolExecutor-0_0)|adaptive_policy|ACTION_ID: 01cc3c7f-b819-41fb-a849-662df77bf5b7|syslog_parser created output: None
2025/07/22 18:24:17|INFO    |5525:(ThreadPoolExecutor-0_0)|adaptive_policy|ACTION_ID: 01cc3c7f-b819-41fb-a849-662df77bf5b7|Running parser: net_collector
2025/07/22 18:24:17|INFO    |5525:(ThreadPoolExecutor-0_0)|net_collector_parser|ACTION_ID: 01cc3c7f-b819-41fb-a849-662df77bf5b7|NetCollector parser started
2025/07/22 18:24:17|INFO    |5525:(ThreadPoolExecutor-0_0)|net_collector_parser|ACTION_ID: 01cc3c7f-b819-41fb-a849-662df77bf5b7|System: cpu=3.0% idle=97.0%
2025/07/22 18:24:17|INFO    |5525:(ThreadPoolExecutor-0_0)|net_collector_parser|ACTION_ID: 01cc3c7f-b819-41fb-a849-662df77bf5b7|Thread CloudMetadata: cpu=0%
2025/07/22 18:24:17|INFO    |5525:(ThreadPoolExecutor-0_0)|net_collector_parser|ACTION_ID: 01cc3c7f-b819-41fb-a849-662df77bf5b7|Thread InjectedProcesses: cpu=0%
2025/07/22 18:24:17|INFO    |5525:(ThreadPoolExecutor-0_0)|net_collector_parser|ACTION_ID: 01cc3c7f-b819-41fb-a849-662df77bf5b7|Thread clad: cpu=0%
2025/07/22 18:24:17|INFO    |5525:(ThreadPoolExecutor-0_0)|net_collector_parser|ACTION_ID: 01cc3c7f-b819-41fb-a849-662df77bf5b7|Thread dypdng: cpu=0%
2025/07/22 18:24:17|INFO    |5525:(ThreadPoolExecutor-0_0)|net_collector_parser|ACTION_ID: 01cc3c7f-b819-41fb-a849-662df77bf5b7|Thread pmd: cpu=1.0%
2025/07/22 18:24:17|INFO    |5525:(ThreadPoolExecutor-0_0)|net_collector_parser|ACTION_ID: 01cc3c7f-b819-41fb-a849-662df77bf5b7|Thread pyxd: cpu=0%
2025/07/22 18:24:17|INFO    |5525:(ThreadPoolExecutor-0_0)|net_collector_parser|ACTION_ID: 01cc3c7f-b819-41fb-a849-662df77bf5b7|Thread sandboxd: cpu=0%
2025/07/22 18:24:17|INFO    |5525:(ThreadPoolExecutor-0_0)|adaptive_policy|ACTION_ID: 01cc3c7f-b819-41fb-a849-662df77bf5b7|net_collector created output: None
2025/07/22 18:24:17|INFO    |5525:(ThreadPoolExecutor-0_0)|adaptive_policy|ACTION_ID: 01cc3c7f-b819-41fb-a849-662df77bf5b7|Running parser: linux_auto_disable_on_write_parser
2025/07/22 18:24:17|INFO    |5525:(ThreadPoolExecutor-0_0)|adaptive_policy_utils|ACTION_ID: 01cc3c7f-b819-41fb-a849-662df77bf5b7|Detected traps version: 8.8.0.133595
2025/07/22 18:24:17|INFO    |5525:(ThreadPoolExecutor-0_0)|linux_auto_disable_on_write_parser|ACTION_ID: 01cc3c7f-b819-41fb-a849-662df77bf5b7|CPU is normal, waiting for next iteration.
2025/07/22 18:24:17|INFO    |5525:(ThreadPoolExecutor-0_0)|adaptive_policy|ACTION_ID: 01cc3c7f-b819-41fb-a849-662df77bf5b7|linux_auto_disable_on_write_parser created output: None
2025/07/22 18:24:17|INFO    |5525:(ThreadPoolExecutor-0_0)|adaptive_policy|ACTION_ID: 01cc3c7f-b819-41fb-a849-662df77bf5b7|{'apex': [], 'persistence': {'auto_disable_agent': {}, 'edr_archive_parser': {}, 'syslog_parser': {'last_scan': -2191458584.0}, 'net_collector': {}, 'linux_auto_disable_on_write_parser': {'trapsd_avg_cpu': 1.0546360330975297}}, 'output_settings': '{\n"agentDisabledByAdaptivePolicy": false\n}', 'last_analysis': 1753219457}
2025/07/22 18:39:17|INFO    |5525:(ThreadPoolExecutor-0_0)|adaptive_policy|ACTION_ID: 01cc3c7f-b819-41fb-a849-662df77bf5b7|Starting adaptive policy engine with kwargs: {}
2025/07/22 18:39:17|INFO    |5525:(ThreadPoolExecutor-0_0)|adaptive_policy_utils|ACTION_ID: 01cc3c7f-b819-41fb-a849-662df77bf5b7|Detected traps version: 8.8.0.133595
2025/07/22 18:39:17|INFO    |5525:(ThreadPoolExecutor-0_0)|adaptive_policy|ACTION_ID: 01cc3c7f-b819-41fb-a849-662df77bf5b7|{'adaptive_policy_interval': 900}
2025/07/22 18:39:17|INFO    |5525:(ThreadPoolExecutor-0_0)|adaptive_policy|ACTION_ID: 01cc3c7f-b819-41fb-a849-662df77bf5b7|Set value of adaptive_policy_interval to 900
2025/07/22 18:39:17|INFO    |5525:(ThreadPoolExecutor-0_0)|adaptive_policy|ACTION_ID: 01cc3c7f-b819-41fb-a849-662df77bf5b7|last analysis timestamp: Tuesday, July 22, 2025 at 06:24:17 PM
2025/07/22 18:39:17|INFO    |5525:(ThreadPoolExecutor-0_0)|adaptive_policy|ACTION_ID: 01cc3c7f-b819-41fb-a849-662df77bf5b7|High resolution mode: False
2025/07/22 18:39:17|INFO    |5525:(ThreadPoolExecutor-0_0)|adaptive_policy|ACTION_ID: 01cc3c7f-b819-41fb-a849-662df77bf5b7|Time elapsed since the previous normal mode execution: 900 seconds
2025/07/22 18:39:17|INFO    |5525:(ThreadPoolExecutor-0_0)|adaptive_policy|ACTION_ID: 01cc3c7f-b819-41fb-a849-662df77bf5b7|Adaptive policy normal operation mode interval: 900
2025/07/22 18:39:17|INFO    |5525:(ThreadPoolExecutor-0_0)|adaptive_policy|ACTION_ID: 01cc3c7f-b819-41fb-a849-662df77bf5b7|Adaptive policy normal mode is: ENABLED
2025/07/22 18:39:17|INFO    |5525:(ThreadPoolExecutor-0_0)|adaptive_policy|ACTION_ID: 01cc3c7f-b819-41fb-a849-662df77bf5b7|Adding normal operation mode parser
2025/07/22 18:39:17|INFO    |5525:(ThreadPoolExecutor-0_0)|adaptive_policy|ACTION_ID: 01cc3c7f-b819-41fb-a849-662df77bf5b7|Found 2 statistics components to analyze
2025/07/22 18:39:17|INFO    |5525:(ThreadPoolExecutor-0_0)|adaptive_policy|ACTION_ID: 01cc3c7f-b819-41fb-a849-662df77bf5b7|Running parser: auto_disable_agent
2025/07/22 18:39:17|INFO    |5525:(ThreadPoolExecutor-0_0)|adaptive_policy_utils|ACTION_ID: 01cc3c7f-b819-41fb-a849-662df77bf5b7|Detected traps version: 8.8.0.133595
2025/07/22 18:39:17|INFO    |5525:(ThreadPoolExecutor-0_0)|auto_disable_parser|ACTION_ID: 01cc3c7f-b819-41fb-a849-662df77bf5b7|Trapsd average CPU usage - normalized 1.9303542818089123
2025/07/22 18:39:17|INFO    |5525:(ThreadPoolExecutor-0_0)|auto_disable_parser|ACTION_ID: 01cc3c7f-b819-41fb-a849-662df77bf5b7|Trapsd average CPU usage 1.9303542818089123
2025/07/22 18:39:17|INFO    |5525:(ThreadPoolExecutor-0_0)|auto_disable_parser|ACTION_ID: 01cc3c7f-b819-41fb-a849-662df77bf5b7|Agent in normal state and CPU is normal, waiting for next iteration.
2025/07/22 18:39:17|INFO    |5525:(ThreadPoolExecutor-0_0)|auto_disable_parser|ACTION_ID: 01cc3c7f-b819-41fb-a849-662df77bf5b7|trapsd private memory usage 180,744,192
2025/07/22 18:39:17|INFO    |5525:(ThreadPoolExecutor-0_0)|auto_disable_parser|ACTION_ID: 01cc3c7f-b819-41fb-a849-662df77bf5b7|Agent in normal state and Memory is normal, waiting for next iteration.
2025/07/22 18:39:17|INFO    |5525:(ThreadPoolExecutor-0_0)|adaptive_policy|ACTION_ID: 01cc3c7f-b819-41fb-a849-662df77bf5b7|auto_disable_agent created output: None
2025/07/22 18:39:17|INFO    |5525:(ThreadPoolExecutor-0_0)|adaptive_policy|ACTION_ID: 01cc3c7f-b819-41fb-a849-662df77bf5b7|Running parser: edr_archive_parser
2025/07/22 18:39:17|INFO    |5525:(ThreadPoolExecutor-0_0)|edr_archive_parser|ACTION_ID: 01cc3c7f-b819-41fb-a849-662df77bf5b7|EDR Archive size: 0.0mb
2025/07/22 18:39:17|INFO    |5525:(ThreadPoolExecutor-0_0)|adaptive_policy|ACTION_ID: 01cc3c7f-b819-41fb-a849-662df77bf5b7|edr_archive_parser created output: None
2025/07/22 18:39:17|INFO    |5525:(ThreadPoolExecutor-0_0)|adaptive_policy|ACTION_ID: 01cc3c7f-b819-41fb-a849-662df77bf5b7|Running parser: syslog_parser
2025/07/22 18:39:17|INFO    |5525:(ThreadPoolExecutor-0_0)|adaptive_policy_utils|ACTION_ID: 01cc3c7f-b819-41fb-a849-662df77bf5b7|Detected traps version: 8.8.0.133595
2025/07/22 18:39:17|INFO    |5525:(ThreadPoolExecutor-0_0)|syslog_parser|ACTION_ID: 01cc3c7f-b819-41fb-a849-662df77bf5b7|Injected processes list: ['wickedd-dhcp6', 'couriertcpd', 'pmmasterd', 'authproxy', 'lighttpd', 'tinyproxy', 'mailman', 'wickedd-dhcp4', 'chronyd', 'apache2', 'xinetd', 'named', 'dovecot', 'samba', 'proftpd', 'charon', 'smbd', 'qmgr', 'ndsd', 'ibserver', 'cupsd', 'nscd', 'java', 'httpd', 'nmbd', 'mysqld', 'cyrus_pop3d', 'kamailio', 'pop2d', 'exim', 'pop3d', 'saned', 'squid', 'apache', 'danted', 'mongod', 'vsftpd', 'smartd', 'mysqld_safe', 'starter', 'squid3']
2025/07/22 18:39:17|INFO    |5525:(ThreadPoolExecutor-0_0)|syslog_parser|ACTION_ID: 01cc3c7f-b819-41fb-a849-662df77bf5b7|crash_counters: {'wickedd-dhcp6': 0, 'couriertcpd': 0, 'pmmasterd': 0, 'authproxy': 0, 'lighttpd': 0, 'tinyproxy': 0, 'mailman': 0, 'wickedd-dhcp4': 0, 'chronyd': 0, 'apache2': 0, 'xinetd': 0, 'named': 0, 'dovecot': 0, 'samba': 0, 'proftpd': 0, 'charon': 0, 'smbd': 0, 'qmgr': 0, 'ndsd': 0, 'ibserver': 0, 'cupsd': 0, 'nscd': 0, 'java': 0, 'httpd': 0, 'nmbd': 0, 'mysqld': 0, 'cyrus_pop3d': 0, 'kamailio': 0, 'pop2d': 0, 'exim': 0, 'pop3d': 0, 'saned': 0, 'squid': 0, 'apache': 0, 'danted': 0, 'mongod': 0, 'vsftpd': 0, 'smartd': 0, 'mysqld_safe': 0, 'starter': 0, 'squid3': 0}
2025/07/22 18:39:17|INFO    |5525:(ThreadPoolExecutor-0_0)|syslog_parser|ACTION_ID: 01cc3c7f-b819-41fb-a849-662df77bf5b7|Dypd statistics are empty. Cannot retrieve injected processes stats
2025/07/22 18:39:17|INFO    |5525:(ThreadPoolExecutor-0_0)|syslog_parser|ACTION_ID: 01cc3c7f-b819-41fb-a849-662df77bf5b7|Could not find any crash reports in statistics
2025/07/22 18:39:17|INFO    |5525:(ThreadPoolExecutor-0_0)|syslog_parser|ACTION_ID: 01cc3c7f-b819-41fb-a849-662df77bf5b7|Using temporary journal file: /opt/traps/python/scripts/tmph0z8t78p
2025/07/22 18:39:17|INFO    |5525:(ThreadPoolExecutor-0_0)|syslog_parser|ACTION_ID: 01cc3c7f-b819-41fb-a849-662df77bf5b7|Log file: /opt/traps/python/scripts/tmph0z8t78p detected.
2025/07/22 18:39:17|INFO    |5525:(ThreadPoolExecutor-0_0)|syslog_parser|ACTION_ID: 01cc3c7f-b819-41fb-a849-662df77bf5b7|Syslog format RFC 3164 detected for line: Jul 22 11:04:20 linux-lab02 kernel: pci 0000:00:17.5: PCI bridge to [bus 18]

2025/07/22 18:39:17|INFO    |5525:(ThreadPoolExecutor-0_0)|syslog_parser|ACTION_ID: 01cc3c7f-b819-41fb-a849-662df77bf5b7|Start monitor /opt/traps/python/scripts/tmph0z8t78p
2025/07/22 18:39:17|INFO    |5525:(ThreadPoolExecutor-0_0)|syslog_parser|ACTION_ID: 01cc3c7f-b819-41fb-a849-662df77bf5b7|Stopping to read lines as iterator has maxed out
2025/07/22 18:39:17|INFO    |5525:(ThreadPoolExecutor-0_0)|syslog_parser|ACTION_ID: 01cc3c7f-b819-41fb-a849-662df77bf5b7|saving last line date:: 22/07/1900 18:27:17
2025/07/22 18:39:17|INFO    |5525:(ThreadPoolExecutor-0_0)|syslog_parser|ACTION_ID: 01cc3c7f-b819-41fb-a849-662df77bf5b7|3 lines scanned by parser
2025/07/22 18:39:17|INFO    |5525:(ThreadPoolExecutor-0_0)|adaptive_policy|ACTION_ID: 01cc3c7f-b819-41fb-a849-662df77bf5b7|syslog_parser created output: None
2025/07/22 18:39:17|INFO    |5525:(ThreadPoolExecutor-0_0)|adaptive_policy|ACTION_ID: 01cc3c7f-b819-41fb-a849-662df77bf5b7|Running parser: net_collector
2025/07/22 18:39:17|INFO    |5525:(ThreadPoolExecutor-0_0)|net_collector_parser|ACTION_ID: 01cc3c7f-b819-41fb-a849-662df77bf5b7|NetCollector parser started
2025/07/22 18:39:17|INFO    |5525:(ThreadPoolExecutor-0_0)|net_collector_parser|ACTION_ID: 01cc3c7f-b819-41fb-a849-662df77bf5b7|System: cpu=5.0% idle=95.0%
2025/07/22 18:39:17|INFO    |5525:(ThreadPoolExecutor-0_0)|net_collector_parser|ACTION_ID: 01cc3c7f-b819-41fb-a849-662df77bf5b7|Thread CloudMetadata: cpu=0%
2025/07/22 18:39:17|INFO    |5525:(ThreadPoolExecutor-0_0)|net_collector_parser|ACTION_ID: 01cc3c7f-b819-41fb-a849-662df77bf5b7|Thread InjectedProcesses: cpu=0%
2025/07/22 18:39:17|INFO    |5525:(ThreadPoolExecutor-0_0)|net_collector_parser|ACTION_ID: 01cc3c7f-b819-41fb-a849-662df77bf5b7|Thread clad: cpu=0%
2025/07/22 18:39:17|INFO    |5525:(ThreadPoolExecutor-0_0)|net_collector_parser|ACTION_ID: 01cc3c7f-b819-41fb-a849-662df77bf5b7|Thread dypdng: cpu=0%
2025/07/22 18:39:17|INFO    |5525:(ThreadPoolExecutor-0_0)|net_collector_parser|ACTION_ID: 01cc3c7f-b819-41fb-a849-662df77bf5b7|Thread pmd: cpu=1.0%
2025/07/22 18:39:17|INFO    |5525:(ThreadPoolExecutor-0_0)|net_collector_parser|ACTION_ID: 01cc3c7f-b819-41fb-a849-662df77bf5b7|Thread sandboxd: cpu=0%
2025/07/22 18:39:17|INFO    |5525:(ThreadPoolExecutor-0_0)|adaptive_policy|ACTION_ID: 01cc3c7f-b819-41fb-a849-662df77bf5b7|net_collector created output: None
2025/07/22 18:39:17|INFO    |5525:(ThreadPoolExecutor-0_0)|adaptive_policy|ACTION_ID: 01cc3c7f-b819-41fb-a849-662df77bf5b7|Running parser: linux_auto_disable_on_write_parser
2025/07/22 18:39:17|INFO    |5525:(ThreadPoolExecutor-0_0)|adaptive_policy_utils|ACTION_ID: 01cc3c7f-b819-41fb-a849-662df77bf5b7|Detected traps version: 8.8.0.133595
2025/07/22 18:39:17|INFO    |5525:(ThreadPoolExecutor-0_0)|linux_auto_disable_on_write_parser|ACTION_ID: 01cc3c7f-b819-41fb-a849-662df77bf5b7|CPU is normal, waiting for next iteration.
2025/07/22 18:39:17|INFO    |5525:(ThreadPoolExecutor-0_0)|adaptive_policy|ACTION_ID: 01cc3c7f-b819-41fb-a849-662df77bf5b7|linux_auto_disable_on_write_parser created output: None
2025/07/22 18:39:17|INFO    |5525:(ThreadPoolExecutor-0_0)|adaptive_policy|ACTION_ID: 01cc3c7f-b819-41fb-a849-662df77bf5b7|{'apex': [], 'persistence': {'auto_disable_agent': {}, 'edr_archive_parser': {}, 'syslog_parser': {'last_scan': -2191458375.0}, 'net_collector': {}, 'linux_auto_disable_on_write_parser': {'trapsd_avg_cpu': 1.9303542818089123}}, 'output_settings': '{\n"agentDisabledByAdaptivePolicy": false\n}', 'last_analysis': 1753220357}
2025/07/22 18:54:17|INFO    |5525:(ThreadPoolExecutor-0_0)|adaptive_policy|ACTION_ID: 01cc3c7f-b819-41fb-a849-662df77bf5b7|Starting adaptive policy engine with kwargs: {}
2025/07/22 18:54:17|INFO    |5525:(ThreadPoolExecutor-0_0)|adaptive_policy_utils|ACTION_ID: 01cc3c7f-b819-41fb-a849-662df77bf5b7|Detected traps version: 8.8.0.133595
2025/07/22 18:54:17|INFO    |5525:(ThreadPoolExecutor-0_0)|adaptive_policy|ACTION_ID: 01cc3c7f-b819-41fb-a849-662df77bf5b7|{'adaptive_policy_interval': 900}
2025/07/22 18:54:17|INFO    |5525:(ThreadPoolExecutor-0_0)|adaptive_policy|ACTION_ID: 01cc3c7f-b819-41fb-a849-662df77bf5b7|Set value of adaptive_policy_interval to 900
2025/07/22 18:54:17|INFO    |5525:(ThreadPoolExecutor-0_0)|adaptive_policy|ACTION_ID: 01cc3c7f-b819-41fb-a849-662df77bf5b7|last analysis timestamp: Tuesday, July 22, 2025 at 06:39:17 PM
2025/07/22 18:54:17|INFO    |5525:(ThreadPoolExecutor-0_0)|adaptive_policy|ACTION_ID: 01cc3c7f-b819-41fb-a849-662df77bf5b7|High resolution mode: False
2025/07/22 18:54:17|INFO    |5525:(ThreadPoolExecutor-0_0)|adaptive_policy|ACTION_ID: 01cc3c7f-b819-41fb-a849-662df77bf5b7|Time elapsed since the previous normal mode execution: 900 seconds
2025/07/22 18:54:17|INFO    |5525:(ThreadPoolExecutor-0_0)|adaptive_policy|ACTION_ID: 01cc3c7f-b819-41fb-a849-662df77bf5b7|Adaptive policy normal operation mode interval: 900
2025/07/22 18:54:17|INFO    |5525:(ThreadPoolExecutor-0_0)|adaptive_policy|ACTION_ID: 01cc3c7f-b819-41fb-a849-662df77bf5b7|Adaptive policy normal mode is: ENABLED
2025/07/22 18:54:17|INFO    |5525:(ThreadPoolExecutor-0_0)|adaptive_policy|ACTION_ID: 01cc3c7f-b819-41fb-a849-662df77bf5b7|Adding normal operation mode parser
2025/07/22 18:54:17|INFO    |5525:(ThreadPoolExecutor-0_0)|adaptive_policy|ACTION_ID: 01cc3c7f-b819-41fb-a849-662df77bf5b7|Found 2 statistics components to analyze
2025/07/22 18:54:17|INFO    |5525:(ThreadPoolExecutor-0_0)|adaptive_policy|ACTION_ID: 01cc3c7f-b819-41fb-a849-662df77bf5b7|Running parser: auto_disable_agent
2025/07/22 18:54:17|INFO    |5525:(ThreadPoolExecutor-0_0)|adaptive_policy_utils|ACTION_ID: 01cc3c7f-b819-41fb-a849-662df77bf5b7|Detected traps version: 8.8.0.133595
2025/07/22 18:54:17|INFO    |5525:(ThreadPoolExecutor-0_0)|auto_disable_parser|ACTION_ID: 01cc3c7f-b819-41fb-a849-662df77bf5b7|Trapsd average CPU usage - normalized 0.8422073762792147
2025/07/22 18:54:17|INFO    |5525:(ThreadPoolExecutor-0_0)|auto_disable_parser|ACTION_ID: 01cc3c7f-b819-41fb-a849-662df77bf5b7|Trapsd average CPU usage 0.8422073762792147
2025/07/22 18:54:17|INFO    |5525:(ThreadPoolExecutor-0_0)|auto_disable_parser|ACTION_ID: 01cc3c7f-b819-41fb-a849-662df77bf5b7|Agent in normal state and CPU is normal, waiting for next iteration.
2025/07/22 18:54:17|INFO    |5525:(ThreadPoolExecutor-0_0)|auto_disable_parser|ACTION_ID: 01cc3c7f-b819-41fb-a849-662df77bf5b7|trapsd private memory usage 183,287,808
2025/07/22 18:54:17|INFO    |5525:(ThreadPoolExecutor-0_0)|auto_disable_parser|ACTION_ID: 01cc3c7f-b819-41fb-a849-662df77bf5b7|Agent in normal state and Memory is normal, waiting for next iteration.
2025/07/22 18:54:17|INFO    |5525:(ThreadPoolExecutor-0_0)|adaptive_policy|ACTION_ID: 01cc3c7f-b819-41fb-a849-662df77bf5b7|auto_disable_agent created output: None
2025/07/22 18:54:17|INFO    |5525:(ThreadPoolExecutor-0_0)|adaptive_policy|ACTION_ID: 01cc3c7f-b819-41fb-a849-662df77bf5b7|Running parser: edr_archive_parser
2025/07/22 18:54:17|INFO    |5525:(ThreadPoolExecutor-0_0)|edr_archive_parser|ACTION_ID: 01cc3c7f-b819-41fb-a849-662df77bf5b7|EDR Archive size: 0.0mb
2025/07/22 18:54:17|INFO    |5525:(ThreadPoolExecutor-0_0)|adaptive_policy|ACTION_ID: 01cc3c7f-b819-41fb-a849-662df77bf5b7|edr_archive_parser created output: None
2025/07/22 18:54:17|INFO    |5525:(ThreadPoolExecutor-0_0)|adaptive_policy|ACTION_ID: 01cc3c7f-b819-41fb-a849-662df77bf5b7|Running parser: syslog_parser
2025/07/22 18:54:17|INFO    |5525:(ThreadPoolExecutor-0_0)|adaptive_policy_utils|ACTION_ID: 01cc3c7f-b819-41fb-a849-662df77bf5b7|Detected traps version: 8.8.0.133595
2025/07/22 18:54:17|INFO    |5525:(ThreadPoolExecutor-0_0)|syslog_parser|ACTION_ID: 01cc3c7f-b819-41fb-a849-662df77bf5b7|Injected processes list: ['wickedd-dhcp6', 'couriertcpd', 'pmmasterd', 'authproxy', 'lighttpd', 'tinyproxy', 'mailman', 'wickedd-dhcp4', 'chronyd', 'apache2', 'xinetd', 'named', 'dovecot', 'samba', 'proftpd', 'charon', 'smbd', 'qmgr', 'ndsd', 'ibserver', 'cupsd', 'nscd', 'java', 'httpd', 'nmbd', 'mysqld', 'cyrus_pop3d', 'kamailio', 'pop2d', 'exim', 'pop3d', 'saned', 'squid', 'apache', 'danted', 'mongod', 'vsftpd', 'smartd', 'mysqld_safe', 'starter', 'squid3']
2025/07/22 18:54:17|INFO    |5525:(ThreadPoolExecutor-0_0)|syslog_parser|ACTION_ID: 01cc3c7f-b819-41fb-a849-662df77bf5b7|crash_counters: {'wickedd-dhcp6': 0, 'couriertcpd': 0, 'pmmasterd': 0, 'authproxy': 0, 'lighttpd': 0, 'tinyproxy': 0, 'mailman': 0, 'wickedd-dhcp4': 0, 'chronyd': 0, 'apache2': 0, 'xinetd': 0, 'named': 0, 'dovecot': 0, 'samba': 0, 'proftpd': 0, 'charon': 0, 'smbd': 0, 'qmgr': 0, 'ndsd': 0, 'ibserver': 0, 'cupsd': 0, 'nscd': 0, 'java': 0, 'httpd': 0, 'nmbd': 0, 'mysqld': 0, 'cyrus_pop3d': 0, 'kamailio': 0, 'pop2d': 0, 'exim': 0, 'pop3d': 0, 'saned': 0, 'squid': 0, 'apache': 0, 'danted': 0, 'mongod': 0, 'vsftpd': 0, 'smartd': 0, 'mysqld_safe': 0, 'starter': 0, 'squid3': 0}
2025/07/22 18:54:17|INFO    |5525:(ThreadPoolExecutor-0_0)|syslog_parser|ACTION_ID: 01cc3c7f-b819-41fb-a849-662df77bf5b7|Dypd statistics are empty. Cannot retrieve injected processes stats
2025/07/22 18:54:17|INFO    |5525:(ThreadPoolExecutor-0_0)|syslog_parser|ACTION_ID: 01cc3c7f-b819-41fb-a849-662df77bf5b7|Could not find any crash reports in statistics
2025/07/22 18:54:17|INFO    |5525:(ThreadPoolExecutor-0_0)|syslog_parser|ACTION_ID: 01cc3c7f-b819-41fb-a849-662df77bf5b7|Using temporary journal file: /opt/traps/python/scripts/tmpdek35465
2025/07/22 18:54:17|INFO    |5525:(ThreadPoolExecutor-0_0)|syslog_parser|ACTION_ID: 01cc3c7f-b819-41fb-a849-662df77bf5b7|Log file: /opt/traps/python/scripts/tmpdek35465 detected.
2025/07/22 18:54:17|INFO    |5525:(ThreadPoolExecutor-0_0)|syslog_parser|ACTION_ID: 01cc3c7f-b819-41fb-a849-662df77bf5b7|Syslog format RFC 3164 detected for line: Jul 22 11:04:20 linux-lab02 kernel: pci 0000:00:17.7: PCI bridge to [bus 1a]

2025/07/22 18:54:17|INFO    |5525:(ThreadPoolExecutor-0_0)|syslog_parser|ACTION_ID: 01cc3c7f-b819-41fb-a849-662df77bf5b7|Start monitor /opt/traps/python/scripts/tmpdek35465
2025/07/22 18:54:17|INFO    |5525:(ThreadPoolExecutor-0_0)|syslog_parser|ACTION_ID: 01cc3c7f-b819-41fb-a849-662df77bf5b7|Stopping to read lines as iterator has maxed out
2025/07/22 18:54:17|INFO    |5525:(ThreadPoolExecutor-0_0)|syslog_parser|ACTION_ID: 01cc3c7f-b819-41fb-a849-662df77bf5b7|saving last line date:: 22/07/1900 18:52:00
2025/07/22 18:54:17|INFO    |5525:(ThreadPoolExecutor-0_0)|syslog_parser|ACTION_ID: 01cc3c7f-b819-41fb-a849-662df77bf5b7|6 lines scanned by parser
2025/07/22 18:54:17|INFO    |5525:(ThreadPoolExecutor-0_0)|adaptive_policy|ACTION_ID: 01cc3c7f-b819-41fb-a849-662df77bf5b7|syslog_parser created output: None
2025/07/22 18:54:17|INFO    |5525:(ThreadPoolExecutor-0_0)|adaptive_policy|ACTION_ID: 01cc3c7f-b819-41fb-a849-662df77bf5b7|Running parser: net_collector
2025/07/22 18:54:17|INFO    |5525:(ThreadPoolExecutor-0_0)|net_collector_parser|ACTION_ID: 01cc3c7f-b819-41fb-a849-662df77bf5b7|NetCollector parser started
2025/07/22 18:54:17|INFO    |5525:(ThreadPoolExecutor-0_0)|net_collector_parser|ACTION_ID: 01cc3c7f-b819-41fb-a849-662df77bf5b7|System: cpu=3.0% idle=97.0%
2025/07/22 18:54:17|INFO    |5525:(ThreadPoolExecutor-0_0)|net_collector_parser|ACTION_ID: 01cc3c7f-b819-41fb-a849-662df77bf5b7|Thread CloudMetadata: cpu=0%
2025/07/22 18:54:17|INFO    |5525:(ThreadPoolExecutor-0_0)|net_collector_parser|ACTION_ID: 01cc3c7f-b819-41fb-a849-662df77bf5b7|Thread InjectedProcesses: cpu=0%
2025/07/22 18:54:17|INFO    |5525:(ThreadPoolExecutor-0_0)|net_collector_parser|ACTION_ID: 01cc3c7f-b819-41fb-a849-662df77bf5b7|Thread clad: cpu=0%
2025/07/22 18:54:17|INFO    |5525:(ThreadPoolExecutor-0_0)|net_collector_parser|ACTION_ID: 01cc3c7f-b819-41fb-a849-662df77bf5b7|Thread dypdng: cpu=0%
2025/07/22 18:54:17|INFO    |5525:(ThreadPoolExecutor-0_0)|net_collector_parser|ACTION_ID: 01cc3c7f-b819-41fb-a849-662df77bf5b7|Thread pmd: cpu=0%
2025/07/22 18:54:17|INFO    |5525:(ThreadPoolExecutor-0_0)|net_collector_parser|ACTION_ID: 01cc3c7f-b819-41fb-a849-662df77bf5b7|Thread pyxd: cpu=0%
2025/07/22 18:54:17|INFO    |5525:(ThreadPoolExecutor-0_0)|net_collector_parser|ACTION_ID: 01cc3c7f-b819-41fb-a849-662df77bf5b7|Thread sandboxd: cpu=0%
2025/07/22 18:54:17|INFO    |5525:(ThreadPoolExecutor-0_0)|adaptive_policy|ACTION_ID: 01cc3c7f-b819-41fb-a849-662df77bf5b7|net_collector created output: None
2025/07/22 18:54:17|INFO    |5525:(ThreadPoolExecutor-0_0)|adaptive_policy|ACTION_ID: 01cc3c7f-b819-41fb-a849-662df77bf5b7|Running parser: linux_auto_disable_on_write_parser
2025/07/22 18:54:17|INFO    |5525:(ThreadPoolExecutor-0_0)|adaptive_policy_utils|ACTION_ID: 01cc3c7f-b819-41fb-a849-662df77bf5b7|Detected traps version: 8.8.0.133595
2025/07/22 18:54:17|INFO    |5525:(ThreadPoolExecutor-0_0)|linux_auto_disable_on_write_parser|ACTION_ID: 01cc3c7f-b819-41fb-a849-662df77bf5b7|CPU is normal, waiting for next iteration.
2025/07/22 18:54:17|INFO    |5525:(ThreadPoolExecutor-0_0)|adaptive_policy|ACTION_ID: 01cc3c7f-b819-41fb-a849-662df77bf5b7|linux_auto_disable_on_write_parser created output: None
2025/07/22 18:54:17|INFO    |5525:(ThreadPoolExecutor-0_0)|adaptive_policy|ACTION_ID: 01cc3c7f-b819-41fb-a849-662df77bf5b7|{'apex': [], 'persistence': {'auto_disable_agent': {}, 'edr_archive_parser': {}, 'syslog_parser': {'last_scan': -2191456892.0}, 'net_collector': {}, 'linux_auto_disable_on_write_parser': {'trapsd_avg_cpu': 0.8422073762792147}}, 'output_settings': '{\n"agentDisabledByAdaptivePolicy": false\n}', 'last_analysis': 1753221257}
2025/07/22 19:09:17|INFO    |5525:(ThreadPoolExecutor-0_0)|adaptive_policy|ACTION_ID: 01cc3c7f-b819-41fb-a849-662df77bf5b7|Starting adaptive policy engine with kwargs: {}
2025/07/22 19:09:17|INFO    |5525:(ThreadPoolExecutor-0_0)|adaptive_policy_utils|ACTION_ID: 01cc3c7f-b819-41fb-a849-662df77bf5b7|Detected traps version: 8.8.0.133595
2025/07/22 19:09:17|INFO    |5525:(ThreadPoolExecutor-0_0)|adaptive_policy|ACTION_ID: 01cc3c7f-b819-41fb-a849-662df77bf5b7|{'adaptive_policy_interval': 900}
2025/07/22 19:09:18|INFO    |5525:(ThreadPoolExecutor-0_0)|adaptive_policy|ACTION_ID: 01cc3c7f-b819-41fb-a849-662df77bf5b7|Set value of adaptive_policy_interval to 900
2025/07/22 19:09:18|INFO    |5525:(ThreadPoolExecutor-0_0)|adaptive_policy|ACTION_ID: 01cc3c7f-b819-41fb-a849-662df77bf5b7|last analysis timestamp: Tuesday, July 22, 2025 at 06:54:17 PM
2025/07/22 19:09:18|INFO    |5525:(ThreadPoolExecutor-0_0)|adaptive_policy|ACTION_ID: 01cc3c7f-b819-41fb-a849-662df77bf5b7|High resolution mode: False
2025/07/22 19:09:18|INFO    |5525:(ThreadPoolExecutor-0_0)|adaptive_policy|ACTION_ID: 01cc3c7f-b819-41fb-a849-662df77bf5b7|Time elapsed since the previous normal mode execution: 901 seconds
2025/07/22 19:09:18|INFO    |5525:(ThreadPoolExecutor-0_0)|adaptive_policy|ACTION_ID: 01cc3c7f-b819-41fb-a849-662df77bf5b7|Adaptive policy normal operation mode interval: 900
2025/07/22 19:09:18|INFO    |5525:(ThreadPoolExecutor-0_0)|adaptive_policy|ACTION_ID: 01cc3c7f-b819-41fb-a849-662df77bf5b7|Adaptive policy normal mode is: ENABLED
2025/07/22 19:09:18|INFO    |5525:(ThreadPoolExecutor-0_0)|adaptive_policy|ACTION_ID: 01cc3c7f-b819-41fb-a849-662df77bf5b7|Adding normal operation mode parser
2025/07/22 19:09:18|INFO    |5525:(ThreadPoolExecutor-0_0)|adaptive_policy|ACTION_ID: 01cc3c7f-b819-41fb-a849-662df77bf5b7|Found 2 statistics components to analyze
2025/07/22 19:09:18|INFO    |5525:(ThreadPoolExecutor-0_0)|adaptive_policy|ACTION_ID: 01cc3c7f-b819-41fb-a849-662df77bf5b7|Running parser: auto_disable_agent
2025/07/22 19:09:18|INFO    |5525:(ThreadPoolExecutor-0_0)|adaptive_policy_utils|ACTION_ID: 01cc3c7f-b819-41fb-a849-662df77bf5b7|Detected traps version: 8.8.0.133595
2025/07/22 19:09:18|INFO    |5525:(ThreadPoolExecutor-0_0)|auto_disable_parser|ACTION_ID: 01cc3c7f-b819-41fb-a849-662df77bf5b7|Trapsd average CPU usage - normalized 0.7403195379563899
2025/07/22 19:09:18|INFO    |5525:(ThreadPoolExecutor-0_0)|auto_disable_parser|ACTION_ID: 01cc3c7f-b819-41fb-a849-662df77bf5b7|Trapsd average CPU usage 0.7403195379563899
2025/07/22 19:09:18|INFO    |5525:(ThreadPoolExecutor-0_0)|auto_disable_parser|ACTION_ID: 01cc3c7f-b819-41fb-a849-662df77bf5b7|Agent in normal state and CPU is normal, waiting for next iteration.
2025/07/22 19:09:18|INFO    |5525:(ThreadPoolExecutor-0_0)|auto_disable_parser|ACTION_ID: 01cc3c7f-b819-41fb-a849-662df77bf5b7|trapsd private memory usage 183,418,880
2025/07/22 19:09:18|INFO    |5525:(ThreadPoolExecutor-0_0)|auto_disable_parser|ACTION_ID: 01cc3c7f-b819-41fb-a849-662df77bf5b7|Agent in normal state and Memory is normal, waiting for next iteration.
2025/07/22 19:09:18|INFO    |5525:(ThreadPoolExecutor-0_0)|adaptive_policy|ACTION_ID: 01cc3c7f-b819-41fb-a849-662df77bf5b7|auto_disable_agent created output: None
2025/07/22 19:09:18|INFO    |5525:(ThreadPoolExecutor-0_0)|adaptive_policy|ACTION_ID: 01cc3c7f-b819-41fb-a849-662df77bf5b7|Running parser: edr_archive_parser
2025/07/22 19:09:18|INFO    |5525:(ThreadPoolExecutor-0_0)|edr_archive_parser|ACTION_ID: 01cc3c7f-b819-41fb-a849-662df77bf5b7|EDR Archive size: 0.0mb
2025/07/22 19:09:18|INFO    |5525:(ThreadPoolExecutor-0_0)|adaptive_policy|ACTION_ID: 01cc3c7f-b819-41fb-a849-662df77bf5b7|edr_archive_parser created output: None
2025/07/22 19:09:18|INFO    |5525:(ThreadPoolExecutor-0_0)|adaptive_policy|ACTION_ID: 01cc3c7f-b819-41fb-a849-662df77bf5b7|Running parser: syslog_parser
2025/07/22 19:09:18|INFO    |5525:(ThreadPoolExecutor-0_0)|adaptive_policy_utils|ACTION_ID: 01cc3c7f-b819-41fb-a849-662df77bf5b7|Detected traps version: 8.8.0.133595
2025/07/22 19:09:18|INFO    |5525:(ThreadPoolExecutor-0_0)|syslog_parser|ACTION_ID: 01cc3c7f-b819-41fb-a849-662df77bf5b7|Injected processes list: ['wickedd-dhcp6', 'couriertcpd', 'pmmasterd', 'authproxy', 'lighttpd', 'tinyproxy', 'mailman', 'wickedd-dhcp4', 'chronyd', 'apache2', 'xinetd', 'named', 'dovecot', 'samba', 'proftpd', 'charon', 'smbd', 'qmgr', 'ndsd', 'ibserver', 'cupsd', 'nscd', 'java', 'httpd', 'nmbd', 'mysqld', 'cyrus_pop3d', 'kamailio', 'pop2d', 'exim', 'pop3d', 'saned', 'squid', 'apache', 'danted', 'mongod', 'vsftpd', 'smartd', 'mysqld_safe', 'starter', 'squid3']
2025/07/22 19:09:18|INFO    |5525:(ThreadPoolExecutor-0_0)|syslog_parser|ACTION_ID: 01cc3c7f-b819-41fb-a849-662df77bf5b7|crash_counters: {'wickedd-dhcp6': 0, 'couriertcpd': 0, 'pmmasterd': 0, 'authproxy': 0, 'lighttpd': 0, 'tinyproxy': 0, 'mailman': 0, 'wickedd-dhcp4': 0, 'chronyd': 0, 'apache2': 0, 'xinetd': 0, 'named': 0, 'dovecot': 0, 'samba': 0, 'proftpd': 0, 'charon': 0, 'smbd': 0, 'qmgr': 0, 'ndsd': 0, 'ibserver': 0, 'cupsd': 0, 'nscd': 0, 'java': 0, 'httpd': 0, 'nmbd': 0, 'mysqld': 0, 'cyrus_pop3d': 0, 'kamailio': 0, 'pop2d': 0, 'exim': 0, 'pop3d': 0, 'saned': 0, 'squid': 0, 'apache': 0, 'danted': 0, 'mongod': 0, 'vsftpd': 0, 'smartd': 0, 'mysqld_safe': 0, 'starter': 0, 'squid3': 0}
2025/07/22 19:09:18|INFO    |5525:(ThreadPoolExecutor-0_0)|syslog_parser|ACTION_ID: 01cc3c7f-b819-41fb-a849-662df77bf5b7|Dypd statistics are empty. Cannot retrieve injected processes stats
2025/07/22 19:09:18|INFO    |5525:(ThreadPoolExecutor-0_0)|syslog_parser|ACTION_ID: 01cc3c7f-b819-41fb-a849-662df77bf5b7|Could not find any crash reports in statistics
2025/07/22 19:09:18|INFO    |5525:(ThreadPoolExecutor-0_0)|syslog_parser|ACTION_ID: 01cc3c7f-b819-41fb-a849-662df77bf5b7|Using temporary journal file: /opt/traps/python/scripts/tmp4k1bqgoi
2025/07/22 19:09:18|INFO    |5525:(ThreadPoolExecutor-0_0)|syslog_parser|ACTION_ID: 01cc3c7f-b819-41fb-a849-662df77bf5b7|Log file: /opt/traps/python/scripts/tmp4k1bqgoi detected.
2025/07/22 19:09:18|INFO    |5525:(ThreadPoolExecutor-0_0)|syslog_parser|ACTION_ID: 01cc3c7f-b819-41fb-a849-662df77bf5b7|Syslog format RFC 3164 detected for line: Jul 22 11:04:20 linux-lab02 kernel: pci 0000:00:18.0: PCI bridge to [bus 1b]

2025/07/22 19:09:18|INFO    |5525:(ThreadPoolExecutor-0_0)|syslog_parser|ACTION_ID: 01cc3c7f-b819-41fb-a849-662df77bf5b7|Start monitor /opt/traps/python/scripts/tmp4k1bqgoi
2025/07/22 19:09:18|INFO    |5525:(ThreadPoolExecutor-0_0)|syslog_parser|ACTION_ID: 01cc3c7f-b819-41fb-a849-662df77bf5b7|Stopping to read lines as iterator has maxed out
2025/07/22 19:09:18|INFO    |5525:(ThreadPoolExecutor-0_0)|syslog_parser|ACTION_ID: 01cc3c7f-b819-41fb-a849-662df77bf5b7|saving last line date:: 22/07/1900 19:05:10
2025/07/22 19:09:18|INFO    |5525:(ThreadPoolExecutor-0_0)|syslog_parser|ACTION_ID: 01cc3c7f-b819-41fb-a849-662df77bf5b7|3 lines scanned by parser
2025/07/22 19:09:18|INFO    |5525:(ThreadPoolExecutor-0_0)|adaptive_policy|ACTION_ID: 01cc3c7f-b819-41fb-a849-662df77bf5b7|syslog_parser created output: None
2025/07/22 19:09:18|INFO    |5525:(ThreadPoolExecutor-0_0)|adaptive_policy|ACTION_ID: 01cc3c7f-b819-41fb-a849-662df77bf5b7|Running parser: net_collector
2025/07/22 19:09:18|INFO    |5525:(ThreadPoolExecutor-0_0)|net_collector_parser|ACTION_ID: 01cc3c7f-b819-41fb-a849-662df77bf5b7|NetCollector parser started
2025/07/22 19:09:18|INFO    |5525:(ThreadPoolExecutor-0_0)|net_collector_parser|ACTION_ID: 01cc3c7f-b819-41fb-a849-662df77bf5b7|System: cpu=3.0% idle=97.0%
2025/07/22 19:09:18|INFO    |5525:(ThreadPoolExecutor-0_0)|net_collector_parser|ACTION_ID: 01cc3c7f-b819-41fb-a849-662df77bf5b7|Thread CloudMetadata: cpu=0%
2025/07/22 19:09:18|INFO    |5525:(ThreadPoolExecutor-0_0)|net_collector_parser|ACTION_ID: 01cc3c7f-b819-41fb-a849-662df77bf5b7|Thread InjectedProcesses: cpu=0%
2025/07/22 19:09:18|INFO    |5525:(ThreadPoolExecutor-0_0)|net_collector_parser|ACTION_ID: 01cc3c7f-b819-41fb-a849-662df77bf5b7|Thread clad: cpu=0%
2025/07/22 19:09:18|INFO    |5525:(ThreadPoolExecutor-0_0)|net_collector_parser|ACTION_ID: 01cc3c7f-b819-41fb-a849-662df77bf5b7|Thread dypdng: cpu=0%
2025/07/22 19:09:18|INFO    |5525:(ThreadPoolExecutor-0_0)|net_collector_parser|ACTION_ID: 01cc3c7f-b819-41fb-a849-662df77bf5b7|Thread pmd: cpu=0%
2025/07/22 19:09:18|INFO    |5525:(ThreadPoolExecutor-0_0)|net_collector_parser|ACTION_ID: 01cc3c7f-b819-41fb-a849-662df77bf5b7|Thread pyxd: cpu=0%
2025/07/22 19:09:18|INFO    |5525:(ThreadPoolExecutor-0_0)|net_collector_parser|ACTION_ID: 01cc3c7f-b819-41fb-a849-662df77bf5b7|Thread sandboxd: cpu=0%
2025/07/22 19:09:18|INFO    |5525:(ThreadPoolExecutor-0_0)|adaptive_policy|ACTION_ID: 01cc3c7f-b819-41fb-a849-662df77bf5b7|net_collector created output: None
2025/07/22 19:09:18|INFO    |5525:(ThreadPoolExecutor-0_0)|adaptive_policy|ACTION_ID: 01cc3c7f-b819-41fb-a849-662df77bf5b7|Running parser: linux_auto_disable_on_write_parser
2025/07/22 19:09:18|INFO    |5525:(ThreadPoolExecutor-0_0)|adaptive_policy_utils|ACTION_ID: 01cc3c7f-b819-41fb-a849-662df77bf5b7|Detected traps version: 8.8.0.133595
2025/07/22 19:09:18|INFO    |5525:(ThreadPoolExecutor-0_0)|linux_auto_disable_on_write_parser|ACTION_ID: 01cc3c7f-b819-41fb-a849-662df77bf5b7|CPU is normal, waiting for next iteration.
2025/07/22 19:09:18|INFO    |5525:(ThreadPoolExecutor-0_0)|adaptive_policy|ACTION_ID: 01cc3c7f-b819-41fb-a849-662df77bf5b7|linux_auto_disable_on_write_parser created output: None
2025/07/22 19:09:18|INFO    |5525:(ThreadPoolExecutor-0_0)|adaptive_policy|ACTION_ID: 01cc3c7f-b819-41fb-a849-662df77bf5b7|{'apex': [], 'persistence': {'auto_disable_agent': {}, 'edr_archive_parser': {}, 'syslog_parser': {'last_scan': -2191456102.0}, 'net_collector': {}, 'linux_auto_disable_on_write_parser': {'trapsd_avg_cpu': 0.7403195379563899}}, 'output_settings': '{\n"agentDisabledByAdaptivePolicy": false\n}', 'last_analysis': 1753222158}
2025/07/22 19:24:18|INFO    |5525:(ThreadPoolExecutor-0_0)|adaptive_policy|ACTION_ID: 01cc3c7f-b819-41fb-a849-662df77bf5b7|Starting adaptive policy engine with kwargs: {}
2025/07/22 19:24:18|INFO    |5525:(ThreadPoolExecutor-0_0)|adaptive_policy_utils|ACTION_ID: 01cc3c7f-b819-41fb-a849-662df77bf5b7|Detected traps version: 8.8.0.133595
2025/07/22 19:24:18|INFO    |5525:(ThreadPoolExecutor-0_0)|adaptive_policy|ACTION_ID: 01cc3c7f-b819-41fb-a849-662df77bf5b7|{'adaptive_policy_interval': 900}
2025/07/22 19:24:18|INFO    |5525:(ThreadPoolExecutor-0_0)|adaptive_policy|ACTION_ID: 01cc3c7f-b819-41fb-a849-662df77bf5b7|Set value of adaptive_policy_interval to 900
2025/07/22 19:24:18|INFO    |5525:(ThreadPoolExecutor-0_0)|adaptive_policy|ACTION_ID: 01cc3c7f-b819-41fb-a849-662df77bf5b7|last analysis timestamp: Tuesday, July 22, 2025 at 07:09:18 PM
2025/07/22 19:24:18|INFO    |5525:(ThreadPoolExecutor-0_0)|adaptive_policy|ACTION_ID: 01cc3c7f-b819-41fb-a849-662df77bf5b7|High resolution mode: False
2025/07/22 19:24:18|INFO    |5525:(ThreadPoolExecutor-0_0)|adaptive_policy|ACTION_ID: 01cc3c7f-b819-41fb-a849-662df77bf5b7|Time elapsed since the previous normal mode execution: 900 seconds
2025/07/22 19:24:18|INFO    |5525:(ThreadPoolExecutor-0_0)|adaptive_policy|ACTION_ID: 01cc3c7f-b819-41fb-a849-662df77bf5b7|Adaptive policy normal operation mode interval: 900
2025/07/22 19:24:18|INFO    |5525:(ThreadPoolExecutor-0_0)|adaptive_policy|ACTION_ID: 01cc3c7f-b819-41fb-a849-662df77bf5b7|Adaptive policy normal mode is: ENABLED
2025/07/22 19:24:18|INFO    |5525:(ThreadPoolExecutor-0_0)|adaptive_policy|ACTION_ID: 01cc3c7f-b819-41fb-a849-662df77bf5b7|Adding normal operation mode parser
2025/07/22 19:24:18|INFO    |5525:(ThreadPoolExecutor-0_0)|adaptive_policy|ACTION_ID: 01cc3c7f-b819-41fb-a849-662df77bf5b7|Found 2 statistics components to analyze
2025/07/22 19:24:18|INFO    |5525:(ThreadPoolExecutor-0_0)|adaptive_policy|ACTION_ID: 01cc3c7f-b819-41fb-a849-662df77bf5b7|Running parser: auto_disable_agent
2025/07/22 19:24:18|INFO    |5525:(ThreadPoolExecutor-0_0)|adaptive_policy_utils|ACTION_ID: 01cc3c7f-b819-41fb-a849-662df77bf5b7|Detected traps version: 8.8.0.133595
2025/07/22 19:24:18|INFO    |5525:(ThreadPoolExecutor-0_0)|auto_disable_parser|ACTION_ID: 01cc3c7f-b819-41fb-a849-662df77bf5b7|Trapsd average CPU usage - normalized 0.7775303382042429
2025/07/22 19:24:18|INFO    |5525:(ThreadPoolExecutor-0_0)|auto_disable_parser|ACTION_ID: 01cc3c7f-b819-41fb-a849-662df77bf5b7|Trapsd average CPU usage 0.7775303382042429
2025/07/22 19:24:18|INFO    |5525:(ThreadPoolExecutor-0_0)|auto_disable_parser|ACTION_ID: 01cc3c7f-b819-41fb-a849-662df77bf5b7|Agent in normal state and CPU is normal, waiting for next iteration.
2025/07/22 19:24:18|INFO    |5525:(ThreadPoolExecutor-0_0)|auto_disable_parser|ACTION_ID: 01cc3c7f-b819-41fb-a849-662df77bf5b7|trapsd private memory usage 186,585,088
2025/07/22 19:24:18|INFO    |5525:(ThreadPoolExecutor-0_0)|auto_disable_parser|ACTION_ID: 01cc3c7f-b819-41fb-a849-662df77bf5b7|Agent in normal state and Memory is normal, waiting for next iteration.
2025/07/22 19:24:18|INFO    |5525:(ThreadPoolExecutor-0_0)|adaptive_policy|ACTION_ID: 01cc3c7f-b819-41fb-a849-662df77bf5b7|auto_disable_agent created output: None
2025/07/22 19:24:18|INFO    |5525:(ThreadPoolExecutor-0_0)|adaptive_policy|ACTION_ID: 01cc3c7f-b819-41fb-a849-662df77bf5b7|Running parser: edr_archive_parser
2025/07/22 19:24:18|INFO    |5525:(ThreadPoolExecutor-0_0)|edr_archive_parser|ACTION_ID: 01cc3c7f-b819-41fb-a849-662df77bf5b7|EDR Archive size: 0.0mb
2025/07/22 19:24:18|INFO    |5525:(ThreadPoolExecutor-0_0)|adaptive_policy|ACTION_ID: 01cc3c7f-b819-41fb-a849-662df77bf5b7|edr_archive_parser created output: None
2025/07/22 19:24:18|INFO    |5525:(ThreadPoolExecutor-0_0)|adaptive_policy|ACTION_ID: 01cc3c7f-b819-41fb-a849-662df77bf5b7|Running parser: syslog_parser
2025/07/22 19:24:18|INFO    |5525:(ThreadPoolExecutor-0_0)|adaptive_policy_utils|ACTION_ID: 01cc3c7f-b819-41fb-a849-662df77bf5b7|Detected traps version: 8.8.0.133595
2025/07/22 19:24:18|INFO    |5525:(ThreadPoolExecutor-0_0)|syslog_parser|ACTION_ID: 01cc3c7f-b819-41fb-a849-662df77bf5b7|Injected processes list: ['wickedd-dhcp6', 'couriertcpd', 'pmmasterd', 'authproxy', 'lighttpd', 'tinyproxy', 'mailman', 'wickedd-dhcp4', 'chronyd', 'apache2', 'xinetd', 'named', 'dovecot', 'samba', 'proftpd', 'charon', 'smbd', 'qmgr', 'ndsd', 'ibserver', 'cupsd', 'nscd', 'java', 'httpd', 'nmbd', 'mysqld', 'cyrus_pop3d', 'kamailio', 'pop2d', 'exim', 'pop3d', 'saned', 'squid', 'apache', 'danted', 'mongod', 'vsftpd', 'smartd', 'mysqld_safe', 'starter', 'squid3']
2025/07/22 19:24:18|INFO    |5525:(ThreadPoolExecutor-0_0)|syslog_parser|ACTION_ID: 01cc3c7f-b819-41fb-a849-662df77bf5b7|crash_counters: {'wickedd-dhcp6': 0, 'couriertcpd': 0, 'pmmasterd': 0, 'authproxy': 0, 'lighttpd': 0, 'tinyproxy': 0, 'mailman': 0, 'wickedd-dhcp4': 0, 'chronyd': 0, 'apache2': 0, 'xinetd': 0, 'named': 0, 'dovecot': 0, 'samba': 0, 'proftpd': 0, 'charon': 0, 'smbd': 0, 'qmgr': 0, 'ndsd': 0, 'ibserver': 0, 'cupsd': 0, 'nscd': 0, 'java': 0, 'httpd': 0, 'nmbd': 0, 'mysqld': 0, 'cyrus_pop3d': 0, 'kamailio': 0, 'pop2d': 0, 'exim': 0, 'pop3d': 0, 'saned': 0, 'squid': 0, 'apache': 0, 'danted': 0, 'mongod': 0, 'vsftpd': 0, 'smartd': 0, 'mysqld_safe': 0, 'starter': 0, 'squid3': 0}
2025/07/22 19:24:18|INFO    |5525:(ThreadPoolExecutor-0_0)|syslog_parser|ACTION_ID: 01cc3c7f-b819-41fb-a849-662df77bf5b7|Dypd statistics are empty. Cannot retrieve injected processes stats
2025/07/22 19:24:18|INFO    |5525:(ThreadPoolExecutor-0_0)|syslog_parser|ACTION_ID: 01cc3c7f-b819-41fb-a849-662df77bf5b7|Could not find any crash reports in statistics
2025/07/22 19:24:18|INFO    |5525:(ThreadPoolExecutor-0_0)|syslog_parser|ACTION_ID: 01cc3c7f-b819-41fb-a849-662df77bf5b7|Using temporary journal file: /opt/traps/python/scripts/tmps6sotjap
2025/07/22 19:24:18|INFO    |5525:(ThreadPoolExecutor-0_0)|syslog_parser|ACTION_ID: 01cc3c7f-b819-41fb-a849-662df77bf5b7|Log file: /opt/traps/python/scripts/tmps6sotjap detected.
2025/07/22 19:24:18|INFO    |5525:(ThreadPoolExecutor-0_0)|syslog_parser|ACTION_ID: 01cc3c7f-b819-41fb-a849-662df77bf5b7|Syslog format RFC 3164 detected for line: Jul 22 11:04:20 linux-lab02 kernel: pci 0000:00:18.1:   bridge window [mem 0xfcd00000-0xfcdfffff]

2025/07/22 19:24:18|INFO    |5525:(ThreadPoolExecutor-0_0)|syslog_parser|ACTION_ID: 01cc3c7f-b819-41fb-a849-662df77bf5b7|Start monitor /opt/traps/python/scripts/tmps6sotjap
2025/07/22 19:24:18|INFO    |5525:(ThreadPoolExecutor-0_0)|syslog_parser|ACTION_ID: 01cc3c7f-b819-41fb-a849-662df77bf5b7|Stopping to read lines as iterator has maxed out
2025/07/22 19:24:18|INFO    |5525:(ThreadPoolExecutor-0_0)|syslog_parser|ACTION_ID: 01cc3c7f-b819-41fb-a849-662df77bf5b7|saving last line date:: 22/07/1900 19:18:18
2025/07/22 19:24:18|INFO    |5525:(ThreadPoolExecutor-0_0)|syslog_parser|ACTION_ID: 01cc3c7f-b819-41fb-a849-662df77bf5b7|6 lines scanned by parser
2025/07/22 19:24:18|INFO    |5525:(ThreadPoolExecutor-0_0)|adaptive_policy|ACTION_ID: 01cc3c7f-b819-41fb-a849-662df77bf5b7|syslog_parser created output: None
2025/07/22 19:24:18|INFO    |5525:(ThreadPoolExecutor-0_0)|adaptive_policy|ACTION_ID: 01cc3c7f-b819-41fb-a849-662df77bf5b7|Running parser: net_collector
2025/07/22 19:24:18|INFO    |5525:(ThreadPoolExecutor-0_0)|net_collector_parser|ACTION_ID: 01cc3c7f-b819-41fb-a849-662df77bf5b7|NetCollector parser started
2025/07/22 19:24:18|INFO    |5525:(ThreadPoolExecutor-0_0)|net_collector_parser|ACTION_ID: 01cc3c7f-b819-41fb-a849-662df77bf5b7|System: cpu=3.0% idle=97.0%
2025/07/22 19:24:18|INFO    |5525:(ThreadPoolExecutor-0_0)|net_collector_parser|ACTION_ID: 01cc3c7f-b819-41fb-a849-662df77bf5b7|Thread CloudMetadata: cpu=0%
2025/07/22 19:24:18|INFO    |5525:(ThreadPoolExecutor-0_0)|net_collector_parser|ACTION_ID: 01cc3c7f-b819-41fb-a849-662df77bf5b7|Thread InjectedProcesses: cpu=0%
2025/07/22 19:24:18|INFO    |5525:(ThreadPoolExecutor-0_0)|net_collector_parser|ACTION_ID: 01cc3c7f-b819-41fb-a849-662df77bf5b7|Thread clad: cpu=0%
2025/07/22 19:24:18|INFO    |5525:(ThreadPoolExecutor-0_0)|net_collector_parser|ACTION_ID: 01cc3c7f-b819-41fb-a849-662df77bf5b7|Thread dypdng: cpu=0%
2025/07/22 19:24:18|INFO    |5525:(ThreadPoolExecutor-0_0)|net_collector_parser|ACTION_ID: 01cc3c7f-b819-41fb-a849-662df77bf5b7|Thread pmd: cpu=0%
2025/07/22 19:24:18|INFO    |5525:(ThreadPoolExecutor-0_0)|net_collector_parser|ACTION_ID: 01cc3c7f-b819-41fb-a849-662df77bf5b7|Thread pyxd: cpu=0%
2025/07/22 19:24:18|INFO    |5525:(ThreadPoolExecutor-0_0)|net_collector_parser|ACTION_ID: 01cc3c7f-b819-41fb-a849-662df77bf5b7|Thread sandboxd: cpu=0%
2025/07/22 19:24:18|INFO    |5525:(ThreadPoolExecutor-0_0)|adaptive_policy|ACTION_ID: 01cc3c7f-b819-41fb-a849-662df77bf5b7|net_collector created output: None
2025/07/22 19:24:18|INFO    |5525:(ThreadPoolExecutor-0_0)|adaptive_policy|ACTION_ID: 01cc3c7f-b819-41fb-a849-662df77bf5b7|Running parser: linux_auto_disable_on_write_parser
2025/07/22 19:24:18|INFO    |5525:(ThreadPoolExecutor-0_0)|adaptive_policy_utils|ACTION_ID: 01cc3c7f-b819-41fb-a849-662df77bf5b7|Detected traps version: 8.8.0.133595
2025/07/22 19:24:18|INFO    |5525:(ThreadPoolExecutor-0_0)|linux_auto_disable_on_write_parser|ACTION_ID: 01cc3c7f-b819-41fb-a849-662df77bf5b7|CPU is normal, waiting for next iteration.
2025/07/22 19:24:18|INFO    |5525:(ThreadPoolExecutor-0_0)|adaptive_policy|ACTION_ID: 01cc3c7f-b819-41fb-a849-662df77bf5b7|linux_auto_disable_on_write_parser created output: None
2025/07/22 19:24:18|INFO    |5525:(ThreadPoolExecutor-0_0)|adaptive_policy|ACTION_ID: 01cc3c7f-b819-41fb-a849-662df77bf5b7|{'apex': [], 'persistence': {'auto_disable_agent': {}, 'edr_archive_parser': {}, 'syslog_parser': {'last_scan': -2191455314.0}, 'net_collector': {}, 'linux_auto_disable_on_write_parser': {'trapsd_avg_cpu': 0.7775303382042429}}, 'output_settings': '{\n"agentDisabledByAdaptivePolicy": false\n}', 'last_analysis': 1753223058}
2025/07/22 19:39:18|INFO    |5525:(ThreadPoolExecutor-0_0)|adaptive_policy|ACTION_ID: 01cc3c7f-b819-41fb-a849-662df77bf5b7|Starting adaptive policy engine with kwargs: {}
2025/07/22 19:39:18|INFO    |5525:(ThreadPoolExecutor-0_0)|adaptive_policy_utils|ACTION_ID: 01cc3c7f-b819-41fb-a849-662df77bf5b7|Detected traps version: 8.8.0.133595
2025/07/22 19:39:18|INFO    |5525:(ThreadPoolExecutor-0_0)|adaptive_policy|ACTION_ID: 01cc3c7f-b819-41fb-a849-662df77bf5b7|{'adaptive_policy_interval': 900}
2025/07/22 19:39:18|INFO    |5525:(ThreadPoolExecutor-0_0)|adaptive_policy|ACTION_ID: 01cc3c7f-b819-41fb-a849-662df77bf5b7|Set value of adaptive_policy_interval to 900
2025/07/22 19:39:18|INFO    |5525:(ThreadPoolExecutor-0_0)|adaptive_policy|ACTION_ID: 01cc3c7f-b819-41fb-a849-662df77bf5b7|last analysis timestamp: Tuesday, July 22, 2025 at 07:24:18 PM
2025/07/22 19:39:18|INFO    |5525:(ThreadPoolExecutor-0_0)|adaptive_policy|ACTION_ID: 01cc3c7f-b819-41fb-a849-662df77bf5b7|High resolution mode: False
2025/07/22 19:39:18|INFO    |5525:(ThreadPoolExecutor-0_0)|adaptive_policy|ACTION_ID: 01cc3c7f-b819-41fb-a849-662df77bf5b7|Time elapsed since the previous normal mode execution: 900 seconds
2025/07/22 19:39:18|INFO    |5525:(ThreadPoolExecutor-0_0)|adaptive_policy|ACTION_ID: 01cc3c7f-b819-41fb-a849-662df77bf5b7|Adaptive policy normal operation mode interval: 900
2025/07/22 19:39:18|INFO    |5525:(ThreadPoolExecutor-0_0)|adaptive_policy|ACTION_ID: 01cc3c7f-b819-41fb-a849-662df77bf5b7|Adaptive policy normal mode is: ENABLED
2025/07/22 19:39:18|INFO    |5525:(ThreadPoolExecutor-0_0)|adaptive_policy|ACTION_ID: 01cc3c7f-b819-41fb-a849-662df77bf5b7|Adding normal operation mode parser
2025/07/22 19:39:18|INFO    |5525:(ThreadPoolExecutor-0_0)|adaptive_policy|ACTION_ID: 01cc3c7f-b819-41fb-a849-662df77bf5b7|Found 2 statistics components to analyze
2025/07/22 19:39:18|INFO    |5525:(ThreadPoolExecutor-0_0)|adaptive_policy|ACTION_ID: 01cc3c7f-b819-41fb-a849-662df77bf5b7|Running parser: auto_disable_agent
2025/07/22 19:39:18|INFO    |5525:(ThreadPoolExecutor-0_0)|adaptive_policy_utils|ACTION_ID: 01cc3c7f-b819-41fb-a849-662df77bf5b7|Detected traps version: 8.8.0.133595
2025/07/22 19:39:18|INFO    |5525:(ThreadPoolExecutor-0_0)|auto_disable_parser|ACTION_ID: 01cc3c7f-b819-41fb-a849-662df77bf5b7|Trapsd average CPU usage - normalized 0.8320899152705415
2025/07/22 19:39:18|INFO    |5525:(ThreadPoolExecutor-0_0)|auto_disable_parser|ACTION_ID: 01cc3c7f-b819-41fb-a849-662df77bf5b7|Trapsd average CPU usage 0.8320899152705415
2025/07/22 19:39:18|INFO    |5525:(ThreadPoolExecutor-0_0)|auto_disable_parser|ACTION_ID: 01cc3c7f-b819-41fb-a849-662df77bf5b7|Agent in normal state and CPU is normal, waiting for next iteration.
2025/07/22 19:39:18|INFO    |5525:(ThreadPoolExecutor-0_0)|auto_disable_parser|ACTION_ID: 01cc3c7f-b819-41fb-a849-662df77bf5b7|trapsd private memory usage 188,502,016
2025/07/22 19:39:18|INFO    |5525:(ThreadPoolExecutor-0_0)|auto_disable_parser|ACTION_ID: 01cc3c7f-b819-41fb-a849-662df77bf5b7|Agent in normal state and Memory is normal, waiting for next iteration.
2025/07/22 19:39:18|INFO    |5525:(ThreadPoolExecutor-0_0)|adaptive_policy|ACTION_ID: 01cc3c7f-b819-41fb-a849-662df77bf5b7|auto_disable_agent created output: None
2025/07/22 19:39:18|INFO    |5525:(ThreadPoolExecutor-0_0)|adaptive_policy|ACTION_ID: 01cc3c7f-b819-41fb-a849-662df77bf5b7|Running parser: edr_archive_parser
2025/07/22 19:39:18|INFO    |5525:(ThreadPoolExecutor-0_0)|edr_archive_parser|ACTION_ID: 01cc3c7f-b819-41fb-a849-662df77bf5b7|EDR Archive size: 0.0mb
2025/07/22 19:39:18|INFO    |5525:(ThreadPoolExecutor-0_0)|adaptive_policy|ACTION_ID: 01cc3c7f-b819-41fb-a849-662df77bf5b7|edr_archive_parser created output: None
2025/07/22 19:39:18|INFO    |5525:(ThreadPoolExecutor-0_0)|adaptive_policy|ACTION_ID: 01cc3c7f-b819-41fb-a849-662df77bf5b7|Running parser: syslog_parser
2025/07/22 19:39:18|INFO    |5525:(ThreadPoolExecutor-0_0)|adaptive_policy_utils|ACTION_ID: 01cc3c7f-b819-41fb-a849-662df77bf5b7|Detected traps version: 8.8.0.133595
2025/07/22 19:39:18|INFO    |5525:(ThreadPoolExecutor-0_0)|syslog_parser|ACTION_ID: 01cc3c7f-b819-41fb-a849-662df77bf5b7|Injected processes list: ['wickedd-dhcp6', 'couriertcpd', 'pmmasterd', 'authproxy', 'lighttpd', 'tinyproxy', 'mailman', 'wickedd-dhcp4', 'chronyd', 'apache2', 'xinetd', 'named', 'dovecot', 'samba', 'proftpd', 'charon', 'smbd', 'qmgr', 'ndsd', 'ibserver', 'cupsd', 'nscd', 'java', 'httpd', 'nmbd', 'mysqld', 'cyrus_pop3d', 'kamailio', 'pop2d', 'exim', 'pop3d', 'saned', 'squid', 'apache', 'danted', 'mongod', 'vsftpd', 'smartd', 'mysqld_safe', 'starter', 'squid3']
2025/07/22 19:39:18|INFO    |5525:(ThreadPoolExecutor-0_0)|syslog_parser|ACTION_ID: 01cc3c7f-b819-41fb-a849-662df77bf5b7|crash_counters: {'wickedd-dhcp6': 0, 'couriertcpd': 0, 'pmmasterd': 0, 'authproxy': 0, 'lighttpd': 0, 'tinyproxy': 0, 'mailman': 0, 'wickedd-dhcp4': 0, 'chronyd': 0, 'apache2': 0, 'xinetd': 0, 'named': 0, 'dovecot': 0, 'samba': 0, 'proftpd': 0, 'charon': 0, 'smbd': 0, 'qmgr': 0, 'ndsd': 0, 'ibserver': 0, 'cupsd': 0, 'nscd': 0, 'java': 0, 'httpd': 0, 'nmbd': 0, 'mysqld': 0, 'cyrus_pop3d': 0, 'kamailio': 0, 'pop2d': 0, 'exim': 0, 'pop3d': 0, 'saned': 0, 'squid': 0, 'apache': 0, 'danted': 0, 'mongod': 0, 'vsftpd': 0, 'smartd': 0, 'mysqld_safe': 0, 'starter': 0, 'squid3': 0}
2025/07/22 19:39:18|INFO    |5525:(ThreadPoolExecutor-0_0)|syslog_parser|ACTION_ID: 01cc3c7f-b819-41fb-a849-662df77bf5b7|Dypd statistics are empty. Cannot retrieve injected processes stats
2025/07/22 19:39:18|INFO    |5525:(ThreadPoolExecutor-0_0)|syslog_parser|ACTION_ID: 01cc3c7f-b819-41fb-a849-662df77bf5b7|Could not find any crash reports in statistics
2025/07/22 19:39:18|INFO    |5525:(ThreadPoolExecutor-0_0)|syslog_parser|ACTION_ID: 01cc3c7f-b819-41fb-a849-662df77bf5b7|Using temporary journal file: /opt/traps/python/scripts/tmp6d3f1j5k
2025/07/22 19:39:18|INFO    |5525:(ThreadPoolExecutor-0_0)|syslog_parser|ACTION_ID: 01cc3c7f-b819-41fb-a849-662df77bf5b7|Log file: /opt/traps/python/scripts/tmp6d3f1j5k detected.
2025/07/22 19:39:18|INFO    |5525:(ThreadPoolExecutor-0_0)|syslog_parser|ACTION_ID: 01cc3c7f-b819-41fb-a849-662df77bf5b7|Syslog format RFC 3164 detected for line: Jul 22 11:04:20 linux-lab02 kernel: pci 0000:00:18.2:   bridge window [mem 0xfc900000-0xfc9fffff]

2025/07/22 19:39:18|INFO    |5525:(ThreadPoolExecutor-0_0)|syslog_parser|ACTION_ID: 01cc3c7f-b819-41fb-a849-662df77bf5b7|Start monitor /opt/traps/python/scripts/tmp6d3f1j5k
2025/07/22 19:39:18|INFO    |5525:(ThreadPoolExecutor-0_0)|syslog_parser|ACTION_ID: 01cc3c7f-b819-41fb-a849-662df77bf5b7|Stopping to read lines as iterator has maxed out
2025/07/22 19:39:18|INFO    |5525:(ThreadPoolExecutor-0_0)|syslog_parser|ACTION_ID: 01cc3c7f-b819-41fb-a849-662df77bf5b7|saving last line date:: 22/07/1900 19:31:47
2025/07/22 19:39:18|INFO    |5525:(ThreadPoolExecutor-0_0)|syslog_parser|ACTION_ID: 01cc3c7f-b819-41fb-a849-662df77bf5b7|3 lines scanned by parser
2025/07/22 19:39:18|INFO    |5525:(ThreadPoolExecutor-0_0)|adaptive_policy|ACTION_ID: 01cc3c7f-b819-41fb-a849-662df77bf5b7|syslog_parser created output: None
2025/07/22 19:39:18|INFO    |5525:(ThreadPoolExecutor-0_0)|adaptive_policy|ACTION_ID: 01cc3c7f-b819-41fb-a849-662df77bf5b7|Running parser: net_collector
2025/07/22 19:39:18|INFO    |5525:(ThreadPoolExecutor-0_0)|net_collector_parser|ACTION_ID: 01cc3c7f-b819-41fb-a849-662df77bf5b7|NetCollector parser started
2025/07/22 19:39:18|INFO    |5525:(ThreadPoolExecutor-0_0)|net_collector_parser|ACTION_ID: 01cc3c7f-b819-41fb-a849-662df77bf5b7|System: cpu=3.0% idle=97.0%
2025/07/22 19:39:18|INFO    |5525:(ThreadPoolExecutor-0_0)|net_collector_parser|ACTION_ID: 01cc3c7f-b819-41fb-a849-662df77bf5b7|Thread CloudMetadata: cpu=0%
2025/07/22 19:39:18|INFO    |5525:(ThreadPoolExecutor-0_0)|net_collector_parser|ACTION_ID: 01cc3c7f-b819-41fb-a849-662df77bf5b7|Thread InjectedProcesses: cpu=0%
2025/07/22 19:39:18|INFO    |5525:(ThreadPoolExecutor-0_0)|net_collector_parser|ACTION_ID: 01cc3c7f-b819-41fb-a849-662df77bf5b7|Thread clad: cpu=0%
2025/07/22 19:39:18|INFO    |5525:(ThreadPoolExecutor-0_0)|net_collector_parser|ACTION_ID: 01cc3c7f-b819-41fb-a849-662df77bf5b7|Thread dypdng: cpu=0%
2025/07/22 19:39:18|INFO    |5525:(ThreadPoolExecutor-0_0)|net_collector_parser|ACTION_ID: 01cc3c7f-b819-41fb-a849-662df77bf5b7|Thread pmd: cpu=0%
2025/07/22 19:39:18|INFO    |5525:(ThreadPoolExecutor-0_0)|net_collector_parser|ACTION_ID: 01cc3c7f-b819-41fb-a849-662df77bf5b7|Thread pyxd: cpu=0%
2025/07/22 19:39:18|INFO    |5525:(ThreadPoolExecutor-0_0)|net_collector_parser|ACTION_ID: 01cc3c7f-b819-41fb-a849-662df77bf5b7|Thread sandboxd: cpu=0%
2025/07/22 19:39:18|INFO    |5525:(ThreadPoolExecutor-0_0)|adaptive_policy|ACTION_ID: 01cc3c7f-b819-41fb-a849-662df77bf5b7|net_collector created output: None
2025/07/22 19:39:18|INFO    |5525:(ThreadPoolExecutor-0_0)|adaptive_policy|ACTION_ID: 01cc3c7f-b819-41fb-a849-662df77bf5b7|Running parser: linux_auto_disable_on_write_parser
2025/07/22 19:39:18|INFO    |5525:(ThreadPoolExecutor-0_0)|adaptive_policy_utils|ACTION_ID: 01cc3c7f-b819-41fb-a849-662df77bf5b7|Detected traps version: 8.8.0.133595
2025/07/22 19:39:18|INFO    |5525:(ThreadPoolExecutor-0_0)|linux_auto_disable_on_write_parser|ACTION_ID: 01cc3c7f-b819-41fb-a849-662df77bf5b7|CPU is normal, waiting for next iteration.
2025/07/22 19:39:18|INFO    |5525:(ThreadPoolExecutor-0_0)|adaptive_policy|ACTION_ID: 01cc3c7f-b819-41fb-a849-662df77bf5b7|linux_auto_disable_on_write_parser created output: None
2025/07/22 19:39:18|INFO    |5525:(ThreadPoolExecutor-0_0)|adaptive_policy|ACTION_ID: 01cc3c7f-b819-41fb-a849-662df77bf5b7|{'apex': [], 'persistence': {'auto_disable_agent': {}, 'edr_archive_parser': {}, 'syslog_parser': {'last_scan': -2191454505.0}, 'net_collector': {}, 'linux_auto_disable_on_write_parser': {'trapsd_avg_cpu': 0.8320899152705415}}, 'output_settings': '{\n"agentDisabledByAdaptivePolicy": false\n}', 'last_analysis': 1753223958}
2025/07/23 22:44:21|INFO    |862:(ThreadPoolExecutor-0_0)|ipc_client_api|ACTION_ID: 22f91830-784c-4a59-ad09-5b65678b9e4f|Detected traps version: 8.8.0.133595
2025/07/23 22:44:21|INFO    |862:(ThreadPoolExecutor-0_0)|ipc_client_api|ACTION_ID: 22f91830-784c-4a59-ad09-5b65678b9e4f|Traps version is higher or equal to 7.7 - using irpc client.
2025/07/23 22:44:21|INFO    |862:(ThreadPoolExecutor-0_0)|irpc_client_nix|ACTION_ID: 22f91830-784c-4a59-ad09-5b65678b9e4f|Creating IRRPCClient for channel path: /opt/traps/ipc/status.03A70614CCF742FD93977FD1A4336D9A
2025/07/23 22:44:21|INFO    |862:(ThreadPoolExecutor-0_0)|ipc_client_api|ACTION_ID: 22f91830-784c-4a59-ad09-5b65678b9e4f|Detected traps version: 8.8.0.133595
2025/07/23 22:44:21|INFO    |862:(ThreadPoolExecutor-0_0)|ipc_client_api|ACTION_ID: 22f91830-784c-4a59-ad09-5b65678b9e4f|Traps version is higher or equal to 7.7 - using irpc client.
2025/07/23 22:44:21|INFO    |862:(ThreadPoolExecutor-0_0)|irpc_client_nix|ACTION_ID: 22f91830-784c-4a59-ad09-5b65678b9e4f|Creating IRRPCClient for channel path: /opt/traps/ipc/status.03A70614CCF742FD93977FD1A4336D9A
2025/07/23 22:44:21|INFO    |862:(ThreadPoolExecutor-0_0)|adaptive_policy|ACTION_ID: 22f91830-784c-4a59-ad09-5b65678b9e4f|Starting adaptive policy engine with kwargs: {}
2025/07/23 22:44:21|INFO    |862:(ThreadPoolExecutor-0_0)|adaptive_policy_utils|ACTION_ID: 22f91830-784c-4a59-ad09-5b65678b9e4f|Detected traps version: 8.8.0.133595
2025/07/23 22:44:21|INFO    |862:(ThreadPoolExecutor-0_0)|adaptive_policy|ACTION_ID: 22f91830-784c-4a59-ad09-5b65678b9e4f|{'adaptive_policy_interval': 900}
2025/07/23 22:44:21|INFO    |862:(ThreadPoolExecutor-0_0)|adaptive_policy|ACTION_ID: 22f91830-784c-4a59-ad09-5b65678b9e4f|Set value of adaptive_policy_interval to 900
2025/07/23 22:44:21|INFO    |862:(ThreadPoolExecutor-0_0)|adaptive_policy|ACTION_ID: 22f91830-784c-4a59-ad09-5b65678b9e4f|last analysis timestamp: Tuesday, July 22, 2025 at 07:39:18 PM
2025/07/23 22:44:21|INFO    |862:(ThreadPoolExecutor-0_0)|adaptive_policy|ACTION_ID: 22f91830-784c-4a59-ad09-5b65678b9e4f|High resolution mode: False
2025/07/23 22:44:21|INFO    |862:(ThreadPoolExecutor-0_0)|adaptive_policy|ACTION_ID: 22f91830-784c-4a59-ad09-5b65678b9e4f|Time elapsed since the previous normal mode execution: 97503 seconds
2025/07/23 22:44:21|INFO    |862:(ThreadPoolExecutor-0_0)|adaptive_policy|ACTION_ID: 22f91830-784c-4a59-ad09-5b65678b9e4f|Adaptive policy normal operation mode interval: 900
2025/07/23 22:44:21|INFO    |862:(ThreadPoolExecutor-0_0)|adaptive_policy|ACTION_ID: 22f91830-784c-4a59-ad09-5b65678b9e4f|Adaptive policy normal mode is: ENABLED
2025/07/23 22:44:21|INFO    |862:(ThreadPoolExecutor-0_0)|adaptive_policy|ACTION_ID: 22f91830-784c-4a59-ad09-5b65678b9e4f|Adding normal operation mode parser
2025/07/23 22:44:21|INFO    |862:(ThreadPoolExecutor-0_0)|adaptive_policy|ACTION_ID: 22f91830-784c-4a59-ad09-5b65678b9e4f|Can't read internal statistics db or db is empty, applying existing ones..
2025/07/23 22:44:21|INFO    |862:(ThreadPoolExecutor-0_0)|adaptive_policy|ACTION_ID: 22f91830-784c-4a59-ad09-5b65678b9e4f|applying: {'apex': [], 'persistence': {'auto_disable_agent': {}, 'edr_archive_parser': {}, 'syslog_parser': {'last_scan': -2191454505.0}, 'net_collector': {}, 'linux_auto_disable_on_write_parser': {'trapsd_avg_cpu': 0.8320899152705415}}, 'output_settings': '{}', 'last_analysis': 1753321461}
2025/07/23 22:59:21|INFO    |862:(ThreadPoolExecutor-0_0)|adaptive_policy|ACTION_ID: 22f91830-784c-4a59-ad09-5b65678b9e4f|Starting adaptive policy engine with kwargs: {}
2025/07/23 22:59:21|INFO    |862:(ThreadPoolExecutor-0_0)|adaptive_policy_utils|ACTION_ID: 22f91830-784c-4a59-ad09-5b65678b9e4f|Detected traps version: 8.8.0.133595
2025/07/23 22:59:21|INFO    |862:(ThreadPoolExecutor-0_0)|adaptive_policy|ACTION_ID: 22f91830-784c-4a59-ad09-5b65678b9e4f|{'adaptive_policy_interval': 900}
2025/07/23 22:59:21|INFO    |862:(ThreadPoolExecutor-0_0)|adaptive_policy|ACTION_ID: 22f91830-784c-4a59-ad09-5b65678b9e4f|Set value of adaptive_policy_interval to 900
2025/07/23 22:59:21|INFO    |862:(ThreadPoolExecutor-0_0)|adaptive_policy|ACTION_ID: 22f91830-784c-4a59-ad09-5b65678b9e4f|last analysis timestamp: Wednesday, July 23, 2025 at 10:44:21 PM
2025/07/23 22:59:21|INFO    |862:(ThreadPoolExecutor-0_0)|adaptive_policy|ACTION_ID: 22f91830-784c-4a59-ad09-5b65678b9e4f|High resolution mode: False
2025/07/23 22:59:21|INFO    |862:(ThreadPoolExecutor-0_0)|adaptive_policy|ACTION_ID: 22f91830-784c-4a59-ad09-5b65678b9e4f|Time elapsed since the previous normal mode execution: 900 seconds
2025/07/23 22:59:21|INFO    |862:(ThreadPoolExecutor-0_0)|adaptive_policy|ACTION_ID: 22f91830-784c-4a59-ad09-5b65678b9e4f|Adaptive policy normal operation mode interval: 900
2025/07/23 22:59:21|INFO    |862:(ThreadPoolExecutor-0_0)|adaptive_policy|ACTION_ID: 22f91830-784c-4a59-ad09-5b65678b9e4f|Adaptive policy normal mode is: ENABLED
2025/07/23 22:59:21|INFO    |862:(ThreadPoolExecutor-0_0)|adaptive_policy|ACTION_ID: 22f91830-784c-4a59-ad09-5b65678b9e4f|Adding normal operation mode parser
2025/07/23 22:59:21|INFO    |862:(ThreadPoolExecutor-0_0)|adaptive_policy|ACTION_ID: 22f91830-784c-4a59-ad09-5b65678b9e4f|Found 1 statistics components to analyze
2025/07/23 22:59:21|INFO    |862:(ThreadPoolExecutor-0_0)|adaptive_policy|ACTION_ID: 22f91830-784c-4a59-ad09-5b65678b9e4f|Running parser: auto_disable_agent
2025/07/23 22:59:21|INFO    |862:(ThreadPoolExecutor-0_0)|adaptive_policy_utils|ACTION_ID: 22f91830-784c-4a59-ad09-5b65678b9e4f|Detected traps version: 8.8.0.133595
2025/07/23 22:59:21|INFO    |862:(ThreadPoolExecutor-0_0)|auto_disable_parser|ACTION_ID: 22f91830-784c-4a59-ad09-5b65678b9e4f|Trapsd average CPU usage - normalized 2.159915993541016
2025/07/23 22:59:21|INFO    |862:(ThreadPoolExecutor-0_0)|auto_disable_parser|ACTION_ID: 22f91830-784c-4a59-ad09-5b65678b9e4f|Trapsd average CPU usage 2.159915993541016
2025/07/23 22:59:21|INFO    |862:(ThreadPoolExecutor-0_0)|auto_disable_parser|ACTION_ID: 22f91830-784c-4a59-ad09-5b65678b9e4f|Agent in normal state and CPU is normal, waiting for next iteration.
2025/07/23 22:59:21|INFO    |862:(ThreadPoolExecutor-0_0)|auto_disable_parser|ACTION_ID: 22f91830-784c-4a59-ad09-5b65678b9e4f|trapsd private memory usage 192,860,160
2025/07/23 22:59:21|INFO    |862:(ThreadPoolExecutor-0_0)|auto_disable_parser|ACTION_ID: 22f91830-784c-4a59-ad09-5b65678b9e4f|Agent in normal state and Memory is normal, waiting for next iteration.
2025/07/23 22:59:21|INFO    |862:(ThreadPoolExecutor-0_0)|adaptive_policy|ACTION_ID: 22f91830-784c-4a59-ad09-5b65678b9e4f|auto_disable_agent created output: None
2025/07/23 22:59:21|INFO    |862:(ThreadPoolExecutor-0_0)|adaptive_policy|ACTION_ID: 22f91830-784c-4a59-ad09-5b65678b9e4f|Running parser: edr_archive_parser
2025/07/23 22:59:21|INFO    |862:(ThreadPoolExecutor-0_0)|edr_archive_parser|ACTION_ID: 22f91830-784c-4a59-ad09-5b65678b9e4f|EDR Archive size: 0.0mb
2025/07/23 22:59:21|INFO    |862:(ThreadPoolExecutor-0_0)|adaptive_policy|ACTION_ID: 22f91830-784c-4a59-ad09-5b65678b9e4f|edr_archive_parser created output: None
2025/07/23 22:59:21|INFO    |862:(ThreadPoolExecutor-0_0)|adaptive_policy|ACTION_ID: 22f91830-784c-4a59-ad09-5b65678b9e4f|Running parser: syslog_parser
2025/07/23 22:59:21|INFO    |862:(ThreadPoolExecutor-0_0)|adaptive_policy_utils|ACTION_ID: 22f91830-784c-4a59-ad09-5b65678b9e4f|Detected traps version: 8.8.0.133595
2025/07/23 22:59:21|INFO    |862:(ThreadPoolExecutor-0_0)|syslog_parser|ACTION_ID: 22f91830-784c-4a59-ad09-5b65678b9e4f|Injected processes list: ['wickedd-dhcp6', 'couriertcpd', 'pmmasterd', 'authproxy', 'lighttpd', 'tinyproxy', 'mailman', 'wickedd-dhcp4', 'chronyd', 'apache2', 'xinetd', 'named', 'dovecot', 'samba', 'proftpd', 'charon', 'smbd', 'qmgr', 'ndsd', 'ibserver', 'cupsd', 'nscd', 'java', 'httpd', 'nmbd', 'mysqld', 'cyrus_pop3d', 'kamailio', 'pop2d', 'exim', 'pop3d', 'saned', 'squid', 'apache', 'danted', 'mongod', 'vsftpd', 'smartd', 'mysqld_safe', 'starter', 'squid3']
2025/07/23 22:59:21|INFO    |862:(ThreadPoolExecutor-0_0)|syslog_parser|ACTION_ID: 22f91830-784c-4a59-ad09-5b65678b9e4f|crash_counters list is empty.
2025/07/23 22:59:21|INFO    |862:(ThreadPoolExecutor-0_0)|syslog_parser|ACTION_ID: 22f91830-784c-4a59-ad09-5b65678b9e4f|crash_counters: {'wickedd-dhcp6': 0, 'couriertcpd': 0, 'pmmasterd': 0, 'authproxy': 0, 'lighttpd': 0, 'tinyproxy': 0, 'mailman': 0, 'wickedd-dhcp4': 0, 'chronyd': 0, 'apache2': 0, 'xinetd': 0, 'named': 0, 'dovecot': 0, 'samba': 0, 'proftpd': 0, 'charon': 0, 'smbd': 0, 'qmgr': 0, 'ndsd': 0, 'ibserver': 0, 'cupsd': 0, 'nscd': 0, 'java': 0, 'httpd': 0, 'nmbd': 0, 'mysqld': 0, 'cyrus_pop3d': 0, 'kamailio': 0, 'pop2d': 0, 'exim': 0, 'pop3d': 0, 'saned': 0, 'squid': 0, 'apache': 0, 'danted': 0, 'mongod': 0, 'vsftpd': 0, 'smartd': 0, 'mysqld_safe': 0, 'starter': 0, 'squid3': 0}
2025/07/23 22:59:21|INFO    |862:(ThreadPoolExecutor-0_0)|syslog_parser|ACTION_ID: 22f91830-784c-4a59-ad09-5b65678b9e4f|Dypd statistics are empty. Cannot retrieve injected processes stats
2025/07/23 22:59:21|INFO    |862:(ThreadPoolExecutor-0_0)|syslog_parser|ACTION_ID: 22f91830-784c-4a59-ad09-5b65678b9e4f|Could not find any crash reports in statistics
2025/07/23 22:59:21|INFO    |862:(ThreadPoolExecutor-0_0)|syslog_parser|ACTION_ID: 22f91830-784c-4a59-ad09-5b65678b9e4f|Using temporary journal file: /opt/traps/python/scripts/tmp75wifdjo
2025/07/23 22:59:21|INFO    |862:(ThreadPoolExecutor-0_0)|syslog_parser|ACTION_ID: 22f91830-784c-4a59-ad09-5b65678b9e4f|Log file: /opt/traps/python/scripts/tmp75wifdjo detected.
2025/07/23 22:59:21|INFO    |862:(ThreadPoolExecutor-0_0)|syslog_parser|ACTION_ID: 22f91830-784c-4a59-ad09-5b65678b9e4f|Syslog format RFC 3164 detected for line: Jul 23 22:36:37 linux-lab02 kernel: pci 0000:00:15.6:   bridge window [mem 0xfbc00000-0xfbcfffff]

2025/07/23 22:59:21|INFO    |862:(ThreadPoolExecutor-0_0)|syslog_parser|ACTION_ID: 22f91830-784c-4a59-ad09-5b65678b9e4f|Start monitor /opt/traps/python/scripts/tmp75wifdjo
2025/07/23 22:59:21|INFO    |862:(ThreadPoolExecutor-0_0)|syslog_parser|ACTION_ID: 22f91830-784c-4a59-ad09-5b65678b9e4f|saving last line date:: 23/07/1900 22:58:51
2025/07/23 22:59:21|INFO    |862:(ThreadPoolExecutor-0_0)|syslog_parser|ACTION_ID: 22f91830-784c-4a59-ad09-5b65678b9e4f|1000 lines scanned by parser
2025/07/23 22:59:21|INFO    |862:(ThreadPoolExecutor-0_0)|adaptive_policy|ACTION_ID: 22f91830-784c-4a59-ad09-5b65678b9e4f|syslog_parser created output: None
2025/07/23 22:59:21|INFO    |862:(ThreadPoolExecutor-0_0)|adaptive_policy|ACTION_ID: 22f91830-784c-4a59-ad09-5b65678b9e4f|Running parser: net_collector
2025/07/23 22:59:21|INFO    |862:(ThreadPoolExecutor-0_0)|net_collector_parser|ACTION_ID: 22f91830-784c-4a59-ad09-5b65678b9e4f|NetCollector parser started
2025/07/23 22:59:21|INFO    |862:(ThreadPoolExecutor-0_0)|net_collector_parser|ACTION_ID: 22f91830-784c-4a59-ad09-5b65678b9e4f|System: cpu=6.0% idle=94.0%
2025/07/23 22:59:21|INFO    |862:(ThreadPoolExecutor-0_0)|net_collector_parser|ACTION_ID: 22f91830-784c-4a59-ad09-5b65678b9e4f|Thread CloudMetadata: cpu=0%
2025/07/23 22:59:21|INFO    |862:(ThreadPoolExecutor-0_0)|net_collector_parser|ACTION_ID: 22f91830-784c-4a59-ad09-5b65678b9e4f|Thread InjectedProcesses: cpu=0%
2025/07/23 22:59:21|INFO    |862:(ThreadPoolExecutor-0_0)|net_collector_parser|ACTION_ID: 22f91830-784c-4a59-ad09-5b65678b9e4f|Thread pmd: cpu=2.0%
2025/07/23 22:59:21|INFO    |862:(ThreadPoolExecutor-0_0)|net_collector_parser|ACTION_ID: 22f91830-784c-4a59-ad09-5b65678b9e4f|Thread pyxd: cpu=0%
2025/07/23 22:59:21|INFO    |862:(ThreadPoolExecutor-0_0)|adaptive_policy|ACTION_ID: 22f91830-784c-4a59-ad09-5b65678b9e4f|net_collector created output: None
2025/07/23 22:59:21|INFO    |862:(ThreadPoolExecutor-0_0)|adaptive_policy|ACTION_ID: 22f91830-784c-4a59-ad09-5b65678b9e4f|Running parser: linux_auto_disable_on_write_parser
2025/07/23 22:59:21|INFO    |862:(ThreadPoolExecutor-0_0)|adaptive_policy_utils|ACTION_ID: 22f91830-784c-4a59-ad09-5b65678b9e4f|Detected traps version: 8.8.0.133595
2025/07/23 22:59:21|INFO    |862:(ThreadPoolExecutor-0_0)|linux_auto_disable_on_write_parser|ACTION_ID: 22f91830-784c-4a59-ad09-5b65678b9e4f|CPU is normal, waiting for next iteration.
2025/07/23 22:59:21|INFO    |862:(ThreadPoolExecutor-0_0)|adaptive_policy|ACTION_ID: 22f91830-784c-4a59-ad09-5b65678b9e4f|linux_auto_disable_on_write_parser created output: None
2025/07/23 22:59:21|INFO    |862:(ThreadPoolExecutor-0_0)|adaptive_policy|ACTION_ID: 22f91830-784c-4a59-ad09-5b65678b9e4f|{'apex': [], 'persistence': {'auto_disable_agent': {}, 'edr_archive_parser': {}, 'syslog_parser': {'last_scan': -2191355681.0}, 'net_collector': {}, 'linux_auto_disable_on_write_parser': {'trapsd_avg_cpu': 2.159915993541016}}, 'output_settings': '{\n"agentDisabledByAdaptivePolicy": false\n}', 'last_analysis': 1753322361}
2025/07/24 10:02:22|INFO    |912:(ThreadPoolExecutor-0_0)|ipc_client_api|ACTION_ID: 0b7df355-b2be-4001-aba1-68d038aa7a1f|Detected traps version: 8.8.0.133595
2025/07/24 10:02:22|INFO    |912:(ThreadPoolExecutor-0_0)|ipc_client_api|ACTION_ID: 0b7df355-b2be-4001-aba1-68d038aa7a1f|Traps version is higher or equal to 7.7 - using irpc client.
2025/07/24 10:02:22|INFO    |912:(ThreadPoolExecutor-0_0)|irpc_client_nix|ACTION_ID: 0b7df355-b2be-4001-aba1-68d038aa7a1f|Creating IRRPCClient for channel path: /opt/traps/ipc/status.03A70614CCF742FD93977FD1A4336D9A
2025/07/24 10:02:22|INFO    |912:(ThreadPoolExecutor-0_0)|ipc_client_api|ACTION_ID: 0b7df355-b2be-4001-aba1-68d038aa7a1f|Detected traps version: 8.8.0.133595
2025/07/24 10:02:22|INFO    |912:(ThreadPoolExecutor-0_0)|ipc_client_api|ACTION_ID: 0b7df355-b2be-4001-aba1-68d038aa7a1f|Traps version is higher or equal to 7.7 - using irpc client.
2025/07/24 10:02:22|INFO    |912:(ThreadPoolExecutor-0_0)|irpc_client_nix|ACTION_ID: 0b7df355-b2be-4001-aba1-68d038aa7a1f|Creating IRRPCClient for channel path: /opt/traps/ipc/status.03A70614CCF742FD93977FD1A4336D9A
2025/07/24 10:02:22|INFO    |912:(ThreadPoolExecutor-0_0)|adaptive_policy|ACTION_ID: 0b7df355-b2be-4001-aba1-68d038aa7a1f|Starting adaptive policy engine with kwargs: {}
2025/07/24 10:02:22|INFO    |912:(ThreadPoolExecutor-0_0)|adaptive_policy_utils|ACTION_ID: 0b7df355-b2be-4001-aba1-68d038aa7a1f|Detected traps version: 8.8.0.133595
2025/07/24 10:02:22|INFO    |912:(ThreadPoolExecutor-0_0)|adaptive_policy|ACTION_ID: 0b7df355-b2be-4001-aba1-68d038aa7a1f|{'adaptive_policy_interval': 900}
2025/07/24 10:02:22|INFO    |912:(ThreadPoolExecutor-0_0)|adaptive_policy|ACTION_ID: 0b7df355-b2be-4001-aba1-68d038aa7a1f|Set value of adaptive_policy_interval to 900
2025/07/24 10:02:22|INFO    |912:(ThreadPoolExecutor-0_0)|adaptive_policy|ACTION_ID: 0b7df355-b2be-4001-aba1-68d038aa7a1f|last analysis timestamp: Wednesday, July 23, 2025 at 10:59:21 PM
2025/07/24 10:02:22|INFO    |912:(ThreadPoolExecutor-0_0)|adaptive_policy|ACTION_ID: 0b7df355-b2be-4001-aba1-68d038aa7a1f|High resolution mode: False
2025/07/24 10:02:22|INFO    |912:(ThreadPoolExecutor-0_0)|adaptive_policy|ACTION_ID: 0b7df355-b2be-4001-aba1-68d038aa7a1f|Time elapsed since the previous normal mode execution: 39781 seconds
2025/07/24 10:02:22|INFO    |912:(ThreadPoolExecutor-0_0)|adaptive_policy|ACTION_ID: 0b7df355-b2be-4001-aba1-68d038aa7a1f|Adaptive policy normal operation mode interval: 900
2025/07/24 10:02:22|INFO    |912:(ThreadPoolExecutor-0_0)|adaptive_policy|ACTION_ID: 0b7df355-b2be-4001-aba1-68d038aa7a1f|Adaptive policy normal mode is: ENABLED
2025/07/24 10:02:22|INFO    |912:(ThreadPoolExecutor-0_0)|adaptive_policy|ACTION_ID: 0b7df355-b2be-4001-aba1-68d038aa7a1f|Adding normal operation mode parser
2025/07/24 10:02:22|INFO    |912:(ThreadPoolExecutor-0_0)|adaptive_policy|ACTION_ID: 0b7df355-b2be-4001-aba1-68d038aa7a1f|Can't read internal statistics db or db is empty, applying existing ones..
2025/07/24 10:02:22|INFO    |912:(ThreadPoolExecutor-0_0)|adaptive_policy|ACTION_ID: 0b7df355-b2be-4001-aba1-68d038aa7a1f|applying: {'apex': [], 'persistence': {'auto_disable_agent': {}, 'edr_archive_parser': {}, 'syslog_parser': {'last_scan': -2191355681.0}, 'net_collector': {}, 'linux_auto_disable_on_write_parser': {'trapsd_avg_cpu': 2.159915993541016}}, 'output_settings': '{}', 'last_analysis': 1753362142}
2025/07/24 10:17:22|INFO    |912:(ThreadPoolExecutor-0_0)|adaptive_policy|ACTION_ID: 0b7df355-b2be-4001-aba1-68d038aa7a1f|Starting adaptive policy engine with kwargs: {}
2025/07/24 10:17:22|INFO    |912:(ThreadPoolExecutor-0_0)|adaptive_policy_utils|ACTION_ID: 0b7df355-b2be-4001-aba1-68d038aa7a1f|Detected traps version: 8.8.0.133595
2025/07/24 10:17:22|INFO    |912:(ThreadPoolExecutor-0_0)|adaptive_policy|ACTION_ID: 0b7df355-b2be-4001-aba1-68d038aa7a1f|{'adaptive_policy_interval': 900}
2025/07/24 10:17:22|INFO    |912:(ThreadPoolExecutor-0_0)|adaptive_policy|ACTION_ID: 0b7df355-b2be-4001-aba1-68d038aa7a1f|Set value of adaptive_policy_interval to 900
2025/07/24 10:17:22|INFO    |912:(ThreadPoolExecutor-0_0)|adaptive_policy|ACTION_ID: 0b7df355-b2be-4001-aba1-68d038aa7a1f|last analysis timestamp: Thursday, July 24, 2025 at 10:02:22 AM
2025/07/24 10:17:22|INFO    |912:(ThreadPoolExecutor-0_0)|adaptive_policy|ACTION_ID: 0b7df355-b2be-4001-aba1-68d038aa7a1f|High resolution mode: False
2025/07/24 10:17:22|INFO    |912:(ThreadPoolExecutor-0_0)|adaptive_policy|ACTION_ID: 0b7df355-b2be-4001-aba1-68d038aa7a1f|Time elapsed since the previous normal mode execution: 900 seconds
2025/07/24 10:17:22|INFO    |912:(ThreadPoolExecutor-0_0)|adaptive_policy|ACTION_ID: 0b7df355-b2be-4001-aba1-68d038aa7a1f|Adaptive policy normal operation mode interval: 900
2025/07/24 10:17:22|INFO    |912:(ThreadPoolExecutor-0_0)|adaptive_policy|ACTION_ID: 0b7df355-b2be-4001-aba1-68d038aa7a1f|Adaptive policy normal mode is: ENABLED
2025/07/24 10:17:22|INFO    |912:(ThreadPoolExecutor-0_0)|adaptive_policy|ACTION_ID: 0b7df355-b2be-4001-aba1-68d038aa7a1f|Adding normal operation mode parser
2025/07/24 10:17:22|INFO    |912:(ThreadPoolExecutor-0_0)|adaptive_policy|ACTION_ID: 0b7df355-b2be-4001-aba1-68d038aa7a1f|Found 1 statistics components to analyze
2025/07/24 10:17:22|INFO    |912:(ThreadPoolExecutor-0_0)|adaptive_policy|ACTION_ID: 0b7df355-b2be-4001-aba1-68d038aa7a1f|Running parser: auto_disable_agent
2025/07/24 10:17:22|INFO    |912:(ThreadPoolExecutor-0_0)|adaptive_policy_utils|ACTION_ID: 0b7df355-b2be-4001-aba1-68d038aa7a1f|Detected traps version: 8.8.0.133595
2025/07/24 10:17:22|INFO    |912:(ThreadPoolExecutor-0_0)|auto_disable_parser|ACTION_ID: 0b7df355-b2be-4001-aba1-68d038aa7a1f|Trapsd average CPU usage - normalized 2.0556092441041516
2025/07/24 10:17:22|INFO    |912:(ThreadPoolExecutor-0_0)|auto_disable_parser|ACTION_ID: 0b7df355-b2be-4001-aba1-68d038aa7a1f|Trapsd average CPU usage 2.0556092441041516
2025/07/24 10:17:22|INFO    |912:(ThreadPoolExecutor-0_0)|auto_disable_parser|ACTION_ID: 0b7df355-b2be-4001-aba1-68d038aa7a1f|Agent in normal state and CPU is normal, waiting for next iteration.
2025/07/24 10:17:22|INFO    |912:(ThreadPoolExecutor-0_0)|auto_disable_parser|ACTION_ID: 0b7df355-b2be-4001-aba1-68d038aa7a1f|trapsd private memory usage 185,024,512
2025/07/24 10:17:22|INFO    |912:(ThreadPoolExecutor-0_0)|auto_disable_parser|ACTION_ID: 0b7df355-b2be-4001-aba1-68d038aa7a1f|Agent in normal state and Memory is normal, waiting for next iteration.
2025/07/24 10:17:22|INFO    |912:(ThreadPoolExecutor-0_0)|adaptive_policy|ACTION_ID: 0b7df355-b2be-4001-aba1-68d038aa7a1f|auto_disable_agent created output: None
2025/07/24 10:17:22|INFO    |912:(ThreadPoolExecutor-0_0)|adaptive_policy|ACTION_ID: 0b7df355-b2be-4001-aba1-68d038aa7a1f|Running parser: edr_archive_parser
2025/07/24 10:17:22|INFO    |912:(ThreadPoolExecutor-0_0)|edr_archive_parser|ACTION_ID: 0b7df355-b2be-4001-aba1-68d038aa7a1f|EDR Archive size: 0.0mb
2025/07/24 10:17:22|INFO    |912:(ThreadPoolExecutor-0_0)|adaptive_policy|ACTION_ID: 0b7df355-b2be-4001-aba1-68d038aa7a1f|edr_archive_parser created output: None
2025/07/24 10:17:22|INFO    |912:(ThreadPoolExecutor-0_0)|adaptive_policy|ACTION_ID: 0b7df355-b2be-4001-aba1-68d038aa7a1f|Running parser: syslog_parser
2025/07/24 10:17:22|INFO    |912:(ThreadPoolExecutor-0_0)|adaptive_policy_utils|ACTION_ID: 0b7df355-b2be-4001-aba1-68d038aa7a1f|Detected traps version: 8.8.0.133595
2025/07/24 10:17:22|INFO    |912:(ThreadPoolExecutor-0_0)|syslog_parser|ACTION_ID: 0b7df355-b2be-4001-aba1-68d038aa7a1f|Injected processes list: ['wickedd-dhcp6', 'couriertcpd', 'pmmasterd', 'authproxy', 'lighttpd', 'tinyproxy', 'mailman', 'wickedd-dhcp4', 'chronyd', 'apache2', 'xinetd', 'named', 'dovecot', 'samba', 'proftpd', 'charon', 'smbd', 'qmgr', 'ndsd', 'ibserver', 'cupsd', 'nscd', 'java', 'httpd', 'nmbd', 'mysqld', 'cyrus_pop3d', 'kamailio', 'pop2d', 'exim', 'pop3d', 'saned', 'squid', 'apache', 'danted', 'mongod', 'vsftpd', 'smartd', 'mysqld_safe', 'starter', 'squid3']
2025/07/24 10:17:22|INFO    |912:(ThreadPoolExecutor-0_0)|syslog_parser|ACTION_ID: 0b7df355-b2be-4001-aba1-68d038aa7a1f|crash_counters list is empty.
2025/07/24 10:17:22|INFO    |912:(ThreadPoolExecutor-0_0)|syslog_parser|ACTION_ID: 0b7df355-b2be-4001-aba1-68d038aa7a1f|crash_counters: {'wickedd-dhcp6': 0, 'couriertcpd': 0, 'pmmasterd': 0, 'authproxy': 0, 'lighttpd': 0, 'tinyproxy': 0, 'mailman': 0, 'wickedd-dhcp4': 0, 'chronyd': 0, 'apache2': 0, 'xinetd': 0, 'named': 0, 'dovecot': 0, 'samba': 0, 'proftpd': 0, 'charon': 0, 'smbd': 0, 'qmgr': 0, 'ndsd': 0, 'ibserver': 0, 'cupsd': 0, 'nscd': 0, 'java': 0, 'httpd': 0, 'nmbd': 0, 'mysqld': 0, 'cyrus_pop3d': 0, 'kamailio': 0, 'pop2d': 0, 'exim': 0, 'pop3d': 0, 'saned': 0, 'squid': 0, 'apache': 0, 'danted': 0, 'mongod': 0, 'vsftpd': 0, 'smartd': 0, 'mysqld_safe': 0, 'starter': 0, 'squid3': 0}
2025/07/24 10:17:22|INFO    |912:(ThreadPoolExecutor-0_0)|syslog_parser|ACTION_ID: 0b7df355-b2be-4001-aba1-68d038aa7a1f|Dypd statistics are empty. Cannot retrieve injected processes stats
2025/07/24 10:17:22|INFO    |912:(ThreadPoolExecutor-0_0)|syslog_parser|ACTION_ID: 0b7df355-b2be-4001-aba1-68d038aa7a1f|Could not find any crash reports in statistics
2025/07/24 10:17:22|INFO    |912:(ThreadPoolExecutor-0_0)|syslog_parser|ACTION_ID: 0b7df355-b2be-4001-aba1-68d038aa7a1f|Using temporary journal file: /opt/traps/python/scripts/tmp5_qtehir
2025/07/24 10:17:22|INFO    |912:(ThreadPoolExecutor-0_0)|syslog_parser|ACTION_ID: 0b7df355-b2be-4001-aba1-68d038aa7a1f|Log file: /opt/traps/python/scripts/tmp5_qtehir detected.
2025/07/24 10:17:22|INFO    |912:(ThreadPoolExecutor-0_0)|syslog_parser|ACTION_ID: 0b7df355-b2be-4001-aba1-68d038aa7a1f|Syslog format RFC 3164 detected for line: Jul 24 09:51:57 linux-lab02 kernel: TCP bind hash table entries: 16384 (order: 7, 524288 bytes, linear)

2025/07/24 10:17:22|INFO    |912:(ThreadPoolExecutor-0_0)|syslog_parser|ACTION_ID: 0b7df355-b2be-4001-aba1-68d038aa7a1f|Start monitor /opt/traps/python/scripts/tmp5_qtehir
2025/07/24 10:17:22|INFO    |912:(ThreadPoolExecutor-0_0)|syslog_parser|ACTION_ID: 0b7df355-b2be-4001-aba1-68d038aa7a1f|saving last line date:: 24/07/1900 10:17:01
2025/07/24 10:17:22|INFO    |912:(ThreadPoolExecutor-0_0)|syslog_parser|ACTION_ID: 0b7df355-b2be-4001-aba1-68d038aa7a1f|1000 lines scanned by parser
2025/07/24 10:17:22|INFO    |912:(ThreadPoolExecutor-0_0)|adaptive_policy|ACTION_ID: 0b7df355-b2be-4001-aba1-68d038aa7a1f|syslog_parser created output: None
2025/07/24 10:17:22|INFO    |912:(ThreadPoolExecutor-0_0)|adaptive_policy|ACTION_ID: 0b7df355-b2be-4001-aba1-68d038aa7a1f|Running parser: net_collector
2025/07/24 10:17:22|INFO    |912:(ThreadPoolExecutor-0_0)|net_collector_parser|ACTION_ID: 0b7df355-b2be-4001-aba1-68d038aa7a1f|NetCollector parser started
2025/07/24 10:17:22|INFO    |912:(ThreadPoolExecutor-0_0)|net_collector_parser|ACTION_ID: 0b7df355-b2be-4001-aba1-68d038aa7a1f|System: cpu=5.0% idle=95.0%
2025/07/24 10:17:22|INFO    |912:(ThreadPoolExecutor-0_0)|net_collector_parser|ACTION_ID: 0b7df355-b2be-4001-aba1-68d038aa7a1f|Thread CloudMetadata: cpu=0%
2025/07/24 10:17:22|INFO    |912:(ThreadPoolExecutor-0_0)|net_collector_parser|ACTION_ID: 0b7df355-b2be-4001-aba1-68d038aa7a1f|Thread InjectedProcesses: cpu=0%
2025/07/24 10:17:22|INFO    |912:(ThreadPoolExecutor-0_0)|net_collector_parser|ACTION_ID: 0b7df355-b2be-4001-aba1-68d038aa7a1f|Thread pmd: cpu=2.0%
2025/07/24 10:17:22|INFO    |912:(ThreadPoolExecutor-0_0)|net_collector_parser|ACTION_ID: 0b7df355-b2be-4001-aba1-68d038aa7a1f|Thread pyxd: cpu=0%
2025/07/24 10:17:22|INFO    |912:(ThreadPoolExecutor-0_0)|adaptive_policy|ACTION_ID: 0b7df355-b2be-4001-aba1-68d038aa7a1f|net_collector created output: None
2025/07/24 10:17:22|INFO    |912:(ThreadPoolExecutor-0_0)|adaptive_policy|ACTION_ID: 0b7df355-b2be-4001-aba1-68d038aa7a1f|Running parser: linux_auto_disable_on_write_parser
2025/07/24 10:17:22|INFO    |912:(ThreadPoolExecutor-0_0)|adaptive_policy_utils|ACTION_ID: 0b7df355-b2be-4001-aba1-68d038aa7a1f|Detected traps version: 8.8.0.133595
2025/07/24 10:17:22|INFO    |912:(ThreadPoolExecutor-0_0)|linux_auto_disable_on_write_parser|ACTION_ID: 0b7df355-b2be-4001-aba1-68d038aa7a1f|CPU is normal, waiting for next iteration.
2025/07/24 10:17:22|INFO    |912:(ThreadPoolExecutor-0_0)|adaptive_policy|ACTION_ID: 0b7df355-b2be-4001-aba1-68d038aa7a1f|linux_auto_disable_on_write_parser created output: None
2025/07/24 10:17:22|INFO    |912:(ThreadPoolExecutor-0_0)|adaptive_policy|ACTION_ID: 0b7df355-b2be-4001-aba1-68d038aa7a1f|{'apex': [], 'persistence': {'auto_disable_agent': {}, 'edr_archive_parser': {}, 'syslog_parser': {'last_scan': -2191314991.0}, 'net_collector': {}, 'linux_auto_disable_on_write_parser': {'trapsd_avg_cpu': 2.0556092441041516}}, 'output_settings': '{\n"agentDisabledByAdaptivePolicy": false\n}', 'last_analysis': 1753363042}
2025/07/24 10:32:23|INFO    |912:(ThreadPoolExecutor-0_0)|adaptive_policy|ACTION_ID: 0b7df355-b2be-4001-aba1-68d038aa7a1f|Starting adaptive policy engine with kwargs: {}
2025/07/24 10:32:23|INFO    |912:(ThreadPoolExecutor-0_0)|adaptive_policy_utils|ACTION_ID: 0b7df355-b2be-4001-aba1-68d038aa7a1f|Detected traps version: 8.8.0.133595
2025/07/24 10:32:23|INFO    |912:(ThreadPoolExecutor-0_0)|adaptive_policy|ACTION_ID: 0b7df355-b2be-4001-aba1-68d038aa7a1f|{'adaptive_policy_interval': 900}
2025/07/24 10:32:23|INFO    |912:(ThreadPoolExecutor-0_0)|adaptive_policy|ACTION_ID: 0b7df355-b2be-4001-aba1-68d038aa7a1f|Set value of adaptive_policy_interval to 900
2025/07/24 10:32:23|INFO    |912:(ThreadPoolExecutor-0_0)|adaptive_policy|ACTION_ID: 0b7df355-b2be-4001-aba1-68d038aa7a1f|last analysis timestamp: Thursday, July 24, 2025 at 10:17:22 AM
2025/07/24 10:32:23|INFO    |912:(ThreadPoolExecutor-0_0)|adaptive_policy|ACTION_ID: 0b7df355-b2be-4001-aba1-68d038aa7a1f|High resolution mode: False
2025/07/24 10:32:23|INFO    |912:(ThreadPoolExecutor-0_0)|adaptive_policy|ACTION_ID: 0b7df355-b2be-4001-aba1-68d038aa7a1f|Time elapsed since the previous normal mode execution: 901 seconds
2025/07/24 10:32:23|INFO    |912:(ThreadPoolExecutor-0_0)|adaptive_policy|ACTION_ID: 0b7df355-b2be-4001-aba1-68d038aa7a1f|Adaptive policy normal operation mode interval: 900
2025/07/24 10:32:23|INFO    |912:(ThreadPoolExecutor-0_0)|adaptive_policy|ACTION_ID: 0b7df355-b2be-4001-aba1-68d038aa7a1f|Adaptive policy normal mode is: ENABLED
2025/07/24 10:32:23|INFO    |912:(ThreadPoolExecutor-0_0)|adaptive_policy|ACTION_ID: 0b7df355-b2be-4001-aba1-68d038aa7a1f|Adding normal operation mode parser
2025/07/24 10:32:23|INFO    |912:(ThreadPoolExecutor-0_0)|adaptive_policy|ACTION_ID: 0b7df355-b2be-4001-aba1-68d038aa7a1f|Found 1 statistics components to analyze
2025/07/24 10:32:23|INFO    |912:(ThreadPoolExecutor-0_0)|adaptive_policy|ACTION_ID: 0b7df355-b2be-4001-aba1-68d038aa7a1f|Running parser: auto_disable_agent
2025/07/24 10:32:23|INFO    |912:(ThreadPoolExecutor-0_0)|adaptive_policy_utils|ACTION_ID: 0b7df355-b2be-4001-aba1-68d038aa7a1f|Detected traps version: 8.8.0.133595
2025/07/24 10:32:23|INFO    |912:(ThreadPoolExecutor-0_0)|auto_disable_parser|ACTION_ID: 0b7df355-b2be-4001-aba1-68d038aa7a1f|Trapsd average CPU usage - normalized 0.9751082978032684
2025/07/24 10:32:23|INFO    |912:(ThreadPoolExecutor-0_0)|auto_disable_parser|ACTION_ID: 0b7df355-b2be-4001-aba1-68d038aa7a1f|Trapsd average CPU usage 0.9751082978032684
2025/07/24 10:32:23|INFO    |912:(ThreadPoolExecutor-0_0)|auto_disable_parser|ACTION_ID: 0b7df355-b2be-4001-aba1-68d038aa7a1f|Agent in normal state and CPU is normal, waiting for next iteration.
2025/07/24 10:32:23|INFO    |912:(ThreadPoolExecutor-0_0)|auto_disable_parser|ACTION_ID: 0b7df355-b2be-4001-aba1-68d038aa7a1f|trapsd private memory usage 190,144,512
2025/07/24 10:32:23|INFO    |912:(ThreadPoolExecutor-0_0)|auto_disable_parser|ACTION_ID: 0b7df355-b2be-4001-aba1-68d038aa7a1f|Agent in normal state and Memory is normal, waiting for next iteration.
2025/07/24 10:32:23|INFO    |912:(ThreadPoolExecutor-0_0)|adaptive_policy|ACTION_ID: 0b7df355-b2be-4001-aba1-68d038aa7a1f|auto_disable_agent created output: None
2025/07/24 10:32:23|INFO    |912:(ThreadPoolExecutor-0_0)|adaptive_policy|ACTION_ID: 0b7df355-b2be-4001-aba1-68d038aa7a1f|Running parser: edr_archive_parser
2025/07/24 10:32:23|INFO    |912:(ThreadPoolExecutor-0_0)|edr_archive_parser|ACTION_ID: 0b7df355-b2be-4001-aba1-68d038aa7a1f|EDR Archive size: 0.0mb
2025/07/24 10:32:23|INFO    |912:(ThreadPoolExecutor-0_0)|adaptive_policy|ACTION_ID: 0b7df355-b2be-4001-aba1-68d038aa7a1f|edr_archive_parser created output: None
2025/07/24 10:32:23|INFO    |912:(ThreadPoolExecutor-0_0)|adaptive_policy|ACTION_ID: 0b7df355-b2be-4001-aba1-68d038aa7a1f|Running parser: syslog_parser
2025/07/24 10:32:23|INFO    |912:(ThreadPoolExecutor-0_0)|adaptive_policy_utils|ACTION_ID: 0b7df355-b2be-4001-aba1-68d038aa7a1f|Detected traps version: 8.8.0.133595
2025/07/24 10:32:23|INFO    |912:(ThreadPoolExecutor-0_0)|syslog_parser|ACTION_ID: 0b7df355-b2be-4001-aba1-68d038aa7a1f|Injected processes list: ['wickedd-dhcp6', 'couriertcpd', 'pmmasterd', 'authproxy', 'lighttpd', 'tinyproxy', 'mailman', 'wickedd-dhcp4', 'chronyd', 'apache2', 'xinetd', 'named', 'dovecot', 'samba', 'proftpd', 'charon', 'smbd', 'qmgr', 'ndsd', 'ibserver', 'cupsd', 'nscd', 'java', 'httpd', 'nmbd', 'mysqld', 'cyrus_pop3d', 'kamailio', 'pop2d', 'exim', 'pop3d', 'saned', 'squid', 'apache', 'danted', 'mongod', 'vsftpd', 'smartd', 'mysqld_safe', 'starter', 'squid3']
2025/07/24 10:32:23|INFO    |912:(ThreadPoolExecutor-0_0)|syslog_parser|ACTION_ID: 0b7df355-b2be-4001-aba1-68d038aa7a1f|crash_counters: {'wickedd-dhcp6': 0, 'couriertcpd': 0, 'pmmasterd': 0, 'authproxy': 0, 'lighttpd': 0, 'tinyproxy': 0, 'mailman': 0, 'wickedd-dhcp4': 0, 'chronyd': 0, 'apache2': 0, 'xinetd': 0, 'named': 0, 'dovecot': 0, 'samba': 0, 'proftpd': 0, 'charon': 0, 'smbd': 0, 'qmgr': 0, 'ndsd': 0, 'ibserver': 0, 'cupsd': 0, 'nscd': 0, 'java': 0, 'httpd': 0, 'nmbd': 0, 'mysqld': 0, 'cyrus_pop3d': 0, 'kamailio': 0, 'pop2d': 0, 'exim': 0, 'pop3d': 0, 'saned': 0, 'squid': 0, 'apache': 0, 'danted': 0, 'mongod': 0, 'vsftpd': 0, 'smartd': 0, 'mysqld_safe': 0, 'starter': 0, 'squid3': 0}
2025/07/24 10:32:23|INFO    |912:(ThreadPoolExecutor-0_0)|syslog_parser|ACTION_ID: 0b7df355-b2be-4001-aba1-68d038aa7a1f|Dypd statistics are empty. Cannot retrieve injected processes stats
2025/07/24 10:32:23|INFO    |912:(ThreadPoolExecutor-0_0)|syslog_parser|ACTION_ID: 0b7df355-b2be-4001-aba1-68d038aa7a1f|Could not find any crash reports in statistics
2025/07/24 10:32:23|INFO    |912:(ThreadPoolExecutor-0_0)|syslog_parser|ACTION_ID: 0b7df355-b2be-4001-aba1-68d038aa7a1f|Using temporary journal file: /opt/traps/python/scripts/tmpy_syxe_5
2025/07/24 10:32:23|INFO    |912:(ThreadPoolExecutor-0_0)|syslog_parser|ACTION_ID: 0b7df355-b2be-4001-aba1-68d038aa7a1f|Log file: /opt/traps/python/scripts/tmpy_syxe_5 detected.
2025/07/24 10:32:23|INFO    |912:(ThreadPoolExecutor-0_0)|syslog_parser|ACTION_ID: 0b7df355-b2be-4001-aba1-68d038aa7a1f|Syslog format RFC 3164 detected for line: Jul 24 09:51:57 linux-lab02 kernel: pci 0000:00:15.5: BAR 13: failed to assign [io  size 0x1000]

2025/07/24 10:32:23|INFO    |912:(ThreadPoolExecutor-0_0)|syslog_parser|ACTION_ID: 0b7df355-b2be-4001-aba1-68d038aa7a1f|Start monitor /opt/traps/python/scripts/tmpy_syxe_5
2025/07/24 10:32:23|INFO    |912:(ThreadPoolExecutor-0_0)|syslog_parser|ACTION_ID: 0b7df355-b2be-4001-aba1-68d038aa7a1f|Stopping to read lines as iterator has maxed out
2025/07/24 10:32:23|INFO    |912:(ThreadPoolExecutor-0_0)|syslog_parser|ACTION_ID: 0b7df355-b2be-4001-aba1-68d038aa7a1f|saving last line date:: 24/07/1900 10:31:31
2025/07/24 10:32:23|INFO    |912:(ThreadPoolExecutor-0_0)|syslog_parser|ACTION_ID: 0b7df355-b2be-4001-aba1-68d038aa7a1f|34 lines scanned by parser
2025/07/24 10:32:23|INFO    |912:(ThreadPoolExecutor-0_0)|adaptive_policy|ACTION_ID: 0b7df355-b2be-4001-aba1-68d038aa7a1f|syslog_parser created output: None
2025/07/24 10:32:23|INFO    |912:(ThreadPoolExecutor-0_0)|adaptive_policy|ACTION_ID: 0b7df355-b2be-4001-aba1-68d038aa7a1f|Running parser: net_collector
2025/07/24 10:32:23|INFO    |912:(ThreadPoolExecutor-0_0)|net_collector_parser|ACTION_ID: 0b7df355-b2be-4001-aba1-68d038aa7a1f|NetCollector parser started
2025/07/24 10:32:23|INFO    |912:(ThreadPoolExecutor-0_0)|net_collector_parser|ACTION_ID: 0b7df355-b2be-4001-aba1-68d038aa7a1f|System: cpu=3.0% idle=97.0%
2025/07/24 10:32:23|INFO    |912:(ThreadPoolExecutor-0_0)|net_collector_parser|ACTION_ID: 0b7df355-b2be-4001-aba1-68d038aa7a1f|Thread CloudMetadata: cpu=0%
2025/07/24 10:32:23|INFO    |912:(ThreadPoolExecutor-0_0)|net_collector_parser|ACTION_ID: 0b7df355-b2be-4001-aba1-68d038aa7a1f|Thread InjectedProcesses: cpu=0%
2025/07/24 10:32:23|INFO    |912:(ThreadPoolExecutor-0_0)|net_collector_parser|ACTION_ID: 0b7df355-b2be-4001-aba1-68d038aa7a1f|Thread clad: cpu=0%
2025/07/24 10:32:23|INFO    |912:(ThreadPoolExecutor-0_0)|net_collector_parser|ACTION_ID: 0b7df355-b2be-4001-aba1-68d038aa7a1f|Thread dypdng: cpu=0%
2025/07/24 10:32:23|INFO    |912:(ThreadPoolExecutor-0_0)|net_collector_parser|ACTION_ID: 0b7df355-b2be-4001-aba1-68d038aa7a1f|Thread pmd: cpu=0%
2025/07/24 10:32:23|INFO    |912:(ThreadPoolExecutor-0_0)|net_collector_parser|ACTION_ID: 0b7df355-b2be-4001-aba1-68d038aa7a1f|Thread pyxd: cpu=0%
2025/07/24 10:32:23|INFO    |912:(ThreadPoolExecutor-0_0)|net_collector_parser|ACTION_ID: 0b7df355-b2be-4001-aba1-68d038aa7a1f|Thread sandboxd: cpu=0%
2025/07/24 10:32:23|INFO    |912:(ThreadPoolExecutor-0_0)|adaptive_policy|ACTION_ID: 0b7df355-b2be-4001-aba1-68d038aa7a1f|net_collector created output: None
2025/07/24 10:32:23|INFO    |912:(ThreadPoolExecutor-0_0)|adaptive_policy|ACTION_ID: 0b7df355-b2be-4001-aba1-68d038aa7a1f|Running parser: linux_auto_disable_on_write_parser
2025/07/24 10:32:23|INFO    |912:(ThreadPoolExecutor-0_0)|adaptive_policy_utils|ACTION_ID: 0b7df355-b2be-4001-aba1-68d038aa7a1f|Detected traps version: 8.8.0.133595
2025/07/24 10:32:23|INFO    |912:(ThreadPoolExecutor-0_0)|linux_auto_disable_on_write_parser|ACTION_ID: 0b7df355-b2be-4001-aba1-68d038aa7a1f|CPU is normal, waiting for next iteration.
2025/07/24 10:32:23|INFO    |912:(ThreadPoolExecutor-0_0)|adaptive_policy|ACTION_ID: 0b7df355-b2be-4001-aba1-68d038aa7a1f|linux_auto_disable_on_write_parser created output: None
2025/07/24 10:32:23|INFO    |912:(ThreadPoolExecutor-0_0)|adaptive_policy|ACTION_ID: 0b7df355-b2be-4001-aba1-68d038aa7a1f|{'apex': [], 'persistence': {'auto_disable_agent': {}, 'edr_archive_parser': {}, 'syslog_parser': {'last_scan': -2191314121.0}, 'net_collector': {}, 'linux_auto_disable_on_write_parser': {'trapsd_avg_cpu': 0.9751082978032684}}, 'output_settings': '{\n"agentDisabledByAdaptivePolicy": false\n}', 'last_analysis': 1753363943}
2025/07/24 10:47:23|INFO    |912:(ThreadPoolExecutor-0_0)|adaptive_policy|ACTION_ID: 0b7df355-b2be-4001-aba1-68d038aa7a1f|Starting adaptive policy engine with kwargs: {}
2025/07/24 10:47:23|INFO    |912:(ThreadPoolExecutor-0_0)|adaptive_policy_utils|ACTION_ID: 0b7df355-b2be-4001-aba1-68d038aa7a1f|Detected traps version: 8.8.0.133595
2025/07/24 10:47:23|INFO    |912:(ThreadPoolExecutor-0_0)|adaptive_policy|ACTION_ID: 0b7df355-b2be-4001-aba1-68d038aa7a1f|{'adaptive_policy_interval': 900}
2025/07/24 10:47:23|INFO    |912:(ThreadPoolExecutor-0_0)|adaptive_policy|ACTION_ID: 0b7df355-b2be-4001-aba1-68d038aa7a1f|Set value of adaptive_policy_interval to 900
2025/07/24 10:47:23|INFO    |912:(ThreadPoolExecutor-0_0)|adaptive_policy|ACTION_ID: 0b7df355-b2be-4001-aba1-68d038aa7a1f|last analysis timestamp: Thursday, July 24, 2025 at 10:32:23 AM
2025/07/24 10:47:23|INFO    |912:(ThreadPoolExecutor-0_0)|adaptive_policy|ACTION_ID: 0b7df355-b2be-4001-aba1-68d038aa7a1f|High resolution mode: False
2025/07/24 10:47:23|INFO    |912:(ThreadPoolExecutor-0_0)|adaptive_policy|ACTION_ID: 0b7df355-b2be-4001-aba1-68d038aa7a1f|Time elapsed since the previous normal mode execution: 900 seconds
2025/07/24 10:47:23|INFO    |912:(ThreadPoolExecutor-0_0)|adaptive_policy|ACTION_ID: 0b7df355-b2be-4001-aba1-68d038aa7a1f|Adaptive policy normal operation mode interval: 900
2025/07/24 10:47:23|INFO    |912:(ThreadPoolExecutor-0_0)|adaptive_policy|ACTION_ID: 0b7df355-b2be-4001-aba1-68d038aa7a1f|Adaptive policy normal mode is: ENABLED
2025/07/24 10:47:23|INFO    |912:(ThreadPoolExecutor-0_0)|adaptive_policy|ACTION_ID: 0b7df355-b2be-4001-aba1-68d038aa7a1f|Adding normal operation mode parser
2025/07/24 10:47:23|INFO    |912:(ThreadPoolExecutor-0_0)|adaptive_policy|ACTION_ID: 0b7df355-b2be-4001-aba1-68d038aa7a1f|Found 1 statistics components to analyze
2025/07/24 10:47:23|INFO    |912:(ThreadPoolExecutor-0_0)|adaptive_policy|ACTION_ID: 0b7df355-b2be-4001-aba1-68d038aa7a1f|Running parser: auto_disable_agent
2025/07/24 10:47:23|INFO    |912:(ThreadPoolExecutor-0_0)|adaptive_policy_utils|ACTION_ID: 0b7df355-b2be-4001-aba1-68d038aa7a1f|Detected traps version: 8.8.0.133595
2025/07/24 10:47:23|INFO    |912:(ThreadPoolExecutor-0_0)|auto_disable_parser|ACTION_ID: 0b7df355-b2be-4001-aba1-68d038aa7a1f|Trapsd average CPU usage - normalized 1.1895068574383232
2025/07/24 10:47:23|INFO    |912:(ThreadPoolExecutor-0_0)|auto_disable_parser|ACTION_ID: 0b7df355-b2be-4001-aba1-68d038aa7a1f|Trapsd average CPU usage 1.1895068574383232
2025/07/24 10:47:23|INFO    |912:(ThreadPoolExecutor-0_0)|auto_disable_parser|ACTION_ID: 0b7df355-b2be-4001-aba1-68d038aa7a1f|Agent in normal state and CPU is normal, waiting for next iteration.
2025/07/24 10:47:23|INFO    |912:(ThreadPoolExecutor-0_0)|auto_disable_parser|ACTION_ID: 0b7df355-b2be-4001-aba1-68d038aa7a1f|trapsd private memory usage 227,729,408
2025/07/24 10:47:23|INFO    |912:(ThreadPoolExecutor-0_0)|auto_disable_parser|ACTION_ID: 0b7df355-b2be-4001-aba1-68d038aa7a1f|Agent in normal state and Memory is normal, waiting for next iteration.
2025/07/24 10:47:23|INFO    |912:(ThreadPoolExecutor-0_0)|adaptive_policy|ACTION_ID: 0b7df355-b2be-4001-aba1-68d038aa7a1f|auto_disable_agent created output: None
2025/07/24 10:47:23|INFO    |912:(ThreadPoolExecutor-0_0)|adaptive_policy|ACTION_ID: 0b7df355-b2be-4001-aba1-68d038aa7a1f|Running parser: edr_archive_parser
2025/07/24 10:47:23|INFO    |912:(ThreadPoolExecutor-0_0)|edr_archive_parser|ACTION_ID: 0b7df355-b2be-4001-aba1-68d038aa7a1f|EDR Archive size: 0.0mb
2025/07/24 10:47:23|INFO    |912:(ThreadPoolExecutor-0_0)|adaptive_policy|ACTION_ID: 0b7df355-b2be-4001-aba1-68d038aa7a1f|edr_archive_parser created output: None
2025/07/24 10:47:23|INFO    |912:(ThreadPoolExecutor-0_0)|adaptive_policy|ACTION_ID: 0b7df355-b2be-4001-aba1-68d038aa7a1f|Running parser: syslog_parser
2025/07/24 10:47:23|INFO    |912:(ThreadPoolExecutor-0_0)|adaptive_policy_utils|ACTION_ID: 0b7df355-b2be-4001-aba1-68d038aa7a1f|Detected traps version: 8.8.0.133595
2025/07/24 10:47:23|INFO    |912:(ThreadPoolExecutor-0_0)|syslog_parser|ACTION_ID: 0b7df355-b2be-4001-aba1-68d038aa7a1f|Injected processes list: ['wickedd-dhcp6', 'couriertcpd', 'pmmasterd', 'authproxy', 'lighttpd', 'tinyproxy', 'mailman', 'wickedd-dhcp4', 'chronyd', 'apache2', 'xinetd', 'named', 'dovecot', 'samba', 'proftpd', 'charon', 'smbd', 'qmgr', 'ndsd', 'ibserver', 'cupsd', 'nscd', 'java', 'httpd', 'nmbd', 'mysqld', 'cyrus_pop3d', 'kamailio', 'pop2d', 'exim', 'pop3d', 'saned', 'squid', 'apache', 'danted', 'mongod', 'vsftpd', 'smartd', 'mysqld_safe', 'starter', 'squid3']
2025/07/24 10:47:23|INFO    |912:(ThreadPoolExecutor-0_0)|syslog_parser|ACTION_ID: 0b7df355-b2be-4001-aba1-68d038aa7a1f|crash_counters: {'wickedd-dhcp6': 0, 'couriertcpd': 0, 'pmmasterd': 0, 'authproxy': 0, 'lighttpd': 0, 'tinyproxy': 0, 'mailman': 0, 'wickedd-dhcp4': 0, 'chronyd': 0, 'apache2': 0, 'xinetd': 0, 'named': 0, 'dovecot': 0, 'samba': 0, 'proftpd': 0, 'charon': 0, 'smbd': 0, 'qmgr': 0, 'ndsd': 0, 'ibserver': 0, 'cupsd': 0, 'nscd': 0, 'java': 0, 'httpd': 0, 'nmbd': 0, 'mysqld': 0, 'cyrus_pop3d': 0, 'kamailio': 0, 'pop2d': 0, 'exim': 0, 'pop3d': 0, 'saned': 0, 'squid': 0, 'apache': 0, 'danted': 0, 'mongod': 0, 'vsftpd': 0, 'smartd': 0, 'mysqld_safe': 0, 'starter': 0, 'squid3': 0}
2025/07/24 10:47:23|INFO    |912:(ThreadPoolExecutor-0_0)|syslog_parser|ACTION_ID: 0b7df355-b2be-4001-aba1-68d038aa7a1f|Dypd statistics are empty. Cannot retrieve injected processes stats
2025/07/24 10:47:23|INFO    |912:(ThreadPoolExecutor-0_0)|syslog_parser|ACTION_ID: 0b7df355-b2be-4001-aba1-68d038aa7a1f|Could not find any crash reports in statistics
2025/07/24 10:47:23|INFO    |912:(ThreadPoolExecutor-0_0)|syslog_parser|ACTION_ID: 0b7df355-b2be-4001-aba1-68d038aa7a1f|Using temporary journal file: /opt/traps/python/scripts/tmp5ckmg8nj
2025/07/24 10:47:23|INFO    |912:(ThreadPoolExecutor-0_0)|syslog_parser|ACTION_ID: 0b7df355-b2be-4001-aba1-68d038aa7a1f|Log file: /opt/traps/python/scripts/tmp5ckmg8nj detected.
2025/07/24 10:47:23|INFO    |912:(ThreadPoolExecutor-0_0)|syslog_parser|ACTION_ID: 0b7df355-b2be-4001-aba1-68d038aa7a1f|Syslog format RFC 3164 detected for line: Jul 24 09:51:57 linux-lab02 kernel: pci 0000:00:16.7: BAR 13: failed to assign [io  size 0x1000]

2025/07/24 10:47:23|INFO    |912:(ThreadPoolExecutor-0_0)|syslog_parser|ACTION_ID: 0b7df355-b2be-4001-aba1-68d038aa7a1f|Start monitor /opt/traps/python/scripts/tmp5ckmg8nj
2025/07/24 10:47:23|INFO    |912:(ThreadPoolExecutor-0_0)|syslog_parser|ACTION_ID: 0b7df355-b2be-4001-aba1-68d038aa7a1f|Stopping to read lines as iterator has maxed out
2025/07/24 10:47:23|INFO    |912:(ThreadPoolExecutor-0_0)|syslog_parser|ACTION_ID: 0b7df355-b2be-4001-aba1-68d038aa7a1f|saving last line date:: 24/07/1900 10:45:57
2025/07/24 10:47:23|INFO    |912:(ThreadPoolExecutor-0_0)|syslog_parser|ACTION_ID: 0b7df355-b2be-4001-aba1-68d038aa7a1f|14 lines scanned by parser
2025/07/24 10:47:23|INFO    |912:(ThreadPoolExecutor-0_0)|adaptive_policy|ACTION_ID: 0b7df355-b2be-4001-aba1-68d038aa7a1f|syslog_parser created output: None
2025/07/24 10:47:23|INFO    |912:(ThreadPoolExecutor-0_0)|adaptive_policy|ACTION_ID: 0b7df355-b2be-4001-aba1-68d038aa7a1f|Running parser: net_collector
2025/07/24 10:47:23|INFO    |912:(ThreadPoolExecutor-0_0)|net_collector_parser|ACTION_ID: 0b7df355-b2be-4001-aba1-68d038aa7a1f|NetCollector parser started
2025/07/24 10:47:23|INFO    |912:(ThreadPoolExecutor-0_0)|net_collector_parser|ACTION_ID: 0b7df355-b2be-4001-aba1-68d038aa7a1f|System: cpu=4.0% idle=96.0%
2025/07/24 10:47:23|INFO    |912:(ThreadPoolExecutor-0_0)|net_collector_parser|ACTION_ID: 0b7df355-b2be-4001-aba1-68d038aa7a1f|Thread CloudMetadata: cpu=0%
2025/07/24 10:47:23|INFO    |912:(ThreadPoolExecutor-0_0)|net_collector_parser|ACTION_ID: 0b7df355-b2be-4001-aba1-68d038aa7a1f|Thread InjectedProcesses: cpu=0%
2025/07/24 10:47:23|INFO    |912:(ThreadPoolExecutor-0_0)|net_collector_parser|ACTION_ID: 0b7df355-b2be-4001-aba1-68d038aa7a1f|Thread clad: cpu=0%
2025/07/24 10:47:23|INFO    |912:(ThreadPoolExecutor-0_0)|net_collector_parser|ACTION_ID: 0b7df355-b2be-4001-aba1-68d038aa7a1f|Thread dypdng: cpu=0%
2025/07/24 10:47:23|INFO    |912:(ThreadPoolExecutor-0_0)|net_collector_parser|ACTION_ID: 0b7df355-b2be-4001-aba1-68d038aa7a1f|Thread pmd: cpu=1.0%
2025/07/24 10:47:23|INFO    |912:(ThreadPoolExecutor-0_0)|net_collector_parser|ACTION_ID: 0b7df355-b2be-4001-aba1-68d038aa7a1f|Thread pmd.PayloadExecuter: cpu=0%
2025/07/24 10:47:23|INFO    |912:(ThreadPoolExecutor-0_0)|net_collector_parser|ACTION_ID: 0b7df355-b2be-4001-aba1-68d038aa7a1f|Thread pyxd: cpu=0%
2025/07/24 10:47:23|INFO    |912:(ThreadPoolExecutor-0_0)|net_collector_parser|ACTION_ID: 0b7df355-b2be-4001-aba1-68d038aa7a1f|Thread sandboxd: cpu=0%
2025/07/24 10:47:23|INFO    |912:(ThreadPoolExecutor-0_0)|adaptive_policy|ACTION_ID: 0b7df355-b2be-4001-aba1-68d038aa7a1f|net_collector created output: None
2025/07/24 10:47:23|INFO    |912:(ThreadPoolExecutor-0_0)|adaptive_policy|ACTION_ID: 0b7df355-b2be-4001-aba1-68d038aa7a1f|Running parser: linux_auto_disable_on_write_parser
2025/07/24 10:47:23|INFO    |912:(ThreadPoolExecutor-0_0)|adaptive_policy_utils|ACTION_ID: 0b7df355-b2be-4001-aba1-68d038aa7a1f|Detected traps version: 8.8.0.133595
2025/07/24 10:47:23|INFO    |912:(ThreadPoolExecutor-0_0)|linux_auto_disable_on_write_parser|ACTION_ID: 0b7df355-b2be-4001-aba1-68d038aa7a1f|CPU is normal, waiting for next iteration.
2025/07/24 10:47:23|INFO    |912:(ThreadPoolExecutor-0_0)|adaptive_policy|ACTION_ID: 0b7df355-b2be-4001-aba1-68d038aa7a1f|linux_auto_disable_on_write_parser created output: None
2025/07/24 10:47:23|INFO    |912:(ThreadPoolExecutor-0_0)|adaptive_policy|ACTION_ID: 0b7df355-b2be-4001-aba1-68d038aa7a1f|{'apex': [], 'persistence': {'auto_disable_agent': {}, 'edr_archive_parser': {}, 'syslog_parser': {'last_scan': -2191313255.0}, 'net_collector': {}, 'linux_auto_disable_on_write_parser': {'trapsd_avg_cpu': 1.1895068574383232}}, 'output_settings': '{\n"agentDisabledByAdaptivePolicy": false\n}', 'last_analysis': 1753364843}
2025/07/24 11:02:23|INFO    |912:(ThreadPoolExecutor-0_0)|adaptive_policy|ACTION_ID: 0b7df355-b2be-4001-aba1-68d038aa7a1f|Starting adaptive policy engine with kwargs: {}
2025/07/24 11:02:23|INFO    |912:(ThreadPoolExecutor-0_0)|adaptive_policy_utils|ACTION_ID: 0b7df355-b2be-4001-aba1-68d038aa7a1f|Detected traps version: 8.8.0.133595
2025/07/24 11:02:23|INFO    |912:(ThreadPoolExecutor-0_0)|adaptive_policy|ACTION_ID: 0b7df355-b2be-4001-aba1-68d038aa7a1f|{'adaptive_policy_interval': 900}
2025/07/24 11:02:23|INFO    |912:(ThreadPoolExecutor-0_0)|adaptive_policy|ACTION_ID: 0b7df355-b2be-4001-aba1-68d038aa7a1f|Set value of adaptive_policy_interval to 900
2025/07/24 11:02:23|INFO    |912:(ThreadPoolExecutor-0_0)|adaptive_policy|ACTION_ID: 0b7df355-b2be-4001-aba1-68d038aa7a1f|last analysis timestamp: Thursday, July 24, 2025 at 10:47:23 AM
2025/07/24 11:02:23|INFO    |912:(ThreadPoolExecutor-0_0)|adaptive_policy|ACTION_ID: 0b7df355-b2be-4001-aba1-68d038aa7a1f|High resolution mode: False
2025/07/24 11:02:23|INFO    |912:(ThreadPoolExecutor-0_0)|adaptive_policy|ACTION_ID: 0b7df355-b2be-4001-aba1-68d038aa7a1f|Time elapsed since the previous normal mode execution: 900 seconds
2025/07/24 11:02:23|INFO    |912:(ThreadPoolExecutor-0_0)|adaptive_policy|ACTION_ID: 0b7df355-b2be-4001-aba1-68d038aa7a1f|Adaptive policy normal operation mode interval: 900
2025/07/24 11:02:23|INFO    |912:(ThreadPoolExecutor-0_0)|adaptive_policy|ACTION_ID: 0b7df355-b2be-4001-aba1-68d038aa7a1f|Adaptive policy normal mode is: ENABLED
2025/07/24 11:02:23|INFO    |912:(ThreadPoolExecutor-0_0)|adaptive_policy|ACTION_ID: 0b7df355-b2be-4001-aba1-68d038aa7a1f|Adding normal operation mode parser
2025/07/24 11:02:23|INFO    |912:(ThreadPoolExecutor-0_0)|adaptive_policy|ACTION_ID: 0b7df355-b2be-4001-aba1-68d038aa7a1f|Found 1 statistics components to analyze
2025/07/24 11:02:23|INFO    |912:(ThreadPoolExecutor-0_0)|adaptive_policy|ACTION_ID: 0b7df355-b2be-4001-aba1-68d038aa7a1f|Running parser: auto_disable_agent
2025/07/24 11:02:23|INFO    |912:(ThreadPoolExecutor-0_0)|adaptive_policy_utils|ACTION_ID: 0b7df355-b2be-4001-aba1-68d038aa7a1f|Detected traps version: 8.8.0.133595
2025/07/24 11:02:23|INFO    |912:(ThreadPoolExecutor-0_0)|auto_disable_parser|ACTION_ID: 0b7df355-b2be-4001-aba1-68d038aa7a1f|Trapsd average CPU usage - normalized 1.2604845774652014
2025/07/24 11:02:23|INFO    |912:(ThreadPoolExecutor-0_0)|auto_disable_parser|ACTION_ID: 0b7df355-b2be-4001-aba1-68d038aa7a1f|Trapsd average CPU usage 1.2604845774652014
2025/07/24 11:02:23|INFO    |912:(ThreadPoolExecutor-0_0)|auto_disable_parser|ACTION_ID: 0b7df355-b2be-4001-aba1-68d038aa7a1f|Agent in normal state and CPU is normal, waiting for next iteration.
2025/07/24 11:02:23|INFO    |912:(ThreadPoolExecutor-0_0)|auto_disable_parser|ACTION_ID: 0b7df355-b2be-4001-aba1-68d038aa7a1f|trapsd private memory usage 206,102,528
2025/07/24 11:02:23|INFO    |912:(ThreadPoolExecutor-0_0)|auto_disable_parser|ACTION_ID: 0b7df355-b2be-4001-aba1-68d038aa7a1f|Agent in normal state and Memory is normal, waiting for next iteration.
2025/07/24 11:02:23|INFO    |912:(ThreadPoolExecutor-0_0)|adaptive_policy|ACTION_ID: 0b7df355-b2be-4001-aba1-68d038aa7a1f|auto_disable_agent created output: None
2025/07/24 11:02:23|INFO    |912:(ThreadPoolExecutor-0_0)|adaptive_policy|ACTION_ID: 0b7df355-b2be-4001-aba1-68d038aa7a1f|Running parser: edr_archive_parser
2025/07/24 11:02:23|INFO    |912:(ThreadPoolExecutor-0_0)|edr_archive_parser|ACTION_ID: 0b7df355-b2be-4001-aba1-68d038aa7a1f|EDR Archive size: 0.0mb
2025/07/24 11:02:23|INFO    |912:(ThreadPoolExecutor-0_0)|adaptive_policy|ACTION_ID: 0b7df355-b2be-4001-aba1-68d038aa7a1f|edr_archive_parser created output: None
2025/07/24 11:02:23|INFO    |912:(ThreadPoolExecutor-0_0)|adaptive_policy|ACTION_ID: 0b7df355-b2be-4001-aba1-68d038aa7a1f|Running parser: syslog_parser
2025/07/24 11:02:23|INFO    |912:(ThreadPoolExecutor-0_0)|adaptive_policy_utils|ACTION_ID: 0b7df355-b2be-4001-aba1-68d038aa7a1f|Detected traps version: 8.8.0.133595
2025/07/24 11:02:23|INFO    |912:(ThreadPoolExecutor-0_0)|syslog_parser|ACTION_ID: 0b7df355-b2be-4001-aba1-68d038aa7a1f|Injected processes list: ['wickedd-dhcp6', 'couriertcpd', 'pmmasterd', 'authproxy', 'lighttpd', 'tinyproxy', 'mailman', 'wickedd-dhcp4', 'chronyd', 'apache2', 'xinetd', 'named', 'dovecot', 'samba', 'proftpd', 'charon', 'smbd', 'qmgr', 'ndsd', 'ibserver', 'cupsd', 'nscd', 'java', 'httpd', 'nmbd', 'mysqld', 'cyrus_pop3d', 'kamailio', 'pop2d', 'exim', 'pop3d', 'saned', 'squid', 'apache', 'danted', 'mongod', 'vsftpd', 'smartd', 'mysqld_safe', 'starter', 'squid3']
2025/07/24 11:02:23|INFO    |912:(ThreadPoolExecutor-0_0)|syslog_parser|ACTION_ID: 0b7df355-b2be-4001-aba1-68d038aa7a1f|crash_counters: {'wickedd-dhcp6': 0, 'couriertcpd': 0, 'pmmasterd': 0, 'authproxy': 0, 'lighttpd': 0, 'tinyproxy': 0, 'mailman': 0, 'wickedd-dhcp4': 0, 'chronyd': 0, 'apache2': 0, 'xinetd': 0, 'named': 0, 'dovecot': 0, 'samba': 0, 'proftpd': 0, 'charon': 0, 'smbd': 0, 'qmgr': 0, 'ndsd': 0, 'ibserver': 0, 'cupsd': 0, 'nscd': 0, 'java': 0, 'httpd': 0, 'nmbd': 0, 'mysqld': 0, 'cyrus_pop3d': 0, 'kamailio': 0, 'pop2d': 0, 'exim': 0, 'pop3d': 0, 'saned': 0, 'squid': 0, 'apache': 0, 'danted': 0, 'mongod': 0, 'vsftpd': 0, 'smartd': 0, 'mysqld_safe': 0, 'starter': 0, 'squid3': 0}
2025/07/24 11:02:23|INFO    |912:(ThreadPoolExecutor-0_0)|syslog_parser|ACTION_ID: 0b7df355-b2be-4001-aba1-68d038aa7a1f|Dypd statistics are empty. Cannot retrieve injected processes stats
2025/07/24 11:02:23|INFO    |912:(ThreadPoolExecutor-0_0)|syslog_parser|ACTION_ID: 0b7df355-b2be-4001-aba1-68d038aa7a1f|Could not find any crash reports in statistics
2025/07/24 11:02:24|INFO    |912:(ThreadPoolExecutor-0_0)|syslog_parser|ACTION_ID: 0b7df355-b2be-4001-aba1-68d038aa7a1f|Using temporary journal file: /opt/traps/python/scripts/tmp_4fyy7xg
2025/07/24 11:02:24|INFO    |912:(ThreadPoolExecutor-0_0)|syslog_parser|ACTION_ID: 0b7df355-b2be-4001-aba1-68d038aa7a1f|Log file: /opt/traps/python/scripts/tmp_4fyy7xg detected.
2025/07/24 11:02:24|INFO    |912:(ThreadPoolExecutor-0_0)|syslog_parser|ACTION_ID: 0b7df355-b2be-4001-aba1-68d038aa7a1f|Syslog format RFC 3164 detected for line: Jul 24 09:51:57 linux-lab02 kernel: pci 0000:00:18.2: BAR 13: no space for [io  size 0x1000]

2025/07/24 11:02:24|INFO    |912:(ThreadPoolExecutor-0_0)|syslog_parser|ACTION_ID: 0b7df355-b2be-4001-aba1-68d038aa7a1f|Start monitor /opt/traps/python/scripts/tmp_4fyy7xg
2025/07/24 11:02:24|INFO    |912:(ThreadPoolExecutor-0_0)|syslog_parser|ACTION_ID: 0b7df355-b2be-4001-aba1-68d038aa7a1f|Stopping to read lines as iterator has maxed out
2025/07/24 11:02:24|INFO    |912:(ThreadPoolExecutor-0_0)|syslog_parser|ACTION_ID: 0b7df355-b2be-4001-aba1-68d038aa7a1f|saving last line date:: 24/07/1900 11:01:23
2025/07/24 11:02:24|INFO    |912:(ThreadPoolExecutor-0_0)|syslog_parser|ACTION_ID: 0b7df355-b2be-4001-aba1-68d038aa7a1f|33 lines scanned by parser
2025/07/24 11:02:24|INFO    |912:(ThreadPoolExecutor-0_0)|adaptive_policy|ACTION_ID: 0b7df355-b2be-4001-aba1-68d038aa7a1f|syslog_parser created output: None
2025/07/24 11:02:24|INFO    |912:(ThreadPoolExecutor-0_0)|adaptive_policy|ACTION_ID: 0b7df355-b2be-4001-aba1-68d038aa7a1f|Running parser: net_collector
2025/07/24 11:02:24|INFO    |912:(ThreadPoolExecutor-0_0)|net_collector_parser|ACTION_ID: 0b7df355-b2be-4001-aba1-68d038aa7a1f|NetCollector parser started
2025/07/24 11:02:24|INFO    |912:(ThreadPoolExecutor-0_0)|net_collector_parser|ACTION_ID: 0b7df355-b2be-4001-aba1-68d038aa7a1f|System: cpu=4.0% idle=96.0%
2025/07/24 11:02:24|INFO    |912:(ThreadPoolExecutor-0_0)|net_collector_parser|ACTION_ID: 0b7df355-b2be-4001-aba1-68d038aa7a1f|Thread CloudMetadata: cpu=0%
2025/07/24 11:02:24|INFO    |912:(ThreadPoolExecutor-0_0)|net_collector_parser|ACTION_ID: 0b7df355-b2be-4001-aba1-68d038aa7a1f|Thread InjectedProcesses: cpu=0%
2025/07/24 11:02:24|INFO    |912:(ThreadPoolExecutor-0_0)|net_collector_parser|ACTION_ID: 0b7df355-b2be-4001-aba1-68d038aa7a1f|Thread clad: cpu=0%
2025/07/24 11:02:24|INFO    |912:(ThreadPoolExecutor-0_0)|net_collector_parser|ACTION_ID: 0b7df355-b2be-4001-aba1-68d038aa7a1f|Thread dypdng: cpu=0%
2025/07/24 11:02:24|INFO    |912:(ThreadPoolExecutor-0_0)|net_collector_parser|ACTION_ID: 0b7df355-b2be-4001-aba1-68d038aa7a1f|Thread pmd: cpu=1.0%
2025/07/24 11:02:24|INFO    |912:(ThreadPoolExecutor-0_0)|net_collector_parser|ACTION_ID: 0b7df355-b2be-4001-aba1-68d038aa7a1f|Thread pyxd: cpu=0%
2025/07/24 11:02:24|INFO    |912:(ThreadPoolExecutor-0_0)|net_collector_parser|ACTION_ID: 0b7df355-b2be-4001-aba1-68d038aa7a1f|Thread sandboxd: cpu=0%
2025/07/24 11:02:24|INFO    |912:(ThreadPoolExecutor-0_0)|adaptive_policy|ACTION_ID: 0b7df355-b2be-4001-aba1-68d038aa7a1f|net_collector created output: None
2025/07/24 11:02:24|INFO    |912:(ThreadPoolExecutor-0_0)|adaptive_policy|ACTION_ID: 0b7df355-b2be-4001-aba1-68d038aa7a1f|Running parser: linux_auto_disable_on_write_parser
2025/07/24 11:02:24|INFO    |912:(ThreadPoolExecutor-0_0)|adaptive_policy_utils|ACTION_ID: 0b7df355-b2be-4001-aba1-68d038aa7a1f|Detected traps version: 8.8.0.133595
2025/07/24 11:02:24|INFO    |912:(ThreadPoolExecutor-0_0)|linux_auto_disable_on_write_parser|ACTION_ID: 0b7df355-b2be-4001-aba1-68d038aa7a1f|CPU is normal, waiting for next iteration.
2025/07/24 11:02:24|INFO    |912:(ThreadPoolExecutor-0_0)|adaptive_policy|ACTION_ID: 0b7df355-b2be-4001-aba1-68d038aa7a1f|linux_auto_disable_on_write_parser created output: None
2025/07/24 11:02:24|INFO    |912:(ThreadPoolExecutor-0_0)|adaptive_policy|ACTION_ID: 0b7df355-b2be-4001-aba1-68d038aa7a1f|{'apex': [], 'persistence': {'auto_disable_agent': {}, 'edr_archive_parser': {}, 'syslog_parser': {'last_scan': -2191312329.0}, 'net_collector': {}, 'linux_auto_disable_on_write_parser': {'trapsd_avg_cpu': 1.2604845774652014}}, 'output_settings': '{\n"agentDisabledByAdaptivePolicy": false\n}', 'last_analysis': 1753365744}
2025/07/24 11:17:24|INFO    |912:(ThreadPoolExecutor-0_0)|adaptive_policy|ACTION_ID: 0b7df355-b2be-4001-aba1-68d038aa7a1f|Starting adaptive policy engine with kwargs: {}
2025/07/24 11:17:24|INFO    |912:(ThreadPoolExecutor-0_0)|adaptive_policy_utils|ACTION_ID: 0b7df355-b2be-4001-aba1-68d038aa7a1f|Detected traps version: 8.8.0.133595
2025/07/24 11:17:24|INFO    |912:(ThreadPoolExecutor-0_0)|adaptive_policy|ACTION_ID: 0b7df355-b2be-4001-aba1-68d038aa7a1f|{'adaptive_policy_interval': 900}
2025/07/24 11:17:24|INFO    |912:(ThreadPoolExecutor-0_0)|adaptive_policy|ACTION_ID: 0b7df355-b2be-4001-aba1-68d038aa7a1f|Set value of adaptive_policy_interval to 900
2025/07/24 11:17:24|INFO    |912:(ThreadPoolExecutor-0_0)|adaptive_policy|ACTION_ID: 0b7df355-b2be-4001-aba1-68d038aa7a1f|last analysis timestamp: Thursday, July 24, 2025 at 11:02:24 AM
2025/07/24 11:17:24|INFO    |912:(ThreadPoolExecutor-0_0)|adaptive_policy|ACTION_ID: 0b7df355-b2be-4001-aba1-68d038aa7a1f|High resolution mode: False
2025/07/24 11:17:24|INFO    |912:(ThreadPoolExecutor-0_0)|adaptive_policy|ACTION_ID: 0b7df355-b2be-4001-aba1-68d038aa7a1f|Time elapsed since the previous normal mode execution: 900 seconds
2025/07/24 11:17:24|INFO    |912:(ThreadPoolExecutor-0_0)|adaptive_policy|ACTION_ID: 0b7df355-b2be-4001-aba1-68d038aa7a1f|Adaptive policy normal operation mode interval: 900
2025/07/24 11:17:24|INFO    |912:(ThreadPoolExecutor-0_0)|adaptive_policy|ACTION_ID: 0b7df355-b2be-4001-aba1-68d038aa7a1f|Adaptive policy normal mode is: ENABLED
2025/07/24 11:17:24|INFO    |912:(ThreadPoolExecutor-0_0)|adaptive_policy|ACTION_ID: 0b7df355-b2be-4001-aba1-68d038aa7a1f|Adding normal operation mode parser
2025/07/24 11:17:24|INFO    |912:(ThreadPoolExecutor-0_0)|adaptive_policy|ACTION_ID: 0b7df355-b2be-4001-aba1-68d038aa7a1f|Found 1 statistics components to analyze
2025/07/24 11:17:24|INFO    |912:(ThreadPoolExecutor-0_0)|adaptive_policy|ACTION_ID: 0b7df355-b2be-4001-aba1-68d038aa7a1f|Running parser: auto_disable_agent
2025/07/24 11:17:24|INFO    |912:(ThreadPoolExecutor-0_0)|adaptive_policy_utils|ACTION_ID: 0b7df355-b2be-4001-aba1-68d038aa7a1f|Detected traps version: 8.8.0.133595
2025/07/24 11:17:24|INFO    |912:(ThreadPoolExecutor-0_0)|auto_disable_parser|ACTION_ID: 0b7df355-b2be-4001-aba1-68d038aa7a1f|Trapsd average CPU usage - normalized 1.0141957808234596
2025/07/24 11:17:24|INFO    |912:(ThreadPoolExecutor-0_0)|auto_disable_parser|ACTION_ID: 0b7df355-b2be-4001-aba1-68d038aa7a1f|Trapsd average CPU usage 1.0141957808234596
2025/07/24 11:17:24|INFO    |912:(ThreadPoolExecutor-0_0)|auto_disable_parser|ACTION_ID: 0b7df355-b2be-4001-aba1-68d038aa7a1f|Agent in normal state and CPU is normal, waiting for next iteration.
2025/07/24 11:17:24|INFO    |912:(ThreadPoolExecutor-0_0)|auto_disable_parser|ACTION_ID: 0b7df355-b2be-4001-aba1-68d038aa7a1f|trapsd private memory usage 208,936,960
2025/07/24 11:17:24|INFO    |912:(ThreadPoolExecutor-0_0)|auto_disable_parser|ACTION_ID: 0b7df355-b2be-4001-aba1-68d038aa7a1f|Agent in normal state and Memory is normal, waiting for next iteration.
2025/07/24 11:17:24|INFO    |912:(ThreadPoolExecutor-0_0)|adaptive_policy|ACTION_ID: 0b7df355-b2be-4001-aba1-68d038aa7a1f|auto_disable_agent created output: None
2025/07/24 11:17:24|INFO    |912:(ThreadPoolExecutor-0_0)|adaptive_policy|ACTION_ID: 0b7df355-b2be-4001-aba1-68d038aa7a1f|Running parser: edr_archive_parser
2025/07/24 11:17:24|INFO    |912:(ThreadPoolExecutor-0_0)|edr_archive_parser|ACTION_ID: 0b7df355-b2be-4001-aba1-68d038aa7a1f|EDR Archive size: 0.0mb
2025/07/24 11:17:24|INFO    |912:(ThreadPoolExecutor-0_0)|adaptive_policy|ACTION_ID: 0b7df355-b2be-4001-aba1-68d038aa7a1f|edr_archive_parser created output: None
2025/07/24 11:17:24|INFO    |912:(ThreadPoolExecutor-0_0)|adaptive_policy|ACTION_ID: 0b7df355-b2be-4001-aba1-68d038aa7a1f|Running parser: syslog_parser
2025/07/24 11:17:24|INFO    |912:(ThreadPoolExecutor-0_0)|adaptive_policy_utils|ACTION_ID: 0b7df355-b2be-4001-aba1-68d038aa7a1f|Detected traps version: 8.8.0.133595
2025/07/24 11:17:24|INFO    |912:(ThreadPoolExecutor-0_0)|syslog_parser|ACTION_ID: 0b7df355-b2be-4001-aba1-68d038aa7a1f|Injected processes list: ['wickedd-dhcp6', 'couriertcpd', 'pmmasterd', 'authproxy', 'lighttpd', 'tinyproxy', 'mailman', 'wickedd-dhcp4', 'chronyd', 'apache2', 'xinetd', 'named', 'dovecot', 'samba', 'proftpd', 'charon', 'smbd', 'qmgr', 'ndsd', 'ibserver', 'cupsd', 'nscd', 'java', 'httpd', 'nmbd', 'mysqld', 'cyrus_pop3d', 'kamailio', 'pop2d', 'exim', 'pop3d', 'saned', 'squid', 'apache', 'danted', 'mongod', 'vsftpd', 'smartd', 'mysqld_safe', 'starter', 'squid3']
2025/07/24 11:17:24|INFO    |912:(ThreadPoolExecutor-0_0)|syslog_parser|ACTION_ID: 0b7df355-b2be-4001-aba1-68d038aa7a1f|crash_counters: {'wickedd-dhcp6': 0, 'couriertcpd': 0, 'pmmasterd': 0, 'authproxy': 0, 'lighttpd': 0, 'tinyproxy': 0, 'mailman': 0, 'wickedd-dhcp4': 0, 'chronyd': 0, 'apache2': 0, 'xinetd': 0, 'named': 0, 'dovecot': 0, 'samba': 0, 'proftpd': 0, 'charon': 0, 'smbd': 0, 'qmgr': 0, 'ndsd': 0, 'ibserver': 0, 'cupsd': 0, 'nscd': 0, 'java': 0, 'httpd': 0, 'nmbd': 0, 'mysqld': 0, 'cyrus_pop3d': 0, 'kamailio': 0, 'pop2d': 0, 'exim': 0, 'pop3d': 0, 'saned': 0, 'squid': 0, 'apache': 0, 'danted': 0, 'mongod': 0, 'vsftpd': 0, 'smartd': 0, 'mysqld_safe': 0, 'starter': 0, 'squid3': 0}
2025/07/24 11:17:24|INFO    |912:(ThreadPoolExecutor-0_0)|syslog_parser|ACTION_ID: 0b7df355-b2be-4001-aba1-68d038aa7a1f|Dypd statistics are empty. Cannot retrieve injected processes stats
2025/07/24 11:17:24|INFO    |912:(ThreadPoolExecutor-0_0)|syslog_parser|ACTION_ID: 0b7df355-b2be-4001-aba1-68d038aa7a1f|Could not find any crash reports in statistics
2025/07/24 11:17:24|INFO    |912:(ThreadPoolExecutor-0_0)|syslog_parser|ACTION_ID: 0b7df355-b2be-4001-aba1-68d038aa7a1f|Using temporary journal file: /opt/traps/python/scripts/tmprm7_e5wg
2025/07/24 11:17:24|INFO    |912:(ThreadPoolExecutor-0_0)|syslog_parser|ACTION_ID: 0b7df355-b2be-4001-aba1-68d038aa7a1f|Log file: /opt/traps/python/scripts/tmprm7_e5wg detected.
2025/07/24 11:17:24|INFO    |912:(ThreadPoolExecutor-0_0)|syslog_parser|ACTION_ID: 0b7df355-b2be-4001-aba1-68d038aa7a1f|Syslog format RFC 3164 detected for line: Jul 24 09:51:57 linux-lab02 kernel: pci 0000:00:16.7: BAR 13: no space for [io  size 0x1000]

2025/07/24 11:17:24|INFO    |912:(ThreadPoolExecutor-0_0)|syslog_parser|ACTION_ID: 0b7df355-b2be-4001-aba1-68d038aa7a1f|Start monitor /opt/traps/python/scripts/tmprm7_e5wg
2025/07/24 11:17:24|INFO    |912:(ThreadPoolExecutor-0_0)|syslog_parser|ACTION_ID: 0b7df355-b2be-4001-aba1-68d038aa7a1f|Stopping to read lines as iterator has maxed out
2025/07/24 11:17:24|INFO    |912:(ThreadPoolExecutor-0_0)|syslog_parser|ACTION_ID: 0b7df355-b2be-4001-aba1-68d038aa7a1f|saving last line date:: 24/07/1900 11:17:01
2025/07/24 11:17:24|INFO    |912:(ThreadPoolExecutor-0_0)|syslog_parser|ACTION_ID: 0b7df355-b2be-4001-aba1-68d038aa7a1f|12 lines scanned by parser
2025/07/24 11:17:24|INFO    |912:(ThreadPoolExecutor-0_0)|adaptive_policy|ACTION_ID: 0b7df355-b2be-4001-aba1-68d038aa7a1f|syslog_parser created output: None
2025/07/24 11:17:24|INFO    |912:(ThreadPoolExecutor-0_0)|adaptive_policy|ACTION_ID: 0b7df355-b2be-4001-aba1-68d038aa7a1f|Running parser: net_collector
2025/07/24 11:17:24|INFO    |912:(ThreadPoolExecutor-0_0)|net_collector_parser|ACTION_ID: 0b7df355-b2be-4001-aba1-68d038aa7a1f|NetCollector parser started
2025/07/24 11:17:24|INFO    |912:(ThreadPoolExecutor-0_0)|net_collector_parser|ACTION_ID: 0b7df355-b2be-4001-aba1-68d038aa7a1f|System: cpu=3.0% idle=97.0%
2025/07/24 11:17:24|INFO    |912:(ThreadPoolExecutor-0_0)|net_collector_parser|ACTION_ID: 0b7df355-b2be-4001-aba1-68d038aa7a1f|Thread CloudMetadata: cpu=0%
2025/07/24 11:17:24|INFO    |912:(ThreadPoolExecutor-0_0)|net_collector_parser|ACTION_ID: 0b7df355-b2be-4001-aba1-68d038aa7a1f|Thread InjectedProcesses: cpu=0%
2025/07/24 11:17:24|INFO    |912:(ThreadPoolExecutor-0_0)|net_collector_parser|ACTION_ID: 0b7df355-b2be-4001-aba1-68d038aa7a1f|Thread clad: cpu=0%
2025/07/24 11:17:24|INFO    |912:(ThreadPoolExecutor-0_0)|net_collector_parser|ACTION_ID: 0b7df355-b2be-4001-aba1-68d038aa7a1f|Thread dypdng: cpu=0%
2025/07/24 11:17:24|INFO    |912:(ThreadPoolExecutor-0_0)|net_collector_parser|ACTION_ID: 0b7df355-b2be-4001-aba1-68d038aa7a1f|Thread pmd: cpu=1.0%
2025/07/24 11:17:24|INFO    |912:(ThreadPoolExecutor-0_0)|net_collector_parser|ACTION_ID: 0b7df355-b2be-4001-aba1-68d038aa7a1f|Thread pyxd: cpu=0%
2025/07/24 11:17:24|INFO    |912:(ThreadPoolExecutor-0_0)|net_collector_parser|ACTION_ID: 0b7df355-b2be-4001-aba1-68d038aa7a1f|Thread sandboxd: cpu=0%
2025/07/24 11:17:24|INFO    |912:(ThreadPoolExecutor-0_0)|adaptive_policy|ACTION_ID: 0b7df355-b2be-4001-aba1-68d038aa7a1f|net_collector created output: None
2025/07/24 11:17:24|INFO    |912:(ThreadPoolExecutor-0_0)|adaptive_policy|ACTION_ID: 0b7df355-b2be-4001-aba1-68d038aa7a1f|Running parser: linux_auto_disable_on_write_parser
2025/07/24 11:17:24|INFO    |912:(ThreadPoolExecutor-0_0)|adaptive_policy_utils|ACTION_ID: 0b7df355-b2be-4001-aba1-68d038aa7a1f|Detected traps version: 8.8.0.133595
2025/07/24 11:17:24|INFO    |912:(ThreadPoolExecutor-0_0)|linux_auto_disable_on_write_parser|ACTION_ID: 0b7df355-b2be-4001-aba1-68d038aa7a1f|CPU is normal, waiting for next iteration.
2025/07/24 11:17:24|INFO    |912:(ThreadPoolExecutor-0_0)|adaptive_policy|ACTION_ID: 0b7df355-b2be-4001-aba1-68d038aa7a1f|linux_auto_disable_on_write_parser created output: None
2025/07/24 11:17:24|INFO    |912:(ThreadPoolExecutor-0_0)|adaptive_policy|ACTION_ID: 0b7df355-b2be-4001-aba1-68d038aa7a1f|{'apex': [], 'persistence': {'auto_disable_agent': {}, 'edr_archive_parser': {}, 'syslog_parser': {'last_scan': -2191311391.0}, 'net_collector': {}, 'linux_auto_disable_on_write_parser': {'trapsd_avg_cpu': 1.0141957808234596}}, 'output_settings': '{\n"agentDisabledByAdaptivePolicy": false\n}', 'last_analysis': 1753366644}
2025/07/24 11:49:28|INFO    |884:(ThreadPoolExecutor-0_0)|ipc_client_api|ACTION_ID: 7cc91776-f29c-407b-8c03-19fbb7ce043a|Detected traps version: 8.8.0.133595
2025/07/24 11:49:28|INFO    |884:(ThreadPoolExecutor-0_0)|ipc_client_api|ACTION_ID: 7cc91776-f29c-407b-8c03-19fbb7ce043a|Traps version is higher or equal to 7.7 - using irpc client.
2025/07/24 11:49:28|INFO    |884:(ThreadPoolExecutor-0_0)|irpc_client_nix|ACTION_ID: 7cc91776-f29c-407b-8c03-19fbb7ce043a|Creating IRRPCClient for channel path: /opt/traps/ipc/status.03A70614CCF742FD93977FD1A4336D9A
2025/07/24 11:49:28|INFO    |884:(ThreadPoolExecutor-0_0)|ipc_client_api|ACTION_ID: 7cc91776-f29c-407b-8c03-19fbb7ce043a|Detected traps version: 8.8.0.133595
2025/07/24 11:49:28|INFO    |884:(ThreadPoolExecutor-0_0)|ipc_client_api|ACTION_ID: 7cc91776-f29c-407b-8c03-19fbb7ce043a|Traps version is higher or equal to 7.7 - using irpc client.
2025/07/24 11:49:28|INFO    |884:(ThreadPoolExecutor-0_0)|irpc_client_nix|ACTION_ID: 7cc91776-f29c-407b-8c03-19fbb7ce043a|Creating IRRPCClient for channel path: /opt/traps/ipc/status.03A70614CCF742FD93977FD1A4336D9A
2025/07/24 11:49:28|INFO    |884:(ThreadPoolExecutor-0_0)|adaptive_policy|ACTION_ID: 7cc91776-f29c-407b-8c03-19fbb7ce043a|Starting adaptive policy engine with kwargs: {}
2025/07/24 11:49:28|INFO    |884:(ThreadPoolExecutor-0_0)|adaptive_policy_utils|ACTION_ID: 7cc91776-f29c-407b-8c03-19fbb7ce043a|Detected traps version: 8.8.0.133595
2025/07/24 11:49:28|INFO    |884:(ThreadPoolExecutor-0_0)|adaptive_policy|ACTION_ID: 7cc91776-f29c-407b-8c03-19fbb7ce043a|{'adaptive_policy_interval': 900}
2025/07/24 11:49:28|INFO    |884:(ThreadPoolExecutor-0_0)|adaptive_policy|ACTION_ID: 7cc91776-f29c-407b-8c03-19fbb7ce043a|Set value of adaptive_policy_interval to 900
2025/07/24 11:49:28|INFO    |884:(ThreadPoolExecutor-0_0)|adaptive_policy|ACTION_ID: 7cc91776-f29c-407b-8c03-19fbb7ce043a|last analysis timestamp: Thursday, July 24, 2025 at 11:17:24 AM
2025/07/24 11:49:28|INFO    |884:(ThreadPoolExecutor-0_0)|adaptive_policy|ACTION_ID: 7cc91776-f29c-407b-8c03-19fbb7ce043a|High resolution mode: False
2025/07/24 11:49:28|INFO    |884:(ThreadPoolExecutor-0_0)|adaptive_policy|ACTION_ID: 7cc91776-f29c-407b-8c03-19fbb7ce043a|Time elapsed since the previous normal mode execution: 1924 seconds
2025/07/24 11:49:28|INFO    |884:(ThreadPoolExecutor-0_0)|adaptive_policy|ACTION_ID: 7cc91776-f29c-407b-8c03-19fbb7ce043a|Adaptive policy normal operation mode interval: 900
2025/07/24 11:49:28|INFO    |884:(ThreadPoolExecutor-0_0)|adaptive_policy|ACTION_ID: 7cc91776-f29c-407b-8c03-19fbb7ce043a|Adaptive policy normal mode is: ENABLED
2025/07/24 11:49:28|INFO    |884:(ThreadPoolExecutor-0_0)|adaptive_policy|ACTION_ID: 7cc91776-f29c-407b-8c03-19fbb7ce043a|Adding normal operation mode parser
2025/07/24 11:49:28|INFO    |884:(ThreadPoolExecutor-0_0)|adaptive_policy|ACTION_ID: 7cc91776-f29c-407b-8c03-19fbb7ce043a|Can't read internal statistics db or db is empty, applying existing ones..
2025/07/24 11:49:28|INFO    |884:(ThreadPoolExecutor-0_0)|adaptive_policy|ACTION_ID: 7cc91776-f29c-407b-8c03-19fbb7ce043a|applying: {'apex': [], 'persistence': {'auto_disable_agent': {}, 'edr_archive_parser': {}, 'syslog_parser': {'last_scan': -2191311391.0}, 'net_collector': {}, 'linux_auto_disable_on_write_parser': {'trapsd_avg_cpu': 1.0141957808234596}}, 'output_settings': '{}', 'last_analysis': 1753368568}
2025/07/24 12:04:28|INFO    |884:(ThreadPoolExecutor-0_0)|adaptive_policy|ACTION_ID: 7cc91776-f29c-407b-8c03-19fbb7ce043a|Starting adaptive policy engine with kwargs: {}
2025/07/24 12:04:28|INFO    |884:(ThreadPoolExecutor-0_0)|adaptive_policy_utils|ACTION_ID: 7cc91776-f29c-407b-8c03-19fbb7ce043a|Detected traps version: 8.8.0.133595
2025/07/24 12:04:28|INFO    |884:(ThreadPoolExecutor-0_0)|adaptive_policy|ACTION_ID: 7cc91776-f29c-407b-8c03-19fbb7ce043a|{'adaptive_policy_interval': 900}
2025/07/24 12:04:28|INFO    |884:(ThreadPoolExecutor-0_0)|adaptive_policy|ACTION_ID: 7cc91776-f29c-407b-8c03-19fbb7ce043a|Set value of adaptive_policy_interval to 900
2025/07/24 12:04:28|INFO    |884:(ThreadPoolExecutor-0_0)|adaptive_policy|ACTION_ID: 7cc91776-f29c-407b-8c03-19fbb7ce043a|last analysis timestamp: Thursday, July 24, 2025 at 11:49:28 AM
2025/07/24 12:04:28|INFO    |884:(ThreadPoolExecutor-0_0)|adaptive_policy|ACTION_ID: 7cc91776-f29c-407b-8c03-19fbb7ce043a|High resolution mode: False
2025/07/24 12:04:28|INFO    |884:(ThreadPoolExecutor-0_0)|adaptive_policy|ACTION_ID: 7cc91776-f29c-407b-8c03-19fbb7ce043a|Time elapsed since the previous normal mode execution: 900 seconds
2025/07/24 12:04:28|INFO    |884:(ThreadPoolExecutor-0_0)|adaptive_policy|ACTION_ID: 7cc91776-f29c-407b-8c03-19fbb7ce043a|Adaptive policy normal operation mode interval: 900
2025/07/24 12:04:28|INFO    |884:(ThreadPoolExecutor-0_0)|adaptive_policy|ACTION_ID: 7cc91776-f29c-407b-8c03-19fbb7ce043a|Adaptive policy normal mode is: ENABLED
2025/07/24 12:04:28|INFO    |884:(ThreadPoolExecutor-0_0)|adaptive_policy|ACTION_ID: 7cc91776-f29c-407b-8c03-19fbb7ce043a|Adding normal operation mode parser
2025/07/24 12:04:28|INFO    |884:(ThreadPoolExecutor-0_0)|adaptive_policy|ACTION_ID: 7cc91776-f29c-407b-8c03-19fbb7ce043a|Found 1 statistics components to analyze
2025/07/24 12:04:28|INFO    |884:(ThreadPoolExecutor-0_0)|adaptive_policy|ACTION_ID: 7cc91776-f29c-407b-8c03-19fbb7ce043a|Running parser: auto_disable_agent
2025/07/24 12:04:28|INFO    |884:(ThreadPoolExecutor-0_0)|adaptive_policy_utils|ACTION_ID: 7cc91776-f29c-407b-8c03-19fbb7ce043a|Detected traps version: 8.8.0.133595
2025/07/24 12:04:28|INFO    |884:(ThreadPoolExecutor-0_0)|auto_disable_parser|ACTION_ID: 7cc91776-f29c-407b-8c03-19fbb7ce043a|Trapsd average CPU usage - normalized 1.9182710605947446
2025/07/24 12:04:28|INFO    |884:(ThreadPoolExecutor-0_0)|auto_disable_parser|ACTION_ID: 7cc91776-f29c-407b-8c03-19fbb7ce043a|Trapsd average CPU usage 1.9182710605947446
2025/07/24 12:04:28|INFO    |884:(ThreadPoolExecutor-0_0)|auto_disable_parser|ACTION_ID: 7cc91776-f29c-407b-8c03-19fbb7ce043a|Agent in normal state and CPU is normal, waiting for next iteration.
2025/07/24 12:04:28|INFO    |884:(ThreadPoolExecutor-0_0)|auto_disable_parser|ACTION_ID: 7cc91776-f29c-407b-8c03-19fbb7ce043a|trapsd private memory usage 191,877,120
2025/07/24 12:04:28|INFO    |884:(ThreadPoolExecutor-0_0)|auto_disable_parser|ACTION_ID: 7cc91776-f29c-407b-8c03-19fbb7ce043a|Agent in normal state and Memory is normal, waiting for next iteration.
2025/07/24 12:04:28|INFO    |884:(ThreadPoolExecutor-0_0)|adaptive_policy|ACTION_ID: 7cc91776-f29c-407b-8c03-19fbb7ce043a|auto_disable_agent created output: None
2025/07/24 12:04:28|INFO    |884:(ThreadPoolExecutor-0_0)|adaptive_policy|ACTION_ID: 7cc91776-f29c-407b-8c03-19fbb7ce043a|Running parser: edr_archive_parser
2025/07/24 12:04:28|INFO    |884:(ThreadPoolExecutor-0_0)|edr_archive_parser|ACTION_ID: 7cc91776-f29c-407b-8c03-19fbb7ce043a|EDR Archive size: 0.0mb
2025/07/24 12:04:28|INFO    |884:(ThreadPoolExecutor-0_0)|adaptive_policy|ACTION_ID: 7cc91776-f29c-407b-8c03-19fbb7ce043a|edr_archive_parser created output: None
2025/07/24 12:04:28|INFO    |884:(ThreadPoolExecutor-0_0)|adaptive_policy|ACTION_ID: 7cc91776-f29c-407b-8c03-19fbb7ce043a|Running parser: syslog_parser
2025/07/24 12:04:28|INFO    |884:(ThreadPoolExecutor-0_0)|adaptive_policy_utils|ACTION_ID: 7cc91776-f29c-407b-8c03-19fbb7ce043a|Detected traps version: 8.8.0.133595
2025/07/24 12:04:28|INFO    |884:(ThreadPoolExecutor-0_0)|syslog_parser|ACTION_ID: 7cc91776-f29c-407b-8c03-19fbb7ce043a|Injected processes list: ['wickedd-dhcp6', 'couriertcpd', 'pmmasterd', 'authproxy', 'lighttpd', 'tinyproxy', 'mailman', 'wickedd-dhcp4', 'chronyd', 'apache2', 'xinetd', 'named', 'dovecot', 'samba', 'proftpd', 'charon', 'smbd', 'qmgr', 'ndsd', 'ibserver', 'cupsd', 'nscd', 'java', 'httpd', 'nmbd', 'mysqld', 'cyrus_pop3d', 'kamailio', 'pop2d', 'exim', 'pop3d', 'saned', 'squid', 'apache', 'danted', 'mongod', 'vsftpd', 'smartd', 'mysqld_safe', 'starter', 'squid3']
2025/07/24 12:04:28|INFO    |884:(ThreadPoolExecutor-0_0)|syslog_parser|ACTION_ID: 7cc91776-f29c-407b-8c03-19fbb7ce043a|crash_counters list is empty.
2025/07/24 12:04:28|INFO    |884:(ThreadPoolExecutor-0_0)|syslog_parser|ACTION_ID: 7cc91776-f29c-407b-8c03-19fbb7ce043a|crash_counters: {'wickedd-dhcp6': 0, 'couriertcpd': 0, 'pmmasterd': 0, 'authproxy': 0, 'lighttpd': 0, 'tinyproxy': 0, 'mailman': 0, 'wickedd-dhcp4': 0, 'chronyd': 0, 'apache2': 0, 'xinetd': 0, 'named': 0, 'dovecot': 0, 'samba': 0, 'proftpd': 0, 'charon': 0, 'smbd': 0, 'qmgr': 0, 'ndsd': 0, 'ibserver': 0, 'cupsd': 0, 'nscd': 0, 'java': 0, 'httpd': 0, 'nmbd': 0, 'mysqld': 0, 'cyrus_pop3d': 0, 'kamailio': 0, 'pop2d': 0, 'exim': 0, 'pop3d': 0, 'saned': 0, 'squid': 0, 'apache': 0, 'danted': 0, 'mongod': 0, 'vsftpd': 0, 'smartd': 0, 'mysqld_safe': 0, 'starter': 0, 'squid3': 0}
2025/07/24 12:04:28|INFO    |884:(ThreadPoolExecutor-0_0)|syslog_parser|ACTION_ID: 7cc91776-f29c-407b-8c03-19fbb7ce043a|Dypd statistics are empty. Cannot retrieve injected processes stats
2025/07/24 12:04:28|INFO    |884:(ThreadPoolExecutor-0_0)|syslog_parser|ACTION_ID: 7cc91776-f29c-407b-8c03-19fbb7ce043a|Could not find any crash reports in statistics
2025/07/24 12:04:28|INFO    |884:(ThreadPoolExecutor-0_0)|syslog_parser|ACTION_ID: 7cc91776-f29c-407b-8c03-19fbb7ce043a|Using temporary journal file: /opt/traps/python/scripts/tmpx0c6n61c
2025/07/24 12:04:28|INFO    |884:(ThreadPoolExecutor-0_0)|syslog_parser|ACTION_ID: 7cc91776-f29c-407b-8c03-19fbb7ce043a|Log file: /opt/traps/python/scripts/tmpx0c6n61c detected.
2025/07/24 12:04:28|INFO    |884:(ThreadPoolExecutor-0_0)|syslog_parser|ACTION_ID: 7cc91776-f29c-407b-8c03-19fbb7ce043a|Syslog format RFC 3164 detected for line: Jul 24 11:37:04 linux-lab02 kernel: pci 0000:00:15.3: BAR 13: no space for [io  size 0x1000]

2025/07/24 12:04:28|INFO    |884:(ThreadPoolExecutor-0_0)|syslog_parser|ACTION_ID: 7cc91776-f29c-407b-8c03-19fbb7ce043a|Start monitor /opt/traps/python/scripts/tmpx0c6n61c
2025/07/24 12:04:28|INFO    |884:(ThreadPoolExecutor-0_0)|syslog_parser|ACTION_ID: 7cc91776-f29c-407b-8c03-19fbb7ce043a|saving last line date:: 24/07/1900 12:04:18
2025/07/24 12:04:28|INFO    |884:(ThreadPoolExecutor-0_0)|syslog_parser|ACTION_ID: 7cc91776-f29c-407b-8c03-19fbb7ce043a|1000 lines scanned by parser
2025/07/24 12:04:28|INFO    |884:(ThreadPoolExecutor-0_0)|adaptive_policy|ACTION_ID: 7cc91776-f29c-407b-8c03-19fbb7ce043a|syslog_parser created output: None
2025/07/24 12:04:28|INFO    |884:(ThreadPoolExecutor-0_0)|adaptive_policy|ACTION_ID: 7cc91776-f29c-407b-8c03-19fbb7ce043a|Running parser: net_collector
2025/07/24 12:04:28|INFO    |884:(ThreadPoolExecutor-0_0)|net_collector_parser|ACTION_ID: 7cc91776-f29c-407b-8c03-19fbb7ce043a|NetCollector parser started
2025/07/24 12:04:28|INFO    |884:(ThreadPoolExecutor-0_0)|net_collector_parser|ACTION_ID: 7cc91776-f29c-407b-8c03-19fbb7ce043a|System: cpu=5.0% idle=95.0%
2025/07/24 12:04:28|INFO    |884:(ThreadPoolExecutor-0_0)|net_collector_parser|ACTION_ID: 7cc91776-f29c-407b-8c03-19fbb7ce043a|Thread CloudMetadata: cpu=0%
2025/07/24 12:04:28|INFO    |884:(ThreadPoolExecutor-0_0)|net_collector_parser|ACTION_ID: 7cc91776-f29c-407b-8c03-19fbb7ce043a|Thread InjectedProcesses: cpu=0%
2025/07/24 12:04:28|INFO    |884:(ThreadPoolExecutor-0_0)|net_collector_parser|ACTION_ID: 7cc91776-f29c-407b-8c03-19fbb7ce043a|Thread pmd: cpu=1.0%
2025/07/24 12:04:28|INFO    |884:(ThreadPoolExecutor-0_0)|net_collector_parser|ACTION_ID: 7cc91776-f29c-407b-8c03-19fbb7ce043a|Thread pyxd: cpu=0%
2025/07/24 12:04:28|INFO    |884:(ThreadPoolExecutor-0_0)|adaptive_policy|ACTION_ID: 7cc91776-f29c-407b-8c03-19fbb7ce043a|net_collector created output: None
2025/07/24 12:04:28|INFO    |884:(ThreadPoolExecutor-0_0)|adaptive_policy|ACTION_ID: 7cc91776-f29c-407b-8c03-19fbb7ce043a|Running parser: linux_auto_disable_on_write_parser
2025/07/24 12:04:28|INFO    |884:(ThreadPoolExecutor-0_0)|adaptive_policy_utils|ACTION_ID: 7cc91776-f29c-407b-8c03-19fbb7ce043a|Detected traps version: 8.8.0.133595
2025/07/24 12:04:28|INFO    |884:(ThreadPoolExecutor-0_0)|linux_auto_disable_on_write_parser|ACTION_ID: 7cc91776-f29c-407b-8c03-19fbb7ce043a|CPU is normal, waiting for next iteration.
2025/07/24 12:04:28|INFO    |884:(ThreadPoolExecutor-0_0)|adaptive_policy|ACTION_ID: 7cc91776-f29c-407b-8c03-19fbb7ce043a|linux_auto_disable_on_write_parser created output: None
2025/07/24 12:04:28|INFO    |884:(ThreadPoolExecutor-0_0)|adaptive_policy|ACTION_ID: 7cc91776-f29c-407b-8c03-19fbb7ce043a|{'apex': [], 'persistence': {'auto_disable_agent': {}, 'edr_archive_parser': {}, 'syslog_parser': {'last_scan': -2191308554.0}, 'net_collector': {}, 'linux_auto_disable_on_write_parser': {'trapsd_avg_cpu': 1.9182710605947446}}, 'output_settings': '{\n"agentDisabledByAdaptivePolicy": false\n}', 'last_analysis': 1753369468}
2025/07/24 12:19:29|INFO    |884:(ThreadPoolExecutor-0_0)|adaptive_policy|ACTION_ID: 7cc91776-f29c-407b-8c03-19fbb7ce043a|Starting adaptive policy engine with kwargs: {}
2025/07/24 12:19:29|INFO    |884:(ThreadPoolExecutor-0_0)|adaptive_policy_utils|ACTION_ID: 7cc91776-f29c-407b-8c03-19fbb7ce043a|Detected traps version: 8.8.0.133595
2025/07/24 12:19:29|INFO    |884:(ThreadPoolExecutor-0_0)|adaptive_policy|ACTION_ID: 7cc91776-f29c-407b-8c03-19fbb7ce043a|{'adaptive_policy_interval': 900}
2025/07/24 12:19:29|INFO    |884:(ThreadPoolExecutor-0_0)|adaptive_policy|ACTION_ID: 7cc91776-f29c-407b-8c03-19fbb7ce043a|Set value of adaptive_policy_interval to 900
2025/07/24 12:19:29|INFO    |884:(ThreadPoolExecutor-0_0)|adaptive_policy|ACTION_ID: 7cc91776-f29c-407b-8c03-19fbb7ce043a|last analysis timestamp: Thursday, July 24, 2025 at 12:04:28 PM
2025/07/24 12:19:29|INFO    |884:(ThreadPoolExecutor-0_0)|adaptive_policy|ACTION_ID: 7cc91776-f29c-407b-8c03-19fbb7ce043a|High resolution mode: False
2025/07/24 12:19:29|INFO    |884:(ThreadPoolExecutor-0_0)|adaptive_policy|ACTION_ID: 7cc91776-f29c-407b-8c03-19fbb7ce043a|Time elapsed since the previous normal mode execution: 901 seconds
2025/07/24 12:19:29|INFO    |884:(ThreadPoolExecutor-0_0)|adaptive_policy|ACTION_ID: 7cc91776-f29c-407b-8c03-19fbb7ce043a|Adaptive policy normal operation mode interval: 900
2025/07/24 12:19:29|INFO    |884:(ThreadPoolExecutor-0_0)|adaptive_policy|ACTION_ID: 7cc91776-f29c-407b-8c03-19fbb7ce043a|Adaptive policy normal mode is: ENABLED
2025/07/24 12:19:29|INFO    |884:(ThreadPoolExecutor-0_0)|adaptive_policy|ACTION_ID: 7cc91776-f29c-407b-8c03-19fbb7ce043a|Adding normal operation mode parser
2025/07/24 12:19:29|INFO    |884:(ThreadPoolExecutor-0_0)|adaptive_policy|ACTION_ID: 7cc91776-f29c-407b-8c03-19fbb7ce043a|Found 1 statistics components to analyze
2025/07/24 12:19:29|INFO    |884:(ThreadPoolExecutor-0_0)|adaptive_policy|ACTION_ID: 7cc91776-f29c-407b-8c03-19fbb7ce043a|Running parser: auto_disable_agent
2025/07/24 12:19:29|INFO    |884:(ThreadPoolExecutor-0_0)|adaptive_policy_utils|ACTION_ID: 7cc91776-f29c-407b-8c03-19fbb7ce043a|Detected traps version: 8.8.0.133595
2025/07/24 12:19:29|INFO    |884:(ThreadPoolExecutor-0_0)|auto_disable_parser|ACTION_ID: 7cc91776-f29c-407b-8c03-19fbb7ce043a|Trapsd average CPU usage - normalized 0.9226992665742746
2025/07/24 12:19:29|INFO    |884:(ThreadPoolExecutor-0_0)|auto_disable_parser|ACTION_ID: 7cc91776-f29c-407b-8c03-19fbb7ce043a|Trapsd average CPU usage 0.9226992665742746
2025/07/24 12:19:29|INFO    |884:(ThreadPoolExecutor-0_0)|auto_disable_parser|ACTION_ID: 7cc91776-f29c-407b-8c03-19fbb7ce043a|Agent in normal state and CPU is normal, waiting for next iteration.
2025/07/24 12:19:29|INFO    |884:(ThreadPoolExecutor-0_0)|auto_disable_parser|ACTION_ID: 7cc91776-f29c-407b-8c03-19fbb7ce043a|trapsd private memory usage 200,540,160
2025/07/24 12:19:29|INFO    |884:(ThreadPoolExecutor-0_0)|auto_disable_parser|ACTION_ID: 7cc91776-f29c-407b-8c03-19fbb7ce043a|Agent in normal state and Memory is normal, waiting for next iteration.
2025/07/24 12:19:29|INFO    |884:(ThreadPoolExecutor-0_0)|adaptive_policy|ACTION_ID: 7cc91776-f29c-407b-8c03-19fbb7ce043a|auto_disable_agent created output: None
2025/07/24 12:19:29|INFO    |884:(ThreadPoolExecutor-0_0)|adaptive_policy|ACTION_ID: 7cc91776-f29c-407b-8c03-19fbb7ce043a|Running parser: edr_archive_parser
2025/07/24 12:19:29|INFO    |884:(ThreadPoolExecutor-0_0)|edr_archive_parser|ACTION_ID: 7cc91776-f29c-407b-8c03-19fbb7ce043a|EDR Archive size: 0.0mb
2025/07/24 12:19:29|INFO    |884:(ThreadPoolExecutor-0_0)|adaptive_policy|ACTION_ID: 7cc91776-f29c-407b-8c03-19fbb7ce043a|edr_archive_parser created output: None
2025/07/24 12:19:29|INFO    |884:(ThreadPoolExecutor-0_0)|adaptive_policy|ACTION_ID: 7cc91776-f29c-407b-8c03-19fbb7ce043a|Running parser: syslog_parser
2025/07/24 12:19:29|INFO    |884:(ThreadPoolExecutor-0_0)|adaptive_policy_utils|ACTION_ID: 7cc91776-f29c-407b-8c03-19fbb7ce043a|Detected traps version: 8.8.0.133595
2025/07/24 12:19:29|INFO    |884:(ThreadPoolExecutor-0_0)|syslog_parser|ACTION_ID: 7cc91776-f29c-407b-8c03-19fbb7ce043a|Injected processes list: ['wickedd-dhcp6', 'couriertcpd', 'pmmasterd', 'authproxy', 'lighttpd', 'tinyproxy', 'mailman', 'wickedd-dhcp4', 'chronyd', 'apache2', 'xinetd', 'named', 'dovecot', 'samba', 'proftpd', 'charon', 'smbd', 'qmgr', 'ndsd', 'ibserver', 'cupsd', 'nscd', 'java', 'httpd', 'nmbd', 'mysqld', 'cyrus_pop3d', 'kamailio', 'pop2d', 'exim', 'pop3d', 'saned', 'squid', 'apache', 'danted', 'mongod', 'vsftpd', 'smartd', 'mysqld_safe', 'starter', 'squid3']
2025/07/24 12:19:29|INFO    |884:(ThreadPoolExecutor-0_0)|syslog_parser|ACTION_ID: 7cc91776-f29c-407b-8c03-19fbb7ce043a|crash_counters: {'wickedd-dhcp6': 0, 'couriertcpd': 0, 'pmmasterd': 0, 'authproxy': 0, 'lighttpd': 0, 'tinyproxy': 0, 'mailman': 0, 'wickedd-dhcp4': 0, 'chronyd': 0, 'apache2': 0, 'xinetd': 0, 'named': 0, 'dovecot': 0, 'samba': 0, 'proftpd': 0, 'charon': 0, 'smbd': 0, 'qmgr': 0, 'ndsd': 0, 'ibserver': 0, 'cupsd': 0, 'nscd': 0, 'java': 0, 'httpd': 0, 'nmbd': 0, 'mysqld': 0, 'cyrus_pop3d': 0, 'kamailio': 0, 'pop2d': 0, 'exim': 0, 'pop3d': 0, 'saned': 0, 'squid': 0, 'apache': 0, 'danted': 0, 'mongod': 0, 'vsftpd': 0, 'smartd': 0, 'mysqld_safe': 0, 'starter': 0, 'squid3': 0}
2025/07/24 12:19:29|INFO    |884:(ThreadPoolExecutor-0_0)|syslog_parser|ACTION_ID: 7cc91776-f29c-407b-8c03-19fbb7ce043a|Dypd statistics are empty. Cannot retrieve injected processes stats
2025/07/24 12:19:29|INFO    |884:(ThreadPoolExecutor-0_0)|syslog_parser|ACTION_ID: 7cc91776-f29c-407b-8c03-19fbb7ce043a|Could not find any crash reports in statistics
2025/07/24 12:19:29|INFO    |884:(ThreadPoolExecutor-0_0)|syslog_parser|ACTION_ID: 7cc91776-f29c-407b-8c03-19fbb7ce043a|Using temporary journal file: /opt/traps/python/scripts/tmpqt67kj31
2025/07/24 12:19:29|INFO    |884:(ThreadPoolExecutor-0_0)|syslog_parser|ACTION_ID: 7cc91776-f29c-407b-8c03-19fbb7ce043a|Log file: /opt/traps/python/scripts/tmpqt67kj31 detected.
2025/07/24 12:19:29|INFO    |884:(ThreadPoolExecutor-0_0)|syslog_parser|ACTION_ID: 7cc91776-f29c-407b-8c03-19fbb7ce043a|Syslog format RFC 3164 detected for line: Jul 24 11:37:04 linux-lab02 kernel: pci 0000:00:16.5: BAR 13: failed to assign [io  size 0x1000]

2025/07/24 12:19:29|INFO    |884:(ThreadPoolExecutor-0_0)|syslog_parser|ACTION_ID: 7cc91776-f29c-407b-8c03-19fbb7ce043a|Start monitor /opt/traps/python/scripts/tmpqt67kj31
2025/07/24 12:19:29|INFO    |884:(ThreadPoolExecutor-0_0)|syslog_parser|ACTION_ID: 7cc91776-f29c-407b-8c03-19fbb7ce043a|Stopping to read lines as iterator has maxed out
2025/07/24 12:19:29|INFO    |884:(ThreadPoolExecutor-0_0)|syslog_parser|ACTION_ID: 7cc91776-f29c-407b-8c03-19fbb7ce043a|saving last line date:: 24/07/1900 12:17:01
2025/07/24 12:19:29|INFO    |884:(ThreadPoolExecutor-0_0)|syslog_parser|ACTION_ID: 7cc91776-f29c-407b-8c03-19fbb7ce043a|15 lines scanned by parser
2025/07/24 12:19:29|INFO    |884:(ThreadPoolExecutor-0_0)|adaptive_policy|ACTION_ID: 7cc91776-f29c-407b-8c03-19fbb7ce043a|syslog_parser created output: None
2025/07/24 12:19:29|INFO    |884:(ThreadPoolExecutor-0_0)|adaptive_policy|ACTION_ID: 7cc91776-f29c-407b-8c03-19fbb7ce043a|Running parser: net_collector
2025/07/24 12:19:29|INFO    |884:(ThreadPoolExecutor-0_0)|net_collector_parser|ACTION_ID: 7cc91776-f29c-407b-8c03-19fbb7ce043a|NetCollector parser started
2025/07/24 12:19:29|INFO    |884:(ThreadPoolExecutor-0_0)|net_collector_parser|ACTION_ID: 7cc91776-f29c-407b-8c03-19fbb7ce043a|System: cpu=5.0% idle=95.0%
2025/07/24 12:19:29|INFO    |884:(ThreadPoolExecutor-0_0)|net_collector_parser|ACTION_ID: 7cc91776-f29c-407b-8c03-19fbb7ce043a|Thread CloudMetadata: cpu=0%
2025/07/24 12:19:29|INFO    |884:(ThreadPoolExecutor-0_0)|net_collector_parser|ACTION_ID: 7cc91776-f29c-407b-8c03-19fbb7ce043a|Thread InjectedProcesses: cpu=0%
2025/07/24 12:19:29|INFO    |884:(ThreadPoolExecutor-0_0)|net_collector_parser|ACTION_ID: 7cc91776-f29c-407b-8c03-19fbb7ce043a|Thread clad: cpu=0%
2025/07/24 12:19:29|INFO    |884:(ThreadPoolExecutor-0_0)|net_collector_parser|ACTION_ID: 7cc91776-f29c-407b-8c03-19fbb7ce043a|Thread dypdng: cpu=0%
2025/07/24 12:19:29|INFO    |884:(ThreadPoolExecutor-0_0)|net_collector_parser|ACTION_ID: 7cc91776-f29c-407b-8c03-19fbb7ce043a|Thread pmd: cpu=0%
2025/07/24 12:19:29|INFO    |884:(ThreadPoolExecutor-0_0)|net_collector_parser|ACTION_ID: 7cc91776-f29c-407b-8c03-19fbb7ce043a|Thread pyxd: cpu=0%
2025/07/24 12:19:29|INFO    |884:(ThreadPoolExecutor-0_0)|net_collector_parser|ACTION_ID: 7cc91776-f29c-407b-8c03-19fbb7ce043a|Thread sandboxd: cpu=0%
2025/07/24 12:19:29|INFO    |884:(ThreadPoolExecutor-0_0)|adaptive_policy|ACTION_ID: 7cc91776-f29c-407b-8c03-19fbb7ce043a|net_collector created output: None
2025/07/24 12:19:29|INFO    |884:(ThreadPoolExecutor-0_0)|adaptive_policy|ACTION_ID: 7cc91776-f29c-407b-8c03-19fbb7ce043a|Running parser: linux_auto_disable_on_write_parser
2025/07/24 12:19:29|INFO    |884:(ThreadPoolExecutor-0_0)|adaptive_policy_utils|ACTION_ID: 7cc91776-f29c-407b-8c03-19fbb7ce043a|Detected traps version: 8.8.0.133595
2025/07/24 12:19:29|INFO    |884:(ThreadPoolExecutor-0_0)|linux_auto_disable_on_write_parser|ACTION_ID: 7cc91776-f29c-407b-8c03-19fbb7ce043a|CPU is normal, waiting for next iteration.
2025/07/24 12:19:29|INFO    |884:(ThreadPoolExecutor-0_0)|adaptive_policy|ACTION_ID: 7cc91776-f29c-407b-8c03-19fbb7ce043a|linux_auto_disable_on_write_parser created output: None
2025/07/24 12:19:29|INFO    |884:(ThreadPoolExecutor-0_0)|adaptive_policy|ACTION_ID: 7cc91776-f29c-407b-8c03-19fbb7ce043a|{'apex': [], 'persistence': {'auto_disable_agent': {}, 'edr_archive_parser': {}, 'syslog_parser': {'last_scan': -2191307791.0}, 'net_collector': {}, 'linux_auto_disable_on_write_parser': {'trapsd_avg_cpu': 0.9226992665742746}}, 'output_settings': '{\n"agentDisabledByAdaptivePolicy": false\n}', 'last_analysis': 1753370369}
2025/07/24 12:34:29|INFO    |884:(ThreadPoolExecutor-0_0)|adaptive_policy|ACTION_ID: 7cc91776-f29c-407b-8c03-19fbb7ce043a|Starting adaptive policy engine with kwargs: {}
2025/07/24 12:34:29|INFO    |884:(ThreadPoolExecutor-0_0)|adaptive_policy_utils|ACTION_ID: 7cc91776-f29c-407b-8c03-19fbb7ce043a|Detected traps version: 8.8.0.133595
2025/07/24 12:34:29|INFO    |884:(ThreadPoolExecutor-0_0)|adaptive_policy|ACTION_ID: 7cc91776-f29c-407b-8c03-19fbb7ce043a|{'adaptive_policy_interval': 900}
2025/07/24 12:34:29|INFO    |884:(ThreadPoolExecutor-0_0)|adaptive_policy|ACTION_ID: 7cc91776-f29c-407b-8c03-19fbb7ce043a|Set value of adaptive_policy_interval to 900
2025/07/24 12:34:29|INFO    |884:(ThreadPoolExecutor-0_0)|adaptive_policy|ACTION_ID: 7cc91776-f29c-407b-8c03-19fbb7ce043a|last analysis timestamp: Thursday, July 24, 2025 at 12:19:29 PM
2025/07/24 12:34:29|INFO    |884:(ThreadPoolExecutor-0_0)|adaptive_policy|ACTION_ID: 7cc91776-f29c-407b-8c03-19fbb7ce043a|High resolution mode: False
2025/07/24 12:34:29|INFO    |884:(ThreadPoolExecutor-0_0)|adaptive_policy|ACTION_ID: 7cc91776-f29c-407b-8c03-19fbb7ce043a|Time elapsed since the previous normal mode execution: 900 seconds
2025/07/24 12:34:29|INFO    |884:(ThreadPoolExecutor-0_0)|adaptive_policy|ACTION_ID: 7cc91776-f29c-407b-8c03-19fbb7ce043a|Adaptive policy normal operation mode interval: 900
2025/07/24 12:34:29|INFO    |884:(ThreadPoolExecutor-0_0)|adaptive_policy|ACTION_ID: 7cc91776-f29c-407b-8c03-19fbb7ce043a|Adaptive policy normal mode is: ENABLED
2025/07/24 12:34:29|INFO    |884:(ThreadPoolExecutor-0_0)|adaptive_policy|ACTION_ID: 7cc91776-f29c-407b-8c03-19fbb7ce043a|Adding normal operation mode parser
2025/07/24 12:34:29|INFO    |884:(ThreadPoolExecutor-0_0)|adaptive_policy|ACTION_ID: 7cc91776-f29c-407b-8c03-19fbb7ce043a|Found 1 statistics components to analyze
2025/07/24 12:34:29|INFO    |884:(ThreadPoolExecutor-0_0)|adaptive_policy|ACTION_ID: 7cc91776-f29c-407b-8c03-19fbb7ce043a|Running parser: auto_disable_agent
2025/07/24 12:34:29|INFO    |884:(ThreadPoolExecutor-0_0)|adaptive_policy_utils|ACTION_ID: 7cc91776-f29c-407b-8c03-19fbb7ce043a|Detected traps version: 8.8.0.133595
2025/07/24 12:34:29|INFO    |884:(ThreadPoolExecutor-0_0)|auto_disable_parser|ACTION_ID: 7cc91776-f29c-407b-8c03-19fbb7ce043a|Trapsd average CPU usage - normalized 0.82259514328446
2025/07/24 12:34:29|INFO    |884:(ThreadPoolExecutor-0_0)|auto_disable_parser|ACTION_ID: 7cc91776-f29c-407b-8c03-19fbb7ce043a|Trapsd average CPU usage 0.82259514328446
2025/07/24 12:34:29|INFO    |884:(ThreadPoolExecutor-0_0)|auto_disable_parser|ACTION_ID: 7cc91776-f29c-407b-8c03-19fbb7ce043a|Agent in normal state and CPU is normal, waiting for next iteration.
2025/07/24 12:34:29|INFO    |884:(ThreadPoolExecutor-0_0)|auto_disable_parser|ACTION_ID: 7cc91776-f29c-407b-8c03-19fbb7ce043a|trapsd private memory usage 203,841,536
2025/07/24 12:34:29|INFO    |884:(ThreadPoolExecutor-0_0)|auto_disable_parser|ACTION_ID: 7cc91776-f29c-407b-8c03-19fbb7ce043a|Agent in normal state and Memory is normal, waiting for next iteration.
2025/07/24 12:34:29|INFO    |884:(ThreadPoolExecutor-0_0)|adaptive_policy|ACTION_ID: 7cc91776-f29c-407b-8c03-19fbb7ce043a|auto_disable_agent created output: None
2025/07/24 12:34:29|INFO    |884:(ThreadPoolExecutor-0_0)|adaptive_policy|ACTION_ID: 7cc91776-f29c-407b-8c03-19fbb7ce043a|Running parser: edr_archive_parser
2025/07/24 12:34:29|INFO    |884:(ThreadPoolExecutor-0_0)|edr_archive_parser|ACTION_ID: 7cc91776-f29c-407b-8c03-19fbb7ce043a|EDR Archive size: 0.0mb
2025/07/24 12:34:29|INFO    |884:(ThreadPoolExecutor-0_0)|adaptive_policy|ACTION_ID: 7cc91776-f29c-407b-8c03-19fbb7ce043a|edr_archive_parser created output: None
2025/07/24 12:34:29|INFO    |884:(ThreadPoolExecutor-0_0)|adaptive_policy|ACTION_ID: 7cc91776-f29c-407b-8c03-19fbb7ce043a|Running parser: syslog_parser
2025/07/24 12:34:29|INFO    |884:(ThreadPoolExecutor-0_0)|adaptive_policy_utils|ACTION_ID: 7cc91776-f29c-407b-8c03-19fbb7ce043a|Detected traps version: 8.8.0.133595
2025/07/24 12:34:29|INFO    |884:(ThreadPoolExecutor-0_0)|syslog_parser|ACTION_ID: 7cc91776-f29c-407b-8c03-19fbb7ce043a|Injected processes list: ['wickedd-dhcp6', 'couriertcpd', 'pmmasterd', 'authproxy', 'lighttpd', 'tinyproxy', 'mailman', 'wickedd-dhcp4', 'chronyd', 'apache2', 'xinetd', 'named', 'dovecot', 'samba', 'proftpd', 'charon', 'smbd', 'qmgr', 'ndsd', 'ibserver', 'cupsd', 'nscd', 'java', 'httpd', 'nmbd', 'mysqld', 'cyrus_pop3d', 'kamailio', 'pop2d', 'exim', 'pop3d', 'saned', 'squid', 'apache', 'danted', 'mongod', 'vsftpd', 'smartd', 'mysqld_safe', 'starter', 'squid3']
2025/07/24 12:34:29|INFO    |884:(ThreadPoolExecutor-0_0)|syslog_parser|ACTION_ID: 7cc91776-f29c-407b-8c03-19fbb7ce043a|crash_counters: {'wickedd-dhcp6': 0, 'couriertcpd': 0, 'pmmasterd': 0, 'authproxy': 0, 'lighttpd': 0, 'tinyproxy': 0, 'mailman': 0, 'wickedd-dhcp4': 0, 'chronyd': 0, 'apache2': 0, 'xinetd': 0, 'named': 0, 'dovecot': 0, 'samba': 0, 'proftpd': 0, 'charon': 0, 'smbd': 0, 'qmgr': 0, 'ndsd': 0, 'ibserver': 0, 'cupsd': 0, 'nscd': 0, 'java': 0, 'httpd': 0, 'nmbd': 0, 'mysqld': 0, 'cyrus_pop3d': 0, 'kamailio': 0, 'pop2d': 0, 'exim': 0, 'pop3d': 0, 'saned': 0, 'squid': 0, 'apache': 0, 'danted': 0, 'mongod': 0, 'vsftpd': 0, 'smartd': 0, 'mysqld_safe': 0, 'starter': 0, 'squid3': 0}
2025/07/24 12:34:29|INFO    |884:(ThreadPoolExecutor-0_0)|syslog_parser|ACTION_ID: 7cc91776-f29c-407b-8c03-19fbb7ce043a|Dypd statistics are empty. Cannot retrieve injected processes stats
2025/07/24 12:34:29|INFO    |884:(ThreadPoolExecutor-0_0)|syslog_parser|ACTION_ID: 7cc91776-f29c-407b-8c03-19fbb7ce043a|Could not find any crash reports in statistics
2025/07/24 12:34:29|INFO    |884:(ThreadPoolExecutor-0_0)|syslog_parser|ACTION_ID: 7cc91776-f29c-407b-8c03-19fbb7ce043a|Using temporary journal file: /opt/traps/python/scripts/tmp99i3fwc2
2025/07/24 12:34:29|INFO    |884:(ThreadPoolExecutor-0_0)|syslog_parser|ACTION_ID: 7cc91776-f29c-407b-8c03-19fbb7ce043a|Log file: /opt/traps/python/scripts/tmp99i3fwc2 detected.
2025/07/24 12:34:29|INFO    |884:(ThreadPoolExecutor-0_0)|syslog_parser|ACTION_ID: 7cc91776-f29c-407b-8c03-19fbb7ce043a|Syslog format RFC 3164 detected for line: Jul 24 11:37:04 linux-lab02 kernel: pci 0000:00:18.6: BAR 13: failed to assign [io  size 0x1000]

2025/07/24 12:34:29|INFO    |884:(ThreadPoolExecutor-0_0)|syslog_parser|ACTION_ID: 7cc91776-f29c-407b-8c03-19fbb7ce043a|Start monitor /opt/traps/python/scripts/tmp99i3fwc2
2025/07/24 12:34:29|INFO    |884:(ThreadPoolExecutor-0_0)|syslog_parser|ACTION_ID: 7cc91776-f29c-407b-8c03-19fbb7ce043a|Stopping to read lines as iterator has maxed out
2025/07/24 12:34:29|INFO    |884:(ThreadPoolExecutor-0_0)|syslog_parser|ACTION_ID: 7cc91776-f29c-407b-8c03-19fbb7ce043a|saving last line date:: 24/07/1900 12:26:38
2025/07/24 12:34:29|INFO    |884:(ThreadPoolExecutor-0_0)|syslog_parser|ACTION_ID: 7cc91776-f29c-407b-8c03-19fbb7ce043a|24 lines scanned by parser
2025/07/24 12:34:29|INFO    |884:(ThreadPoolExecutor-0_0)|adaptive_policy|ACTION_ID: 7cc91776-f29c-407b-8c03-19fbb7ce043a|syslog_parser created output: None
2025/07/24 12:34:29|INFO    |884:(ThreadPoolExecutor-0_0)|adaptive_policy|ACTION_ID: 7cc91776-f29c-407b-8c03-19fbb7ce043a|Running parser: net_collector
2025/07/24 12:34:29|INFO    |884:(ThreadPoolExecutor-0_0)|net_collector_parser|ACTION_ID: 7cc91776-f29c-407b-8c03-19fbb7ce043a|NetCollector parser started
2025/07/24 12:34:29|INFO    |884:(ThreadPoolExecutor-0_0)|net_collector_parser|ACTION_ID: 7cc91776-f29c-407b-8c03-19fbb7ce043a|System: cpu=3.0% idle=97.0%
2025/07/24 12:34:29|INFO    |884:(ThreadPoolExecutor-0_0)|net_collector_parser|ACTION_ID: 7cc91776-f29c-407b-8c03-19fbb7ce043a|Thread CloudMetadata: cpu=0%
2025/07/24 12:34:29|INFO    |884:(ThreadPoolExecutor-0_0)|net_collector_parser|ACTION_ID: 7cc91776-f29c-407b-8c03-19fbb7ce043a|Thread InjectedProcesses: cpu=0%
2025/07/24 12:34:29|INFO    |884:(ThreadPoolExecutor-0_0)|net_collector_parser|ACTION_ID: 7cc91776-f29c-407b-8c03-19fbb7ce043a|Thread clad: cpu=0%
2025/07/24 12:34:29|INFO    |884:(ThreadPoolExecutor-0_0)|net_collector_parser|ACTION_ID: 7cc91776-f29c-407b-8c03-19fbb7ce043a|Thread dypdng: cpu=0%
2025/07/24 12:34:29|INFO    |884:(ThreadPoolExecutor-0_0)|net_collector_parser|ACTION_ID: 7cc91776-f29c-407b-8c03-19fbb7ce043a|Thread pmd: cpu=0%
2025/07/24 12:34:29|INFO    |884:(ThreadPoolExecutor-0_0)|net_collector_parser|ACTION_ID: 7cc91776-f29c-407b-8c03-19fbb7ce043a|Thread pyxd: cpu=0%
2025/07/24 12:34:29|INFO    |884:(ThreadPoolExecutor-0_0)|net_collector_parser|ACTION_ID: 7cc91776-f29c-407b-8c03-19fbb7ce043a|Thread sandboxd: cpu=0%
2025/07/24 12:34:29|INFO    |884:(ThreadPoolExecutor-0_0)|adaptive_policy|ACTION_ID: 7cc91776-f29c-407b-8c03-19fbb7ce043a|net_collector created output: None
2025/07/24 12:34:29|INFO    |884:(ThreadPoolExecutor-0_0)|adaptive_policy|ACTION_ID: 7cc91776-f29c-407b-8c03-19fbb7ce043a|Running parser: linux_auto_disable_on_write_parser
2025/07/24 12:34:29|INFO    |884:(ThreadPoolExecutor-0_0)|adaptive_policy_utils|ACTION_ID: 7cc91776-f29c-407b-8c03-19fbb7ce043a|Detected traps version: 8.8.0.133595
2025/07/24 12:34:29|INFO    |884:(ThreadPoolExecutor-0_0)|linux_auto_disable_on_write_parser|ACTION_ID: 7cc91776-f29c-407b-8c03-19fbb7ce043a|CPU is normal, waiting for next iteration.
2025/07/24 12:34:29|INFO    |884:(ThreadPoolExecutor-0_0)|adaptive_policy|ACTION_ID: 7cc91776-f29c-407b-8c03-19fbb7ce043a|linux_auto_disable_on_write_parser created output: None
2025/07/24 12:34:29|INFO    |884:(ThreadPoolExecutor-0_0)|adaptive_policy|ACTION_ID: 7cc91776-f29c-407b-8c03-19fbb7ce043a|{'apex': [], 'persistence': {'auto_disable_agent': {}, 'edr_archive_parser': {}, 'syslog_parser': {'last_scan': -2191307214.0}, 'net_collector': {}, 'linux_auto_disable_on_write_parser': {'trapsd_avg_cpu': 0.82259514328446}}, 'output_settings': '{\n"agentDisabledByAdaptivePolicy": false\n}', 'last_analysis': 1753371269}
2025/07/24 12:49:29|INFO    |884:(ThreadPoolExecutor-0_0)|adaptive_policy|ACTION_ID: 7cc91776-f29c-407b-8c03-19fbb7ce043a|Starting adaptive policy engine with kwargs: {}
2025/07/24 12:49:29|INFO    |884:(ThreadPoolExecutor-0_0)|adaptive_policy_utils|ACTION_ID: 7cc91776-f29c-407b-8c03-19fbb7ce043a|Detected traps version: 8.8.0.133595
2025/07/24 12:49:29|INFO    |884:(ThreadPoolExecutor-0_0)|adaptive_policy|ACTION_ID: 7cc91776-f29c-407b-8c03-19fbb7ce043a|{'adaptive_policy_interval': 900}
2025/07/24 12:49:29|INFO    |884:(ThreadPoolExecutor-0_0)|adaptive_policy|ACTION_ID: 7cc91776-f29c-407b-8c03-19fbb7ce043a|Set value of adaptive_policy_interval to 900
2025/07/24 12:49:29|INFO    |884:(ThreadPoolExecutor-0_0)|adaptive_policy|ACTION_ID: 7cc91776-f29c-407b-8c03-19fbb7ce043a|last analysis timestamp: Thursday, July 24, 2025 at 12:34:29 PM
2025/07/24 12:49:29|INFO    |884:(ThreadPoolExecutor-0_0)|adaptive_policy|ACTION_ID: 7cc91776-f29c-407b-8c03-19fbb7ce043a|High resolution mode: False
2025/07/24 12:49:29|INFO    |884:(ThreadPoolExecutor-0_0)|adaptive_policy|ACTION_ID: 7cc91776-f29c-407b-8c03-19fbb7ce043a|Time elapsed since the previous normal mode execution: 900 seconds
2025/07/24 12:49:29|INFO    |884:(ThreadPoolExecutor-0_0)|adaptive_policy|ACTION_ID: 7cc91776-f29c-407b-8c03-19fbb7ce043a|Adaptive policy normal operation mode interval: 900
2025/07/24 12:49:29|INFO    |884:(ThreadPoolExecutor-0_0)|adaptive_policy|ACTION_ID: 7cc91776-f29c-407b-8c03-19fbb7ce043a|Adaptive policy normal mode is: ENABLED
2025/07/24 12:49:29|INFO    |884:(ThreadPoolExecutor-0_0)|adaptive_policy|ACTION_ID: 7cc91776-f29c-407b-8c03-19fbb7ce043a|Adding normal operation mode parser
2025/07/24 12:49:29|INFO    |884:(ThreadPoolExecutor-0_0)|adaptive_policy|ACTION_ID: 7cc91776-f29c-407b-8c03-19fbb7ce043a|Found 1 statistics components to analyze
2025/07/24 12:49:29|INFO    |884:(ThreadPoolExecutor-0_0)|adaptive_policy|ACTION_ID: 7cc91776-f29c-407b-8c03-19fbb7ce043a|Running parser: auto_disable_agent
2025/07/24 12:49:29|INFO    |884:(ThreadPoolExecutor-0_0)|adaptive_policy_utils|ACTION_ID: 7cc91776-f29c-407b-8c03-19fbb7ce043a|Detected traps version: 8.8.0.133595
2025/07/24 12:49:29|INFO    |884:(ThreadPoolExecutor-0_0)|auto_disable_parser|ACTION_ID: 7cc91776-f29c-407b-8c03-19fbb7ce043a|Trapsd average CPU usage - normalized 0.9953274910311177
2025/07/24 12:49:29|INFO    |884:(ThreadPoolExecutor-0_0)|auto_disable_parser|ACTION_ID: 7cc91776-f29c-407b-8c03-19fbb7ce043a|Trapsd average CPU usage 0.9953274910311177
2025/07/24 12:49:29|INFO    |884:(ThreadPoolExecutor-0_0)|auto_disable_parser|ACTION_ID: 7cc91776-f29c-407b-8c03-19fbb7ce043a|Agent in normal state and CPU is normal, waiting for next iteration.
2025/07/24 12:49:29|INFO    |884:(ThreadPoolExecutor-0_0)|auto_disable_parser|ACTION_ID: 7cc91776-f29c-407b-8c03-19fbb7ce043a|trapsd private memory usage 227,684,352
2025/07/24 12:49:29|INFO    |884:(ThreadPoolExecutor-0_0)|auto_disable_parser|ACTION_ID: 7cc91776-f29c-407b-8c03-19fbb7ce043a|Agent in normal state and Memory is normal, waiting for next iteration.
2025/07/24 12:49:29|INFO    |884:(ThreadPoolExecutor-0_0)|adaptive_policy|ACTION_ID: 7cc91776-f29c-407b-8c03-19fbb7ce043a|auto_disable_agent created output: None
2025/07/24 12:49:29|INFO    |884:(ThreadPoolExecutor-0_0)|adaptive_policy|ACTION_ID: 7cc91776-f29c-407b-8c03-19fbb7ce043a|Running parser: edr_archive_parser
2025/07/24 12:49:29|INFO    |884:(ThreadPoolExecutor-0_0)|edr_archive_parser|ACTION_ID: 7cc91776-f29c-407b-8c03-19fbb7ce043a|EDR Archive size: 0.0mb
2025/07/24 12:49:29|INFO    |884:(ThreadPoolExecutor-0_0)|adaptive_policy|ACTION_ID: 7cc91776-f29c-407b-8c03-19fbb7ce043a|edr_archive_parser created output: None
2025/07/24 12:49:29|INFO    |884:(ThreadPoolExecutor-0_0)|adaptive_policy|ACTION_ID: 7cc91776-f29c-407b-8c03-19fbb7ce043a|Running parser: syslog_parser
2025/07/24 12:49:29|INFO    |884:(ThreadPoolExecutor-0_0)|adaptive_policy_utils|ACTION_ID: 7cc91776-f29c-407b-8c03-19fbb7ce043a|Detected traps version: 8.8.0.133595
2025/07/24 12:49:29|INFO    |884:(ThreadPoolExecutor-0_0)|syslog_parser|ACTION_ID: 7cc91776-f29c-407b-8c03-19fbb7ce043a|Injected processes list: ['wickedd-dhcp6', 'couriertcpd', 'pmmasterd', 'authproxy', 'lighttpd', 'tinyproxy', 'mailman', 'wickedd-dhcp4', 'chronyd', 'apache2', 'xinetd', 'named', 'dovecot', 'samba', 'proftpd', 'charon', 'smbd', 'qmgr', 'ndsd', 'ibserver', 'cupsd', 'nscd', 'java', 'httpd', 'nmbd', 'mysqld', 'cyrus_pop3d', 'kamailio', 'pop2d', 'exim', 'pop3d', 'saned', 'squid', 'apache', 'danted', 'mongod', 'vsftpd', 'smartd', 'mysqld_safe', 'starter', 'squid3']
2025/07/24 12:49:29|INFO    |884:(ThreadPoolExecutor-0_0)|syslog_parser|ACTION_ID: 7cc91776-f29c-407b-8c03-19fbb7ce043a|crash_counters: {'wickedd-dhcp6': 0, 'couriertcpd': 0, 'pmmasterd': 0, 'authproxy': 0, 'lighttpd': 0, 'tinyproxy': 0, 'mailman': 0, 'wickedd-dhcp4': 0, 'chronyd': 0, 'apache2': 0, 'xinetd': 0, 'named': 0, 'dovecot': 0, 'samba': 0, 'proftpd': 0, 'charon': 0, 'smbd': 0, 'qmgr': 0, 'ndsd': 0, 'ibserver': 0, 'cupsd': 0, 'nscd': 0, 'java': 0, 'httpd': 0, 'nmbd': 0, 'mysqld': 0, 'cyrus_pop3d': 0, 'kamailio': 0, 'pop2d': 0, 'exim': 0, 'pop3d': 0, 'saned': 0, 'squid': 0, 'apache': 0, 'danted': 0, 'mongod': 0, 'vsftpd': 0, 'smartd': 0, 'mysqld_safe': 0, 'starter': 0, 'squid3': 0}
2025/07/24 12:49:29|INFO    |884:(ThreadPoolExecutor-0_0)|syslog_parser|ACTION_ID: 7cc91776-f29c-407b-8c03-19fbb7ce043a|Dypd statistics are empty. Cannot retrieve injected processes stats
2025/07/24 12:49:29|INFO    |884:(ThreadPoolExecutor-0_0)|syslog_parser|ACTION_ID: 7cc91776-f29c-407b-8c03-19fbb7ce043a|Could not find any crash reports in statistics
2025/07/24 12:49:29|INFO    |884:(ThreadPoolExecutor-0_0)|syslog_parser|ACTION_ID: 7cc91776-f29c-407b-8c03-19fbb7ce043a|Using temporary journal file: /opt/traps/python/scripts/tmpooc9y1em
2025/07/24 12:49:29|INFO    |884:(ThreadPoolExecutor-0_0)|syslog_parser|ACTION_ID: 7cc91776-f29c-407b-8c03-19fbb7ce043a|Log file: /opt/traps/python/scripts/tmpooc9y1em detected.
2025/07/24 12:49:29|INFO    |884:(ThreadPoolExecutor-0_0)|syslog_parser|ACTION_ID: 7cc91776-f29c-407b-8c03-19fbb7ce043a|Syslog format RFC 3164 detected for line: Jul 24 11:37:04 linux-lab02 kernel: pci 0000:00:17.4: BAR 13: no space for [io  size 0x1000]

2025/07/24 12:49:29|INFO    |884:(ThreadPoolExecutor-0_0)|syslog_parser|ACTION_ID: 7cc91776-f29c-407b-8c03-19fbb7ce043a|Start monitor /opt/traps/python/scripts/tmpooc9y1em
2025/07/24 12:49:29|INFO    |884:(ThreadPoolExecutor-0_0)|syslog_parser|ACTION_ID: 7cc91776-f29c-407b-8c03-19fbb7ce043a|Stopping to read lines as iterator has maxed out
2025/07/24 12:49:29|INFO    |884:(ThreadPoolExecutor-0_0)|syslog_parser|ACTION_ID: 7cc91776-f29c-407b-8c03-19fbb7ce043a|saving last line date:: 24/07/1900 12:47:37
2025/07/24 12:49:29|INFO    |884:(ThreadPoolExecutor-0_0)|syslog_parser|ACTION_ID: 7cc91776-f29c-407b-8c03-19fbb7ce043a|21 lines scanned by parser
2025/07/24 12:49:29|INFO    |884:(ThreadPoolExecutor-0_0)|adaptive_policy|ACTION_ID: 7cc91776-f29c-407b-8c03-19fbb7ce043a|syslog_parser created output: None
2025/07/24 12:49:29|INFO    |884:(ThreadPoolExecutor-0_0)|adaptive_policy|ACTION_ID: 7cc91776-f29c-407b-8c03-19fbb7ce043a|Running parser: net_collector
2025/07/24 12:49:29|INFO    |884:(ThreadPoolExecutor-0_0)|net_collector_parser|ACTION_ID: 7cc91776-f29c-407b-8c03-19fbb7ce043a|NetCollector parser started
2025/07/24 12:49:29|INFO    |884:(ThreadPoolExecutor-0_0)|net_collector_parser|ACTION_ID: 7cc91776-f29c-407b-8c03-19fbb7ce043a|System: cpu=8.0% idle=92.0%
2025/07/24 12:49:29|INFO    |884:(ThreadPoolExecutor-0_0)|net_collector_parser|ACTION_ID: 7cc91776-f29c-407b-8c03-19fbb7ce043a|Thread CloudMetadata: cpu=0%
2025/07/24 12:49:29|INFO    |884:(ThreadPoolExecutor-0_0)|net_collector_parser|ACTION_ID: 7cc91776-f29c-407b-8c03-19fbb7ce043a|Thread InjectedProcesses: cpu=0%
2025/07/24 12:49:29|INFO    |884:(ThreadPoolExecutor-0_0)|net_collector_parser|ACTION_ID: 7cc91776-f29c-407b-8c03-19fbb7ce043a|Thread clad: cpu=0%
2025/07/24 12:49:29|INFO    |884:(ThreadPoolExecutor-0_0)|net_collector_parser|ACTION_ID: 7cc91776-f29c-407b-8c03-19fbb7ce043a|Thread dypdng: cpu=0%
2025/07/24 12:49:29|INFO    |884:(ThreadPoolExecutor-0_0)|net_collector_parser|ACTION_ID: 7cc91776-f29c-407b-8c03-19fbb7ce043a|Thread pmd: cpu=0%
2025/07/24 12:49:29|INFO    |884:(ThreadPoolExecutor-0_0)|net_collector_parser|ACTION_ID: 7cc91776-f29c-407b-8c03-19fbb7ce043a|Thread pyxd: cpu=0%
2025/07/24 12:49:29|INFO    |884:(ThreadPoolExecutor-0_0)|net_collector_parser|ACTION_ID: 7cc91776-f29c-407b-8c03-19fbb7ce043a|Thread sandboxd: cpu=0%
2025/07/24 12:49:29|INFO    |884:(ThreadPoolExecutor-0_0)|adaptive_policy|ACTION_ID: 7cc91776-f29c-407b-8c03-19fbb7ce043a|net_collector created output: None
2025/07/24 12:49:29|INFO    |884:(ThreadPoolExecutor-0_0)|adaptive_policy|ACTION_ID: 7cc91776-f29c-407b-8c03-19fbb7ce043a|Running parser: linux_auto_disable_on_write_parser
2025/07/24 12:49:29|INFO    |884:(ThreadPoolExecutor-0_0)|adaptive_policy_utils|ACTION_ID: 7cc91776-f29c-407b-8c03-19fbb7ce043a|Detected traps version: 8.8.0.133595
2025/07/24 12:49:29|INFO    |884:(ThreadPoolExecutor-0_0)|linux_auto_disable_on_write_parser|ACTION_ID: 7cc91776-f29c-407b-8c03-19fbb7ce043a|CPU is normal, waiting for next iteration.
2025/07/24 12:49:29|INFO    |884:(ThreadPoolExecutor-0_0)|adaptive_policy|ACTION_ID: 7cc91776-f29c-407b-8c03-19fbb7ce043a|linux_auto_disable_on_write_parser created output: None
2025/07/24 12:49:29|INFO    |884:(ThreadPoolExecutor-0_0)|adaptive_policy|ACTION_ID: 7cc91776-f29c-407b-8c03-19fbb7ce043a|{'apex': [], 'persistence': {'auto_disable_agent': {}, 'edr_archive_parser': {}, 'syslog_parser': {'last_scan': -2191305955.0}, 'net_collector': {}, 'linux_auto_disable_on_write_parser': {'trapsd_avg_cpu': 0.9953274910311177}}, 'output_settings': '{\n"agentDisabledByAdaptivePolicy": false\n}', 'last_analysis': 1753372169}
2025/07/24 13:04:29|INFO    |884:(ThreadPoolExecutor-0_0)|adaptive_policy|ACTION_ID: 7cc91776-f29c-407b-8c03-19fbb7ce043a|Starting adaptive policy engine with kwargs: {}
2025/07/24 13:04:29|INFO    |884:(ThreadPoolExecutor-0_0)|adaptive_policy_utils|ACTION_ID: 7cc91776-f29c-407b-8c03-19fbb7ce043a|Detected traps version: 8.8.0.133595
2025/07/24 13:04:29|INFO    |884:(ThreadPoolExecutor-0_0)|adaptive_policy|ACTION_ID: 7cc91776-f29c-407b-8c03-19fbb7ce043a|{'adaptive_policy_interval': 900}
2025/07/24 13:04:29|INFO    |884:(ThreadPoolExecutor-0_0)|adaptive_policy|ACTION_ID: 7cc91776-f29c-407b-8c03-19fbb7ce043a|Set value of adaptive_policy_interval to 900
2025/07/24 13:04:29|INFO    |884:(ThreadPoolExecutor-0_0)|adaptive_policy|ACTION_ID: 7cc91776-f29c-407b-8c03-19fbb7ce043a|last analysis timestamp: Thursday, July 24, 2025 at 12:49:29 PM
2025/07/24 13:04:29|INFO    |884:(ThreadPoolExecutor-0_0)|adaptive_policy|ACTION_ID: 7cc91776-f29c-407b-8c03-19fbb7ce043a|High resolution mode: False
2025/07/24 13:04:29|INFO    |884:(ThreadPoolExecutor-0_0)|adaptive_policy|ACTION_ID: 7cc91776-f29c-407b-8c03-19fbb7ce043a|Time elapsed since the previous normal mode execution: 900 seconds
2025/07/24 13:04:29|INFO    |884:(ThreadPoolExecutor-0_0)|adaptive_policy|ACTION_ID: 7cc91776-f29c-407b-8c03-19fbb7ce043a|Adaptive policy normal operation mode interval: 900
2025/07/24 13:04:29|INFO    |884:(ThreadPoolExecutor-0_0)|adaptive_policy|ACTION_ID: 7cc91776-f29c-407b-8c03-19fbb7ce043a|Adaptive policy normal mode is: ENABLED
2025/07/24 13:04:29|INFO    |884:(ThreadPoolExecutor-0_0)|adaptive_policy|ACTION_ID: 7cc91776-f29c-407b-8c03-19fbb7ce043a|Adding normal operation mode parser
2025/07/24 13:04:29|INFO    |884:(ThreadPoolExecutor-0_0)|adaptive_policy|ACTION_ID: 7cc91776-f29c-407b-8c03-19fbb7ce043a|Found 1 statistics components to analyze
2025/07/24 13:04:29|INFO    |884:(ThreadPoolExecutor-0_0)|adaptive_policy|ACTION_ID: 7cc91776-f29c-407b-8c03-19fbb7ce043a|Running parser: auto_disable_agent
2025/07/24 13:04:29|INFO    |884:(ThreadPoolExecutor-0_0)|adaptive_policy_utils|ACTION_ID: 7cc91776-f29c-407b-8c03-19fbb7ce043a|Detected traps version: 8.8.0.133595
2025/07/24 13:04:29|INFO    |884:(ThreadPoolExecutor-0_0)|auto_disable_parser|ACTION_ID: 7cc91776-f29c-407b-8c03-19fbb7ce043a|Trapsd average CPU usage - normalized 0.9730183887348131
2025/07/24 13:04:29|INFO    |884:(ThreadPoolExecutor-0_0)|auto_disable_parser|ACTION_ID: 7cc91776-f29c-407b-8c03-19fbb7ce043a|Trapsd average CPU usage 0.9730183887348131
2025/07/24 13:04:29|INFO    |884:(ThreadPoolExecutor-0_0)|auto_disable_parser|ACTION_ID: 7cc91776-f29c-407b-8c03-19fbb7ce043a|Agent in normal state and CPU is normal, waiting for next iteration.
2025/07/24 13:04:29|INFO    |884:(ThreadPoolExecutor-0_0)|auto_disable_parser|ACTION_ID: 7cc91776-f29c-407b-8c03-19fbb7ce043a|trapsd private memory usage 233,168,896
2025/07/24 13:04:29|INFO    |884:(ThreadPoolExecutor-0_0)|auto_disable_parser|ACTION_ID: 7cc91776-f29c-407b-8c03-19fbb7ce043a|Agent in normal state and Memory is normal, waiting for next iteration.
2025/07/24 13:04:29|INFO    |884:(ThreadPoolExecutor-0_0)|adaptive_policy|ACTION_ID: 7cc91776-f29c-407b-8c03-19fbb7ce043a|auto_disable_agent created output: None
2025/07/24 13:04:29|INFO    |884:(ThreadPoolExecutor-0_0)|adaptive_policy|ACTION_ID: 7cc91776-f29c-407b-8c03-19fbb7ce043a|Running parser: edr_archive_parser
2025/07/24 13:04:29|INFO    |884:(ThreadPoolExecutor-0_0)|edr_archive_parser|ACTION_ID: 7cc91776-f29c-407b-8c03-19fbb7ce043a|EDR Archive size: 0.0mb
2025/07/24 13:04:29|INFO    |884:(ThreadPoolExecutor-0_0)|adaptive_policy|ACTION_ID: 7cc91776-f29c-407b-8c03-19fbb7ce043a|edr_archive_parser created output: None
2025/07/24 13:04:29|INFO    |884:(ThreadPoolExecutor-0_0)|adaptive_policy|ACTION_ID: 7cc91776-f29c-407b-8c03-19fbb7ce043a|Running parser: syslog_parser
2025/07/24 13:04:29|INFO    |884:(ThreadPoolExecutor-0_0)|adaptive_policy_utils|ACTION_ID: 7cc91776-f29c-407b-8c03-19fbb7ce043a|Detected traps version: 8.8.0.133595
2025/07/24 13:04:29|INFO    |884:(ThreadPoolExecutor-0_0)|syslog_parser|ACTION_ID: 7cc91776-f29c-407b-8c03-19fbb7ce043a|Injected processes list: ['wickedd-dhcp6', 'couriertcpd', 'pmmasterd', 'authproxy', 'lighttpd', 'tinyproxy', 'mailman', 'wickedd-dhcp4', 'chronyd', 'apache2', 'xinetd', 'named', 'dovecot', 'samba', 'proftpd', 'charon', 'smbd', 'qmgr', 'ndsd', 'ibserver', 'cupsd', 'nscd', 'java', 'httpd', 'nmbd', 'mysqld', 'cyrus_pop3d', 'kamailio', 'pop2d', 'exim', 'pop3d', 'saned', 'squid', 'apache', 'danted', 'mongod', 'vsftpd', 'smartd', 'mysqld_safe', 'starter', 'squid3']
2025/07/24 13:04:29|INFO    |884:(ThreadPoolExecutor-0_0)|syslog_parser|ACTION_ID: 7cc91776-f29c-407b-8c03-19fbb7ce043a|crash_counters: {'wickedd-dhcp6': 0, 'couriertcpd': 0, 'pmmasterd': 0, 'authproxy': 0, 'lighttpd': 0, 'tinyproxy': 0, 'mailman': 0, 'wickedd-dhcp4': 0, 'chronyd': 0, 'apache2': 0, 'xinetd': 0, 'named': 0, 'dovecot': 0, 'samba': 0, 'proftpd': 0, 'charon': 0, 'smbd': 0, 'qmgr': 0, 'ndsd': 0, 'ibserver': 0, 'cupsd': 0, 'nscd': 0, 'java': 0, 'httpd': 0, 'nmbd': 0, 'mysqld': 0, 'cyrus_pop3d': 0, 'kamailio': 0, 'pop2d': 0, 'exim': 0, 'pop3d': 0, 'saned': 0, 'squid': 0, 'apache': 0, 'danted': 0, 'mongod': 0, 'vsftpd': 0, 'smartd': 0, 'mysqld_safe': 0, 'starter': 0, 'squid3': 0}
2025/07/24 13:04:29|INFO    |884:(ThreadPoolExecutor-0_0)|syslog_parser|ACTION_ID: 7cc91776-f29c-407b-8c03-19fbb7ce043a|Dypd statistics are empty. Cannot retrieve injected processes stats
2025/07/24 13:04:29|INFO    |884:(ThreadPoolExecutor-0_0)|syslog_parser|ACTION_ID: 7cc91776-f29c-407b-8c03-19fbb7ce043a|Could not find any crash reports in statistics
2025/07/24 13:04:29|INFO    |884:(ThreadPoolExecutor-0_0)|syslog_parser|ACTION_ID: 7cc91776-f29c-407b-8c03-19fbb7ce043a|Using temporary journal file: /opt/traps/python/scripts/tmp9lf5ceuf
2025/07/24 13:04:29|INFO    |884:(ThreadPoolExecutor-0_0)|syslog_parser|ACTION_ID: 7cc91776-f29c-407b-8c03-19fbb7ce043a|Log file: /opt/traps/python/scripts/tmp9lf5ceuf detected.
2025/07/24 13:04:29|INFO    |884:(ThreadPoolExecutor-0_0)|syslog_parser|ACTION_ID: 7cc91776-f29c-407b-8c03-19fbb7ce043a|Syslog format RFC 3164 detected for line: Jul 24 11:37:04 linux-lab02 kernel: pci 0000:00:17.3: BAR 13: failed to assign [io  size 0x1000]

2025/07/24 13:04:29|INFO    |884:(ThreadPoolExecutor-0_0)|syslog_parser|ACTION_ID: 7cc91776-f29c-407b-8c03-19fbb7ce043a|Start monitor /opt/traps/python/scripts/tmp9lf5ceuf
2025/07/24 13:04:29|INFO    |884:(ThreadPoolExecutor-0_0)|syslog_parser|ACTION_ID: 7cc91776-f29c-407b-8c03-19fbb7ce043a|Stopping to read lines as iterator has maxed out
2025/07/24 13:04:29|INFO    |884:(ThreadPoolExecutor-0_0)|syslog_parser|ACTION_ID: 7cc91776-f29c-407b-8c03-19fbb7ce043a|saving last line date:: 24/07/1900 12:53:57
2025/07/24 13:04:29|INFO    |884:(ThreadPoolExecutor-0_0)|syslog_parser|ACTION_ID: 7cc91776-f29c-407b-8c03-19fbb7ce043a|3 lines scanned by parser
2025/07/24 13:04:29|INFO    |884:(ThreadPoolExecutor-0_0)|adaptive_policy|ACTION_ID: 7cc91776-f29c-407b-8c03-19fbb7ce043a|syslog_parser created output: None
2025/07/24 13:04:29|INFO    |884:(ThreadPoolExecutor-0_0)|adaptive_policy|ACTION_ID: 7cc91776-f29c-407b-8c03-19fbb7ce043a|Running parser: net_collector
2025/07/24 13:04:29|INFO    |884:(ThreadPoolExecutor-0_0)|net_collector_parser|ACTION_ID: 7cc91776-f29c-407b-8c03-19fbb7ce043a|NetCollector parser started
2025/07/24 13:04:29|INFO    |884:(ThreadPoolExecutor-0_0)|net_collector_parser|ACTION_ID: 7cc91776-f29c-407b-8c03-19fbb7ce043a|System: cpu=7.0% idle=93.0%
2025/07/24 13:04:29|INFO    |884:(ThreadPoolExecutor-0_0)|net_collector_parser|ACTION_ID: 7cc91776-f29c-407b-8c03-19fbb7ce043a|Thread CloudMetadata: cpu=0%
2025/07/24 13:04:29|INFO    |884:(ThreadPoolExecutor-0_0)|net_collector_parser|ACTION_ID: 7cc91776-f29c-407b-8c03-19fbb7ce043a|Thread InjectedProcesses: cpu=0%
2025/07/24 13:04:29|INFO    |884:(ThreadPoolExecutor-0_0)|net_collector_parser|ACTION_ID: 7cc91776-f29c-407b-8c03-19fbb7ce043a|Thread clad: cpu=0%
2025/07/24 13:04:29|INFO    |884:(ThreadPoolExecutor-0_0)|net_collector_parser|ACTION_ID: 7cc91776-f29c-407b-8c03-19fbb7ce043a|Thread dypdng: cpu=0%
2025/07/24 13:04:29|INFO    |884:(ThreadPoolExecutor-0_0)|net_collector_parser|ACTION_ID: 7cc91776-f29c-407b-8c03-19fbb7ce043a|Thread pmd: cpu=0%
2025/07/24 13:04:29|INFO    |884:(ThreadPoolExecutor-0_0)|net_collector_parser|ACTION_ID: 7cc91776-f29c-407b-8c03-19fbb7ce043a|Thread pyxd: cpu=0%
2025/07/24 13:04:29|INFO    |884:(ThreadPoolExecutor-0_0)|net_collector_parser|ACTION_ID: 7cc91776-f29c-407b-8c03-19fbb7ce043a|Thread sandboxd: cpu=0%
2025/07/24 13:04:29|INFO    |884:(ThreadPoolExecutor-0_0)|adaptive_policy|ACTION_ID: 7cc91776-f29c-407b-8c03-19fbb7ce043a|net_collector created output: None
2025/07/24 13:04:29|INFO    |884:(ThreadPoolExecutor-0_0)|adaptive_policy|ACTION_ID: 7cc91776-f29c-407b-8c03-19fbb7ce043a|Running parser: linux_auto_disable_on_write_parser
2025/07/24 13:04:29|INFO    |884:(ThreadPoolExecutor-0_0)|adaptive_policy_utils|ACTION_ID: 7cc91776-f29c-407b-8c03-19fbb7ce043a|Detected traps version: 8.8.0.133595
2025/07/24 13:04:29|INFO    |884:(ThreadPoolExecutor-0_0)|linux_auto_disable_on_write_parser|ACTION_ID: 7cc91776-f29c-407b-8c03-19fbb7ce043a|CPU is normal, waiting for next iteration.
2025/07/24 13:04:29|INFO    |884:(ThreadPoolExecutor-0_0)|adaptive_policy|ACTION_ID: 7cc91776-f29c-407b-8c03-19fbb7ce043a|linux_auto_disable_on_write_parser created output: None
2025/07/24 13:04:29|INFO    |884:(ThreadPoolExecutor-0_0)|adaptive_policy|ACTION_ID: 7cc91776-f29c-407b-8c03-19fbb7ce043a|{'apex': [], 'persistence': {'auto_disable_agent': {}, 'edr_archive_parser': {}, 'syslog_parser': {'last_scan': -2191305575.0}, 'net_collector': {}, 'linux_auto_disable_on_write_parser': {'trapsd_avg_cpu': 0.9730183887348131}}, 'output_settings': '{\n"agentDisabledByAdaptivePolicy": false\n}', 'last_analysis': 1753373069}
2025/07/24 13:19:30|INFO    |884:(ThreadPoolExecutor-0_0)|adaptive_policy|ACTION_ID: 7cc91776-f29c-407b-8c03-19fbb7ce043a|Starting adaptive policy engine with kwargs: {}
2025/07/24 13:19:30|INFO    |884:(ThreadPoolExecutor-0_0)|adaptive_policy_utils|ACTION_ID: 7cc91776-f29c-407b-8c03-19fbb7ce043a|Detected traps version: 8.8.0.133595
2025/07/24 13:19:30|INFO    |884:(ThreadPoolExecutor-0_0)|adaptive_policy|ACTION_ID: 7cc91776-f29c-407b-8c03-19fbb7ce043a|{'adaptive_policy_interval': 900}
2025/07/24 13:19:30|INFO    |884:(ThreadPoolExecutor-0_0)|adaptive_policy|ACTION_ID: 7cc91776-f29c-407b-8c03-19fbb7ce043a|Set value of adaptive_policy_interval to 900
2025/07/24 13:19:30|INFO    |884:(ThreadPoolExecutor-0_0)|adaptive_policy|ACTION_ID: 7cc91776-f29c-407b-8c03-19fbb7ce043a|last analysis timestamp: Thursday, July 24, 2025 at 01:04:29 PM
2025/07/24 13:19:30|INFO    |884:(ThreadPoolExecutor-0_0)|adaptive_policy|ACTION_ID: 7cc91776-f29c-407b-8c03-19fbb7ce043a|High resolution mode: False
2025/07/24 13:19:30|INFO    |884:(ThreadPoolExecutor-0_0)|adaptive_policy|ACTION_ID: 7cc91776-f29c-407b-8c03-19fbb7ce043a|Time elapsed since the previous normal mode execution: 901 seconds
2025/07/24 13:19:30|INFO    |884:(ThreadPoolExecutor-0_0)|adaptive_policy|ACTION_ID: 7cc91776-f29c-407b-8c03-19fbb7ce043a|Adaptive policy normal operation mode interval: 900
2025/07/24 13:19:30|INFO    |884:(ThreadPoolExecutor-0_0)|adaptive_policy|ACTION_ID: 7cc91776-f29c-407b-8c03-19fbb7ce043a|Adaptive policy normal mode is: ENABLED
2025/07/24 13:19:30|INFO    |884:(ThreadPoolExecutor-0_0)|adaptive_policy|ACTION_ID: 7cc91776-f29c-407b-8c03-19fbb7ce043a|Adding normal operation mode parser
2025/07/24 13:19:30|INFO    |884:(ThreadPoolExecutor-0_0)|adaptive_policy|ACTION_ID: 7cc91776-f29c-407b-8c03-19fbb7ce043a|Found 1 statistics components to analyze
2025/07/24 13:19:30|INFO    |884:(ThreadPoolExecutor-0_0)|adaptive_policy|ACTION_ID: 7cc91776-f29c-407b-8c03-19fbb7ce043a|Running parser: auto_disable_agent
2025/07/24 13:19:30|INFO    |884:(ThreadPoolExecutor-0_0)|adaptive_policy_utils|ACTION_ID: 7cc91776-f29c-407b-8c03-19fbb7ce043a|Detected traps version: 8.8.0.133595
2025/07/24 13:19:30|INFO    |884:(ThreadPoolExecutor-0_0)|auto_disable_parser|ACTION_ID: 7cc91776-f29c-407b-8c03-19fbb7ce043a|Trapsd average CPU usage - normalized 0.766065349412229
2025/07/24 13:19:30|INFO    |884:(ThreadPoolExecutor-0_0)|auto_disable_parser|ACTION_ID: 7cc91776-f29c-407b-8c03-19fbb7ce043a|Trapsd average CPU usage 0.766065349412229
2025/07/24 13:19:30|INFO    |884:(ThreadPoolExecutor-0_0)|auto_disable_parser|ACTION_ID: 7cc91776-f29c-407b-8c03-19fbb7ce043a|Agent in normal state and CPU is normal, waiting for next iteration.
2025/07/24 13:19:30|INFO    |884:(ThreadPoolExecutor-0_0)|auto_disable_parser|ACTION_ID: 7cc91776-f29c-407b-8c03-19fbb7ce043a|trapsd private memory usage 235,659,264
2025/07/24 13:19:30|INFO    |884:(ThreadPoolExecutor-0_0)|auto_disable_parser|ACTION_ID: 7cc91776-f29c-407b-8c03-19fbb7ce043a|Agent in normal state and Memory is normal, waiting for next iteration.
2025/07/24 13:19:30|INFO    |884:(ThreadPoolExecutor-0_0)|adaptive_policy|ACTION_ID: 7cc91776-f29c-407b-8c03-19fbb7ce043a|auto_disable_agent created output: None
2025/07/24 13:19:30|INFO    |884:(ThreadPoolExecutor-0_0)|adaptive_policy|ACTION_ID: 7cc91776-f29c-407b-8c03-19fbb7ce043a|Running parser: edr_archive_parser
2025/07/24 13:19:30|INFO    |884:(ThreadPoolExecutor-0_0)|edr_archive_parser|ACTION_ID: 7cc91776-f29c-407b-8c03-19fbb7ce043a|EDR Archive size: 0.0mb
2025/07/24 13:19:30|INFO    |884:(ThreadPoolExecutor-0_0)|adaptive_policy|ACTION_ID: 7cc91776-f29c-407b-8c03-19fbb7ce043a|edr_archive_parser created output: None
2025/07/24 13:19:30|INFO    |884:(ThreadPoolExecutor-0_0)|adaptive_policy|ACTION_ID: 7cc91776-f29c-407b-8c03-19fbb7ce043a|Running parser: syslog_parser
2025/07/24 13:19:30|INFO    |884:(ThreadPoolExecutor-0_0)|adaptive_policy_utils|ACTION_ID: 7cc91776-f29c-407b-8c03-19fbb7ce043a|Detected traps version: 8.8.0.133595
2025/07/24 13:19:30|INFO    |884:(ThreadPoolExecutor-0_0)|syslog_parser|ACTION_ID: 7cc91776-f29c-407b-8c03-19fbb7ce043a|Injected processes list: ['wickedd-dhcp6', 'couriertcpd', 'pmmasterd', 'authproxy', 'lighttpd', 'tinyproxy', 'mailman', 'wickedd-dhcp4', 'chronyd', 'apache2', 'xinetd', 'named', 'dovecot', 'samba', 'proftpd', 'charon', 'smbd', 'qmgr', 'ndsd', 'ibserver', 'cupsd', 'nscd', 'java', 'httpd', 'nmbd', 'mysqld', 'cyrus_pop3d', 'kamailio', 'pop2d', 'exim', 'pop3d', 'saned', 'squid', 'apache', 'danted', 'mongod', 'vsftpd', 'smartd', 'mysqld_safe', 'starter', 'squid3']
2025/07/24 13:19:30|INFO    |884:(ThreadPoolExecutor-0_0)|syslog_parser|ACTION_ID: 7cc91776-f29c-407b-8c03-19fbb7ce043a|crash_counters: {'wickedd-dhcp6': 0, 'couriertcpd': 0, 'pmmasterd': 0, 'authproxy': 0, 'lighttpd': 0, 'tinyproxy': 0, 'mailman': 0, 'wickedd-dhcp4': 0, 'chronyd': 0, 'apache2': 0, 'xinetd': 0, 'named': 0, 'dovecot': 0, 'samba': 0, 'proftpd': 0, 'charon': 0, 'smbd': 0, 'qmgr': 0, 'ndsd': 0, 'ibserver': 0, 'cupsd': 0, 'nscd': 0, 'java': 0, 'httpd': 0, 'nmbd': 0, 'mysqld': 0, 'cyrus_pop3d': 0, 'kamailio': 0, 'pop2d': 0, 'exim': 0, 'pop3d': 0, 'saned': 0, 'squid': 0, 'apache': 0, 'danted': 0, 'mongod': 0, 'vsftpd': 0, 'smartd': 0, 'mysqld_safe': 0, 'starter': 0, 'squid3': 0}
2025/07/24 13:19:30|INFO    |884:(ThreadPoolExecutor-0_0)|syslog_parser|ACTION_ID: 7cc91776-f29c-407b-8c03-19fbb7ce043a|Dypd statistics are empty. Cannot retrieve injected processes stats
2025/07/24 13:19:30|INFO    |884:(ThreadPoolExecutor-0_0)|syslog_parser|ACTION_ID: 7cc91776-f29c-407b-8c03-19fbb7ce043a|Could not find any crash reports in statistics
2025/07/24 13:19:30|INFO    |884:(ThreadPoolExecutor-0_0)|syslog_parser|ACTION_ID: 7cc91776-f29c-407b-8c03-19fbb7ce043a|Using temporary journal file: /opt/traps/python/scripts/tmpd4w0sgpe
2025/07/24 13:19:30|INFO    |884:(ThreadPoolExecutor-0_0)|syslog_parser|ACTION_ID: 7cc91776-f29c-407b-8c03-19fbb7ce043a|Log file: /opt/traps/python/scripts/tmpd4w0sgpe detected.
2025/07/24 13:19:30|INFO    |884:(ThreadPoolExecutor-0_0)|syslog_parser|ACTION_ID: 7cc91776-f29c-407b-8c03-19fbb7ce043a|Syslog format RFC 3164 detected for line: Jul 24 11:37:04 linux-lab02 kernel: pci 0000:00:15.5: BAR 13: no space for [io  size 0x1000]

2025/07/24 13:19:30|INFO    |884:(ThreadPoolExecutor-0_0)|syslog_parser|ACTION_ID: 7cc91776-f29c-407b-8c03-19fbb7ce043a|Start monitor /opt/traps/python/scripts/tmpd4w0sgpe
2025/07/24 13:19:30|INFO    |884:(ThreadPoolExecutor-0_0)|syslog_parser|ACTION_ID: 7cc91776-f29c-407b-8c03-19fbb7ce043a|Stopping to read lines as iterator has maxed out
2025/07/24 13:19:30|INFO    |884:(ThreadPoolExecutor-0_0)|syslog_parser|ACTION_ID: 7cc91776-f29c-407b-8c03-19fbb7ce043a|saving last line date:: 24/07/1900 13:18:10
2025/07/24 13:19:30|INFO    |884:(ThreadPoolExecutor-0_0)|syslog_parser|ACTION_ID: 7cc91776-f29c-407b-8c03-19fbb7ce043a|15 lines scanned by parser
2025/07/24 13:19:30|INFO    |884:(ThreadPoolExecutor-0_0)|adaptive_policy|ACTION_ID: 7cc91776-f29c-407b-8c03-19fbb7ce043a|syslog_parser created output: None
2025/07/24 13:19:30|INFO    |884:(ThreadPoolExecutor-0_0)|adaptive_policy|ACTION_ID: 7cc91776-f29c-407b-8c03-19fbb7ce043a|Running parser: net_collector
2025/07/24 13:19:30|INFO    |884:(ThreadPoolExecutor-0_0)|net_collector_parser|ACTION_ID: 7cc91776-f29c-407b-8c03-19fbb7ce043a|NetCollector parser started
2025/07/24 13:19:30|INFO    |884:(ThreadPoolExecutor-0_0)|net_collector_parser|ACTION_ID: 7cc91776-f29c-407b-8c03-19fbb7ce043a|System: cpu=6.0% idle=94.0%
2025/07/24 13:19:30|INFO    |884:(ThreadPoolExecutor-0_0)|net_collector_parser|ACTION_ID: 7cc91776-f29c-407b-8c03-19fbb7ce043a|Thread CloudMetadata: cpu=0%
2025/07/24 13:19:30|INFO    |884:(ThreadPoolExecutor-0_0)|net_collector_parser|ACTION_ID: 7cc91776-f29c-407b-8c03-19fbb7ce043a|Thread InjectedProcesses: cpu=0%
2025/07/24 13:19:30|INFO    |884:(ThreadPoolExecutor-0_0)|net_collector_parser|ACTION_ID: 7cc91776-f29c-407b-8c03-19fbb7ce043a|Thread clad: cpu=0%
2025/07/24 13:19:30|INFO    |884:(ThreadPoolExecutor-0_0)|net_collector_parser|ACTION_ID: 7cc91776-f29c-407b-8c03-19fbb7ce043a|Thread dypdng: cpu=0%
2025/07/24 13:19:30|INFO    |884:(ThreadPoolExecutor-0_0)|net_collector_parser|ACTION_ID: 7cc91776-f29c-407b-8c03-19fbb7ce043a|Thread pmd: cpu=0%
2025/07/24 13:19:30|INFO    |884:(ThreadPoolExecutor-0_0)|net_collector_parser|ACTION_ID: 7cc91776-f29c-407b-8c03-19fbb7ce043a|Thread pyxd: cpu=0%
2025/07/24 13:19:30|INFO    |884:(ThreadPoolExecutor-0_0)|net_collector_parser|ACTION_ID: 7cc91776-f29c-407b-8c03-19fbb7ce043a|Thread sandboxd: cpu=0%
2025/07/24 13:19:30|INFO    |884:(ThreadPoolExecutor-0_0)|adaptive_policy|ACTION_ID: 7cc91776-f29c-407b-8c03-19fbb7ce043a|net_collector created output: None
2025/07/24 13:19:30|INFO    |884:(ThreadPoolExecutor-0_0)|adaptive_policy|ACTION_ID: 7cc91776-f29c-407b-8c03-19fbb7ce043a|Running parser: linux_auto_disable_on_write_parser
2025/07/24 13:19:30|INFO    |884:(ThreadPoolExecutor-0_0)|adaptive_policy_utils|ACTION_ID: 7cc91776-f29c-407b-8c03-19fbb7ce043a|Detected traps version: 8.8.0.133595
2025/07/24 13:19:30|INFO    |884:(ThreadPoolExecutor-0_0)|linux_auto_disable_on_write_parser|ACTION_ID: 7cc91776-f29c-407b-8c03-19fbb7ce043a|CPU is normal, waiting for next iteration.
2025/07/24 13:19:30|INFO    |884:(ThreadPoolExecutor-0_0)|adaptive_policy|ACTION_ID: 7cc91776-f29c-407b-8c03-19fbb7ce043a|linux_auto_disable_on_write_parser created output: None
2025/07/24 13:19:30|INFO    |884:(ThreadPoolExecutor-0_0)|adaptive_policy|ACTION_ID: 7cc91776-f29c-407b-8c03-19fbb7ce043a|{'apex': [], 'persistence': {'auto_disable_agent': {}, 'edr_archive_parser': {}, 'syslog_parser': {'last_scan': -2191304122.0}, 'net_collector': {}, 'linux_auto_disable_on_write_parser': {'trapsd_avg_cpu': 0.766065349412229}}, 'output_settings': '{\n"agentDisabledByAdaptivePolicy": false\n}', 'last_analysis': 1753373970}
2025/07/24 13:34:30|INFO    |884:(ThreadPoolExecutor-0_0)|adaptive_policy|ACTION_ID: 7cc91776-f29c-407b-8c03-19fbb7ce043a|Starting adaptive policy engine with kwargs: {}
2025/07/24 13:34:30|INFO    |884:(ThreadPoolExecutor-0_0)|adaptive_policy_utils|ACTION_ID: 7cc91776-f29c-407b-8c03-19fbb7ce043a|Detected traps version: 8.8.0.133595
2025/07/24 13:34:30|INFO    |884:(ThreadPoolExecutor-0_0)|adaptive_policy|ACTION_ID: 7cc91776-f29c-407b-8c03-19fbb7ce043a|{'adaptive_policy_interval': 900}
2025/07/24 13:34:30|INFO    |884:(ThreadPoolExecutor-0_0)|adaptive_policy|ACTION_ID: 7cc91776-f29c-407b-8c03-19fbb7ce043a|Set value of adaptive_policy_interval to 900
2025/07/24 13:34:30|INFO    |884:(ThreadPoolExecutor-0_0)|adaptive_policy|ACTION_ID: 7cc91776-f29c-407b-8c03-19fbb7ce043a|last analysis timestamp: Thursday, July 24, 2025 at 01:19:30 PM
2025/07/24 13:34:30|INFO    |884:(ThreadPoolExecutor-0_0)|adaptive_policy|ACTION_ID: 7cc91776-f29c-407b-8c03-19fbb7ce043a|High resolution mode: False
2025/07/24 13:34:30|INFO    |884:(ThreadPoolExecutor-0_0)|adaptive_policy|ACTION_ID: 7cc91776-f29c-407b-8c03-19fbb7ce043a|Time elapsed since the previous normal mode execution: 900 seconds
2025/07/24 13:34:30|INFO    |884:(ThreadPoolExecutor-0_0)|adaptive_policy|ACTION_ID: 7cc91776-f29c-407b-8c03-19fbb7ce043a|Adaptive policy normal operation mode interval: 900
2025/07/24 13:34:30|INFO    |884:(ThreadPoolExecutor-0_0)|adaptive_policy|ACTION_ID: 7cc91776-f29c-407b-8c03-19fbb7ce043a|Adaptive policy normal mode is: ENABLED
2025/07/24 13:34:30|INFO    |884:(ThreadPoolExecutor-0_0)|adaptive_policy|ACTION_ID: 7cc91776-f29c-407b-8c03-19fbb7ce043a|Adding normal operation mode parser
2025/07/24 13:34:30|INFO    |884:(ThreadPoolExecutor-0_0)|adaptive_policy|ACTION_ID: 7cc91776-f29c-407b-8c03-19fbb7ce043a|Found 1 statistics components to analyze
2025/07/24 13:34:30|INFO    |884:(ThreadPoolExecutor-0_0)|adaptive_policy|ACTION_ID: 7cc91776-f29c-407b-8c03-19fbb7ce043a|Running parser: auto_disable_agent
2025/07/24 13:34:30|INFO    |884:(ThreadPoolExecutor-0_0)|adaptive_policy_utils|ACTION_ID: 7cc91776-f29c-407b-8c03-19fbb7ce043a|Detected traps version: 8.8.0.133595
2025/07/24 13:34:30|INFO    |884:(ThreadPoolExecutor-0_0)|auto_disable_parser|ACTION_ID: 7cc91776-f29c-407b-8c03-19fbb7ce043a|Trapsd average CPU usage - normalized 0.8552654548835725
2025/07/24 13:34:30|INFO    |884:(ThreadPoolExecutor-0_0)|auto_disable_parser|ACTION_ID: 7cc91776-f29c-407b-8c03-19fbb7ce043a|Trapsd average CPU usage 0.8552654548835725
2025/07/24 13:34:30|INFO    |884:(ThreadPoolExecutor-0_0)|auto_disable_parser|ACTION_ID: 7cc91776-f29c-407b-8c03-19fbb7ce043a|Agent in normal state and CPU is normal, waiting for next iteration.
2025/07/24 13:34:30|INFO    |884:(ThreadPoolExecutor-0_0)|auto_disable_parser|ACTION_ID: 7cc91776-f29c-407b-8c03-19fbb7ce043a|trapsd private memory usage 237,727,744
2025/07/24 13:34:30|INFO    |884:(ThreadPoolExecutor-0_0)|auto_disable_parser|ACTION_ID: 7cc91776-f29c-407b-8c03-19fbb7ce043a|Agent in normal state and Memory is normal, waiting for next iteration.
2025/07/24 13:34:30|INFO    |884:(ThreadPoolExecutor-0_0)|adaptive_policy|ACTION_ID: 7cc91776-f29c-407b-8c03-19fbb7ce043a|auto_disable_agent created output: None
2025/07/24 13:34:30|INFO    |884:(ThreadPoolExecutor-0_0)|adaptive_policy|ACTION_ID: 7cc91776-f29c-407b-8c03-19fbb7ce043a|Running parser: edr_archive_parser
2025/07/24 13:34:30|INFO    |884:(ThreadPoolExecutor-0_0)|edr_archive_parser|ACTION_ID: 7cc91776-f29c-407b-8c03-19fbb7ce043a|EDR Archive size: 0.0mb
2025/07/24 13:34:30|INFO    |884:(ThreadPoolExecutor-0_0)|adaptive_policy|ACTION_ID: 7cc91776-f29c-407b-8c03-19fbb7ce043a|edr_archive_parser created output: None
2025/07/24 13:34:30|INFO    |884:(ThreadPoolExecutor-0_0)|adaptive_policy|ACTION_ID: 7cc91776-f29c-407b-8c03-19fbb7ce043a|Running parser: syslog_parser
2025/07/24 13:34:30|INFO    |884:(ThreadPoolExecutor-0_0)|adaptive_policy_utils|ACTION_ID: 7cc91776-f29c-407b-8c03-19fbb7ce043a|Detected traps version: 8.8.0.133595
2025/07/24 13:34:30|INFO    |884:(ThreadPoolExecutor-0_0)|syslog_parser|ACTION_ID: 7cc91776-f29c-407b-8c03-19fbb7ce043a|Injected processes list: ['wickedd-dhcp6', 'couriertcpd', 'pmmasterd', 'authproxy', 'lighttpd', 'tinyproxy', 'mailman', 'wickedd-dhcp4', 'chronyd', 'apache2', 'xinetd', 'named', 'dovecot', 'samba', 'proftpd', 'charon', 'smbd', 'qmgr', 'ndsd', 'ibserver', 'cupsd', 'nscd', 'java', 'httpd', 'nmbd', 'mysqld', 'cyrus_pop3d', 'kamailio', 'pop2d', 'exim', 'pop3d', 'saned', 'squid', 'apache', 'danted', 'mongod', 'vsftpd', 'smartd', 'mysqld_safe', 'starter', 'squid3']
2025/07/24 13:34:30|INFO    |884:(ThreadPoolExecutor-0_0)|syslog_parser|ACTION_ID: 7cc91776-f29c-407b-8c03-19fbb7ce043a|crash_counters: {'wickedd-dhcp6': 0, 'couriertcpd': 0, 'pmmasterd': 0, 'authproxy': 0, 'lighttpd': 0, 'tinyproxy': 0, 'mailman': 0, 'wickedd-dhcp4': 0, 'chronyd': 0, 'apache2': 0, 'xinetd': 0, 'named': 0, 'dovecot': 0, 'samba': 0, 'proftpd': 0, 'charon': 0, 'smbd': 0, 'qmgr': 0, 'ndsd': 0, 'ibserver': 0, 'cupsd': 0, 'nscd': 0, 'java': 0, 'httpd': 0, 'nmbd': 0, 'mysqld': 0, 'cyrus_pop3d': 0, 'kamailio': 0, 'pop2d': 0, 'exim': 0, 'pop3d': 0, 'saned': 0, 'squid': 0, 'apache': 0, 'danted': 0, 'mongod': 0, 'vsftpd': 0, 'smartd': 0, 'mysqld_safe': 0, 'starter': 0, 'squid3': 0}
2025/07/24 13:34:30|INFO    |884:(ThreadPoolExecutor-0_0)|syslog_parser|ACTION_ID: 7cc91776-f29c-407b-8c03-19fbb7ce043a|Dypd statistics are empty. Cannot retrieve injected processes stats
2025/07/24 13:34:30|INFO    |884:(ThreadPoolExecutor-0_0)|syslog_parser|ACTION_ID: 7cc91776-f29c-407b-8c03-19fbb7ce043a|Could not find any crash reports in statistics
2025/07/24 13:34:30|INFO    |884:(ThreadPoolExecutor-0_0)|syslog_parser|ACTION_ID: 7cc91776-f29c-407b-8c03-19fbb7ce043a|Using temporary journal file: /opt/traps/python/scripts/tmpxohfw6qi
2025/07/24 13:34:30|INFO    |884:(ThreadPoolExecutor-0_0)|syslog_parser|ACTION_ID: 7cc91776-f29c-407b-8c03-19fbb7ce043a|Log file: /opt/traps/python/scripts/tmpxohfw6qi detected.
2025/07/24 13:34:30|INFO    |884:(ThreadPoolExecutor-0_0)|syslog_parser|ACTION_ID: 7cc91776-f29c-407b-8c03-19fbb7ce043a|Syslog format RFC 3164 detected for line: Jul 24 11:37:04 linux-lab02 kernel: pci 0000:00:15.2:   bridge window [mem 0xe7200000-0xe72fffff 64bit pref]

2025/07/24 13:34:30|INFO    |884:(ThreadPoolExecutor-0_0)|syslog_parser|ACTION_ID: 7cc91776-f29c-407b-8c03-19fbb7ce043a|Start monitor /opt/traps/python/scripts/tmpxohfw6qi
2025/07/24 13:34:30|INFO    |884:(ThreadPoolExecutor-0_0)|syslog_parser|ACTION_ID: 7cc91776-f29c-407b-8c03-19fbb7ce043a|Stopping to read lines as iterator has maxed out
2025/07/24 13:34:30|INFO    |884:(ThreadPoolExecutor-0_0)|syslog_parser|ACTION_ID: 7cc91776-f29c-407b-8c03-19fbb7ce043a|saving last line date:: 24/07/1900 13:29:48
2025/07/24 13:34:30|INFO    |884:(ThreadPoolExecutor-0_0)|syslog_parser|ACTION_ID: 7cc91776-f29c-407b-8c03-19fbb7ce043a|24 lines scanned by parser
2025/07/24 13:34:30|INFO    |884:(ThreadPoolExecutor-0_0)|adaptive_policy|ACTION_ID: 7cc91776-f29c-407b-8c03-19fbb7ce043a|syslog_parser created output: None
2025/07/24 13:34:30|INFO    |884:(ThreadPoolExecutor-0_0)|adaptive_policy|ACTION_ID: 7cc91776-f29c-407b-8c03-19fbb7ce043a|Running parser: net_collector
2025/07/24 13:34:30|INFO    |884:(ThreadPoolExecutor-0_0)|net_collector_parser|ACTION_ID: 7cc91776-f29c-407b-8c03-19fbb7ce043a|NetCollector parser started
2025/07/24 13:34:30|INFO    |884:(ThreadPoolExecutor-0_0)|net_collector_parser|ACTION_ID: 7cc91776-f29c-407b-8c03-19fbb7ce043a|System: cpu=3.0% idle=97.0%
2025/07/24 13:34:30|INFO    |884:(ThreadPoolExecutor-0_0)|net_collector_parser|ACTION_ID: 7cc91776-f29c-407b-8c03-19fbb7ce043a|Thread CloudMetadata: cpu=0%
2025/07/24 13:34:30|INFO    |884:(ThreadPoolExecutor-0_0)|net_collector_parser|ACTION_ID: 7cc91776-f29c-407b-8c03-19fbb7ce043a|Thread InjectedProcesses: cpu=0%
2025/07/24 13:34:30|INFO    |884:(ThreadPoolExecutor-0_0)|net_collector_parser|ACTION_ID: 7cc91776-f29c-407b-8c03-19fbb7ce043a|Thread clad: cpu=0%
2025/07/24 13:34:30|INFO    |884:(ThreadPoolExecutor-0_0)|net_collector_parser|ACTION_ID: 7cc91776-f29c-407b-8c03-19fbb7ce043a|Thread dypdng: cpu=0%
2025/07/24 13:34:30|INFO    |884:(ThreadPoolExecutor-0_0)|net_collector_parser|ACTION_ID: 7cc91776-f29c-407b-8c03-19fbb7ce043a|Thread pmd: cpu=0%
2025/07/24 13:34:30|INFO    |884:(ThreadPoolExecutor-0_0)|net_collector_parser|ACTION_ID: 7cc91776-f29c-407b-8c03-19fbb7ce043a|Thread pyxd: cpu=0%
2025/07/24 13:34:30|INFO    |884:(ThreadPoolExecutor-0_0)|net_collector_parser|ACTION_ID: 7cc91776-f29c-407b-8c03-19fbb7ce043a|Thread sandboxd: cpu=0%
2025/07/24 13:34:30|INFO    |884:(ThreadPoolExecutor-0_0)|adaptive_policy|ACTION_ID: 7cc91776-f29c-407b-8c03-19fbb7ce043a|net_collector created output: None
2025/07/24 13:34:30|INFO    |884:(ThreadPoolExecutor-0_0)|adaptive_policy|ACTION_ID: 7cc91776-f29c-407b-8c03-19fbb7ce043a|Running parser: linux_auto_disable_on_write_parser
2025/07/24 13:34:30|INFO    |884:(ThreadPoolExecutor-0_0)|adaptive_policy_utils|ACTION_ID: 7cc91776-f29c-407b-8c03-19fbb7ce043a|Detected traps version: 8.8.0.133595
2025/07/24 13:34:30|INFO    |884:(ThreadPoolExecutor-0_0)|linux_auto_disable_on_write_parser|ACTION_ID: 7cc91776-f29c-407b-8c03-19fbb7ce043a|CPU is normal, waiting for next iteration.
2025/07/24 13:34:30|INFO    |884:(ThreadPoolExecutor-0_0)|adaptive_policy|ACTION_ID: 7cc91776-f29c-407b-8c03-19fbb7ce043a|linux_auto_disable_on_write_parser created output: None
2025/07/24 13:34:30|INFO    |884:(ThreadPoolExecutor-0_0)|adaptive_policy|ACTION_ID: 7cc91776-f29c-407b-8c03-19fbb7ce043a|{'apex': [], 'persistence': {'auto_disable_agent': {}, 'edr_archive_parser': {}, 'syslog_parser': {'last_scan': -2191303424.0}, 'net_collector': {}, 'linux_auto_disable_on_write_parser': {'trapsd_avg_cpu': 0.8552654548835725}}, 'output_settings': '{\n"agentDisabledByAdaptivePolicy": false\n}', 'last_analysis': 1753374870}
2025/07/24 13:49:30|INFO    |884:(ThreadPoolExecutor-0_0)|adaptive_policy|ACTION_ID: 7cc91776-f29c-407b-8c03-19fbb7ce043a|Starting adaptive policy engine with kwargs: {}
2025/07/24 13:49:30|INFO    |884:(ThreadPoolExecutor-0_0)|adaptive_policy_utils|ACTION_ID: 7cc91776-f29c-407b-8c03-19fbb7ce043a|Detected traps version: 8.8.0.133595
2025/07/24 13:49:30|INFO    |884:(ThreadPoolExecutor-0_0)|adaptive_policy|ACTION_ID: 7cc91776-f29c-407b-8c03-19fbb7ce043a|{'adaptive_policy_interval': 900}
2025/07/24 13:49:30|INFO    |884:(ThreadPoolExecutor-0_0)|adaptive_policy|ACTION_ID: 7cc91776-f29c-407b-8c03-19fbb7ce043a|Set value of adaptive_policy_interval to 900
2025/07/24 13:49:30|INFO    |884:(ThreadPoolExecutor-0_0)|adaptive_policy|ACTION_ID: 7cc91776-f29c-407b-8c03-19fbb7ce043a|last analysis timestamp: Thursday, July 24, 2025 at 01:34:30 PM
2025/07/24 13:49:30|INFO    |884:(ThreadPoolExecutor-0_0)|adaptive_policy|ACTION_ID: 7cc91776-f29c-407b-8c03-19fbb7ce043a|High resolution mode: False
2025/07/24 13:49:30|INFO    |884:(ThreadPoolExecutor-0_0)|adaptive_policy|ACTION_ID: 7cc91776-f29c-407b-8c03-19fbb7ce043a|Time elapsed since the previous normal mode execution: 900 seconds
2025/07/24 13:49:30|INFO    |884:(ThreadPoolExecutor-0_0)|adaptive_policy|ACTION_ID: 7cc91776-f29c-407b-8c03-19fbb7ce043a|Adaptive policy normal operation mode interval: 900
2025/07/24 13:49:30|INFO    |884:(ThreadPoolExecutor-0_0)|adaptive_policy|ACTION_ID: 7cc91776-f29c-407b-8c03-19fbb7ce043a|Adaptive policy normal mode is: ENABLED
2025/07/24 13:49:30|INFO    |884:(ThreadPoolExecutor-0_0)|adaptive_policy|ACTION_ID: 7cc91776-f29c-407b-8c03-19fbb7ce043a|Adding normal operation mode parser
2025/07/24 13:49:30|INFO    |884:(ThreadPoolExecutor-0_0)|adaptive_policy|ACTION_ID: 7cc91776-f29c-407b-8c03-19fbb7ce043a|Found 1 statistics components to analyze
2025/07/24 13:49:30|INFO    |884:(ThreadPoolExecutor-0_0)|adaptive_policy|ACTION_ID: 7cc91776-f29c-407b-8c03-19fbb7ce043a|Running parser: auto_disable_agent
2025/07/24 13:49:30|INFO    |884:(ThreadPoolExecutor-0_0)|adaptive_policy_utils|ACTION_ID: 7cc91776-f29c-407b-8c03-19fbb7ce043a|Detected traps version: 8.8.0.133595
2025/07/24 13:49:30|INFO    |884:(ThreadPoolExecutor-0_0)|auto_disable_parser|ACTION_ID: 7cc91776-f29c-407b-8c03-19fbb7ce043a|Trapsd average CPU usage - normalized 0.9585551762555375
2025/07/24 13:49:30|INFO    |884:(ThreadPoolExecutor-0_0)|auto_disable_parser|ACTION_ID: 7cc91776-f29c-407b-8c03-19fbb7ce043a|Trapsd average CPU usage 0.9585551762555375
2025/07/24 13:49:30|INFO    |884:(ThreadPoolExecutor-0_0)|auto_disable_parser|ACTION_ID: 7cc91776-f29c-407b-8c03-19fbb7ce043a|Agent in normal state and CPU is normal, waiting for next iteration.
2025/07/24 13:49:30|INFO    |884:(ThreadPoolExecutor-0_0)|auto_disable_parser|ACTION_ID: 7cc91776-f29c-407b-8c03-19fbb7ce043a|trapsd private memory usage 249,012,224
2025/07/24 13:49:30|INFO    |884:(ThreadPoolExecutor-0_0)|auto_disable_parser|ACTION_ID: 7cc91776-f29c-407b-8c03-19fbb7ce043a|Agent in normal state and Memory is normal, waiting for next iteration.
2025/07/24 13:49:30|INFO    |884:(ThreadPoolExecutor-0_0)|adaptive_policy|ACTION_ID: 7cc91776-f29c-407b-8c03-19fbb7ce043a|auto_disable_agent created output: None
2025/07/24 13:49:30|INFO    |884:(ThreadPoolExecutor-0_0)|adaptive_policy|ACTION_ID: 7cc91776-f29c-407b-8c03-19fbb7ce043a|Running parser: edr_archive_parser
2025/07/24 13:49:30|INFO    |884:(ThreadPoolExecutor-0_0)|edr_archive_parser|ACTION_ID: 7cc91776-f29c-407b-8c03-19fbb7ce043a|EDR Archive size: 0.0mb
2025/07/24 13:49:30|INFO    |884:(ThreadPoolExecutor-0_0)|adaptive_policy|ACTION_ID: 7cc91776-f29c-407b-8c03-19fbb7ce043a|edr_archive_parser created output: None
2025/07/24 13:49:30|INFO    |884:(ThreadPoolExecutor-0_0)|adaptive_policy|ACTION_ID: 7cc91776-f29c-407b-8c03-19fbb7ce043a|Running parser: syslog_parser
2025/07/24 13:49:30|INFO    |884:(ThreadPoolExecutor-0_0)|adaptive_policy_utils|ACTION_ID: 7cc91776-f29c-407b-8c03-19fbb7ce043a|Detected traps version: 8.8.0.133595
2025/07/24 13:49:30|INFO    |884:(ThreadPoolExecutor-0_0)|syslog_parser|ACTION_ID: 7cc91776-f29c-407b-8c03-19fbb7ce043a|Injected processes list: ['wickedd-dhcp6', 'couriertcpd', 'pmmasterd', 'authproxy', 'lighttpd', 'tinyproxy', 'mailman', 'wickedd-dhcp4', 'chronyd', 'apache2', 'xinetd', 'named', 'dovecot', 'samba', 'proftpd', 'charon', 'smbd', 'qmgr', 'ndsd', 'ibserver', 'cupsd', 'nscd', 'java', 'httpd', 'nmbd', 'mysqld', 'cyrus_pop3d', 'kamailio', 'pop2d', 'exim', 'pop3d', 'saned', 'squid', 'apache', 'danted', 'mongod', 'vsftpd', 'smartd', 'mysqld_safe', 'starter', 'squid3']
2025/07/24 13:49:30|INFO    |884:(ThreadPoolExecutor-0_0)|syslog_parser|ACTION_ID: 7cc91776-f29c-407b-8c03-19fbb7ce043a|crash_counters: {'wickedd-dhcp6': 0, 'couriertcpd': 0, 'pmmasterd': 0, 'authproxy': 0, 'lighttpd': 0, 'tinyproxy': 0, 'mailman': 0, 'wickedd-dhcp4': 0, 'chronyd': 0, 'apache2': 0, 'xinetd': 0, 'named': 0, 'dovecot': 0, 'samba': 0, 'proftpd': 0, 'charon': 0, 'smbd': 0, 'qmgr': 0, 'ndsd': 0, 'ibserver': 0, 'cupsd': 0, 'nscd': 0, 'java': 0, 'httpd': 0, 'nmbd': 0, 'mysqld': 0, 'cyrus_pop3d': 0, 'kamailio': 0, 'pop2d': 0, 'exim': 0, 'pop3d': 0, 'saned': 0, 'squid': 0, 'apache': 0, 'danted': 0, 'mongod': 0, 'vsftpd': 0, 'smartd': 0, 'mysqld_safe': 0, 'starter': 0, 'squid3': 0}
2025/07/24 13:49:30|INFO    |884:(ThreadPoolExecutor-0_0)|syslog_parser|ACTION_ID: 7cc91776-f29c-407b-8c03-19fbb7ce043a|Dypd statistics are empty. Cannot retrieve injected processes stats
2025/07/24 13:49:30|INFO    |884:(ThreadPoolExecutor-0_0)|syslog_parser|ACTION_ID: 7cc91776-f29c-407b-8c03-19fbb7ce043a|Could not find any crash reports in statistics
2025/07/24 13:49:30|INFO    |884:(ThreadPoolExecutor-0_0)|syslog_parser|ACTION_ID: 7cc91776-f29c-407b-8c03-19fbb7ce043a|Using temporary journal file: /opt/traps/python/scripts/tmp1ort5qde
2025/07/24 13:49:30|INFO    |884:(ThreadPoolExecutor-0_0)|syslog_parser|ACTION_ID: 7cc91776-f29c-407b-8c03-19fbb7ce043a|Log file: /opt/traps/python/scripts/tmp1ort5qde detected.
2025/07/24 13:49:30|INFO    |884:(ThreadPoolExecutor-0_0)|syslog_parser|ACTION_ID: 7cc91776-f29c-407b-8c03-19fbb7ce043a|Syslog format RFC 3164 detected for line: Jul 24 11:37:04 linux-lab02 kernel: pci 0000:00:16.3:   bridge window [mem 0xfc700000-0xfc7fffff]

2025/07/24 13:49:30|INFO    |884:(ThreadPoolExecutor-0_0)|syslog_parser|ACTION_ID: 7cc91776-f29c-407b-8c03-19fbb7ce043a|Start monitor /opt/traps/python/scripts/tmp1ort5qde
2025/07/24 13:49:30|INFO    |884:(ThreadPoolExecutor-0_0)|syslog_parser|ACTION_ID: 7cc91776-f29c-407b-8c03-19fbb7ce043a|Stopping to read lines as iterator has maxed out
2025/07/24 13:49:30|INFO    |884:(ThreadPoolExecutor-0_0)|syslog_parser|ACTION_ID: 7cc91776-f29c-407b-8c03-19fbb7ce043a|saving last line date:: 24/07/1900 13:43:44
2025/07/24 13:49:30|INFO    |884:(ThreadPoolExecutor-0_0)|syslog_parser|ACTION_ID: 7cc91776-f29c-407b-8c03-19fbb7ce043a|29 lines scanned by parser
2025/07/24 13:49:30|INFO    |884:(ThreadPoolExecutor-0_0)|adaptive_policy|ACTION_ID: 7cc91776-f29c-407b-8c03-19fbb7ce043a|syslog_parser created output: None
2025/07/24 13:49:30|INFO    |884:(ThreadPoolExecutor-0_0)|adaptive_policy|ACTION_ID: 7cc91776-f29c-407b-8c03-19fbb7ce043a|Running parser: net_collector
2025/07/24 13:49:30|INFO    |884:(ThreadPoolExecutor-0_0)|net_collector_parser|ACTION_ID: 7cc91776-f29c-407b-8c03-19fbb7ce043a|NetCollector parser started
2025/07/24 13:49:30|INFO    |884:(ThreadPoolExecutor-0_0)|net_collector_parser|ACTION_ID: 7cc91776-f29c-407b-8c03-19fbb7ce043a|System: cpu=8.0% idle=92.0%
2025/07/24 13:49:30|INFO    |884:(ThreadPoolExecutor-0_0)|net_collector_parser|ACTION_ID: 7cc91776-f29c-407b-8c03-19fbb7ce043a|Thread CloudMetadata: cpu=0%
2025/07/24 13:49:30|INFO    |884:(ThreadPoolExecutor-0_0)|net_collector_parser|ACTION_ID: 7cc91776-f29c-407b-8c03-19fbb7ce043a|Thread InjectedProcesses: cpu=0%
2025/07/24 13:49:30|INFO    |884:(ThreadPoolExecutor-0_0)|net_collector_parser|ACTION_ID: 7cc91776-f29c-407b-8c03-19fbb7ce043a|Thread clad: cpu=0%
2025/07/24 13:49:30|INFO    |884:(ThreadPoolExecutor-0_0)|net_collector_parser|ACTION_ID: 7cc91776-f29c-407b-8c03-19fbb7ce043a|Thread dypdng: cpu=0%
2025/07/24 13:49:30|INFO    |884:(ThreadPoolExecutor-0_0)|net_collector_parser|ACTION_ID: 7cc91776-f29c-407b-8c03-19fbb7ce043a|Thread pmd: cpu=0%
2025/07/24 13:49:30|INFO    |884:(ThreadPoolExecutor-0_0)|net_collector_parser|ACTION_ID: 7cc91776-f29c-407b-8c03-19fbb7ce043a|Thread pmd.SES: cpu=0%
2025/07/24 13:49:30|INFO    |884:(ThreadPoolExecutor-0_0)|net_collector_parser|ACTION_ID: 7cc91776-f29c-407b-8c03-19fbb7ce043a|Thread pyxd: cpu=0%
2025/07/24 13:49:30|INFO    |884:(ThreadPoolExecutor-0_0)|net_collector_parser|ACTION_ID: 7cc91776-f29c-407b-8c03-19fbb7ce043a|Thread sandboxd: cpu=0%
2025/07/24 13:49:30|INFO    |884:(ThreadPoolExecutor-0_0)|adaptive_policy|ACTION_ID: 7cc91776-f29c-407b-8c03-19fbb7ce043a|net_collector created output: None
2025/07/24 13:49:30|INFO    |884:(ThreadPoolExecutor-0_0)|adaptive_policy|ACTION_ID: 7cc91776-f29c-407b-8c03-19fbb7ce043a|Running parser: linux_auto_disable_on_write_parser
2025/07/24 13:49:30|INFO    |884:(ThreadPoolExecutor-0_0)|adaptive_policy_utils|ACTION_ID: 7cc91776-f29c-407b-8c03-19fbb7ce043a|Detected traps version: 8.8.0.133595
2025/07/24 13:49:30|INFO    |884:(ThreadPoolExecutor-0_0)|linux_auto_disable_on_write_parser|ACTION_ID: 7cc91776-f29c-407b-8c03-19fbb7ce043a|CPU is normal, waiting for next iteration.
2025/07/24 13:49:30|INFO    |884:(ThreadPoolExecutor-0_0)|adaptive_policy|ACTION_ID: 7cc91776-f29c-407b-8c03-19fbb7ce043a|linux_auto_disable_on_write_parser created output: None
2025/07/24 13:49:30|INFO    |884:(ThreadPoolExecutor-0_0)|adaptive_policy|ACTION_ID: 7cc91776-f29c-407b-8c03-19fbb7ce043a|{'apex': [], 'persistence': {'auto_disable_agent': {}, 'edr_archive_parser': {}, 'syslog_parser': {'last_scan': -2191302588.0}, 'net_collector': {}, 'linux_auto_disable_on_write_parser': {'trapsd_avg_cpu': 0.9585551762555375}}, 'output_settings': '{\n"agentDisabledByAdaptivePolicy": false\n}', 'last_analysis': 1753375770}
2025/07/24 14:04:30|INFO    |884:(ThreadPoolExecutor-0_0)|adaptive_policy|ACTION_ID: 7cc91776-f29c-407b-8c03-19fbb7ce043a|Starting adaptive policy engine with kwargs: {}
2025/07/24 14:04:30|INFO    |884:(ThreadPoolExecutor-0_0)|adaptive_policy_utils|ACTION_ID: 7cc91776-f29c-407b-8c03-19fbb7ce043a|Detected traps version: 8.8.0.133595
2025/07/24 14:04:30|INFO    |884:(ThreadPoolExecutor-0_0)|adaptive_policy|ACTION_ID: 7cc91776-f29c-407b-8c03-19fbb7ce043a|{'adaptive_policy_interval': 900}
2025/07/24 14:04:30|INFO    |884:(ThreadPoolExecutor-0_0)|adaptive_policy|ACTION_ID: 7cc91776-f29c-407b-8c03-19fbb7ce043a|Set value of adaptive_policy_interval to 900
2025/07/24 14:04:30|INFO    |884:(ThreadPoolExecutor-0_0)|adaptive_policy|ACTION_ID: 7cc91776-f29c-407b-8c03-19fbb7ce043a|last analysis timestamp: Thursday, July 24, 2025 at 01:49:30 PM
2025/07/24 14:04:30|INFO    |884:(ThreadPoolExecutor-0_0)|adaptive_policy|ACTION_ID: 7cc91776-f29c-407b-8c03-19fbb7ce043a|High resolution mode: False
2025/07/24 14:04:30|INFO    |884:(ThreadPoolExecutor-0_0)|adaptive_policy|ACTION_ID: 7cc91776-f29c-407b-8c03-19fbb7ce043a|Time elapsed since the previous normal mode execution: 900 seconds
2025/07/24 14:04:30|INFO    |884:(ThreadPoolExecutor-0_0)|adaptive_policy|ACTION_ID: 7cc91776-f29c-407b-8c03-19fbb7ce043a|Adaptive policy normal operation mode interval: 900
2025/07/24 14:04:30|INFO    |884:(ThreadPoolExecutor-0_0)|adaptive_policy|ACTION_ID: 7cc91776-f29c-407b-8c03-19fbb7ce043a|Adaptive policy normal mode is: ENABLED
2025/07/24 14:04:30|INFO    |884:(ThreadPoolExecutor-0_0)|adaptive_policy|ACTION_ID: 7cc91776-f29c-407b-8c03-19fbb7ce043a|Adding normal operation mode parser
2025/07/24 14:04:30|INFO    |884:(ThreadPoolExecutor-0_0)|adaptive_policy|ACTION_ID: 7cc91776-f29c-407b-8c03-19fbb7ce043a|Found 1 statistics components to analyze
2025/07/24 14:04:30|INFO    |884:(ThreadPoolExecutor-0_0)|adaptive_policy|ACTION_ID: 7cc91776-f29c-407b-8c03-19fbb7ce043a|Running parser: auto_disable_agent
2025/07/24 14:04:30|INFO    |884:(ThreadPoolExecutor-0_0)|adaptive_policy_utils|ACTION_ID: 7cc91776-f29c-407b-8c03-19fbb7ce043a|Detected traps version: 8.8.0.133595
2025/07/24 14:04:30|INFO    |884:(ThreadPoolExecutor-0_0)|auto_disable_parser|ACTION_ID: 7cc91776-f29c-407b-8c03-19fbb7ce043a|Trapsd average CPU usage - normalized 0.4256102443330482
2025/07/24 14:04:30|INFO    |884:(ThreadPoolExecutor-0_0)|auto_disable_parser|ACTION_ID: 7cc91776-f29c-407b-8c03-19fbb7ce043a|Trapsd average CPU usage 0.4256102443330482
2025/07/24 14:04:30|INFO    |884:(ThreadPoolExecutor-0_0)|auto_disable_parser|ACTION_ID: 7cc91776-f29c-407b-8c03-19fbb7ce043a|Agent in normal state and CPU is normal, waiting for next iteration.
2025/07/24 14:04:30|INFO    |884:(ThreadPoolExecutor-0_0)|auto_disable_parser|ACTION_ID: 7cc91776-f29c-407b-8c03-19fbb7ce043a|trapsd private memory usage 242,503,680
2025/07/24 14:04:30|INFO    |884:(ThreadPoolExecutor-0_0)|auto_disable_parser|ACTION_ID: 7cc91776-f29c-407b-8c03-19fbb7ce043a|Agent in normal state and Memory is normal, waiting for next iteration.
2025/07/24 14:04:30|INFO    |884:(ThreadPoolExecutor-0_0)|adaptive_policy|ACTION_ID: 7cc91776-f29c-407b-8c03-19fbb7ce043a|auto_disable_agent created output: None
2025/07/24 14:04:30|INFO    |884:(ThreadPoolExecutor-0_0)|adaptive_policy|ACTION_ID: 7cc91776-f29c-407b-8c03-19fbb7ce043a|Running parser: edr_archive_parser
2025/07/24 14:04:30|INFO    |884:(ThreadPoolExecutor-0_0)|edr_archive_parser|ACTION_ID: 7cc91776-f29c-407b-8c03-19fbb7ce043a|EDR Archive size: 0.0mb
2025/07/24 14:04:30|INFO    |884:(ThreadPoolExecutor-0_0)|adaptive_policy|ACTION_ID: 7cc91776-f29c-407b-8c03-19fbb7ce043a|edr_archive_parser created output: None
2025/07/24 14:04:30|INFO    |884:(ThreadPoolExecutor-0_0)|adaptive_policy|ACTION_ID: 7cc91776-f29c-407b-8c03-19fbb7ce043a|Running parser: syslog_parser
2025/07/24 14:04:30|INFO    |884:(ThreadPoolExecutor-0_0)|adaptive_policy_utils|ACTION_ID: 7cc91776-f29c-407b-8c03-19fbb7ce043a|Detected traps version: 8.8.0.133595
2025/07/24 14:04:30|INFO    |884:(ThreadPoolExecutor-0_0)|syslog_parser|ACTION_ID: 7cc91776-f29c-407b-8c03-19fbb7ce043a|Injected processes list: ['wickedd-dhcp6', 'couriertcpd', 'pmmasterd', 'authproxy', 'lighttpd', 'tinyproxy', 'mailman', 'wickedd-dhcp4', 'chronyd', 'apache2', 'xinetd', 'named', 'dovecot', 'samba', 'proftpd', 'charon', 'smbd', 'qmgr', 'ndsd', 'ibserver', 'cupsd', 'nscd', 'java', 'httpd', 'nmbd', 'mysqld', 'cyrus_pop3d', 'kamailio', 'pop2d', 'exim', 'pop3d', 'saned', 'squid', 'apache', 'danted', 'mongod', 'vsftpd', 'smartd', 'mysqld_safe', 'starter', 'squid3']
2025/07/24 14:04:30|INFO    |884:(ThreadPoolExecutor-0_0)|syslog_parser|ACTION_ID: 7cc91776-f29c-407b-8c03-19fbb7ce043a|crash_counters: {'wickedd-dhcp6': 0, 'couriertcpd': 0, 'pmmasterd': 0, 'authproxy': 0, 'lighttpd': 0, 'tinyproxy': 0, 'mailman': 0, 'wickedd-dhcp4': 0, 'chronyd': 0, 'apache2': 0, 'xinetd': 0, 'named': 0, 'dovecot': 0, 'samba': 0, 'proftpd': 0, 'charon': 0, 'smbd': 0, 'qmgr': 0, 'ndsd': 0, 'ibserver': 0, 'cupsd': 0, 'nscd': 0, 'java': 0, 'httpd': 0, 'nmbd': 0, 'mysqld': 0, 'cyrus_pop3d': 0, 'kamailio': 0, 'pop2d': 0, 'exim': 0, 'pop3d': 0, 'saned': 0, 'squid': 0, 'apache': 0, 'danted': 0, 'mongod': 0, 'vsftpd': 0, 'smartd': 0, 'mysqld_safe': 0, 'starter': 0, 'squid3': 0}
2025/07/24 14:04:30|INFO    |884:(ThreadPoolExecutor-0_0)|syslog_parser|ACTION_ID: 7cc91776-f29c-407b-8c03-19fbb7ce043a|Dypd statistics are empty. Cannot retrieve injected processes stats
2025/07/24 14:04:30|INFO    |884:(ThreadPoolExecutor-0_0)|syslog_parser|ACTION_ID: 7cc91776-f29c-407b-8c03-19fbb7ce043a|Could not find any crash reports in statistics
2025/07/24 14:04:30|INFO    |884:(ThreadPoolExecutor-0_0)|syslog_parser|ACTION_ID: 7cc91776-f29c-407b-8c03-19fbb7ce043a|Using temporary journal file: /opt/traps/python/scripts/tmpp2_i7hk7
2025/07/24 14:04:30|INFO    |884:(ThreadPoolExecutor-0_0)|syslog_parser|ACTION_ID: 7cc91776-f29c-407b-8c03-19fbb7ce043a|Log file: /opt/traps/python/scripts/tmpp2_i7hk7 detected.
2025/07/24 14:04:30|INFO    |884:(ThreadPoolExecutor-0_0)|syslog_parser|ACTION_ID: 7cc91776-f29c-407b-8c03-19fbb7ce043a|Syslog format RFC 3164 detected for line: Jul 24 11:37:04 linux-lab02 kernel: pci 0000:00:16.7:   bridge window [mem 0xe5d00000-0xe5dfffff 64bit pref]

2025/07/24 14:04:30|INFO    |884:(ThreadPoolExecutor-0_0)|syslog_parser|ACTION_ID: 7cc91776-f29c-407b-8c03-19fbb7ce043a|Start monitor /opt/traps/python/scripts/tmpp2_i7hk7
2025/07/24 14:04:30|INFO    |884:(ThreadPoolExecutor-0_0)|syslog_parser|ACTION_ID: 7cc91776-f29c-407b-8c03-19fbb7ce043a|Stopping to read lines as iterator has maxed out
2025/07/24 14:04:30|INFO    |884:(ThreadPoolExecutor-0_0)|syslog_parser|ACTION_ID: 7cc91776-f29c-407b-8c03-19fbb7ce043a|saving last line date:: 24/07/1900 13:56:20
2025/07/24 14:04:30|INFO    |884:(ThreadPoolExecutor-0_0)|syslog_parser|ACTION_ID: 7cc91776-f29c-407b-8c03-19fbb7ce043a|13 lines scanned by parser
2025/07/24 14:04:30|INFO    |884:(ThreadPoolExecutor-0_0)|adaptive_policy|ACTION_ID: 7cc91776-f29c-407b-8c03-19fbb7ce043a|syslog_parser created output: None
2025/07/24 14:04:30|INFO    |884:(ThreadPoolExecutor-0_0)|adaptive_policy|ACTION_ID: 7cc91776-f29c-407b-8c03-19fbb7ce043a|Running parser: net_collector
2025/07/24 14:04:30|INFO    |884:(ThreadPoolExecutor-0_0)|net_collector_parser|ACTION_ID: 7cc91776-f29c-407b-8c03-19fbb7ce043a|NetCollector parser started
2025/07/24 14:04:30|INFO    |884:(ThreadPoolExecutor-0_0)|net_collector_parser|ACTION_ID: 7cc91776-f29c-407b-8c03-19fbb7ce043a|System: cpu=3.0% idle=97.0%
2025/07/24 14:04:30|INFO    |884:(ThreadPoolExecutor-0_0)|net_collector_parser|ACTION_ID: 7cc91776-f29c-407b-8c03-19fbb7ce043a|Thread CloudMetadata: cpu=0%
2025/07/24 14:04:30|INFO    |884:(ThreadPoolExecutor-0_0)|net_collector_parser|ACTION_ID: 7cc91776-f29c-407b-8c03-19fbb7ce043a|Thread InjectedProcesses: cpu=0%
2025/07/24 14:04:30|INFO    |884:(ThreadPoolExecutor-0_0)|net_collector_parser|ACTION_ID: 7cc91776-f29c-407b-8c03-19fbb7ce043a|Thread clad: cpu=0%
2025/07/24 14:04:30|INFO    |884:(ThreadPoolExecutor-0_0)|net_collector_parser|ACTION_ID: 7cc91776-f29c-407b-8c03-19fbb7ce043a|Thread dypdng: cpu=0%
2025/07/24 14:04:30|INFO    |884:(ThreadPoolExecutor-0_0)|net_collector_parser|ACTION_ID: 7cc91776-f29c-407b-8c03-19fbb7ce043a|Thread pmd: cpu=0%
2025/07/24 14:04:30|INFO    |884:(ThreadPoolExecutor-0_0)|net_collector_parser|ACTION_ID: 7cc91776-f29c-407b-8c03-19fbb7ce043a|Thread pyxd: cpu=0%
2025/07/24 14:04:30|INFO    |884:(ThreadPoolExecutor-0_0)|net_collector_parser|ACTION_ID: 7cc91776-f29c-407b-8c03-19fbb7ce043a|Thread sandboxd: cpu=0%
2025/07/24 14:04:30|INFO    |884:(ThreadPoolExecutor-0_0)|adaptive_policy|ACTION_ID: 7cc91776-f29c-407b-8c03-19fbb7ce043a|net_collector created output: None
2025/07/24 14:04:30|INFO    |884:(ThreadPoolExecutor-0_0)|adaptive_policy|ACTION_ID: 7cc91776-f29c-407b-8c03-19fbb7ce043a|Running parser: linux_auto_disable_on_write_parser
2025/07/24 14:04:30|INFO    |884:(ThreadPoolExecutor-0_0)|adaptive_policy_utils|ACTION_ID: 7cc91776-f29c-407b-8c03-19fbb7ce043a|Detected traps version: 8.8.0.133595
2025/07/24 14:04:30|INFO    |884:(ThreadPoolExecutor-0_0)|linux_auto_disable_on_write_parser|ACTION_ID: 7cc91776-f29c-407b-8c03-19fbb7ce043a|CPU is normal, waiting for next iteration.
2025/07/24 14:04:30|INFO    |884:(ThreadPoolExecutor-0_0)|adaptive_policy|ACTION_ID: 7cc91776-f29c-407b-8c03-19fbb7ce043a|linux_auto_disable_on_write_parser created output: None
2025/07/24 14:04:30|INFO    |884:(ThreadPoolExecutor-0_0)|adaptive_policy|ACTION_ID: 7cc91776-f29c-407b-8c03-19fbb7ce043a|{'apex': [], 'persistence': {'auto_disable_agent': {}, 'edr_archive_parser': {}, 'syslog_parser': {'last_scan': -2191301832.0}, 'net_collector': {}, 'linux_auto_disable_on_write_parser': {'trapsd_avg_cpu': 0.4256102443330482}}, 'output_settings': '{\n"agentDisabledByAdaptivePolicy": false\n}', 'last_analysis': 1753376670}
2025/07/24 14:19:31|INFO    |884:(ThreadPoolExecutor-0_0)|adaptive_policy|ACTION_ID: 7cc91776-f29c-407b-8c03-19fbb7ce043a|Starting adaptive policy engine with kwargs: {}
2025/07/24 14:19:31|INFO    |884:(ThreadPoolExecutor-0_0)|adaptive_policy_utils|ACTION_ID: 7cc91776-f29c-407b-8c03-19fbb7ce043a|Detected traps version: 8.8.0.133595
2025/07/24 14:19:31|INFO    |884:(ThreadPoolExecutor-0_0)|adaptive_policy|ACTION_ID: 7cc91776-f29c-407b-8c03-19fbb7ce043a|{'adaptive_policy_interval': 900}
2025/07/24 14:19:31|INFO    |884:(ThreadPoolExecutor-0_0)|adaptive_policy|ACTION_ID: 7cc91776-f29c-407b-8c03-19fbb7ce043a|Set value of adaptive_policy_interval to 900
2025/07/24 14:19:31|INFO    |884:(ThreadPoolExecutor-0_0)|adaptive_policy|ACTION_ID: 7cc91776-f29c-407b-8c03-19fbb7ce043a|last analysis timestamp: Thursday, July 24, 2025 at 02:04:30 PM
2025/07/24 14:19:31|INFO    |884:(ThreadPoolExecutor-0_0)|adaptive_policy|ACTION_ID: 7cc91776-f29c-407b-8c03-19fbb7ce043a|High resolution mode: False
2025/07/24 14:19:31|INFO    |884:(ThreadPoolExecutor-0_0)|adaptive_policy|ACTION_ID: 7cc91776-f29c-407b-8c03-19fbb7ce043a|Time elapsed since the previous normal mode execution: 901 seconds
2025/07/24 14:19:31|INFO    |884:(ThreadPoolExecutor-0_0)|adaptive_policy|ACTION_ID: 7cc91776-f29c-407b-8c03-19fbb7ce043a|Adaptive policy normal operation mode interval: 900
2025/07/24 14:19:31|INFO    |884:(ThreadPoolExecutor-0_0)|adaptive_policy|ACTION_ID: 7cc91776-f29c-407b-8c03-19fbb7ce043a|Adaptive policy normal mode is: ENABLED
2025/07/24 14:19:31|INFO    |884:(ThreadPoolExecutor-0_0)|adaptive_policy|ACTION_ID: 7cc91776-f29c-407b-8c03-19fbb7ce043a|Adding normal operation mode parser
2025/07/24 14:19:31|INFO    |884:(ThreadPoolExecutor-0_0)|adaptive_policy|ACTION_ID: 7cc91776-f29c-407b-8c03-19fbb7ce043a|Found 1 statistics components to analyze
2025/07/24 14:19:31|INFO    |884:(ThreadPoolExecutor-0_0)|adaptive_policy|ACTION_ID: 7cc91776-f29c-407b-8c03-19fbb7ce043a|Running parser: auto_disable_agent
2025/07/24 14:19:31|INFO    |884:(ThreadPoolExecutor-0_0)|adaptive_policy_utils|ACTION_ID: 7cc91776-f29c-407b-8c03-19fbb7ce043a|Detected traps version: 8.8.0.133595
2025/07/24 14:19:31|INFO    |884:(ThreadPoolExecutor-0_0)|auto_disable_parser|ACTION_ID: 7cc91776-f29c-407b-8c03-19fbb7ce043a|Trapsd average CPU usage - normalized 0.39901736827735484
2025/07/24 14:19:31|INFO    |884:(ThreadPoolExecutor-0_0)|auto_disable_parser|ACTION_ID: 7cc91776-f29c-407b-8c03-19fbb7ce043a|Trapsd average CPU usage 0.39901736827735484
2025/07/24 14:19:31|INFO    |884:(ThreadPoolExecutor-0_0)|auto_disable_parser|ACTION_ID: 7cc91776-f29c-407b-8c03-19fbb7ce043a|Agent in normal state and CPU is normal, waiting for next iteration.
2025/07/24 14:19:31|INFO    |884:(ThreadPoolExecutor-0_0)|auto_disable_parser|ACTION_ID: 7cc91776-f29c-407b-8c03-19fbb7ce043a|trapsd private memory usage 245,817,344
2025/07/24 14:19:31|INFO    |884:(ThreadPoolExecutor-0_0)|auto_disable_parser|ACTION_ID: 7cc91776-f29c-407b-8c03-19fbb7ce043a|Agent in normal state and Memory is normal, waiting for next iteration.
2025/07/24 14:19:31|INFO    |884:(ThreadPoolExecutor-0_0)|adaptive_policy|ACTION_ID: 7cc91776-f29c-407b-8c03-19fbb7ce043a|auto_disable_agent created output: None
2025/07/24 14:19:31|INFO    |884:(ThreadPoolExecutor-0_0)|adaptive_policy|ACTION_ID: 7cc91776-f29c-407b-8c03-19fbb7ce043a|Running parser: edr_archive_parser
2025/07/24 14:19:31|INFO    |884:(ThreadPoolExecutor-0_0)|edr_archive_parser|ACTION_ID: 7cc91776-f29c-407b-8c03-19fbb7ce043a|EDR Archive size: 0.0mb
2025/07/24 14:19:31|INFO    |884:(ThreadPoolExecutor-0_0)|adaptive_policy|ACTION_ID: 7cc91776-f29c-407b-8c03-19fbb7ce043a|edr_archive_parser created output: None
2025/07/24 14:19:31|INFO    |884:(ThreadPoolExecutor-0_0)|adaptive_policy|ACTION_ID: 7cc91776-f29c-407b-8c03-19fbb7ce043a|Running parser: syslog_parser
2025/07/24 14:19:31|INFO    |884:(ThreadPoolExecutor-0_0)|adaptive_policy_utils|ACTION_ID: 7cc91776-f29c-407b-8c03-19fbb7ce043a|Detected traps version: 8.8.0.133595
2025/07/24 14:19:31|INFO    |884:(ThreadPoolExecutor-0_0)|syslog_parser|ACTION_ID: 7cc91776-f29c-407b-8c03-19fbb7ce043a|Injected processes list: ['wickedd-dhcp6', 'couriertcpd', 'pmmasterd', 'authproxy', 'lighttpd', 'tinyproxy', 'mailman', 'wickedd-dhcp4', 'chronyd', 'apache2', 'xinetd', 'named', 'dovecot', 'samba', 'proftpd', 'charon', 'smbd', 'qmgr', 'ndsd', 'ibserver', 'cupsd', 'nscd', 'java', 'httpd', 'nmbd', 'mysqld', 'cyrus_pop3d', 'kamailio', 'pop2d', 'exim', 'pop3d', 'saned', 'squid', 'apache', 'danted', 'mongod', 'vsftpd', 'smartd', 'mysqld_safe', 'starter', 'squid3']
2025/07/24 14:19:31|INFO    |884:(ThreadPoolExecutor-0_0)|syslog_parser|ACTION_ID: 7cc91776-f29c-407b-8c03-19fbb7ce043a|crash_counters: {'wickedd-dhcp6': 0, 'couriertcpd': 0, 'pmmasterd': 0, 'authproxy': 0, 'lighttpd': 0, 'tinyproxy': 0, 'mailman': 0, 'wickedd-dhcp4': 0, 'chronyd': 0, 'apache2': 0, 'xinetd': 0, 'named': 0, 'dovecot': 0, 'samba': 0, 'proftpd': 0, 'charon': 0, 'smbd': 0, 'qmgr': 0, 'ndsd': 0, 'ibserver': 0, 'cupsd': 0, 'nscd': 0, 'java': 0, 'httpd': 0, 'nmbd': 0, 'mysqld': 0, 'cyrus_pop3d': 0, 'kamailio': 0, 'pop2d': 0, 'exim': 0, 'pop3d': 0, 'saned': 0, 'squid': 0, 'apache': 0, 'danted': 0, 'mongod': 0, 'vsftpd': 0, 'smartd': 0, 'mysqld_safe': 0, 'starter': 0, 'squid3': 0}
2025/07/24 14:19:31|INFO    |884:(ThreadPoolExecutor-0_0)|syslog_parser|ACTION_ID: 7cc91776-f29c-407b-8c03-19fbb7ce043a|Dypd statistics are empty. Cannot retrieve injected processes stats
2025/07/24 14:19:31|INFO    |884:(ThreadPoolExecutor-0_0)|syslog_parser|ACTION_ID: 7cc91776-f29c-407b-8c03-19fbb7ce043a|Could not find any crash reports in statistics
2025/07/24 14:19:31|INFO    |884:(ThreadPoolExecutor-0_0)|syslog_parser|ACTION_ID: 7cc91776-f29c-407b-8c03-19fbb7ce043a|Using temporary journal file: /opt/traps/python/scripts/tmp4nxrwvt7
2025/07/24 14:19:31|INFO    |884:(ThreadPoolExecutor-0_0)|syslog_parser|ACTION_ID: 7cc91776-f29c-407b-8c03-19fbb7ce043a|Log file: /opt/traps/python/scripts/tmp4nxrwvt7 detected.
2025/07/24 14:19:31|INFO    |884:(ThreadPoolExecutor-0_0)|syslog_parser|ACTION_ID: 7cc91776-f29c-407b-8c03-19fbb7ce043a|Syslog format RFC 3164 detected for line: Jul 24 11:37:04 linux-lab02 kernel: pci 0000:00:17.7: PCI bridge to [bus 1a]

2025/07/24 14:19:31|INFO    |884:(ThreadPoolExecutor-0_0)|syslog_parser|ACTION_ID: 7cc91776-f29c-407b-8c03-19fbb7ce043a|Start monitor /opt/traps/python/scripts/tmp4nxrwvt7
2025/07/24 14:19:31|INFO    |884:(ThreadPoolExecutor-0_0)|syslog_parser|ACTION_ID: 7cc91776-f29c-407b-8c03-19fbb7ce043a|Stopping to read lines as iterator has maxed out
2025/07/24 14:19:31|INFO    |884:(ThreadPoolExecutor-0_0)|syslog_parser|ACTION_ID: 7cc91776-f29c-407b-8c03-19fbb7ce043a|saving last line date:: 24/07/1900 14:17:01
2025/07/24 14:19:31|INFO    |884:(ThreadPoolExecutor-0_0)|syslog_parser|ACTION_ID: 7cc91776-f29c-407b-8c03-19fbb7ce043a|25 lines scanned by parser
2025/07/24 14:19:31|INFO    |884:(ThreadPoolExecutor-0_0)|adaptive_policy|ACTION_ID: 7cc91776-f29c-407b-8c03-19fbb7ce043a|syslog_parser created output: None
2025/07/24 14:19:31|INFO    |884:(ThreadPoolExecutor-0_0)|adaptive_policy|ACTION_ID: 7cc91776-f29c-407b-8c03-19fbb7ce043a|Running parser: net_collector
2025/07/24 14:19:31|INFO    |884:(ThreadPoolExecutor-0_0)|net_collector_parser|ACTION_ID: 7cc91776-f29c-407b-8c03-19fbb7ce043a|NetCollector parser started
2025/07/24 14:19:31|INFO    |884:(ThreadPoolExecutor-0_0)|net_collector_parser|ACTION_ID: 7cc91776-f29c-407b-8c03-19fbb7ce043a|System: cpu=5.0% idle=95.0%
2025/07/24 14:19:31|INFO    |884:(ThreadPoolExecutor-0_0)|net_collector_parser|ACTION_ID: 7cc91776-f29c-407b-8c03-19fbb7ce043a|Thread CloudMetadata: cpu=0%
2025/07/24 14:19:31|INFO    |884:(ThreadPoolExecutor-0_0)|net_collector_parser|ACTION_ID: 7cc91776-f29c-407b-8c03-19fbb7ce043a|Thread InjectedProcesses: cpu=0%
2025/07/24 14:19:31|INFO    |884:(ThreadPoolExecutor-0_0)|net_collector_parser|ACTION_ID: 7cc91776-f29c-407b-8c03-19fbb7ce043a|Thread clad: cpu=0%
2025/07/24 14:19:31|INFO    |884:(ThreadPoolExecutor-0_0)|net_collector_parser|ACTION_ID: 7cc91776-f29c-407b-8c03-19fbb7ce043a|Thread dypdng: cpu=0%
2025/07/24 14:19:31|INFO    |884:(ThreadPoolExecutor-0_0)|net_collector_parser|ACTION_ID: 7cc91776-f29c-407b-8c03-19fbb7ce043a|Thread pmd: cpu=0%
2025/07/24 14:19:31|INFO    |884:(ThreadPoolExecutor-0_0)|net_collector_parser|ACTION_ID: 7cc91776-f29c-407b-8c03-19fbb7ce043a|Thread pyxd: cpu=0%
2025/07/24 14:19:31|INFO    |884:(ThreadPoolExecutor-0_0)|net_collector_parser|ACTION_ID: 7cc91776-f29c-407b-8c03-19fbb7ce043a|Thread sandboxd: cpu=0%
2025/07/24 14:19:31|INFO    |884:(ThreadPoolExecutor-0_0)|adaptive_policy|ACTION_ID: 7cc91776-f29c-407b-8c03-19fbb7ce043a|net_collector created output: None
2025/07/24 14:19:31|INFO    |884:(ThreadPoolExecutor-0_0)|adaptive_policy|ACTION_ID: 7cc91776-f29c-407b-8c03-19fbb7ce043a|Running parser: linux_auto_disable_on_write_parser
2025/07/24 14:19:31|INFO    |884:(ThreadPoolExecutor-0_0)|adaptive_policy_utils|ACTION_ID: 7cc91776-f29c-407b-8c03-19fbb7ce043a|Detected traps version: 8.8.0.133595
2025/07/24 14:19:31|INFO    |884:(ThreadPoolExecutor-0_0)|linux_auto_disable_on_write_parser|ACTION_ID: 7cc91776-f29c-407b-8c03-19fbb7ce043a|CPU is normal, waiting for next iteration.
2025/07/24 14:19:31|INFO    |884:(ThreadPoolExecutor-0_0)|adaptive_policy|ACTION_ID: 7cc91776-f29c-407b-8c03-19fbb7ce043a|linux_auto_disable_on_write_parser created output: None
2025/07/24 14:19:31|INFO    |884:(ThreadPoolExecutor-0_0)|adaptive_policy|ACTION_ID: 7cc91776-f29c-407b-8c03-19fbb7ce043a|{'apex': [], 'persistence': {'auto_disable_agent': {}, 'edr_archive_parser': {}, 'syslog_parser': {'last_scan': -2191300591.0}, 'net_collector': {}, 'linux_auto_disable_on_write_parser': {'trapsd_avg_cpu': 0.39901736827735484}}, 'output_settings': '{\n"agentDisabledByAdaptivePolicy": false\n}', 'last_analysis': 1753377571}
2025/07/24 14:34:32|INFO    |884:(ThreadPoolExecutor-0_0)|adaptive_policy|ACTION_ID: 7cc91776-f29c-407b-8c03-19fbb7ce043a|Starting adaptive policy engine with kwargs: {}
2025/07/24 14:34:32|INFO    |884:(ThreadPoolExecutor-0_0)|adaptive_policy_utils|ACTION_ID: 7cc91776-f29c-407b-8c03-19fbb7ce043a|Detected traps version: 8.8.0.133595
2025/07/24 14:34:32|INFO    |884:(ThreadPoolExecutor-0_0)|adaptive_policy|ACTION_ID: 7cc91776-f29c-407b-8c03-19fbb7ce043a|{'adaptive_policy_interval': 900}
2025/07/24 14:34:32|INFO    |884:(ThreadPoolExecutor-0_0)|adaptive_policy|ACTION_ID: 7cc91776-f29c-407b-8c03-19fbb7ce043a|Set value of adaptive_policy_interval to 900
2025/07/24 14:34:32|INFO    |884:(ThreadPoolExecutor-0_0)|adaptive_policy|ACTION_ID: 7cc91776-f29c-407b-8c03-19fbb7ce043a|last analysis timestamp: Thursday, July 24, 2025 at 02:19:31 PM
2025/07/24 14:34:32|INFO    |884:(ThreadPoolExecutor-0_0)|adaptive_policy|ACTION_ID: 7cc91776-f29c-407b-8c03-19fbb7ce043a|High resolution mode: False
2025/07/24 14:34:32|INFO    |884:(ThreadPoolExecutor-0_0)|adaptive_policy|ACTION_ID: 7cc91776-f29c-407b-8c03-19fbb7ce043a|Time elapsed since the previous normal mode execution: 901 seconds
2025/07/24 14:34:32|INFO    |884:(ThreadPoolExecutor-0_0)|adaptive_policy|ACTION_ID: 7cc91776-f29c-407b-8c03-19fbb7ce043a|Adaptive policy normal operation mode interval: 900
2025/07/24 14:34:32|INFO    |884:(ThreadPoolExecutor-0_0)|adaptive_policy|ACTION_ID: 7cc91776-f29c-407b-8c03-19fbb7ce043a|Adaptive policy normal mode is: ENABLED
2025/07/24 14:34:32|INFO    |884:(ThreadPoolExecutor-0_0)|adaptive_policy|ACTION_ID: 7cc91776-f29c-407b-8c03-19fbb7ce043a|Adding normal operation mode parser
2025/07/24 14:34:32|INFO    |884:(ThreadPoolExecutor-0_0)|adaptive_policy|ACTION_ID: 7cc91776-f29c-407b-8c03-19fbb7ce043a|Found 1 statistics components to analyze
2025/07/24 14:34:32|INFO    |884:(ThreadPoolExecutor-0_0)|adaptive_policy|ACTION_ID: 7cc91776-f29c-407b-8c03-19fbb7ce043a|Running parser: auto_disable_agent
2025/07/24 14:34:32|INFO    |884:(ThreadPoolExecutor-0_0)|adaptive_policy_utils|ACTION_ID: 7cc91776-f29c-407b-8c03-19fbb7ce043a|Detected traps version: 8.8.0.133595
2025/07/24 14:34:32|INFO    |884:(ThreadPoolExecutor-0_0)|auto_disable_parser|ACTION_ID: 7cc91776-f29c-407b-8c03-19fbb7ce043a|Trapsd average CPU usage - normalized 0.47827700024157677
2025/07/24 14:34:32|INFO    |884:(ThreadPoolExecutor-0_0)|auto_disable_parser|ACTION_ID: 7cc91776-f29c-407b-8c03-19fbb7ce043a|Trapsd average CPU usage 0.47827700024157677
2025/07/24 14:34:32|INFO    |884:(ThreadPoolExecutor-0_0)|auto_disable_parser|ACTION_ID: 7cc91776-f29c-407b-8c03-19fbb7ce043a|Agent in normal state and CPU is normal, waiting for next iteration.
2025/07/24 14:34:32|INFO    |884:(ThreadPoolExecutor-0_0)|auto_disable_parser|ACTION_ID: 7cc91776-f29c-407b-8c03-19fbb7ce043a|trapsd private memory usage 245,735,424
2025/07/24 14:34:32|INFO    |884:(ThreadPoolExecutor-0_0)|auto_disable_parser|ACTION_ID: 7cc91776-f29c-407b-8c03-19fbb7ce043a|Agent in normal state and Memory is normal, waiting for next iteration.
2025/07/24 14:34:32|INFO    |884:(ThreadPoolExecutor-0_0)|adaptive_policy|ACTION_ID: 7cc91776-f29c-407b-8c03-19fbb7ce043a|auto_disable_agent created output: None
2025/07/24 14:34:32|INFO    |884:(ThreadPoolExecutor-0_0)|adaptive_policy|ACTION_ID: 7cc91776-f29c-407b-8c03-19fbb7ce043a|Running parser: edr_archive_parser
2025/07/24 14:34:32|INFO    |884:(ThreadPoolExecutor-0_0)|edr_archive_parser|ACTION_ID: 7cc91776-f29c-407b-8c03-19fbb7ce043a|EDR Archive size: 0.0mb
2025/07/24 14:34:32|INFO    |884:(ThreadPoolExecutor-0_0)|adaptive_policy|ACTION_ID: 7cc91776-f29c-407b-8c03-19fbb7ce043a|edr_archive_parser created output: None
2025/07/24 14:34:32|INFO    |884:(ThreadPoolExecutor-0_0)|adaptive_policy|ACTION_ID: 7cc91776-f29c-407b-8c03-19fbb7ce043a|Running parser: syslog_parser
2025/07/24 14:34:32|INFO    |884:(ThreadPoolExecutor-0_0)|adaptive_policy_utils|ACTION_ID: 7cc91776-f29c-407b-8c03-19fbb7ce043a|Detected traps version: 8.8.0.133595
2025/07/24 14:34:32|INFO    |884:(ThreadPoolExecutor-0_0)|syslog_parser|ACTION_ID: 7cc91776-f29c-407b-8c03-19fbb7ce043a|Injected processes list: ['wickedd-dhcp6', 'couriertcpd', 'pmmasterd', 'authproxy', 'lighttpd', 'tinyproxy', 'mailman', 'wickedd-dhcp4', 'chronyd', 'apache2', 'xinetd', 'named', 'dovecot', 'samba', 'proftpd', 'charon', 'smbd', 'qmgr', 'ndsd', 'ibserver', 'cupsd', 'nscd', 'java', 'httpd', 'nmbd', 'mysqld', 'cyrus_pop3d', 'kamailio', 'pop2d', 'exim', 'pop3d', 'saned', 'squid', 'apache', 'danted', 'mongod', 'vsftpd', 'smartd', 'mysqld_safe', 'starter', 'squid3']
2025/07/24 14:34:32|INFO    |884:(ThreadPoolExecutor-0_0)|syslog_parser|ACTION_ID: 7cc91776-f29c-407b-8c03-19fbb7ce043a|crash_counters: {'wickedd-dhcp6': 0, 'couriertcpd': 0, 'pmmasterd': 0, 'authproxy': 0, 'lighttpd': 0, 'tinyproxy': 0, 'mailman': 0, 'wickedd-dhcp4': 0, 'chronyd': 0, 'apache2': 0, 'xinetd': 0, 'named': 0, 'dovecot': 0, 'samba': 0, 'proftpd': 0, 'charon': 0, 'smbd': 0, 'qmgr': 0, 'ndsd': 0, 'ibserver': 0, 'cupsd': 0, 'nscd': 0, 'java': 0, 'httpd': 0, 'nmbd': 0, 'mysqld': 0, 'cyrus_pop3d': 0, 'kamailio': 0, 'pop2d': 0, 'exim': 0, 'pop3d': 0, 'saned': 0, 'squid': 0, 'apache': 0, 'danted': 0, 'mongod': 0, 'vsftpd': 0, 'smartd': 0, 'mysqld_safe': 0, 'starter': 0, 'squid3': 0}
2025/07/24 14:34:32|INFO    |884:(ThreadPoolExecutor-0_0)|syslog_parser|ACTION_ID: 7cc91776-f29c-407b-8c03-19fbb7ce043a|Dypd statistics are empty. Cannot retrieve injected processes stats
2025/07/24 14:34:32|INFO    |884:(ThreadPoolExecutor-0_0)|syslog_parser|ACTION_ID: 7cc91776-f29c-407b-8c03-19fbb7ce043a|Could not find any crash reports in statistics
2025/07/24 14:34:32|INFO    |884:(ThreadPoolExecutor-0_0)|syslog_parser|ACTION_ID: 7cc91776-f29c-407b-8c03-19fbb7ce043a|Using temporary journal file: /opt/traps/python/scripts/tmp94kwobi3
2025/07/24 14:34:32|INFO    |884:(ThreadPoolExecutor-0_0)|syslog_parser|ACTION_ID: 7cc91776-f29c-407b-8c03-19fbb7ce043a|Log file: /opt/traps/python/scripts/tmp94kwobi3 detected.
2025/07/24 14:34:32|INFO    |884:(ThreadPoolExecutor-0_0)|syslog_parser|ACTION_ID: 7cc91776-f29c-407b-8c03-19fbb7ce043a|Syslog format RFC 3164 detected for line: Jul 24 11:37:04 linux-lab02 kernel: pci 0000:00:18.0: PCI bridge to [bus 1b]

2025/07/24 14:34:32|INFO    |884:(ThreadPoolExecutor-0_0)|syslog_parser|ACTION_ID: 7cc91776-f29c-407b-8c03-19fbb7ce043a|Start monitor /opt/traps/python/scripts/tmp94kwobi3
2025/07/24 14:34:32|INFO    |884:(ThreadPoolExecutor-0_0)|syslog_parser|ACTION_ID: 7cc91776-f29c-407b-8c03-19fbb7ce043a|Stopping to read lines as iterator has maxed out
2025/07/24 14:34:32|INFO    |884:(ThreadPoolExecutor-0_0)|syslog_parser|ACTION_ID: 7cc91776-f29c-407b-8c03-19fbb7ce043a|saving last line date:: 24/07/1900 14:23:31
2025/07/24 14:34:32|INFO    |884:(ThreadPoolExecutor-0_0)|syslog_parser|ACTION_ID: 7cc91776-f29c-407b-8c03-19fbb7ce043a|3 lines scanned by parser
2025/07/24 14:34:32|INFO    |884:(ThreadPoolExecutor-0_0)|adaptive_policy|ACTION_ID: 7cc91776-f29c-407b-8c03-19fbb7ce043a|syslog_parser created output: None
2025/07/24 14:34:32|INFO    |884:(ThreadPoolExecutor-0_0)|adaptive_policy|ACTION_ID: 7cc91776-f29c-407b-8c03-19fbb7ce043a|Running parser: net_collector
2025/07/24 14:34:32|INFO    |884:(ThreadPoolExecutor-0_0)|net_collector_parser|ACTION_ID: 7cc91776-f29c-407b-8c03-19fbb7ce043a|NetCollector parser started
2025/07/24 14:34:32|INFO    |884:(ThreadPoolExecutor-0_0)|net_collector_parser|ACTION_ID: 7cc91776-f29c-407b-8c03-19fbb7ce043a|System: cpu=4.0% idle=96.0%
2025/07/24 14:34:32|INFO    |884:(ThreadPoolExecutor-0_0)|net_collector_parser|ACTION_ID: 7cc91776-f29c-407b-8c03-19fbb7ce043a|Thread CloudMetadata: cpu=0%
2025/07/24 14:34:32|INFO    |884:(ThreadPoolExecutor-0_0)|net_collector_parser|ACTION_ID: 7cc91776-f29c-407b-8c03-19fbb7ce043a|Thread InjectedProcesses: cpu=0%
2025/07/24 14:34:32|INFO    |884:(ThreadPoolExecutor-0_0)|net_collector_parser|ACTION_ID: 7cc91776-f29c-407b-8c03-19fbb7ce043a|Thread clad: cpu=0%
2025/07/24 14:34:32|INFO    |884:(ThreadPoolExecutor-0_0)|net_collector_parser|ACTION_ID: 7cc91776-f29c-407b-8c03-19fbb7ce043a|Thread dypdng: cpu=0%
2025/07/24 14:34:32|INFO    |884:(ThreadPoolExecutor-0_0)|net_collector_parser|ACTION_ID: 7cc91776-f29c-407b-8c03-19fbb7ce043a|Thread pmd: cpu=0%
2025/07/24 14:34:32|INFO    |884:(ThreadPoolExecutor-0_0)|net_collector_parser|ACTION_ID: 7cc91776-f29c-407b-8c03-19fbb7ce043a|Thread pyxd: cpu=0%
2025/07/24 14:34:32|INFO    |884:(ThreadPoolExecutor-0_0)|net_collector_parser|ACTION_ID: 7cc91776-f29c-407b-8c03-19fbb7ce043a|Thread sandboxd: cpu=0%
2025/07/24 14:34:32|INFO    |884:(ThreadPoolExecutor-0_0)|adaptive_policy|ACTION_ID: 7cc91776-f29c-407b-8c03-19fbb7ce043a|net_collector created output: None
2025/07/24 14:34:32|INFO    |884:(ThreadPoolExecutor-0_0)|adaptive_policy|ACTION_ID: 7cc91776-f29c-407b-8c03-19fbb7ce043a|Running parser: linux_auto_disable_on_write_parser
2025/07/24 14:34:32|INFO    |884:(ThreadPoolExecutor-0_0)|adaptive_policy_utils|ACTION_ID: 7cc91776-f29c-407b-8c03-19fbb7ce043a|Detected traps version: 8.8.0.133595
2025/07/24 14:34:32|INFO    |884:(ThreadPoolExecutor-0_0)|linux_auto_disable_on_write_parser|ACTION_ID: 7cc91776-f29c-407b-8c03-19fbb7ce043a|CPU is normal, waiting for next iteration.
2025/07/24 14:34:32|INFO    |884:(ThreadPoolExecutor-0_0)|adaptive_policy|ACTION_ID: 7cc91776-f29c-407b-8c03-19fbb7ce043a|linux_auto_disable_on_write_parser created output: None
2025/07/24 14:34:32|INFO    |884:(ThreadPoolExecutor-0_0)|adaptive_policy|ACTION_ID: 7cc91776-f29c-407b-8c03-19fbb7ce043a|{'apex': [], 'persistence': {'auto_disable_agent': {}, 'edr_archive_parser': {}, 'syslog_parser': {'last_scan': -2191300201.0}, 'net_collector': {}, 'linux_auto_disable_on_write_parser': {'trapsd_avg_cpu': 0.47827700024157677}}, 'output_settings': '{\n"agentDisabledByAdaptivePolicy": false\n}', 'last_analysis': 1753378472}
2025/07/24 14:49:34|INFO    |884:(ThreadPoolExecutor-0_0)|adaptive_policy|ACTION_ID: 7cc91776-f29c-407b-8c03-19fbb7ce043a|Starting adaptive policy engine with kwargs: {}
2025/07/24 14:49:34|INFO    |884:(ThreadPoolExecutor-0_0)|adaptive_policy_utils|ACTION_ID: 7cc91776-f29c-407b-8c03-19fbb7ce043a|Detected traps version: 8.8.0.133595
2025/07/24 14:49:34|INFO    |884:(ThreadPoolExecutor-0_0)|adaptive_policy|ACTION_ID: 7cc91776-f29c-407b-8c03-19fbb7ce043a|{'adaptive_policy_interval': 900}
2025/07/24 14:49:34|INFO    |884:(ThreadPoolExecutor-0_0)|adaptive_policy|ACTION_ID: 7cc91776-f29c-407b-8c03-19fbb7ce043a|Set value of adaptive_policy_interval to 900
2025/07/24 14:49:34|INFO    |884:(ThreadPoolExecutor-0_0)|adaptive_policy|ACTION_ID: 7cc91776-f29c-407b-8c03-19fbb7ce043a|last analysis timestamp: Thursday, July 24, 2025 at 02:34:32 PM
2025/07/24 14:49:34|INFO    |884:(ThreadPoolExecutor-0_0)|adaptive_policy|ACTION_ID: 7cc91776-f29c-407b-8c03-19fbb7ce043a|High resolution mode: False
2025/07/24 14:49:34|INFO    |884:(ThreadPoolExecutor-0_0)|adaptive_policy|ACTION_ID: 7cc91776-f29c-407b-8c03-19fbb7ce043a|Time elapsed since the previous normal mode execution: 902 seconds
2025/07/24 14:49:34|INFO    |884:(ThreadPoolExecutor-0_0)|adaptive_policy|ACTION_ID: 7cc91776-f29c-407b-8c03-19fbb7ce043a|Adaptive policy normal operation mode interval: 900
2025/07/24 14:49:34|INFO    |884:(ThreadPoolExecutor-0_0)|adaptive_policy|ACTION_ID: 7cc91776-f29c-407b-8c03-19fbb7ce043a|Adaptive policy normal mode is: ENABLED
2025/07/24 14:49:34|INFO    |884:(ThreadPoolExecutor-0_0)|adaptive_policy|ACTION_ID: 7cc91776-f29c-407b-8c03-19fbb7ce043a|Adding normal operation mode parser
2025/07/24 14:49:34|INFO    |884:(ThreadPoolExecutor-0_0)|adaptive_policy|ACTION_ID: 7cc91776-f29c-407b-8c03-19fbb7ce043a|Found 1 statistics components to analyze
2025/07/24 14:49:34|INFO    |884:(ThreadPoolExecutor-0_0)|adaptive_policy|ACTION_ID: 7cc91776-f29c-407b-8c03-19fbb7ce043a|Running parser: auto_disable_agent
2025/07/24 14:49:34|INFO    |884:(ThreadPoolExecutor-0_0)|adaptive_policy_utils|ACTION_ID: 7cc91776-f29c-407b-8c03-19fbb7ce043a|Detected traps version: 8.8.0.133595
2025/07/24 14:49:34|INFO    |884:(ThreadPoolExecutor-0_0)|auto_disable_parser|ACTION_ID: 7cc91776-f29c-407b-8c03-19fbb7ce043a|Trapsd average CPU usage - normalized 9.325633046726676
2025/07/24 14:49:34|INFO    |884:(ThreadPoolExecutor-0_0)|auto_disable_parser|ACTION_ID: 7cc91776-f29c-407b-8c03-19fbb7ce043a|Trapsd average CPU usage 9.325633046726676
2025/07/24 14:49:34|INFO    |884:(ThreadPoolExecutor-0_0)|auto_disable_parser|ACTION_ID: 7cc91776-f29c-407b-8c03-19fbb7ce043a|Agent in normal state and CPU is normal, waiting for next iteration.
2025/07/24 14:49:34|INFO    |884:(ThreadPoolExecutor-0_0)|auto_disable_parser|ACTION_ID: 7cc91776-f29c-407b-8c03-19fbb7ce043a|trapsd private memory usage 264,429,568
2025/07/24 14:49:34|INFO    |884:(ThreadPoolExecutor-0_0)|auto_disable_parser|ACTION_ID: 7cc91776-f29c-407b-8c03-19fbb7ce043a|Agent in normal state and Memory is normal, waiting for next iteration.
2025/07/24 14:49:34|INFO    |884:(ThreadPoolExecutor-0_0)|adaptive_policy|ACTION_ID: 7cc91776-f29c-407b-8c03-19fbb7ce043a|auto_disable_agent created output: None
2025/07/24 14:49:34|INFO    |884:(ThreadPoolExecutor-0_0)|adaptive_policy|ACTION_ID: 7cc91776-f29c-407b-8c03-19fbb7ce043a|Running parser: edr_archive_parser
2025/07/24 14:49:34|INFO    |884:(ThreadPoolExecutor-0_0)|edr_archive_parser|ACTION_ID: 7cc91776-f29c-407b-8c03-19fbb7ce043a|EDR Archive size: 0.0mb
2025/07/24 14:49:34|INFO    |884:(ThreadPoolExecutor-0_0)|adaptive_policy|ACTION_ID: 7cc91776-f29c-407b-8c03-19fbb7ce043a|edr_archive_parser created output: None
2025/07/24 14:49:34|INFO    |884:(ThreadPoolExecutor-0_0)|adaptive_policy|ACTION_ID: 7cc91776-f29c-407b-8c03-19fbb7ce043a|Running parser: syslog_parser
2025/07/24 14:49:34|INFO    |884:(ThreadPoolExecutor-0_0)|adaptive_policy_utils|ACTION_ID: 7cc91776-f29c-407b-8c03-19fbb7ce043a|Detected traps version: 8.8.0.133595
2025/07/24 14:49:34|INFO    |884:(ThreadPoolExecutor-0_0)|syslog_parser|ACTION_ID: 7cc91776-f29c-407b-8c03-19fbb7ce043a|Injected processes list: ['wickedd-dhcp6', 'couriertcpd', 'pmmasterd', 'authproxy', 'lighttpd', 'tinyproxy', 'mailman', 'wickedd-dhcp4', 'chronyd', 'apache2', 'xinetd', 'named', 'dovecot', 'samba', 'proftpd', 'charon', 'smbd', 'qmgr', 'ndsd', 'ibserver', 'cupsd', 'nscd', 'java', 'httpd', 'nmbd', 'mysqld', 'cyrus_pop3d', 'kamailio', 'pop2d', 'exim', 'pop3d', 'saned', 'squid', 'apache', 'danted', 'mongod', 'vsftpd', 'smartd', 'mysqld_safe', 'starter', 'squid3']
2025/07/24 14:49:34|INFO    |884:(ThreadPoolExecutor-0_0)|syslog_parser|ACTION_ID: 7cc91776-f29c-407b-8c03-19fbb7ce043a|crash_counters: {'wickedd-dhcp6': 0, 'couriertcpd': 0, 'pmmasterd': 0, 'authproxy': 0, 'lighttpd': 0, 'tinyproxy': 0, 'mailman': 0, 'wickedd-dhcp4': 0, 'chronyd': 0, 'apache2': 0, 'xinetd': 0, 'named': 0, 'dovecot': 0, 'samba': 0, 'proftpd': 0, 'charon': 0, 'smbd': 0, 'qmgr': 0, 'ndsd': 0, 'ibserver': 0, 'cupsd': 0, 'nscd': 0, 'java': 0, 'httpd': 0, 'nmbd': 0, 'mysqld': 0, 'cyrus_pop3d': 0, 'kamailio': 0, 'pop2d': 0, 'exim': 0, 'pop3d': 0, 'saned': 0, 'squid': 0, 'apache': 0, 'danted': 0, 'mongod': 0, 'vsftpd': 0, 'smartd': 0, 'mysqld_safe': 0, 'starter': 0, 'squid3': 0}
2025/07/24 14:49:34|INFO    |884:(ThreadPoolExecutor-0_0)|syslog_parser|ACTION_ID: 7cc91776-f29c-407b-8c03-19fbb7ce043a|Dypd statistics are empty. Cannot retrieve injected processes stats
2025/07/24 14:49:34|INFO    |884:(ThreadPoolExecutor-0_0)|syslog_parser|ACTION_ID: 7cc91776-f29c-407b-8c03-19fbb7ce043a|Could not find any crash reports in statistics
2025/07/24 14:49:34|INFO    |884:(ThreadPoolExecutor-0_0)|syslog_parser|ACTION_ID: 7cc91776-f29c-407b-8c03-19fbb7ce043a|Using temporary journal file: /opt/traps/python/scripts/tmpf414ijx2
2025/07/24 14:49:34|INFO    |884:(ThreadPoolExecutor-0_0)|syslog_parser|ACTION_ID: 7cc91776-f29c-407b-8c03-19fbb7ce043a|Log file: /opt/traps/python/scripts/tmpf414ijx2 detected.
2025/07/24 14:49:34|INFO    |884:(ThreadPoolExecutor-0_0)|syslog_parser|ACTION_ID: 7cc91776-f29c-407b-8c03-19fbb7ce043a|Syslog format RFC 3164 detected for line: Jul 24 11:37:04 linux-lab02 kernel: pci 0000:00:18.3:   bridge window [mem 0xfc500000-0xfc5fffff]

2025/07/24 14:49:34|INFO    |884:(ThreadPoolExecutor-0_0)|syslog_parser|ACTION_ID: 7cc91776-f29c-407b-8c03-19fbb7ce043a|Start monitor /opt/traps/python/scripts/tmpf414ijx2
2025/07/24 14:49:34|INFO    |884:(ThreadPoolExecutor-0_0)|syslog_parser|ACTION_ID: 7cc91776-f29c-407b-8c03-19fbb7ce043a|Stopping to read lines as iterator has maxed out
2025/07/24 14:49:34|INFO    |884:(ThreadPoolExecutor-0_0)|syslog_parser|ACTION_ID: 7cc91776-f29c-407b-8c03-19fbb7ce043a|saving last line date:: 24/07/1900 14:49:24
2025/07/24 14:49:34|INFO    |884:(ThreadPoolExecutor-0_0)|syslog_parser|ACTION_ID: 7cc91776-f29c-407b-8c03-19fbb7ce043a|12 lines scanned by parser
2025/07/24 14:49:34|INFO    |884:(ThreadPoolExecutor-0_0)|adaptive_policy|ACTION_ID: 7cc91776-f29c-407b-8c03-19fbb7ce043a|syslog_parser created output: None
2025/07/24 14:49:34|INFO    |884:(ThreadPoolExecutor-0_0)|adaptive_policy|ACTION_ID: 7cc91776-f29c-407b-8c03-19fbb7ce043a|Running parser: net_collector
2025/07/24 14:49:34|INFO    |884:(ThreadPoolExecutor-0_0)|net_collector_parser|ACTION_ID: 7cc91776-f29c-407b-8c03-19fbb7ce043a|NetCollector parser started
2025/07/24 14:49:34|INFO    |884:(ThreadPoolExecutor-0_0)|net_collector_parser|ACTION_ID: 7cc91776-f29c-407b-8c03-19fbb7ce043a|System: cpu=14.0% idle=86.0%
2025/07/24 14:49:34|INFO    |884:(ThreadPoolExecutor-0_0)|net_collector_parser|ACTION_ID: 7cc91776-f29c-407b-8c03-19fbb7ce043a|Thread CloudMetadata: cpu=0%
2025/07/24 14:49:34|INFO    |884:(ThreadPoolExecutor-0_0)|net_collector_parser|ACTION_ID: 7cc91776-f29c-407b-8c03-19fbb7ce043a|Thread InjectedProcesses: cpu=0%
2025/07/24 14:49:34|INFO    |884:(ThreadPoolExecutor-0_0)|net_collector_parser|ACTION_ID: 7cc91776-f29c-407b-8c03-19fbb7ce043a|Thread clad: cpu=0%
2025/07/24 14:49:34|INFO    |884:(ThreadPoolExecutor-0_0)|net_collector_parser|ACTION_ID: 7cc91776-f29c-407b-8c03-19fbb7ce043a|Thread dypdng: cpu=0%
2025/07/24 14:49:34|INFO    |884:(ThreadPoolExecutor-0_0)|net_collector_parser|ACTION_ID: 7cc91776-f29c-407b-8c03-19fbb7ce043a|Thread pmd: cpu=9.0%
2025/07/24 14:49:34|INFO    |884:(ThreadPoolExecutor-0_0)|net_collector_parser|ACTION_ID: 7cc91776-f29c-407b-8c03-19fbb7ce043a|Thread pmd.EcDsePipeline: cpu=7.0%
2025/07/24 14:49:34|INFO    |884:(ThreadPoolExecutor-0_0)|net_collector_parser|ACTION_ID: 7cc91776-f29c-407b-8c03-19fbb7ce043a|Thread pyxd: cpu=0%
2025/07/24 14:49:34|INFO    |884:(ThreadPoolExecutor-0_0)|net_collector_parser|ACTION_ID: 7cc91776-f29c-407b-8c03-19fbb7ce043a|Thread sandboxd: cpu=0%
2025/07/24 14:49:34|INFO    |884:(ThreadPoolExecutor-0_0)|adaptive_policy|ACTION_ID: 7cc91776-f29c-407b-8c03-19fbb7ce043a|net_collector created output: None
2025/07/24 14:49:34|INFO    |884:(ThreadPoolExecutor-0_0)|adaptive_policy|ACTION_ID: 7cc91776-f29c-407b-8c03-19fbb7ce043a|Running parser: linux_auto_disable_on_write_parser
2025/07/24 14:49:34|INFO    |884:(ThreadPoolExecutor-0_0)|adaptive_policy_utils|ACTION_ID: 7cc91776-f29c-407b-8c03-19fbb7ce043a|Detected traps version: 8.8.0.133595
2025/07/24 14:49:34|INFO    |884:(ThreadPoolExecutor-0_0)|linux_auto_disable_on_write_parser|ACTION_ID: 7cc91776-f29c-407b-8c03-19fbb7ce043a|CPU is normal, waiting for next iteration.
2025/07/24 14:49:34|INFO    |884:(ThreadPoolExecutor-0_0)|adaptive_policy|ACTION_ID: 7cc91776-f29c-407b-8c03-19fbb7ce043a|linux_auto_disable_on_write_parser created output: None
2025/07/24 14:49:34|INFO    |884:(ThreadPoolExecutor-0_0)|adaptive_policy|ACTION_ID: 7cc91776-f29c-407b-8c03-19fbb7ce043a|{'apex': [], 'persistence': {'auto_disable_agent': {}, 'edr_archive_parser': {}, 'syslog_parser': {'last_scan': -2191298648.0}, 'net_collector': {}, 'linux_auto_disable_on_write_parser': {'trapsd_avg_cpu': 9.325633046726676}}, 'output_settings': '{\n"agentDisabledByAdaptivePolicy": false\n}', 'last_analysis': 1753379374}
2025/07/24 15:04:35|INFO    |884:(ThreadPoolExecutor-0_0)|adaptive_policy|ACTION_ID: 7cc91776-f29c-407b-8c03-19fbb7ce043a|Starting adaptive policy engine with kwargs: {}
2025/07/24 15:04:35|INFO    |884:(ThreadPoolExecutor-0_0)|adaptive_policy_utils|ACTION_ID: 7cc91776-f29c-407b-8c03-19fbb7ce043a|Detected traps version: 8.8.0.133595
2025/07/24 15:04:35|INFO    |884:(ThreadPoolExecutor-0_0)|adaptive_policy|ACTION_ID: 7cc91776-f29c-407b-8c03-19fbb7ce043a|{'adaptive_policy_interval': 900}
2025/07/24 15:04:35|INFO    |884:(ThreadPoolExecutor-0_0)|adaptive_policy|ACTION_ID: 7cc91776-f29c-407b-8c03-19fbb7ce043a|Set value of adaptive_policy_interval to 900
2025/07/24 15:04:35|INFO    |884:(ThreadPoolExecutor-0_0)|adaptive_policy|ACTION_ID: 7cc91776-f29c-407b-8c03-19fbb7ce043a|last analysis timestamp: Thursday, July 24, 2025 at 02:49:34 PM
2025/07/24 15:04:35|INFO    |884:(ThreadPoolExecutor-0_0)|adaptive_policy|ACTION_ID: 7cc91776-f29c-407b-8c03-19fbb7ce043a|High resolution mode: False
2025/07/24 15:04:35|INFO    |884:(ThreadPoolExecutor-0_0)|adaptive_policy|ACTION_ID: 7cc91776-f29c-407b-8c03-19fbb7ce043a|Time elapsed since the previous normal mode execution: 901 seconds
2025/07/24 15:04:35|INFO    |884:(ThreadPoolExecutor-0_0)|adaptive_policy|ACTION_ID: 7cc91776-f29c-407b-8c03-19fbb7ce043a|Adaptive policy normal operation mode interval: 900
2025/07/24 15:04:35|INFO    |884:(ThreadPoolExecutor-0_0)|adaptive_policy|ACTION_ID: 7cc91776-f29c-407b-8c03-19fbb7ce043a|Adaptive policy normal mode is: ENABLED
2025/07/24 15:04:35|INFO    |884:(ThreadPoolExecutor-0_0)|adaptive_policy|ACTION_ID: 7cc91776-f29c-407b-8c03-19fbb7ce043a|Adding normal operation mode parser
2025/07/24 15:04:35|INFO    |884:(ThreadPoolExecutor-0_0)|adaptive_policy|ACTION_ID: 7cc91776-f29c-407b-8c03-19fbb7ce043a|Found 1 statistics components to analyze
2025/07/24 15:04:35|INFO    |884:(ThreadPoolExecutor-0_0)|adaptive_policy|ACTION_ID: 7cc91776-f29c-407b-8c03-19fbb7ce043a|Running parser: auto_disable_agent
2025/07/24 15:04:35|INFO    |884:(ThreadPoolExecutor-0_0)|adaptive_policy_utils|ACTION_ID: 7cc91776-f29c-407b-8c03-19fbb7ce043a|Detected traps version: 8.8.0.133595
2025/07/24 15:04:35|INFO    |884:(ThreadPoolExecutor-0_0)|auto_disable_parser|ACTION_ID: 7cc91776-f29c-407b-8c03-19fbb7ce043a|Trapsd average CPU usage - normalized 1.1561698916220065
2025/07/24 15:04:35|INFO    |884:(ThreadPoolExecutor-0_0)|auto_disable_parser|ACTION_ID: 7cc91776-f29c-407b-8c03-19fbb7ce043a|Trapsd average CPU usage 1.1561698916220065
2025/07/24 15:04:35|INFO    |884:(ThreadPoolExecutor-0_0)|auto_disable_parser|ACTION_ID: 7cc91776-f29c-407b-8c03-19fbb7ce043a|Agent in normal state and CPU is normal, waiting for next iteration.
2025/07/24 15:04:35|INFO    |884:(ThreadPoolExecutor-0_0)|auto_disable_parser|ACTION_ID: 7cc91776-f29c-407b-8c03-19fbb7ce043a|trapsd private memory usage 276,267,008
2025/07/24 15:04:35|INFO    |884:(ThreadPoolExecutor-0_0)|auto_disable_parser|ACTION_ID: 7cc91776-f29c-407b-8c03-19fbb7ce043a|Agent in normal state and Memory is normal, waiting for next iteration.
2025/07/24 15:04:35|INFO    |884:(ThreadPoolExecutor-0_0)|adaptive_policy|ACTION_ID: 7cc91776-f29c-407b-8c03-19fbb7ce043a|auto_disable_agent created output: None
2025/07/24 15:04:35|INFO    |884:(ThreadPoolExecutor-0_0)|adaptive_policy|ACTION_ID: 7cc91776-f29c-407b-8c03-19fbb7ce043a|Running parser: edr_archive_parser
2025/07/24 15:04:35|INFO    |884:(ThreadPoolExecutor-0_0)|edr_archive_parser|ACTION_ID: 7cc91776-f29c-407b-8c03-19fbb7ce043a|EDR Archive size: 0.0mb
2025/07/24 15:04:35|INFO    |884:(ThreadPoolExecutor-0_0)|adaptive_policy|ACTION_ID: 7cc91776-f29c-407b-8c03-19fbb7ce043a|edr_archive_parser created output: None
2025/07/24 15:04:35|INFO    |884:(ThreadPoolExecutor-0_0)|adaptive_policy|ACTION_ID: 7cc91776-f29c-407b-8c03-19fbb7ce043a|Running parser: syslog_parser
2025/07/24 15:04:35|INFO    |884:(ThreadPoolExecutor-0_0)|adaptive_policy_utils|ACTION_ID: 7cc91776-f29c-407b-8c03-19fbb7ce043a|Detected traps version: 8.8.0.133595
2025/07/24 15:04:35|INFO    |884:(ThreadPoolExecutor-0_0)|syslog_parser|ACTION_ID: 7cc91776-f29c-407b-8c03-19fbb7ce043a|Injected processes list: ['wickedd-dhcp6', 'couriertcpd', 'pmmasterd', 'authproxy', 'lighttpd', 'tinyproxy', 'mailman', 'wickedd-dhcp4', 'chronyd', 'apache2', 'xinetd', 'named', 'dovecot', 'samba', 'proftpd', 'charon', 'smbd', 'qmgr', 'ndsd', 'ibserver', 'cupsd', 'nscd', 'java', 'httpd', 'nmbd', 'mysqld', 'cyrus_pop3d', 'kamailio', 'pop2d', 'exim', 'pop3d', 'saned', 'squid', 'apache', 'danted', 'mongod', 'vsftpd', 'smartd', 'mysqld_safe', 'starter', 'squid3']
2025/07/24 15:04:35|INFO    |884:(ThreadPoolExecutor-0_0)|syslog_parser|ACTION_ID: 7cc91776-f29c-407b-8c03-19fbb7ce043a|crash_counters: {'wickedd-dhcp6': 0, 'couriertcpd': 0, 'pmmasterd': 0, 'authproxy': 0, 'lighttpd': 0, 'tinyproxy': 0, 'mailman': 0, 'wickedd-dhcp4': 0, 'chronyd': 0, 'apache2': 0, 'xinetd': 0, 'named': 0, 'dovecot': 0, 'samba': 0, 'proftpd': 0, 'charon': 0, 'smbd': 0, 'qmgr': 0, 'ndsd': 0, 'ibserver': 0, 'cupsd': 0, 'nscd': 0, 'java': 0, 'httpd': 0, 'nmbd': 0, 'mysqld': 0, 'cyrus_pop3d': 0, 'kamailio': 0, 'pop2d': 0, 'exim': 0, 'pop3d': 0, 'saned': 0, 'squid': 0, 'apache': 0, 'danted': 0, 'mongod': 0, 'vsftpd': 0, 'smartd': 0, 'mysqld_safe': 0, 'starter': 0, 'squid3': 0}
2025/07/24 15:04:35|INFO    |884:(ThreadPoolExecutor-0_0)|syslog_parser|ACTION_ID: 7cc91776-f29c-407b-8c03-19fbb7ce043a|Dypd statistics are empty. Cannot retrieve injected processes stats
2025/07/24 15:04:35|INFO    |884:(ThreadPoolExecutor-0_0)|syslog_parser|ACTION_ID: 7cc91776-f29c-407b-8c03-19fbb7ce043a|Could not find any crash reports in statistics
2025/07/24 15:04:35|INFO    |884:(ThreadPoolExecutor-0_0)|syslog_parser|ACTION_ID: 7cc91776-f29c-407b-8c03-19fbb7ce043a|Using temporary journal file: /opt/traps/python/scripts/tmpihcszgpf
2025/07/24 15:04:35|INFO    |884:(ThreadPoolExecutor-0_0)|syslog_parser|ACTION_ID: 7cc91776-f29c-407b-8c03-19fbb7ce043a|Log file: /opt/traps/python/scripts/tmpihcszgpf detected.
2025/07/24 15:04:35|INFO    |884:(ThreadPoolExecutor-0_0)|syslog_parser|ACTION_ID: 7cc91776-f29c-407b-8c03-19fbb7ce043a|Syslog format RFC 3164 detected for line: Jul 24 11:37:04 linux-lab02 kernel: pci 0000:00:18.5:   bridge window [mem 0xfbd00000-0xfbdfffff]

2025/07/24 15:04:35|INFO    |884:(ThreadPoolExecutor-0_0)|syslog_parser|ACTION_ID: 7cc91776-f29c-407b-8c03-19fbb7ce043a|Start monitor /opt/traps/python/scripts/tmpihcszgpf
2025/07/24 15:04:35|INFO    |884:(ThreadPoolExecutor-0_0)|syslog_parser|ACTION_ID: 7cc91776-f29c-407b-8c03-19fbb7ce043a|Stopping to read lines as iterator has maxed out
2025/07/24 15:04:35|INFO    |884:(ThreadPoolExecutor-0_0)|syslog_parser|ACTION_ID: 7cc91776-f29c-407b-8c03-19fbb7ce043a|saving last line date:: 24/07/1900 15:03:41
2025/07/24 15:04:35|INFO    |884:(ThreadPoolExecutor-0_0)|syslog_parser|ACTION_ID: 7cc91776-f29c-407b-8c03-19fbb7ce043a|6 lines scanned by parser
2025/07/24 15:04:35|INFO    |884:(ThreadPoolExecutor-0_0)|adaptive_policy|ACTION_ID: 7cc91776-f29c-407b-8c03-19fbb7ce043a|syslog_parser created output: None
2025/07/24 15:04:35|INFO    |884:(ThreadPoolExecutor-0_0)|adaptive_policy|ACTION_ID: 7cc91776-f29c-407b-8c03-19fbb7ce043a|Running parser: net_collector
2025/07/24 15:04:35|INFO    |884:(ThreadPoolExecutor-0_0)|net_collector_parser|ACTION_ID: 7cc91776-f29c-407b-8c03-19fbb7ce043a|NetCollector parser started
2025/07/24 15:04:35|INFO    |884:(ThreadPoolExecutor-0_0)|net_collector_parser|ACTION_ID: 7cc91776-f29c-407b-8c03-19fbb7ce043a|System: cpu=9.0% idle=91.0%
2025/07/24 15:04:35|INFO    |884:(ThreadPoolExecutor-0_0)|net_collector_parser|ACTION_ID: 7cc91776-f29c-407b-8c03-19fbb7ce043a|Thread CloudMetadata: cpu=0%
2025/07/24 15:04:35|INFO    |884:(ThreadPoolExecutor-0_0)|net_collector_parser|ACTION_ID: 7cc91776-f29c-407b-8c03-19fbb7ce043a|Thread InjectedProcesses: cpu=0%
2025/07/24 15:04:35|INFO    |884:(ThreadPoolExecutor-0_0)|net_collector_parser|ACTION_ID: 7cc91776-f29c-407b-8c03-19fbb7ce043a|Thread clad: cpu=0%
2025/07/24 15:04:35|INFO    |884:(ThreadPoolExecutor-0_0)|net_collector_parser|ACTION_ID: 7cc91776-f29c-407b-8c03-19fbb7ce043a|Thread dypdng: cpu=0%
2025/07/24 15:04:35|INFO    |884:(ThreadPoolExecutor-0_0)|net_collector_parser|ACTION_ID: 7cc91776-f29c-407b-8c03-19fbb7ce043a|Thread pmd: cpu=1.0%
2025/07/24 15:04:35|INFO    |884:(ThreadPoolExecutor-0_0)|net_collector_parser|ACTION_ID: 7cc91776-f29c-407b-8c03-19fbb7ce043a|Thread pyxd: cpu=0%
2025/07/24 15:04:35|INFO    |884:(ThreadPoolExecutor-0_0)|net_collector_parser|ACTION_ID: 7cc91776-f29c-407b-8c03-19fbb7ce043a|Thread sandboxd: cpu=0%
2025/07/24 15:04:35|INFO    |884:(ThreadPoolExecutor-0_0)|adaptive_policy|ACTION_ID: 7cc91776-f29c-407b-8c03-19fbb7ce043a|net_collector created output: None
2025/07/24 15:04:35|INFO    |884:(ThreadPoolExecutor-0_0)|adaptive_policy|ACTION_ID: 7cc91776-f29c-407b-8c03-19fbb7ce043a|Running parser: linux_auto_disable_on_write_parser
2025/07/24 15:04:35|INFO    |884:(ThreadPoolExecutor-0_0)|adaptive_policy_utils|ACTION_ID: 7cc91776-f29c-407b-8c03-19fbb7ce043a|Detected traps version: 8.8.0.133595
2025/07/24 15:04:35|INFO    |884:(ThreadPoolExecutor-0_0)|linux_auto_disable_on_write_parser|ACTION_ID: 7cc91776-f29c-407b-8c03-19fbb7ce043a|CPU is normal, waiting for next iteration.
2025/07/24 15:04:35|INFO    |884:(ThreadPoolExecutor-0_0)|adaptive_policy|ACTION_ID: 7cc91776-f29c-407b-8c03-19fbb7ce043a|linux_auto_disable_on_write_parser created output: None
2025/07/24 15:04:35|INFO    |884:(ThreadPoolExecutor-0_0)|adaptive_policy|ACTION_ID: 7cc91776-f29c-407b-8c03-19fbb7ce043a|{'apex': [], 'persistence': {'auto_disable_agent': {}, 'edr_archive_parser': {}, 'syslog_parser': {'last_scan': -2191297791.0}, 'net_collector': {}, 'linux_auto_disable_on_write_parser': {'trapsd_avg_cpu': 1.1561698916220065}}, 'output_settings': '{\n"agentDisabledByAdaptivePolicy": false\n}', 'last_analysis': 1753380275}
2025/07/24 15:19:36|INFO    |884:(ThreadPoolExecutor-0_0)|adaptive_policy|ACTION_ID: 7cc91776-f29c-407b-8c03-19fbb7ce043a|Starting adaptive policy engine with kwargs: {}
2025/07/24 15:19:36|INFO    |884:(ThreadPoolExecutor-0_0)|adaptive_policy_utils|ACTION_ID: 7cc91776-f29c-407b-8c03-19fbb7ce043a|Detected traps version: 8.8.0.133595
2025/07/24 15:19:36|INFO    |884:(ThreadPoolExecutor-0_0)|adaptive_policy|ACTION_ID: 7cc91776-f29c-407b-8c03-19fbb7ce043a|{'adaptive_policy_interval': 900}
2025/07/24 15:19:36|INFO    |884:(ThreadPoolExecutor-0_0)|adaptive_policy|ACTION_ID: 7cc91776-f29c-407b-8c03-19fbb7ce043a|Set value of adaptive_policy_interval to 900
2025/07/24 15:19:36|INFO    |884:(ThreadPoolExecutor-0_0)|adaptive_policy|ACTION_ID: 7cc91776-f29c-407b-8c03-19fbb7ce043a|last analysis timestamp: Thursday, July 24, 2025 at 03:04:35 PM
2025/07/24 15:19:36|INFO    |884:(ThreadPoolExecutor-0_0)|adaptive_policy|ACTION_ID: 7cc91776-f29c-407b-8c03-19fbb7ce043a|High resolution mode: False
2025/07/24 15:19:36|INFO    |884:(ThreadPoolExecutor-0_0)|adaptive_policy|ACTION_ID: 7cc91776-f29c-407b-8c03-19fbb7ce043a|Time elapsed since the previous normal mode execution: 901 seconds
2025/07/24 15:19:36|INFO    |884:(ThreadPoolExecutor-0_0)|adaptive_policy|ACTION_ID: 7cc91776-f29c-407b-8c03-19fbb7ce043a|Adaptive policy normal operation mode interval: 900
2025/07/24 15:19:36|INFO    |884:(ThreadPoolExecutor-0_0)|adaptive_policy|ACTION_ID: 7cc91776-f29c-407b-8c03-19fbb7ce043a|Adaptive policy normal mode is: ENABLED
2025/07/24 15:19:36|INFO    |884:(ThreadPoolExecutor-0_0)|adaptive_policy|ACTION_ID: 7cc91776-f29c-407b-8c03-19fbb7ce043a|Adding normal operation mode parser
2025/07/24 15:19:37|INFO    |884:(ThreadPoolExecutor-0_0)|adaptive_policy|ACTION_ID: 7cc91776-f29c-407b-8c03-19fbb7ce043a|Found 1 statistics components to analyze
2025/07/24 15:19:37|INFO    |884:(ThreadPoolExecutor-0_0)|adaptive_policy|ACTION_ID: 7cc91776-f29c-407b-8c03-19fbb7ce043a|Running parser: auto_disable_agent
2025/07/24 15:19:37|INFO    |884:(ThreadPoolExecutor-0_0)|adaptive_policy_utils|ACTION_ID: 7cc91776-f29c-407b-8c03-19fbb7ce043a|Detected traps version: 8.8.0.133595
2025/07/24 15:19:37|INFO    |884:(ThreadPoolExecutor-0_0)|auto_disable_parser|ACTION_ID: 7cc91776-f29c-407b-8c03-19fbb7ce043a|Trapsd average CPU usage - normalized 0.625535935014053
2025/07/24 15:19:37|INFO    |884:(ThreadPoolExecutor-0_0)|auto_disable_parser|ACTION_ID: 7cc91776-f29c-407b-8c03-19fbb7ce043a|Trapsd average CPU usage 0.625535935014053
2025/07/24 15:19:37|INFO    |884:(ThreadPoolExecutor-0_0)|auto_disable_parser|ACTION_ID: 7cc91776-f29c-407b-8c03-19fbb7ce043a|Agent in normal state and CPU is normal, waiting for next iteration.
2025/07/24 15:19:37|INFO    |884:(ThreadPoolExecutor-0_0)|auto_disable_parser|ACTION_ID: 7cc91776-f29c-407b-8c03-19fbb7ce043a|trapsd private memory usage 270,614,528
2025/07/24 15:19:37|INFO    |884:(ThreadPoolExecutor-0_0)|auto_disable_parser|ACTION_ID: 7cc91776-f29c-407b-8c03-19fbb7ce043a|Agent in normal state and Memory is normal, waiting for next iteration.
2025/07/24 15:19:37|INFO    |884:(ThreadPoolExecutor-0_0)|adaptive_policy|ACTION_ID: 7cc91776-f29c-407b-8c03-19fbb7ce043a|auto_disable_agent created output: None
2025/07/24 15:19:37|INFO    |884:(ThreadPoolExecutor-0_0)|adaptive_policy|ACTION_ID: 7cc91776-f29c-407b-8c03-19fbb7ce043a|Running parser: edr_archive_parser
2025/07/24 15:19:37|INFO    |884:(ThreadPoolExecutor-0_0)|edr_archive_parser|ACTION_ID: 7cc91776-f29c-407b-8c03-19fbb7ce043a|EDR Archive size: 0.0mb
2025/07/24 15:19:37|INFO    |884:(ThreadPoolExecutor-0_0)|adaptive_policy|ACTION_ID: 7cc91776-f29c-407b-8c03-19fbb7ce043a|edr_archive_parser created output: None
2025/07/24 15:19:37|INFO    |884:(ThreadPoolExecutor-0_0)|adaptive_policy|ACTION_ID: 7cc91776-f29c-407b-8c03-19fbb7ce043a|Running parser: syslog_parser
2025/07/24 15:19:37|INFO    |884:(ThreadPoolExecutor-0_0)|adaptive_policy_utils|ACTION_ID: 7cc91776-f29c-407b-8c03-19fbb7ce043a|Detected traps version: 8.8.0.133595
2025/07/24 15:19:37|INFO    |884:(ThreadPoolExecutor-0_0)|syslog_parser|ACTION_ID: 7cc91776-f29c-407b-8c03-19fbb7ce043a|Injected processes list: ['wickedd-dhcp6', 'couriertcpd', 'pmmasterd', 'authproxy', 'lighttpd', 'tinyproxy', 'mailman', 'wickedd-dhcp4', 'chronyd', 'apache2', 'xinetd', 'named', 'dovecot', 'samba', 'proftpd', 'charon', 'smbd', 'qmgr', 'ndsd', 'ibserver', 'cupsd', 'nscd', 'java', 'httpd', 'nmbd', 'mysqld', 'cyrus_pop3d', 'kamailio', 'pop2d', 'exim', 'pop3d', 'saned', 'squid', 'apache', 'danted', 'mongod', 'vsftpd', 'smartd', 'mysqld_safe', 'starter', 'squid3']
2025/07/24 15:19:37|INFO    |884:(ThreadPoolExecutor-0_0)|syslog_parser|ACTION_ID: 7cc91776-f29c-407b-8c03-19fbb7ce043a|crash_counters: {'wickedd-dhcp6': 0, 'couriertcpd': 0, 'pmmasterd': 0, 'authproxy': 0, 'lighttpd': 0, 'tinyproxy': 0, 'mailman': 0, 'wickedd-dhcp4': 0, 'chronyd': 0, 'apache2': 0, 'xinetd': 0, 'named': 0, 'dovecot': 0, 'samba': 0, 'proftpd': 0, 'charon': 0, 'smbd': 0, 'qmgr': 0, 'ndsd': 0, 'ibserver': 0, 'cupsd': 0, 'nscd': 0, 'java': 0, 'httpd': 0, 'nmbd': 0, 'mysqld': 0, 'cyrus_pop3d': 0, 'kamailio': 0, 'pop2d': 0, 'exim': 0, 'pop3d': 0, 'saned': 0, 'squid': 0, 'apache': 0, 'danted': 0, 'mongod': 0, 'vsftpd': 0, 'smartd': 0, 'mysqld_safe': 0, 'starter': 0, 'squid3': 0}
2025/07/24 15:19:37|INFO    |884:(ThreadPoolExecutor-0_0)|syslog_parser|ACTION_ID: 7cc91776-f29c-407b-8c03-19fbb7ce043a|Dypd statistics are empty. Cannot retrieve injected processes stats
2025/07/24 15:19:37|INFO    |884:(ThreadPoolExecutor-0_0)|syslog_parser|ACTION_ID: 7cc91776-f29c-407b-8c03-19fbb7ce043a|Could not find any crash reports in statistics
2025/07/24 15:19:37|INFO    |884:(ThreadPoolExecutor-0_0)|syslog_parser|ACTION_ID: 7cc91776-f29c-407b-8c03-19fbb7ce043a|Using temporary journal file: /opt/traps/python/scripts/tmp_l4xa5zf
2025/07/24 15:19:37|INFO    |884:(ThreadPoolExecutor-0_0)|syslog_parser|ACTION_ID: 7cc91776-f29c-407b-8c03-19fbb7ce043a|Log file: /opt/traps/python/scripts/tmp_l4xa5zf detected.
2025/07/24 15:19:37|INFO    |884:(ThreadPoolExecutor-0_0)|syslog_parser|ACTION_ID: 7cc91776-f29c-407b-8c03-19fbb7ce043a|Syslog format RFC 3164 detected for line: Jul 24 11:37:04 linux-lab02 kernel: pci_bus 0000:00: resource 8 [io  0x0d00-0xfeff window]

2025/07/24 15:19:37|INFO    |884:(ThreadPoolExecutor-0_0)|syslog_parser|ACTION_ID: 7cc91776-f29c-407b-8c03-19fbb7ce043a|Start monitor /opt/traps/python/scripts/tmp_l4xa5zf
2025/07/24 15:19:37|INFO    |884:(ThreadPoolExecutor-0_0)|syslog_parser|ACTION_ID: 7cc91776-f29c-407b-8c03-19fbb7ce043a|Stopping to read lines as iterator has maxed out
2025/07/24 15:19:37|INFO    |884:(ThreadPoolExecutor-0_0)|syslog_parser|ACTION_ID: 7cc91776-f29c-407b-8c03-19fbb7ce043a|saving last line date:: 24/07/1900 15:17:35
2025/07/24 15:19:37|INFO    |884:(ThreadPoolExecutor-0_0)|syslog_parser|ACTION_ID: 7cc91776-f29c-407b-8c03-19fbb7ce043a|12 lines scanned by parser
2025/07/24 15:19:37|INFO    |884:(ThreadPoolExecutor-0_0)|adaptive_policy|ACTION_ID: 7cc91776-f29c-407b-8c03-19fbb7ce043a|syslog_parser created output: None
2025/07/24 15:19:37|INFO    |884:(ThreadPoolExecutor-0_0)|adaptive_policy|ACTION_ID: 7cc91776-f29c-407b-8c03-19fbb7ce043a|Running parser: net_collector
2025/07/24 15:19:37|INFO    |884:(ThreadPoolExecutor-0_0)|net_collector_parser|ACTION_ID: 7cc91776-f29c-407b-8c03-19fbb7ce043a|NetCollector parser started
2025/07/24 15:19:37|INFO    |884:(ThreadPoolExecutor-0_0)|net_collector_parser|ACTION_ID: 7cc91776-f29c-407b-8c03-19fbb7ce043a|System: cpu=6.0% idle=94.0%
2025/07/24 15:19:37|INFO    |884:(ThreadPoolExecutor-0_0)|net_collector_parser|ACTION_ID: 7cc91776-f29c-407b-8c03-19fbb7ce043a|Thread CloudMetadata: cpu=0%
2025/07/24 15:19:37|INFO    |884:(ThreadPoolExecutor-0_0)|net_collector_parser|ACTION_ID: 7cc91776-f29c-407b-8c03-19fbb7ce043a|Thread InjectedProcesses: cpu=0%
2025/07/24 15:19:37|INFO    |884:(ThreadPoolExecutor-0_0)|net_collector_parser|ACTION_ID: 7cc91776-f29c-407b-8c03-19fbb7ce043a|Thread clad: cpu=0%
2025/07/24 15:19:37|INFO    |884:(ThreadPoolExecutor-0_0)|net_collector_parser|ACTION_ID: 7cc91776-f29c-407b-8c03-19fbb7ce043a|Thread dypdng: cpu=0%
2025/07/24 15:19:37|INFO    |884:(ThreadPoolExecutor-0_0)|net_collector_parser|ACTION_ID: 7cc91776-f29c-407b-8c03-19fbb7ce043a|Thread pmd: cpu=0%
2025/07/24 15:19:37|INFO    |884:(ThreadPoolExecutor-0_0)|net_collector_parser|ACTION_ID: 7cc91776-f29c-407b-8c03-19fbb7ce043a|Thread pyxd: cpu=0%
2025/07/24 15:19:37|INFO    |884:(ThreadPoolExecutor-0_0)|net_collector_parser|ACTION_ID: 7cc91776-f29c-407b-8c03-19fbb7ce043a|Thread sandboxd: cpu=0%
2025/07/24 15:19:37|INFO    |884:(ThreadPoolExecutor-0_0)|adaptive_policy|ACTION_ID: 7cc91776-f29c-407b-8c03-19fbb7ce043a|net_collector created output: None
2025/07/24 15:19:37|INFO    |884:(ThreadPoolExecutor-0_0)|adaptive_policy|ACTION_ID: 7cc91776-f29c-407b-8c03-19fbb7ce043a|Running parser: linux_auto_disable_on_write_parser
2025/07/24 15:19:37|INFO    |884:(ThreadPoolExecutor-0_0)|adaptive_policy_utils|ACTION_ID: 7cc91776-f29c-407b-8c03-19fbb7ce043a|Detected traps version: 8.8.0.133595
2025/07/24 15:19:37|INFO    |884:(ThreadPoolExecutor-0_0)|linux_auto_disable_on_write_parser|ACTION_ID: 7cc91776-f29c-407b-8c03-19fbb7ce043a|CPU is normal, waiting for next iteration.
2025/07/24 15:19:37|INFO    |884:(ThreadPoolExecutor-0_0)|adaptive_policy|ACTION_ID: 7cc91776-f29c-407b-8c03-19fbb7ce043a|linux_auto_disable_on_write_parser created output: None
2025/07/24 15:19:37|INFO    |884:(ThreadPoolExecutor-0_0)|adaptive_policy|ACTION_ID: 7cc91776-f29c-407b-8c03-19fbb7ce043a|{'apex': [], 'persistence': {'auto_disable_agent': {}, 'edr_archive_parser': {}, 'syslog_parser': {'last_scan': -2191296957.0}, 'net_collector': {}, 'linux_auto_disable_on_write_parser': {'trapsd_avg_cpu': 0.625535935014053}}, 'output_settings': '{\n"agentDisabledByAdaptivePolicy": false\n}', 'last_analysis': 1753381177}
2025/07/24 15:34:46|INFO    |884:(ThreadPoolExecutor-0_0)|adaptive_policy|ACTION_ID: 7cc91776-f29c-407b-8c03-19fbb7ce043a|Starting adaptive policy engine with kwargs: {}
2025/07/24 15:34:46|INFO    |884:(ThreadPoolExecutor-0_0)|adaptive_policy_utils|ACTION_ID: 7cc91776-f29c-407b-8c03-19fbb7ce043a|Detected traps version: 8.8.0.133595
2025/07/24 15:34:46|INFO    |884:(ThreadPoolExecutor-0_0)|adaptive_policy|ACTION_ID: 7cc91776-f29c-407b-8c03-19fbb7ce043a|{'adaptive_policy_interval': 900}
2025/07/24 15:34:46|INFO    |884:(ThreadPoolExecutor-0_0)|adaptive_policy|ACTION_ID: 7cc91776-f29c-407b-8c03-19fbb7ce043a|Set value of adaptive_policy_interval to 900
2025/07/24 15:34:46|INFO    |884:(ThreadPoolExecutor-0_0)|adaptive_policy|ACTION_ID: 7cc91776-f29c-407b-8c03-19fbb7ce043a|last analysis timestamp: Thursday, July 24, 2025 at 03:19:37 PM
2025/07/24 15:34:46|INFO    |884:(ThreadPoolExecutor-0_0)|adaptive_policy|ACTION_ID: 7cc91776-f29c-407b-8c03-19fbb7ce043a|High resolution mode: False
2025/07/24 15:34:46|INFO    |884:(ThreadPoolExecutor-0_0)|adaptive_policy|ACTION_ID: 7cc91776-f29c-407b-8c03-19fbb7ce043a|Time elapsed since the previous normal mode execution: 909 seconds
2025/07/24 15:34:46|INFO    |884:(ThreadPoolExecutor-0_0)|adaptive_policy|ACTION_ID: 7cc91776-f29c-407b-8c03-19fbb7ce043a|Adaptive policy normal operation mode interval: 900
2025/07/24 15:34:46|INFO    |884:(ThreadPoolExecutor-0_0)|adaptive_policy|ACTION_ID: 7cc91776-f29c-407b-8c03-19fbb7ce043a|Adaptive policy normal mode is: ENABLED
2025/07/24 15:34:46|INFO    |884:(ThreadPoolExecutor-0_0)|adaptive_policy|ACTION_ID: 7cc91776-f29c-407b-8c03-19fbb7ce043a|Adding normal operation mode parser
2025/07/24 15:34:46|INFO    |884:(ThreadPoolExecutor-0_0)|adaptive_policy|ACTION_ID: 7cc91776-f29c-407b-8c03-19fbb7ce043a|Found 1 statistics components to analyze
2025/07/24 15:34:46|INFO    |884:(ThreadPoolExecutor-0_0)|adaptive_policy|ACTION_ID: 7cc91776-f29c-407b-8c03-19fbb7ce043a|Running parser: auto_disable_agent
2025/07/24 15:34:46|INFO    |884:(ThreadPoolExecutor-0_0)|adaptive_policy_utils|ACTION_ID: 7cc91776-f29c-407b-8c03-19fbb7ce043a|Detected traps version: 8.8.0.133595
2025/07/24 15:34:46|INFO    |884:(ThreadPoolExecutor-0_0)|auto_disable_parser|ACTION_ID: 7cc91776-f29c-407b-8c03-19fbb7ce043a|Trapsd average CPU usage - normalized 0.6278766129743902
2025/07/24 15:34:46|INFO    |884:(ThreadPoolExecutor-0_0)|auto_disable_parser|ACTION_ID: 7cc91776-f29c-407b-8c03-19fbb7ce043a|Trapsd average CPU usage 0.6278766129743902
2025/07/24 15:34:46|INFO    |884:(ThreadPoolExecutor-0_0)|auto_disable_parser|ACTION_ID: 7cc91776-f29c-407b-8c03-19fbb7ce043a|Agent in normal state and CPU is normal, waiting for next iteration.
2025/07/24 15:34:46|INFO    |884:(ThreadPoolExecutor-0_0)|auto_disable_parser|ACTION_ID: 7cc91776-f29c-407b-8c03-19fbb7ce043a|trapsd private memory usage 272,019,456
2025/07/24 15:34:46|INFO    |884:(ThreadPoolExecutor-0_0)|auto_disable_parser|ACTION_ID: 7cc91776-f29c-407b-8c03-19fbb7ce043a|Agent in normal state and Memory is normal, waiting for next iteration.
2025/07/24 15:34:46|INFO    |884:(ThreadPoolExecutor-0_0)|adaptive_policy|ACTION_ID: 7cc91776-f29c-407b-8c03-19fbb7ce043a|auto_disable_agent created output: None
2025/07/24 15:34:46|INFO    |884:(ThreadPoolExecutor-0_0)|adaptive_policy|ACTION_ID: 7cc91776-f29c-407b-8c03-19fbb7ce043a|Running parser: edr_archive_parser
2025/07/24 15:34:46|INFO    |884:(ThreadPoolExecutor-0_0)|edr_archive_parser|ACTION_ID: 7cc91776-f29c-407b-8c03-19fbb7ce043a|EDR Archive size: 0.0mb
2025/07/24 15:34:46|INFO    |884:(ThreadPoolExecutor-0_0)|adaptive_policy|ACTION_ID: 7cc91776-f29c-407b-8c03-19fbb7ce043a|edr_archive_parser created output: None
2025/07/24 15:34:46|INFO    |884:(ThreadPoolExecutor-0_0)|adaptive_policy|ACTION_ID: 7cc91776-f29c-407b-8c03-19fbb7ce043a|Running parser: syslog_parser
2025/07/24 15:34:46|INFO    |884:(ThreadPoolExecutor-0_0)|adaptive_policy_utils|ACTION_ID: 7cc91776-f29c-407b-8c03-19fbb7ce043a|Detected traps version: 8.8.0.133595
2025/07/24 15:34:46|INFO    |884:(ThreadPoolExecutor-0_0)|syslog_parser|ACTION_ID: 7cc91776-f29c-407b-8c03-19fbb7ce043a|Injected processes list: ['wickedd-dhcp6', 'couriertcpd', 'pmmasterd', 'authproxy', 'lighttpd', 'tinyproxy', 'mailman', 'wickedd-dhcp4', 'chronyd', 'apache2', 'xinetd', 'named', 'dovecot', 'samba', 'proftpd', 'charon', 'smbd', 'qmgr', 'ndsd', 'ibserver', 'cupsd', 'nscd', 'java', 'httpd', 'nmbd', 'mysqld', 'cyrus_pop3d', 'kamailio', 'pop2d', 'exim', 'pop3d', 'saned', 'squid', 'apache', 'danted', 'mongod', 'vsftpd', 'smartd', 'mysqld_safe', 'starter', 'squid3']
2025/07/24 15:34:46|INFO    |884:(ThreadPoolExecutor-0_0)|syslog_parser|ACTION_ID: 7cc91776-f29c-407b-8c03-19fbb7ce043a|crash_counters: {'wickedd-dhcp6': 0, 'couriertcpd': 0, 'pmmasterd': 0, 'authproxy': 0, 'lighttpd': 0, 'tinyproxy': 0, 'mailman': 0, 'wickedd-dhcp4': 0, 'chronyd': 0, 'apache2': 0, 'xinetd': 0, 'named': 0, 'dovecot': 0, 'samba': 0, 'proftpd': 0, 'charon': 0, 'smbd': 0, 'qmgr': 0, 'ndsd': 0, 'ibserver': 0, 'cupsd': 0, 'nscd': 0, 'java': 0, 'httpd': 0, 'nmbd': 0, 'mysqld': 0, 'cyrus_pop3d': 0, 'kamailio': 0, 'pop2d': 0, 'exim': 0, 'pop3d': 0, 'saned': 0, 'squid': 0, 'apache': 0, 'danted': 0, 'mongod': 0, 'vsftpd': 0, 'smartd': 0, 'mysqld_safe': 0, 'starter': 0, 'squid3': 0}
2025/07/24 15:34:46|INFO    |884:(ThreadPoolExecutor-0_0)|syslog_parser|ACTION_ID: 7cc91776-f29c-407b-8c03-19fbb7ce043a|Dypd statistics are empty. Cannot retrieve injected processes stats
2025/07/24 15:34:46|INFO    |884:(ThreadPoolExecutor-0_0)|syslog_parser|ACTION_ID: 7cc91776-f29c-407b-8c03-19fbb7ce043a|Could not find any crash reports in statistics
2025/07/24 15:34:46|INFO    |884:(ThreadPoolExecutor-0_0)|syslog_parser|ACTION_ID: 7cc91776-f29c-407b-8c03-19fbb7ce043a|Using temporary journal file: /opt/traps/python/scripts/tmpd7nc_s1c
2025/07/24 15:34:46|INFO    |884:(ThreadPoolExecutor-0_0)|syslog_parser|ACTION_ID: 7cc91776-f29c-407b-8c03-19fbb7ce043a|Log file: /opt/traps/python/scripts/tmpd7nc_s1c detected.
2025/07/24 15:34:46|INFO    |884:(ThreadPoolExecutor-0_0)|syslog_parser|ACTION_ID: 7cc91776-f29c-407b-8c03-19fbb7ce043a|Syslog format RFC 3164 detected for line: Jul 24 11:37:04 linux-lab02 kernel: pci_bus 0000:05: resource 2 [mem 0xe7200000-0xe72fffff 64bit pref]

2025/07/24 15:34:46|INFO    |884:(ThreadPoolExecutor-0_0)|syslog_parser|ACTION_ID: 7cc91776-f29c-407b-8c03-19fbb7ce043a|Start monitor /opt/traps/python/scripts/tmpd7nc_s1c
2025/07/24 15:34:46|INFO    |884:(ThreadPoolExecutor-0_0)|syslog_parser|ACTION_ID: 7cc91776-f29c-407b-8c03-19fbb7ce043a|Stopping to read lines as iterator has maxed out
2025/07/24 15:34:46|INFO    |884:(ThreadPoolExecutor-0_0)|syslog_parser|ACTION_ID: 7cc91776-f29c-407b-8c03-19fbb7ce043a|saving last line date:: 24/07/1900 15:32:03
2025/07/24 15:34:46|INFO    |884:(ThreadPoolExecutor-0_0)|syslog_parser|ACTION_ID: 7cc91776-f29c-407b-8c03-19fbb7ce043a|17 lines scanned by parser
2025/07/24 15:34:46|INFO    |884:(ThreadPoolExecutor-0_0)|adaptive_policy|ACTION_ID: 7cc91776-f29c-407b-8c03-19fbb7ce043a|syslog_parser created output: None
2025/07/24 15:34:46|INFO    |884:(ThreadPoolExecutor-0_0)|adaptive_policy|ACTION_ID: 7cc91776-f29c-407b-8c03-19fbb7ce043a|Running parser: net_collector
2025/07/24 15:34:46|INFO    |884:(ThreadPoolExecutor-0_0)|net_collector_parser|ACTION_ID: 7cc91776-f29c-407b-8c03-19fbb7ce043a|NetCollector parser started
2025/07/24 15:34:46|INFO    |884:(ThreadPoolExecutor-0_0)|net_collector_parser|ACTION_ID: 7cc91776-f29c-407b-8c03-19fbb7ce043a|System: cpu=4.0% idle=96.0%
2025/07/24 15:34:46|INFO    |884:(ThreadPoolExecutor-0_0)|net_collector_parser|ACTION_ID: 7cc91776-f29c-407b-8c03-19fbb7ce043a|Thread CloudMetadata: cpu=0%
2025/07/24 15:34:46|INFO    |884:(ThreadPoolExecutor-0_0)|net_collector_parser|ACTION_ID: 7cc91776-f29c-407b-8c03-19fbb7ce043a|Thread InjectedProcesses: cpu=0%
2025/07/24 15:34:46|INFO    |884:(ThreadPoolExecutor-0_0)|net_collector_parser|ACTION_ID: 7cc91776-f29c-407b-8c03-19fbb7ce043a|Thread clad: cpu=0%
2025/07/24 15:34:46|INFO    |884:(ThreadPoolExecutor-0_0)|net_collector_parser|ACTION_ID: 7cc91776-f29c-407b-8c03-19fbb7ce043a|Thread dypdng: cpu=0%
2025/07/24 15:34:46|INFO    |884:(ThreadPoolExecutor-0_0)|net_collector_parser|ACTION_ID: 7cc91776-f29c-407b-8c03-19fbb7ce043a|Thread pmd: cpu=0%
2025/07/24 15:34:46|INFO    |884:(ThreadPoolExecutor-0_0)|net_collector_parser|ACTION_ID: 7cc91776-f29c-407b-8c03-19fbb7ce043a|Thread pyxd: cpu=0%
2025/07/24 15:34:46|INFO    |884:(ThreadPoolExecutor-0_0)|net_collector_parser|ACTION_ID: 7cc91776-f29c-407b-8c03-19fbb7ce043a|Thread sandboxd: cpu=0%
2025/07/24 15:34:46|INFO    |884:(ThreadPoolExecutor-0_0)|adaptive_policy|ACTION_ID: 7cc91776-f29c-407b-8c03-19fbb7ce043a|net_collector created output: None
2025/07/24 15:34:46|INFO    |884:(ThreadPoolExecutor-0_0)|adaptive_policy|ACTION_ID: 7cc91776-f29c-407b-8c03-19fbb7ce043a|Running parser: linux_auto_disable_on_write_parser
2025/07/24 15:34:46|INFO    |884:(ThreadPoolExecutor-0_0)|adaptive_policy_utils|ACTION_ID: 7cc91776-f29c-407b-8c03-19fbb7ce043a|Detected traps version: 8.8.0.133595
2025/07/24 15:34:46|INFO    |884:(ThreadPoolExecutor-0_0)|linux_auto_disable_on_write_parser|ACTION_ID: 7cc91776-f29c-407b-8c03-19fbb7ce043a|CPU is normal, waiting for next iteration.
2025/07/24 15:34:46|INFO    |884:(ThreadPoolExecutor-0_0)|adaptive_policy|ACTION_ID: 7cc91776-f29c-407b-8c03-19fbb7ce043a|linux_auto_disable_on_write_parser created output: None
2025/07/24 15:34:46|INFO    |884:(ThreadPoolExecutor-0_0)|adaptive_policy|ACTION_ID: 7cc91776-f29c-407b-8c03-19fbb7ce043a|{'apex': [], 'persistence': {'auto_disable_agent': {}, 'edr_archive_parser': {}, 'syslog_parser': {'last_scan': -2191296089.0}, 'net_collector': {}, 'linux_auto_disable_on_write_parser': {'trapsd_avg_cpu': 0.6278766129743902}}, 'output_settings': '{\n"agentDisabledByAdaptivePolicy": false\n}', 'last_analysis': 1753382086}
2025/07/24 15:49:47|INFO    |884:(ThreadPoolExecutor-0_0)|adaptive_policy|ACTION_ID: 7cc91776-f29c-407b-8c03-19fbb7ce043a|Starting adaptive policy engine with kwargs: {}
2025/07/24 15:49:47|INFO    |884:(ThreadPoolExecutor-0_0)|adaptive_policy_utils|ACTION_ID: 7cc91776-f29c-407b-8c03-19fbb7ce043a|Detected traps version: 8.8.0.133595
2025/07/24 15:49:47|INFO    |884:(ThreadPoolExecutor-0_0)|adaptive_policy|ACTION_ID: 7cc91776-f29c-407b-8c03-19fbb7ce043a|{'adaptive_policy_interval': 900}
2025/07/24 15:49:47|INFO    |884:(ThreadPoolExecutor-0_0)|adaptive_policy|ACTION_ID: 7cc91776-f29c-407b-8c03-19fbb7ce043a|Set value of adaptive_policy_interval to 900
2025/07/24 15:49:47|INFO    |884:(ThreadPoolExecutor-0_0)|adaptive_policy|ACTION_ID: 7cc91776-f29c-407b-8c03-19fbb7ce043a|last analysis timestamp: Thursday, July 24, 2025 at 03:34:46 PM
2025/07/24 15:49:47|INFO    |884:(ThreadPoolExecutor-0_0)|adaptive_policy|ACTION_ID: 7cc91776-f29c-407b-8c03-19fbb7ce043a|High resolution mode: False
2025/07/24 15:49:47|INFO    |884:(ThreadPoolExecutor-0_0)|adaptive_policy|ACTION_ID: 7cc91776-f29c-407b-8c03-19fbb7ce043a|Time elapsed since the previous normal mode execution: 901 seconds
2025/07/24 15:49:47|INFO    |884:(ThreadPoolExecutor-0_0)|adaptive_policy|ACTION_ID: 7cc91776-f29c-407b-8c03-19fbb7ce043a|Adaptive policy normal operation mode interval: 900
2025/07/24 15:49:47|INFO    |884:(ThreadPoolExecutor-0_0)|adaptive_policy|ACTION_ID: 7cc91776-f29c-407b-8c03-19fbb7ce043a|Adaptive policy normal mode is: ENABLED
2025/07/24 15:49:47|INFO    |884:(ThreadPoolExecutor-0_0)|adaptive_policy|ACTION_ID: 7cc91776-f29c-407b-8c03-19fbb7ce043a|Adding normal operation mode parser
2025/07/24 15:49:47|INFO    |884:(ThreadPoolExecutor-0_0)|adaptive_policy|ACTION_ID: 7cc91776-f29c-407b-8c03-19fbb7ce043a|Found 1 statistics components to analyze
2025/07/24 15:49:47|INFO    |884:(ThreadPoolExecutor-0_0)|adaptive_policy|ACTION_ID: 7cc91776-f29c-407b-8c03-19fbb7ce043a|Running parser: auto_disable_agent
2025/07/24 15:49:47|INFO    |884:(ThreadPoolExecutor-0_0)|adaptive_policy_utils|ACTION_ID: 7cc91776-f29c-407b-8c03-19fbb7ce043a|Detected traps version: 8.8.0.133595
2025/07/24 15:49:47|INFO    |884:(ThreadPoolExecutor-0_0)|auto_disable_parser|ACTION_ID: 7cc91776-f29c-407b-8c03-19fbb7ce043a|Trapsd average CPU usage - normalized 1.2941517459535055
2025/07/24 15:49:47|INFO    |884:(ThreadPoolExecutor-0_0)|auto_disable_parser|ACTION_ID: 7cc91776-f29c-407b-8c03-19fbb7ce043a|Trapsd average CPU usage 1.2941517459535055
2025/07/24 15:49:47|INFO    |884:(ThreadPoolExecutor-0_0)|auto_disable_parser|ACTION_ID: 7cc91776-f29c-407b-8c03-19fbb7ce043a|Agent in normal state and CPU is normal, waiting for next iteration.
2025/07/24 15:49:47|INFO    |884:(ThreadPoolExecutor-0_0)|auto_disable_parser|ACTION_ID: 7cc91776-f29c-407b-8c03-19fbb7ce043a|trapsd private memory usage 271,896,576
2025/07/24 15:49:47|INFO    |884:(ThreadPoolExecutor-0_0)|auto_disable_parser|ACTION_ID: 7cc91776-f29c-407b-8c03-19fbb7ce043a|Agent in normal state and Memory is normal, waiting for next iteration.
2025/07/24 15:49:47|INFO    |884:(ThreadPoolExecutor-0_0)|adaptive_policy|ACTION_ID: 7cc91776-f29c-407b-8c03-19fbb7ce043a|auto_disable_agent created output: None
2025/07/24 15:49:47|INFO    |884:(ThreadPoolExecutor-0_0)|adaptive_policy|ACTION_ID: 7cc91776-f29c-407b-8c03-19fbb7ce043a|Running parser: edr_archive_parser
2025/07/24 15:49:47|INFO    |884:(ThreadPoolExecutor-0_0)|edr_archive_parser|ACTION_ID: 7cc91776-f29c-407b-8c03-19fbb7ce043a|EDR Archive size: 0.0mb
2025/07/24 15:49:47|INFO    |884:(ThreadPoolExecutor-0_0)|adaptive_policy|ACTION_ID: 7cc91776-f29c-407b-8c03-19fbb7ce043a|edr_archive_parser created output: None
2025/07/24 15:49:47|INFO    |884:(ThreadPoolExecutor-0_0)|adaptive_policy|ACTION_ID: 7cc91776-f29c-407b-8c03-19fbb7ce043a|Running parser: syslog_parser
2025/07/24 15:49:47|INFO    |884:(ThreadPoolExecutor-0_0)|adaptive_policy_utils|ACTION_ID: 7cc91776-f29c-407b-8c03-19fbb7ce043a|Detected traps version: 8.8.0.133595
2025/07/24 15:49:47|INFO    |884:(ThreadPoolExecutor-0_0)|syslog_parser|ACTION_ID: 7cc91776-f29c-407b-8c03-19fbb7ce043a|Injected processes list: ['wickedd-dhcp6', 'couriertcpd', 'pmmasterd', 'authproxy', 'lighttpd', 'tinyproxy', 'mailman', 'wickedd-dhcp4', 'chronyd', 'apache2', 'xinetd', 'named', 'dovecot', 'samba', 'proftpd', 'charon', 'smbd', 'qmgr', 'ndsd', 'ibserver', 'cupsd', 'nscd', 'java', 'httpd', 'nmbd', 'mysqld', 'cyrus_pop3d', 'kamailio', 'pop2d', 'exim', 'pop3d', 'saned', 'squid', 'apache', 'danted', 'mongod', 'vsftpd', 'smartd', 'mysqld_safe', 'starter', 'squid3']
2025/07/24 15:49:47|INFO    |884:(ThreadPoolExecutor-0_0)|syslog_parser|ACTION_ID: 7cc91776-f29c-407b-8c03-19fbb7ce043a|crash_counters: {'wickedd-dhcp6': 0, 'couriertcpd': 0, 'pmmasterd': 0, 'authproxy': 0, 'lighttpd': 0, 'tinyproxy': 0, 'mailman': 0, 'wickedd-dhcp4': 0, 'chronyd': 0, 'apache2': 0, 'xinetd': 0, 'named': 0, 'dovecot': 0, 'samba': 0, 'proftpd': 0, 'charon': 0, 'smbd': 0, 'qmgr': 0, 'ndsd': 0, 'ibserver': 0, 'cupsd': 0, 'nscd': 0, 'java': 0, 'httpd': 0, 'nmbd': 0, 'mysqld': 0, 'cyrus_pop3d': 0, 'kamailio': 0, 'pop2d': 0, 'exim': 0, 'pop3d': 0, 'saned': 0, 'squid': 0, 'apache': 0, 'danted': 0, 'mongod': 0, 'vsftpd': 0, 'smartd': 0, 'mysqld_safe': 0, 'starter': 0, 'squid3': 0}
2025/07/24 15:49:47|INFO    |884:(ThreadPoolExecutor-0_0)|syslog_parser|ACTION_ID: 7cc91776-f29c-407b-8c03-19fbb7ce043a|Dypd statistics are empty. Cannot retrieve injected processes stats
2025/07/24 15:49:47|INFO    |884:(ThreadPoolExecutor-0_0)|syslog_parser|ACTION_ID: 7cc91776-f29c-407b-8c03-19fbb7ce043a|Could not find any crash reports in statistics
2025/07/24 15:49:47|INFO    |884:(ThreadPoolExecutor-0_0)|syslog_parser|ACTION_ID: 7cc91776-f29c-407b-8c03-19fbb7ce043a|Using temporary journal file: /opt/traps/python/scripts/tmpfd0hzjqp
2025/07/24 15:49:47|INFO    |884:(ThreadPoolExecutor-0_0)|syslog_parser|ACTION_ID: 7cc91776-f29c-407b-8c03-19fbb7ce043a|Log file: /opt/traps/python/scripts/tmpfd0hzjqp detected.
2025/07/24 15:49:47|INFO    |884:(ThreadPoolExecutor-0_0)|syslog_parser|ACTION_ID: 7cc91776-f29c-407b-8c03-19fbb7ce043a|Syslog format RFC 3164 detected for line: Jul 24 11:37:04 linux-lab02 kernel: pci_bus 0000:1c: resource 1 [mem 0xfcd00000-0xfcdfffff]

2025/07/24 15:49:47|INFO    |884:(ThreadPoolExecutor-0_0)|syslog_parser|ACTION_ID: 7cc91776-f29c-407b-8c03-19fbb7ce043a|Start monitor /opt/traps/python/scripts/tmpfd0hzjqp
2025/07/24 15:49:47|INFO    |884:(ThreadPoolExecutor-0_0)|syslog_parser|ACTION_ID: 7cc91776-f29c-407b-8c03-19fbb7ce043a|Stopping to read lines as iterator has maxed out
2025/07/24 15:49:47|INFO    |884:(ThreadPoolExecutor-0_0)|syslog_parser|ACTION_ID: 7cc91776-f29c-407b-8c03-19fbb7ce043a|saving last line date:: 24/07/1900 15:49:39
2025/07/24 15:49:47|INFO    |884:(ThreadPoolExecutor-0_0)|syslog_parser|ACTION_ID: 7cc91776-f29c-407b-8c03-19fbb7ce043a|53 lines scanned by parser
2025/07/24 15:49:47|INFO    |884:(ThreadPoolExecutor-0_0)|adaptive_policy|ACTION_ID: 7cc91776-f29c-407b-8c03-19fbb7ce043a|syslog_parser created output: None
2025/07/24 15:49:47|INFO    |884:(ThreadPoolExecutor-0_0)|adaptive_policy|ACTION_ID: 7cc91776-f29c-407b-8c03-19fbb7ce043a|Running parser: net_collector
2025/07/24 15:49:47|INFO    |884:(ThreadPoolExecutor-0_0)|net_collector_parser|ACTION_ID: 7cc91776-f29c-407b-8c03-19fbb7ce043a|NetCollector parser started
2025/07/24 15:49:47|INFO    |884:(ThreadPoolExecutor-0_0)|net_collector_parser|ACTION_ID: 7cc91776-f29c-407b-8c03-19fbb7ce043a|System: cpu=6.0% idle=94.0%
2025/07/24 15:49:47|INFO    |884:(ThreadPoolExecutor-0_0)|net_collector_parser|ACTION_ID: 7cc91776-f29c-407b-8c03-19fbb7ce043a|Thread CloudMetadata: cpu=0%
2025/07/24 15:49:47|INFO    |884:(ThreadPoolExecutor-0_0)|net_collector_parser|ACTION_ID: 7cc91776-f29c-407b-8c03-19fbb7ce043a|Thread InjectedProcesses: cpu=0%
2025/07/24 15:49:47|INFO    |884:(ThreadPoolExecutor-0_0)|net_collector_parser|ACTION_ID: 7cc91776-f29c-407b-8c03-19fbb7ce043a|Thread clad: cpu=0%
2025/07/24 15:49:47|INFO    |884:(ThreadPoolExecutor-0_0)|net_collector_parser|ACTION_ID: 7cc91776-f29c-407b-8c03-19fbb7ce043a|Thread dypdng: cpu=0%
2025/07/24 15:49:47|INFO    |884:(ThreadPoolExecutor-0_0)|net_collector_parser|ACTION_ID: 7cc91776-f29c-407b-8c03-19fbb7ce043a|Thread pmd: cpu=1.0%
2025/07/24 15:49:47|INFO    |884:(ThreadPoolExecutor-0_0)|net_collector_parser|ACTION_ID: 7cc91776-f29c-407b-8c03-19fbb7ce043a|Thread pyxd: cpu=0%
2025/07/24 15:49:47|INFO    |884:(ThreadPoolExecutor-0_0)|net_collector_parser|ACTION_ID: 7cc91776-f29c-407b-8c03-19fbb7ce043a|Thread sandboxd: cpu=0%
2025/07/24 15:49:47|INFO    |884:(ThreadPoolExecutor-0_0)|adaptive_policy|ACTION_ID: 7cc91776-f29c-407b-8c03-19fbb7ce043a|net_collector created output: None
2025/07/24 15:49:47|INFO    |884:(ThreadPoolExecutor-0_0)|adaptive_policy|ACTION_ID: 7cc91776-f29c-407b-8c03-19fbb7ce043a|Running parser: linux_auto_disable_on_write_parser
2025/07/24 15:49:47|INFO    |884:(ThreadPoolExecutor-0_0)|adaptive_policy_utils|ACTION_ID: 7cc91776-f29c-407b-8c03-19fbb7ce043a|Detected traps version: 8.8.0.133595
2025/07/24 15:49:47|INFO    |884:(ThreadPoolExecutor-0_0)|linux_auto_disable_on_write_parser|ACTION_ID: 7cc91776-f29c-407b-8c03-19fbb7ce043a|CPU is normal, waiting for next iteration.
2025/07/24 15:49:47|INFO    |884:(ThreadPoolExecutor-0_0)|adaptive_policy|ACTION_ID: 7cc91776-f29c-407b-8c03-19fbb7ce043a|linux_auto_disable_on_write_parser created output: None
2025/07/24 15:49:47|INFO    |884:(ThreadPoolExecutor-0_0)|adaptive_policy|ACTION_ID: 7cc91776-f29c-407b-8c03-19fbb7ce043a|{'apex': [], 'persistence': {'auto_disable_agent': {}, 'edr_archive_parser': {}, 'syslog_parser': {'last_scan': -2191295033.0}, 'net_collector': {}, 'linux_auto_disable_on_write_parser': {'trapsd_avg_cpu': 1.2941517459535055}}, 'output_settings': '{\n"agentDisabledByAdaptivePolicy": false\n}', 'last_analysis': 1753382987}
2025/07/24 16:04:47|INFO    |884:(ThreadPoolExecutor-0_0)|adaptive_policy|ACTION_ID: 7cc91776-f29c-407b-8c03-19fbb7ce043a|Starting adaptive policy engine with kwargs: {}
2025/07/24 16:04:47|INFO    |884:(ThreadPoolExecutor-0_0)|adaptive_policy_utils|ACTION_ID: 7cc91776-f29c-407b-8c03-19fbb7ce043a|Detected traps version: 8.8.0.133595
2025/07/24 16:04:47|INFO    |884:(ThreadPoolExecutor-0_0)|adaptive_policy|ACTION_ID: 7cc91776-f29c-407b-8c03-19fbb7ce043a|{'adaptive_policy_interval': 900}
2025/07/24 16:04:47|INFO    |884:(ThreadPoolExecutor-0_0)|adaptive_policy|ACTION_ID: 7cc91776-f29c-407b-8c03-19fbb7ce043a|Set value of adaptive_policy_interval to 900
2025/07/24 16:04:47|INFO    |884:(ThreadPoolExecutor-0_0)|adaptive_policy|ACTION_ID: 7cc91776-f29c-407b-8c03-19fbb7ce043a|last analysis timestamp: Thursday, July 24, 2025 at 03:49:47 PM
2025/07/24 16:04:47|INFO    |884:(ThreadPoolExecutor-0_0)|adaptive_policy|ACTION_ID: 7cc91776-f29c-407b-8c03-19fbb7ce043a|High resolution mode: False
2025/07/24 16:04:47|INFO    |884:(ThreadPoolExecutor-0_0)|adaptive_policy|ACTION_ID: 7cc91776-f29c-407b-8c03-19fbb7ce043a|Time elapsed since the previous normal mode execution: 900 seconds
2025/07/24 16:04:47|INFO    |884:(ThreadPoolExecutor-0_0)|adaptive_policy|ACTION_ID: 7cc91776-f29c-407b-8c03-19fbb7ce043a|Adaptive policy normal operation mode interval: 900
2025/07/24 16:04:47|INFO    |884:(ThreadPoolExecutor-0_0)|adaptive_policy|ACTION_ID: 7cc91776-f29c-407b-8c03-19fbb7ce043a|Adaptive policy normal mode is: ENABLED
2025/07/24 16:04:47|INFO    |884:(ThreadPoolExecutor-0_0)|adaptive_policy|ACTION_ID: 7cc91776-f29c-407b-8c03-19fbb7ce043a|Adding normal operation mode parser
2025/07/24 16:04:47|INFO    |884:(ThreadPoolExecutor-0_0)|adaptive_policy|ACTION_ID: 7cc91776-f29c-407b-8c03-19fbb7ce043a|Found 1 statistics components to analyze
2025/07/24 16:04:47|INFO    |884:(ThreadPoolExecutor-0_0)|adaptive_policy|ACTION_ID: 7cc91776-f29c-407b-8c03-19fbb7ce043a|Running parser: auto_disable_agent
2025/07/24 16:04:47|INFO    |884:(ThreadPoolExecutor-0_0)|adaptive_policy_utils|ACTION_ID: 7cc91776-f29c-407b-8c03-19fbb7ce043a|Detected traps version: 8.8.0.133595
2025/07/24 16:04:47|INFO    |884:(ThreadPoolExecutor-0_0)|auto_disable_parser|ACTION_ID: 7cc91776-f29c-407b-8c03-19fbb7ce043a|Trapsd average CPU usage - normalized 0.824475327899591
2025/07/24 16:04:47|INFO    |884:(ThreadPoolExecutor-0_0)|auto_disable_parser|ACTION_ID: 7cc91776-f29c-407b-8c03-19fbb7ce043a|Trapsd average CPU usage 0.824475327899591
2025/07/24 16:04:47|INFO    |884:(ThreadPoolExecutor-0_0)|auto_disable_parser|ACTION_ID: 7cc91776-f29c-407b-8c03-19fbb7ce043a|Agent in normal state and CPU is normal, waiting for next iteration.
2025/07/24 16:04:47|INFO    |884:(ThreadPoolExecutor-0_0)|auto_disable_parser|ACTION_ID: 7cc91776-f29c-407b-8c03-19fbb7ce043a|trapsd private memory usage 270,974,976
2025/07/24 16:04:47|INFO    |884:(ThreadPoolExecutor-0_0)|auto_disable_parser|ACTION_ID: 7cc91776-f29c-407b-8c03-19fbb7ce043a|Agent in normal state and Memory is normal, waiting for next iteration.
2025/07/24 16:04:47|INFO    |884:(ThreadPoolExecutor-0_0)|adaptive_policy|ACTION_ID: 7cc91776-f29c-407b-8c03-19fbb7ce043a|auto_disable_agent created output: None
2025/07/24 16:04:47|INFO    |884:(ThreadPoolExecutor-0_0)|adaptive_policy|ACTION_ID: 7cc91776-f29c-407b-8c03-19fbb7ce043a|Running parser: edr_archive_parser
2025/07/24 16:04:47|INFO    |884:(ThreadPoolExecutor-0_0)|edr_archive_parser|ACTION_ID: 7cc91776-f29c-407b-8c03-19fbb7ce043a|EDR Archive size: 0.0mb
2025/07/24 16:04:47|INFO    |884:(ThreadPoolExecutor-0_0)|adaptive_policy|ACTION_ID: 7cc91776-f29c-407b-8c03-19fbb7ce043a|edr_archive_parser created output: None
2025/07/24 16:04:47|INFO    |884:(ThreadPoolExecutor-0_0)|adaptive_policy|ACTION_ID: 7cc91776-f29c-407b-8c03-19fbb7ce043a|Running parser: syslog_parser
2025/07/24 16:04:47|INFO    |884:(ThreadPoolExecutor-0_0)|adaptive_policy_utils|ACTION_ID: 7cc91776-f29c-407b-8c03-19fbb7ce043a|Detected traps version: 8.8.0.133595
2025/07/24 16:04:47|INFO    |884:(ThreadPoolExecutor-0_0)|syslog_parser|ACTION_ID: 7cc91776-f29c-407b-8c03-19fbb7ce043a|Injected processes list: ['wickedd-dhcp6', 'couriertcpd', 'pmmasterd', 'authproxy', 'lighttpd', 'tinyproxy', 'mailman', 'wickedd-dhcp4', 'chronyd', 'apache2', 'xinetd', 'named', 'dovecot', 'samba', 'proftpd', 'charon', 'smbd', 'qmgr', 'ndsd', 'ibserver', 'cupsd', 'nscd', 'java', 'httpd', 'nmbd', 'mysqld', 'cyrus_pop3d', 'kamailio', 'pop2d', 'exim', 'pop3d', 'saned', 'squid', 'apache', 'danted', 'mongod', 'vsftpd', 'smartd', 'mysqld_safe', 'starter', 'squid3']
2025/07/24 16:04:47|INFO    |884:(ThreadPoolExecutor-0_0)|syslog_parser|ACTION_ID: 7cc91776-f29c-407b-8c03-19fbb7ce043a|crash_counters: {'wickedd-dhcp6': 0, 'couriertcpd': 0, 'pmmasterd': 0, 'authproxy': 0, 'lighttpd': 0, 'tinyproxy': 0, 'mailman': 0, 'wickedd-dhcp4': 0, 'chronyd': 0, 'apache2': 0, 'xinetd': 0, 'named': 0, 'dovecot': 0, 'samba': 0, 'proftpd': 0, 'charon': 0, 'smbd': 0, 'qmgr': 0, 'ndsd': 0, 'ibserver': 0, 'cupsd': 0, 'nscd': 0, 'java': 0, 'httpd': 0, 'nmbd': 0, 'mysqld': 0, 'cyrus_pop3d': 0, 'kamailio': 0, 'pop2d': 0, 'exim': 0, 'pop3d': 0, 'saned': 0, 'squid': 0, 'apache': 0, 'danted': 0, 'mongod': 0, 'vsftpd': 0, 'smartd': 0, 'mysqld_safe': 0, 'starter': 0, 'squid3': 0}
2025/07/24 16:04:47|INFO    |884:(ThreadPoolExecutor-0_0)|syslog_parser|ACTION_ID: 7cc91776-f29c-407b-8c03-19fbb7ce043a|Dypd statistics are empty. Cannot retrieve injected processes stats
2025/07/24 16:04:47|INFO    |884:(ThreadPoolExecutor-0_0)|syslog_parser|ACTION_ID: 7cc91776-f29c-407b-8c03-19fbb7ce043a|Could not find any crash reports in statistics
2025/07/24 16:04:47|INFO    |884:(ThreadPoolExecutor-0_0)|syslog_parser|ACTION_ID: 7cc91776-f29c-407b-8c03-19fbb7ce043a|Using temporary journal file: /opt/traps/python/scripts/tmp9mtgb2z9
2025/07/24 16:04:47|INFO    |884:(ThreadPoolExecutor-0_0)|syslog_parser|ACTION_ID: 7cc91776-f29c-407b-8c03-19fbb7ce043a|Log file: /opt/traps/python/scripts/tmp9mtgb2z9 detected.
2025/07/24 16:04:47|INFO    |884:(ThreadPoolExecutor-0_0)|syslog_parser|ACTION_ID: 7cc91776-f29c-407b-8c03-19fbb7ce043a|Syslog format RFC 3164 detected for line: Jul 24 11:37:04 linux-lab02 kernel: pcieport 0000:00:17.5: PME: Signaling with IRQ 45

2025/07/24 16:04:47|INFO    |884:(ThreadPoolExecutor-0_0)|syslog_parser|ACTION_ID: 7cc91776-f29c-407b-8c03-19fbb7ce043a|Start monitor /opt/traps/python/scripts/tmp9mtgb2z9
2025/07/24 16:04:47|INFO    |884:(ThreadPoolExecutor-0_0)|syslog_parser|ACTION_ID: 7cc91776-f29c-407b-8c03-19fbb7ce043a|Stopping to read lines as iterator has maxed out
2025/07/24 16:04:47|INFO    |884:(ThreadPoolExecutor-0_0)|syslog_parser|ACTION_ID: 7cc91776-f29c-407b-8c03-19fbb7ce043a|saving last line date:: 24/07/1900 16:03:20
2025/07/24 16:04:47|INFO    |884:(ThreadPoolExecutor-0_0)|syslog_parser|ACTION_ID: 7cc91776-f29c-407b-8c03-19fbb7ce043a|73 lines scanned by parser
2025/07/24 16:04:47|INFO    |884:(ThreadPoolExecutor-0_0)|adaptive_policy|ACTION_ID: 7cc91776-f29c-407b-8c03-19fbb7ce043a|syslog_parser created output: None
2025/07/24 16:04:47|INFO    |884:(ThreadPoolExecutor-0_0)|adaptive_policy|ACTION_ID: 7cc91776-f29c-407b-8c03-19fbb7ce043a|Running parser: net_collector
2025/07/24 16:04:47|INFO    |884:(ThreadPoolExecutor-0_0)|net_collector_parser|ACTION_ID: 7cc91776-f29c-407b-8c03-19fbb7ce043a|NetCollector parser started
2025/07/24 16:04:47|INFO    |884:(ThreadPoolExecutor-0_0)|net_collector_parser|ACTION_ID: 7cc91776-f29c-407b-8c03-19fbb7ce043a|System: cpu=7.0% idle=93.0%
2025/07/24 16:04:47|INFO    |884:(ThreadPoolExecutor-0_0)|net_collector_parser|ACTION_ID: 7cc91776-f29c-407b-8c03-19fbb7ce043a|Thread CloudMetadata: cpu=0%
2025/07/24 16:04:47|INFO    |884:(ThreadPoolExecutor-0_0)|net_collector_parser|ACTION_ID: 7cc91776-f29c-407b-8c03-19fbb7ce043a|Thread InjectedProcesses: cpu=0%
2025/07/24 16:04:47|INFO    |884:(ThreadPoolExecutor-0_0)|net_collector_parser|ACTION_ID: 7cc91776-f29c-407b-8c03-19fbb7ce043a|Thread clad: cpu=0%
2025/07/24 16:04:47|INFO    |884:(ThreadPoolExecutor-0_0)|net_collector_parser|ACTION_ID: 7cc91776-f29c-407b-8c03-19fbb7ce043a|Thread dypdng: cpu=0%
2025/07/24 16:04:47|INFO    |884:(ThreadPoolExecutor-0_0)|net_collector_parser|ACTION_ID: 7cc91776-f29c-407b-8c03-19fbb7ce043a|Thread pmd: cpu=0%
2025/07/24 16:04:47|INFO    |884:(ThreadPoolExecutor-0_0)|net_collector_parser|ACTION_ID: 7cc91776-f29c-407b-8c03-19fbb7ce043a|Thread pyxd: cpu=0%
2025/07/24 16:04:47|INFO    |884:(ThreadPoolExecutor-0_0)|net_collector_parser|ACTION_ID: 7cc91776-f29c-407b-8c03-19fbb7ce043a|Thread sandboxd: cpu=0%
2025/07/24 16:04:47|INFO    |884:(ThreadPoolExecutor-0_0)|adaptive_policy|ACTION_ID: 7cc91776-f29c-407b-8c03-19fbb7ce043a|net_collector created output: None
2025/07/24 16:04:47|INFO    |884:(ThreadPoolExecutor-0_0)|adaptive_policy|ACTION_ID: 7cc91776-f29c-407b-8c03-19fbb7ce043a|Running parser: linux_auto_disable_on_write_parser
2025/07/24 16:04:47|INFO    |884:(ThreadPoolExecutor-0_0)|adaptive_policy_utils|ACTION_ID: 7cc91776-f29c-407b-8c03-19fbb7ce043a|Detected traps version: 8.8.0.133595
2025/07/24 16:04:47|INFO    |884:(ThreadPoolExecutor-0_0)|linux_auto_disable_on_write_parser|ACTION_ID: 7cc91776-f29c-407b-8c03-19fbb7ce043a|CPU is normal, waiting for next iteration.
2025/07/24 16:04:47|INFO    |884:(ThreadPoolExecutor-0_0)|adaptive_policy|ACTION_ID: 7cc91776-f29c-407b-8c03-19fbb7ce043a|linux_auto_disable_on_write_parser created output: None
2025/07/24 16:04:47|INFO    |884:(ThreadPoolExecutor-0_0)|adaptive_policy|ACTION_ID: 7cc91776-f29c-407b-8c03-19fbb7ce043a|{'apex': [], 'persistence': {'auto_disable_agent': {}, 'edr_archive_parser': {}, 'syslog_parser': {'last_scan': -2191294212.0}, 'net_collector': {}, 'linux_auto_disable_on_write_parser': {'trapsd_avg_cpu': 0.824475327899591}}, 'output_settings': '{\n"agentDisabledByAdaptivePolicy": false\n}', 'last_analysis': 1753383887}
2025/07/24 16:19:47|INFO    |884:(ThreadPoolExecutor-0_0)|adaptive_policy|ACTION_ID: 7cc91776-f29c-407b-8c03-19fbb7ce043a|Starting adaptive policy engine with kwargs: {}
2025/07/24 16:19:47|INFO    |884:(ThreadPoolExecutor-0_0)|adaptive_policy_utils|ACTION_ID: 7cc91776-f29c-407b-8c03-19fbb7ce043a|Detected traps version: 8.8.0.133595
2025/07/24 16:19:47|INFO    |884:(ThreadPoolExecutor-0_0)|adaptive_policy|ACTION_ID: 7cc91776-f29c-407b-8c03-19fbb7ce043a|{'adaptive_policy_interval': 900}
2025/07/24 16:19:47|INFO    |884:(ThreadPoolExecutor-0_0)|adaptive_policy|ACTION_ID: 7cc91776-f29c-407b-8c03-19fbb7ce043a|Set value of adaptive_policy_interval to 900
2025/07/24 16:19:47|INFO    |884:(ThreadPoolExecutor-0_0)|adaptive_policy|ACTION_ID: 7cc91776-f29c-407b-8c03-19fbb7ce043a|last analysis timestamp: Thursday, July 24, 2025 at 04:04:47 PM
2025/07/24 16:19:47|INFO    |884:(ThreadPoolExecutor-0_0)|adaptive_policy|ACTION_ID: 7cc91776-f29c-407b-8c03-19fbb7ce043a|High resolution mode: False
2025/07/24 16:19:47|INFO    |884:(ThreadPoolExecutor-0_0)|adaptive_policy|ACTION_ID: 7cc91776-f29c-407b-8c03-19fbb7ce043a|Time elapsed since the previous normal mode execution: 900 seconds
2025/07/24 16:19:47|INFO    |884:(ThreadPoolExecutor-0_0)|adaptive_policy|ACTION_ID: 7cc91776-f29c-407b-8c03-19fbb7ce043a|Adaptive policy normal operation mode interval: 900
2025/07/24 16:19:47|INFO    |884:(ThreadPoolExecutor-0_0)|adaptive_policy|ACTION_ID: 7cc91776-f29c-407b-8c03-19fbb7ce043a|Adaptive policy normal mode is: ENABLED
2025/07/24 16:19:47|INFO    |884:(ThreadPoolExecutor-0_0)|adaptive_policy|ACTION_ID: 7cc91776-f29c-407b-8c03-19fbb7ce043a|Adding normal operation mode parser
2025/07/24 16:19:47|INFO    |884:(ThreadPoolExecutor-0_0)|adaptive_policy|ACTION_ID: 7cc91776-f29c-407b-8c03-19fbb7ce043a|Found 1 statistics components to analyze
2025/07/24 16:19:47|INFO    |884:(ThreadPoolExecutor-0_0)|adaptive_policy|ACTION_ID: 7cc91776-f29c-407b-8c03-19fbb7ce043a|Running parser: auto_disable_agent
2025/07/24 16:19:47|INFO    |884:(ThreadPoolExecutor-0_0)|adaptive_policy_utils|ACTION_ID: 7cc91776-f29c-407b-8c03-19fbb7ce043a|Detected traps version: 8.8.0.133595
2025/07/24 16:19:47|INFO    |884:(ThreadPoolExecutor-0_0)|auto_disable_parser|ACTION_ID: 7cc91776-f29c-407b-8c03-19fbb7ce043a|Trapsd average CPU usage - normalized 1.0069067856425735
2025/07/24 16:19:47|INFO    |884:(ThreadPoolExecutor-0_0)|auto_disable_parser|ACTION_ID: 7cc91776-f29c-407b-8c03-19fbb7ce043a|Trapsd average CPU usage 1.0069067856425735
2025/07/24 16:19:47|INFO    |884:(ThreadPoolExecutor-0_0)|auto_disable_parser|ACTION_ID: 7cc91776-f29c-407b-8c03-19fbb7ce043a|Agent in normal state and CPU is normal, waiting for next iteration.
2025/07/24 16:19:47|INFO    |884:(ThreadPoolExecutor-0_0)|auto_disable_parser|ACTION_ID: 7cc91776-f29c-407b-8c03-19fbb7ce043a|trapsd private memory usage 285,700,096
2025/07/24 16:19:47|INFO    |884:(ThreadPoolExecutor-0_0)|auto_disable_parser|ACTION_ID: 7cc91776-f29c-407b-8c03-19fbb7ce043a|Agent in normal state and Memory is normal, waiting for next iteration.
2025/07/24 16:19:47|INFO    |884:(ThreadPoolExecutor-0_0)|adaptive_policy|ACTION_ID: 7cc91776-f29c-407b-8c03-19fbb7ce043a|auto_disable_agent created output: None
2025/07/24 16:19:47|INFO    |884:(ThreadPoolExecutor-0_0)|adaptive_policy|ACTION_ID: 7cc91776-f29c-407b-8c03-19fbb7ce043a|Running parser: edr_archive_parser
2025/07/24 16:19:47|INFO    |884:(ThreadPoolExecutor-0_0)|edr_archive_parser|ACTION_ID: 7cc91776-f29c-407b-8c03-19fbb7ce043a|EDR Archive size: 0.0mb
2025/07/24 16:19:47|INFO    |884:(ThreadPoolExecutor-0_0)|adaptive_policy|ACTION_ID: 7cc91776-f29c-407b-8c03-19fbb7ce043a|edr_archive_parser created output: None
2025/07/24 16:19:47|INFO    |884:(ThreadPoolExecutor-0_0)|adaptive_policy|ACTION_ID: 7cc91776-f29c-407b-8c03-19fbb7ce043a|Running parser: syslog_parser
2025/07/24 16:19:47|INFO    |884:(ThreadPoolExecutor-0_0)|adaptive_policy_utils|ACTION_ID: 7cc91776-f29c-407b-8c03-19fbb7ce043a|Detected traps version: 8.8.0.133595
2025/07/24 16:19:47|INFO    |884:(ThreadPoolExecutor-0_0)|syslog_parser|ACTION_ID: 7cc91776-f29c-407b-8c03-19fbb7ce043a|Injected processes list: ['wickedd-dhcp6', 'couriertcpd', 'pmmasterd', 'authproxy', 'lighttpd', 'tinyproxy', 'mailman', 'wickedd-dhcp4', 'chronyd', 'apache2', 'xinetd', 'named', 'dovecot', 'samba', 'proftpd', 'charon', 'smbd', 'qmgr', 'ndsd', 'ibserver', 'cupsd', 'nscd', 'java', 'httpd', 'nmbd', 'mysqld', 'cyrus_pop3d', 'kamailio', 'pop2d', 'exim', 'pop3d', 'saned', 'squid', 'apache', 'danted', 'mongod', 'vsftpd', 'smartd', 'mysqld_safe', 'starter', 'squid3']
2025/07/24 16:19:47|INFO    |884:(ThreadPoolExecutor-0_0)|syslog_parser|ACTION_ID: 7cc91776-f29c-407b-8c03-19fbb7ce043a|crash_counters: {'wickedd-dhcp6': 0, 'couriertcpd': 0, 'pmmasterd': 0, 'authproxy': 0, 'lighttpd': 0, 'tinyproxy': 0, 'mailman': 0, 'wickedd-dhcp4': 0, 'chronyd': 0, 'apache2': 0, 'xinetd': 0, 'named': 0, 'dovecot': 0, 'samba': 0, 'proftpd': 0, 'charon': 0, 'smbd': 0, 'qmgr': 0, 'ndsd': 0, 'ibserver': 0, 'cupsd': 0, 'nscd': 0, 'java': 0, 'httpd': 0, 'nmbd': 0, 'mysqld': 0, 'cyrus_pop3d': 0, 'kamailio': 0, 'pop2d': 0, 'exim': 0, 'pop3d': 0, 'saned': 0, 'squid': 0, 'apache': 0, 'danted': 0, 'mongod': 0, 'vsftpd': 0, 'smartd': 0, 'mysqld_safe': 0, 'starter': 0, 'squid3': 0}
2025/07/24 16:19:47|INFO    |884:(ThreadPoolExecutor-0_0)|syslog_parser|ACTION_ID: 7cc91776-f29c-407b-8c03-19fbb7ce043a|Dypd statistics are empty. Cannot retrieve injected processes stats
2025/07/24 16:19:47|INFO    |884:(ThreadPoolExecutor-0_0)|syslog_parser|ACTION_ID: 7cc91776-f29c-407b-8c03-19fbb7ce043a|Could not find any crash reports in statistics
2025/07/24 16:19:47|INFO    |884:(ThreadPoolExecutor-0_0)|syslog_parser|ACTION_ID: 7cc91776-f29c-407b-8c03-19fbb7ce043a|Using temporary journal file: /opt/traps/python/scripts/tmpi_127it6
2025/07/24 16:19:47|INFO    |884:(ThreadPoolExecutor-0_0)|syslog_parser|ACTION_ID: 7cc91776-f29c-407b-8c03-19fbb7ce043a|Log file: /opt/traps/python/scripts/tmpi_127it6 detected.
2025/07/24 16:19:47|INFO    |884:(ThreadPoolExecutor-0_0)|syslog_parser|ACTION_ID: 7cc91776-f29c-407b-8c03-19fbb7ce043a|Syslog format RFC 3164 detected for line: Jul 24 11:37:04 linux-lab02 kernel: rtc_cmos 00:01: registered as rtc0

2025/07/24 16:19:47|INFO    |884:(ThreadPoolExecutor-0_0)|syslog_parser|ACTION_ID: 7cc91776-f29c-407b-8c03-19fbb7ce043a|Start monitor /opt/traps/python/scripts/tmpi_127it6
2025/07/24 16:19:47|INFO    |884:(ThreadPoolExecutor-0_0)|syslog_parser|ACTION_ID: 7cc91776-f29c-407b-8c03-19fbb7ce043a|Stopping to read lines as iterator has maxed out
2025/07/24 16:19:47|INFO    |884:(ThreadPoolExecutor-0_0)|syslog_parser|ACTION_ID: 7cc91776-f29c-407b-8c03-19fbb7ce043a|saving last line date:: 24/07/1900 16:19:38
2025/07/24 16:19:47|INFO    |884:(ThreadPoolExecutor-0_0)|syslog_parser|ACTION_ID: 7cc91776-f29c-407b-8c03-19fbb7ce043a|32 lines scanned by parser
2025/07/24 16:19:47|INFO    |884:(ThreadPoolExecutor-0_0)|adaptive_policy|ACTION_ID: 7cc91776-f29c-407b-8c03-19fbb7ce043a|syslog_parser created output: None
2025/07/24 16:19:47|INFO    |884:(ThreadPoolExecutor-0_0)|adaptive_policy|ACTION_ID: 7cc91776-f29c-407b-8c03-19fbb7ce043a|Running parser: net_collector
2025/07/24 16:19:47|INFO    |884:(ThreadPoolExecutor-0_0)|net_collector_parser|ACTION_ID: 7cc91776-f29c-407b-8c03-19fbb7ce043a|NetCollector parser started
2025/07/24 16:19:47|INFO    |884:(ThreadPoolExecutor-0_0)|net_collector_parser|ACTION_ID: 7cc91776-f29c-407b-8c03-19fbb7ce043a|System: cpu=5.0% idle=95.0%
2025/07/24 16:19:47|INFO    |884:(ThreadPoolExecutor-0_0)|net_collector_parser|ACTION_ID: 7cc91776-f29c-407b-8c03-19fbb7ce043a|Thread CloudMetadata: cpu=0%
2025/07/24 16:19:47|INFO    |884:(ThreadPoolExecutor-0_0)|net_collector_parser|ACTION_ID: 7cc91776-f29c-407b-8c03-19fbb7ce043a|Thread InjectedProcesses: cpu=0%
2025/07/24 16:19:47|INFO    |884:(ThreadPoolExecutor-0_0)|net_collector_parser|ACTION_ID: 7cc91776-f29c-407b-8c03-19fbb7ce043a|Thread clad: cpu=0%
2025/07/24 16:19:47|INFO    |884:(ThreadPoolExecutor-0_0)|net_collector_parser|ACTION_ID: 7cc91776-f29c-407b-8c03-19fbb7ce043a|Thread dypdng: cpu=0%
2025/07/24 16:19:47|INFO    |884:(ThreadPoolExecutor-0_0)|net_collector_parser|ACTION_ID: 7cc91776-f29c-407b-8c03-19fbb7ce043a|Thread pmd: cpu=1.0%
2025/07/24 16:19:47|INFO    |884:(ThreadPoolExecutor-0_0)|net_collector_parser|ACTION_ID: 7cc91776-f29c-407b-8c03-19fbb7ce043a|Thread pyxd: cpu=0%
2025/07/24 16:19:47|INFO    |884:(ThreadPoolExecutor-0_0)|net_collector_parser|ACTION_ID: 7cc91776-f29c-407b-8c03-19fbb7ce043a|Thread sandboxd: cpu=0%
2025/07/24 16:19:47|INFO    |884:(ThreadPoolExecutor-0_0)|adaptive_policy|ACTION_ID: 7cc91776-f29c-407b-8c03-19fbb7ce043a|net_collector created output: None
2025/07/24 16:19:47|INFO    |884:(ThreadPoolExecutor-0_0)|adaptive_policy|ACTION_ID: 7cc91776-f29c-407b-8c03-19fbb7ce043a|Running parser: linux_auto_disable_on_write_parser
2025/07/24 16:19:47|INFO    |884:(ThreadPoolExecutor-0_0)|adaptive_policy_utils|ACTION_ID: 7cc91776-f29c-407b-8c03-19fbb7ce043a|Detected traps version: 8.8.0.133595
2025/07/24 16:19:47|INFO    |884:(ThreadPoolExecutor-0_0)|linux_auto_disable_on_write_parser|ACTION_ID: 7cc91776-f29c-407b-8c03-19fbb7ce043a|CPU is normal, waiting for next iteration.
2025/07/24 16:19:47|INFO    |884:(ThreadPoolExecutor-0_0)|adaptive_policy|ACTION_ID: 7cc91776-f29c-407b-8c03-19fbb7ce043a|linux_auto_disable_on_write_parser created output: None
2025/07/24 16:19:47|INFO    |884:(ThreadPoolExecutor-0_0)|adaptive_policy|ACTION_ID: 7cc91776-f29c-407b-8c03-19fbb7ce043a|{'apex': [], 'persistence': {'auto_disable_agent': {}, 'edr_archive_parser': {}, 'syslog_parser': {'last_scan': -2191293234.0}, 'net_collector': {}, 'linux_auto_disable_on_write_parser': {'trapsd_avg_cpu': 1.0069067856425735}}, 'output_settings': '{\n"agentDisabledByAdaptivePolicy": false\n}', 'last_analysis': 1753384787}
2025/07/24 16:34:48|INFO    |884:(ThreadPoolExecutor-0_0)|adaptive_policy|ACTION_ID: 7cc91776-f29c-407b-8c03-19fbb7ce043a|Starting adaptive policy engine with kwargs: {}
2025/07/24 16:34:48|INFO    |884:(ThreadPoolExecutor-0_0)|adaptive_policy_utils|ACTION_ID: 7cc91776-f29c-407b-8c03-19fbb7ce043a|Detected traps version: 8.8.0.133595
2025/07/24 16:34:48|INFO    |884:(ThreadPoolExecutor-0_0)|adaptive_policy|ACTION_ID: 7cc91776-f29c-407b-8c03-19fbb7ce043a|{'adaptive_policy_interval': 900}
2025/07/24 16:34:48|INFO    |884:(ThreadPoolExecutor-0_0)|adaptive_policy|ACTION_ID: 7cc91776-f29c-407b-8c03-19fbb7ce043a|Set value of adaptive_policy_interval to 900
2025/07/24 16:34:48|INFO    |884:(ThreadPoolExecutor-0_0)|adaptive_policy|ACTION_ID: 7cc91776-f29c-407b-8c03-19fbb7ce043a|last analysis timestamp: Thursday, July 24, 2025 at 04:19:47 PM
2025/07/24 16:34:48|INFO    |884:(ThreadPoolExecutor-0_0)|adaptive_policy|ACTION_ID: 7cc91776-f29c-407b-8c03-19fbb7ce043a|High resolution mode: False
2025/07/24 16:34:48|INFO    |884:(ThreadPoolExecutor-0_0)|adaptive_policy|ACTION_ID: 7cc91776-f29c-407b-8c03-19fbb7ce043a|Time elapsed since the previous normal mode execution: 901 seconds
2025/07/24 16:34:48|INFO    |884:(ThreadPoolExecutor-0_0)|adaptive_policy|ACTION_ID: 7cc91776-f29c-407b-8c03-19fbb7ce043a|Adaptive policy normal operation mode interval: 900
2025/07/24 16:34:48|INFO    |884:(ThreadPoolExecutor-0_0)|adaptive_policy|ACTION_ID: 7cc91776-f29c-407b-8c03-19fbb7ce043a|Adaptive policy normal mode is: ENABLED
2025/07/24 16:34:48|INFO    |884:(ThreadPoolExecutor-0_0)|adaptive_policy|ACTION_ID: 7cc91776-f29c-407b-8c03-19fbb7ce043a|Adding normal operation mode parser
2025/07/24 16:34:48|INFO    |884:(ThreadPoolExecutor-0_0)|adaptive_policy|ACTION_ID: 7cc91776-f29c-407b-8c03-19fbb7ce043a|Found 1 statistics components to analyze
2025/07/24 16:34:48|INFO    |884:(ThreadPoolExecutor-0_0)|adaptive_policy|ACTION_ID: 7cc91776-f29c-407b-8c03-19fbb7ce043a|Running parser: auto_disable_agent
2025/07/24 16:34:48|INFO    |884:(ThreadPoolExecutor-0_0)|adaptive_policy_utils|ACTION_ID: 7cc91776-f29c-407b-8c03-19fbb7ce043a|Detected traps version: 8.8.0.133595
2025/07/24 16:34:48|INFO    |884:(ThreadPoolExecutor-0_0)|auto_disable_parser|ACTION_ID: 7cc91776-f29c-407b-8c03-19fbb7ce043a|Trapsd average CPU usage - normalized 0.6129101145752843
2025/07/24 16:34:48|INFO    |884:(ThreadPoolExecutor-0_0)|auto_disable_parser|ACTION_ID: 7cc91776-f29c-407b-8c03-19fbb7ce043a|Trapsd average CPU usage 0.6129101145752843
2025/07/24 16:34:48|INFO    |884:(ThreadPoolExecutor-0_0)|auto_disable_parser|ACTION_ID: 7cc91776-f29c-407b-8c03-19fbb7ce043a|Agent in normal state and CPU is normal, waiting for next iteration.
2025/07/24 16:34:48|INFO    |884:(ThreadPoolExecutor-0_0)|auto_disable_parser|ACTION_ID: 7cc91776-f29c-407b-8c03-19fbb7ce043a|trapsd private memory usage 285,392,896
2025/07/24 16:34:48|INFO    |884:(ThreadPoolExecutor-0_0)|auto_disable_parser|ACTION_ID: 7cc91776-f29c-407b-8c03-19fbb7ce043a|Agent in normal state and Memory is normal, waiting for next iteration.
2025/07/24 16:34:48|INFO    |884:(ThreadPoolExecutor-0_0)|adaptive_policy|ACTION_ID: 7cc91776-f29c-407b-8c03-19fbb7ce043a|auto_disable_agent created output: None
2025/07/24 16:34:48|INFO    |884:(ThreadPoolExecutor-0_0)|adaptive_policy|ACTION_ID: 7cc91776-f29c-407b-8c03-19fbb7ce043a|Running parser: edr_archive_parser
2025/07/24 16:34:48|INFO    |884:(ThreadPoolExecutor-0_0)|edr_archive_parser|ACTION_ID: 7cc91776-f29c-407b-8c03-19fbb7ce043a|EDR Archive size: 0.0mb
2025/07/24 16:34:48|INFO    |884:(ThreadPoolExecutor-0_0)|adaptive_policy|ACTION_ID: 7cc91776-f29c-407b-8c03-19fbb7ce043a|edr_archive_parser created output: None
2025/07/24 16:34:48|INFO    |884:(ThreadPoolExecutor-0_0)|adaptive_policy|ACTION_ID: 7cc91776-f29c-407b-8c03-19fbb7ce043a|Running parser: syslog_parser
2025/07/24 16:34:48|INFO    |884:(ThreadPoolExecutor-0_0)|adaptive_policy_utils|ACTION_ID: 7cc91776-f29c-407b-8c03-19fbb7ce043a|Detected traps version: 8.8.0.133595
2025/07/24 16:34:48|INFO    |884:(ThreadPoolExecutor-0_0)|syslog_parser|ACTION_ID: 7cc91776-f29c-407b-8c03-19fbb7ce043a|Injected processes list: ['wickedd-dhcp6', 'couriertcpd', 'pmmasterd', 'authproxy', 'lighttpd', 'tinyproxy', 'mailman', 'wickedd-dhcp4', 'chronyd', 'apache2', 'xinetd', 'named', 'dovecot', 'samba', 'proftpd', 'charon', 'smbd', 'qmgr', 'ndsd', 'ibserver', 'cupsd', 'nscd', 'java', 'httpd', 'nmbd', 'mysqld', 'cyrus_pop3d', 'kamailio', 'pop2d', 'exim', 'pop3d', 'saned', 'squid', 'apache', 'danted', 'mongod', 'vsftpd', 'smartd', 'mysqld_safe', 'starter', 'squid3']
2025/07/24 16:34:48|INFO    |884:(ThreadPoolExecutor-0_0)|syslog_parser|ACTION_ID: 7cc91776-f29c-407b-8c03-19fbb7ce043a|crash_counters: {'wickedd-dhcp6': 0, 'couriertcpd': 0, 'pmmasterd': 0, 'authproxy': 0, 'lighttpd': 0, 'tinyproxy': 0, 'mailman': 0, 'wickedd-dhcp4': 0, 'chronyd': 0, 'apache2': 0, 'xinetd': 0, 'named': 0, 'dovecot': 0, 'samba': 0, 'proftpd': 0, 'charon': 0, 'smbd': 0, 'qmgr': 0, 'ndsd': 0, 'ibserver': 0, 'cupsd': 0, 'nscd': 0, 'java': 0, 'httpd': 0, 'nmbd': 0, 'mysqld': 0, 'cyrus_pop3d': 0, 'kamailio': 0, 'pop2d': 0, 'exim': 0, 'pop3d': 0, 'saned': 0, 'squid': 0, 'apache': 0, 'danted': 0, 'mongod': 0, 'vsftpd': 0, 'smartd': 0, 'mysqld_safe': 0, 'starter': 0, 'squid3': 0}
2025/07/24 16:34:48|INFO    |884:(ThreadPoolExecutor-0_0)|syslog_parser|ACTION_ID: 7cc91776-f29c-407b-8c03-19fbb7ce043a|Dypd statistics are empty. Cannot retrieve injected processes stats
2025/07/24 16:34:48|INFO    |884:(ThreadPoolExecutor-0_0)|syslog_parser|ACTION_ID: 7cc91776-f29c-407b-8c03-19fbb7ce043a|Could not find any crash reports in statistics
2025/07/24 16:34:48|INFO    |884:(ThreadPoolExecutor-0_0)|syslog_parser|ACTION_ID: 7cc91776-f29c-407b-8c03-19fbb7ce043a|Using temporary journal file: /opt/traps/python/scripts/tmpe2qfyjjx
2025/07/24 16:34:48|INFO    |884:(ThreadPoolExecutor-0_0)|syslog_parser|ACTION_ID: 7cc91776-f29c-407b-8c03-19fbb7ce043a|Log file: /opt/traps/python/scripts/tmpe2qfyjjx detected.
2025/07/24 16:34:48|INFO    |884:(ThreadPoolExecutor-0_0)|syslog_parser|ACTION_ID: 7cc91776-f29c-407b-8c03-19fbb7ce043a|Syslog format RFC 3164 detected for line: Jul 24 11:37:04 linux-lab02 kernel: ledtrig-cpu: registered to indicate activity on CPUs

2025/07/24 16:34:48|INFO    |884:(ThreadPoolExecutor-0_0)|syslog_parser|ACTION_ID: 7cc91776-f29c-407b-8c03-19fbb7ce043a|Start monitor /opt/traps/python/scripts/tmpe2qfyjjx
2025/07/24 16:34:48|INFO    |884:(ThreadPoolExecutor-0_0)|syslog_parser|ACTION_ID: 7cc91776-f29c-407b-8c03-19fbb7ce043a|Stopping to read lines as iterator has maxed out
2025/07/24 16:34:48|INFO    |884:(ThreadPoolExecutor-0_0)|syslog_parser|ACTION_ID: 7cc91776-f29c-407b-8c03-19fbb7ce043a|saving last line date:: 24/07/1900 16:26:15
2025/07/24 16:34:48|INFO    |884:(ThreadPoolExecutor-0_0)|syslog_parser|ACTION_ID: 7cc91776-f29c-407b-8c03-19fbb7ce043a|4 lines scanned by parser
2025/07/24 16:34:48|INFO    |884:(ThreadPoolExecutor-0_0)|adaptive_policy|ACTION_ID: 7cc91776-f29c-407b-8c03-19fbb7ce043a|syslog_parser created output: None
2025/07/24 16:34:48|INFO    |884:(ThreadPoolExecutor-0_0)|adaptive_policy|ACTION_ID: 7cc91776-f29c-407b-8c03-19fbb7ce043a|Running parser: net_collector
2025/07/24 16:34:48|INFO    |884:(ThreadPoolExecutor-0_0)|net_collector_parser|ACTION_ID: 7cc91776-f29c-407b-8c03-19fbb7ce043a|NetCollector parser started
2025/07/24 16:34:48|INFO    |884:(ThreadPoolExecutor-0_0)|net_collector_parser|ACTION_ID: 7cc91776-f29c-407b-8c03-19fbb7ce043a|System: cpu=5.0% idle=95.0%
2025/07/24 16:34:48|INFO    |884:(ThreadPoolExecutor-0_0)|net_collector_parser|ACTION_ID: 7cc91776-f29c-407b-8c03-19fbb7ce043a|Thread CloudMetadata: cpu=0%
2025/07/24 16:34:48|INFO    |884:(ThreadPoolExecutor-0_0)|net_collector_parser|ACTION_ID: 7cc91776-f29c-407b-8c03-19fbb7ce043a|Thread InjectedProcesses: cpu=0%
2025/07/24 16:34:48|INFO    |884:(ThreadPoolExecutor-0_0)|net_collector_parser|ACTION_ID: 7cc91776-f29c-407b-8c03-19fbb7ce043a|Thread clad: cpu=0%
2025/07/24 16:34:48|INFO    |884:(ThreadPoolExecutor-0_0)|net_collector_parser|ACTION_ID: 7cc91776-f29c-407b-8c03-19fbb7ce043a|Thread dypdng: cpu=0%
2025/07/24 16:34:48|INFO    |884:(ThreadPoolExecutor-0_0)|net_collector_parser|ACTION_ID: 7cc91776-f29c-407b-8c03-19fbb7ce043a|Thread pmd: cpu=0%
2025/07/24 16:34:48|INFO    |884:(ThreadPoolExecutor-0_0)|net_collector_parser|ACTION_ID: 7cc91776-f29c-407b-8c03-19fbb7ce043a|Thread pyxd: cpu=0%
2025/07/24 16:34:48|INFO    |884:(ThreadPoolExecutor-0_0)|net_collector_parser|ACTION_ID: 7cc91776-f29c-407b-8c03-19fbb7ce043a|Thread sandboxd: cpu=0%
2025/07/24 16:34:48|INFO    |884:(ThreadPoolExecutor-0_0)|adaptive_policy|ACTION_ID: 7cc91776-f29c-407b-8c03-19fbb7ce043a|net_collector created output: None
2025/07/24 16:34:48|INFO    |884:(ThreadPoolExecutor-0_0)|adaptive_policy|ACTION_ID: 7cc91776-f29c-407b-8c03-19fbb7ce043a|Running parser: linux_auto_disable_on_write_parser
2025/07/24 16:34:48|INFO    |884:(ThreadPoolExecutor-0_0)|adaptive_policy_utils|ACTION_ID: 7cc91776-f29c-407b-8c03-19fbb7ce043a|Detected traps version: 8.8.0.133595
2025/07/24 16:34:48|INFO    |884:(ThreadPoolExecutor-0_0)|linux_auto_disable_on_write_parser|ACTION_ID: 7cc91776-f29c-407b-8c03-19fbb7ce043a|CPU is normal, waiting for next iteration.
2025/07/24 16:34:48|INFO    |884:(ThreadPoolExecutor-0_0)|adaptive_policy|ACTION_ID: 7cc91776-f29c-407b-8c03-19fbb7ce043a|linux_auto_disable_on_write_parser created output: None
2025/07/24 16:34:48|INFO    |884:(ThreadPoolExecutor-0_0)|adaptive_policy|ACTION_ID: 7cc91776-f29c-407b-8c03-19fbb7ce043a|{'apex': [], 'persistence': {'auto_disable_agent': {}, 'edr_archive_parser': {}, 'syslog_parser': {'last_scan': -2191292837.0}, 'net_collector': {}, 'linux_auto_disable_on_write_parser': {'trapsd_avg_cpu': 0.6129101145752843}}, 'output_settings': '{\n"agentDisabledByAdaptivePolicy": false\n}', 'last_analysis': 1753385688}
2025/07/24 16:49:48|INFO    |884:(ThreadPoolExecutor-0_0)|adaptive_policy|ACTION_ID: 7cc91776-f29c-407b-8c03-19fbb7ce043a|Starting adaptive policy engine with kwargs: {}
2025/07/24 16:49:48|INFO    |884:(ThreadPoolExecutor-0_0)|adaptive_policy_utils|ACTION_ID: 7cc91776-f29c-407b-8c03-19fbb7ce043a|Detected traps version: 8.8.0.133595
2025/07/24 16:49:48|INFO    |884:(ThreadPoolExecutor-0_0)|adaptive_policy|ACTION_ID: 7cc91776-f29c-407b-8c03-19fbb7ce043a|{'adaptive_policy_interval': 900}
2025/07/24 16:49:48|INFO    |884:(ThreadPoolExecutor-0_0)|adaptive_policy|ACTION_ID: 7cc91776-f29c-407b-8c03-19fbb7ce043a|Set value of adaptive_policy_interval to 900
2025/07/24 16:49:48|INFO    |884:(ThreadPoolExecutor-0_0)|adaptive_policy|ACTION_ID: 7cc91776-f29c-407b-8c03-19fbb7ce043a|last analysis timestamp: Thursday, July 24, 2025 at 04:34:48 PM
2025/07/24 16:49:48|INFO    |884:(ThreadPoolExecutor-0_0)|adaptive_policy|ACTION_ID: 7cc91776-f29c-407b-8c03-19fbb7ce043a|High resolution mode: False
2025/07/24 16:49:48|INFO    |884:(ThreadPoolExecutor-0_0)|adaptive_policy|ACTION_ID: 7cc91776-f29c-407b-8c03-19fbb7ce043a|Time elapsed since the previous normal mode execution: 900 seconds
2025/07/24 16:49:48|INFO    |884:(ThreadPoolExecutor-0_0)|adaptive_policy|ACTION_ID: 7cc91776-f29c-407b-8c03-19fbb7ce043a|Adaptive policy normal operation mode interval: 900
2025/07/24 16:49:48|INFO    |884:(ThreadPoolExecutor-0_0)|adaptive_policy|ACTION_ID: 7cc91776-f29c-407b-8c03-19fbb7ce043a|Adaptive policy normal mode is: ENABLED
2025/07/24 16:49:48|INFO    |884:(ThreadPoolExecutor-0_0)|adaptive_policy|ACTION_ID: 7cc91776-f29c-407b-8c03-19fbb7ce043a|Adding normal operation mode parser
2025/07/24 16:49:48|INFO    |884:(ThreadPoolExecutor-0_0)|adaptive_policy|ACTION_ID: 7cc91776-f29c-407b-8c03-19fbb7ce043a|Found 1 statistics components to analyze
2025/07/24 16:49:48|INFO    |884:(ThreadPoolExecutor-0_0)|adaptive_policy|ACTION_ID: 7cc91776-f29c-407b-8c03-19fbb7ce043a|Running parser: auto_disable_agent
2025/07/24 16:49:48|INFO    |884:(ThreadPoolExecutor-0_0)|adaptive_policy_utils|ACTION_ID: 7cc91776-f29c-407b-8c03-19fbb7ce043a|Detected traps version: 8.8.0.133595
2025/07/24 16:49:48|INFO    |884:(ThreadPoolExecutor-0_0)|auto_disable_parser|ACTION_ID: 7cc91776-f29c-407b-8c03-19fbb7ce043a|Trapsd average CPU usage - normalized 0.6707881903609986
2025/07/24 16:49:48|INFO    |884:(ThreadPoolExecutor-0_0)|auto_disable_parser|ACTION_ID: 7cc91776-f29c-407b-8c03-19fbb7ce043a|Trapsd average CPU usage 0.6707881903609986
2025/07/24 16:49:48|INFO    |884:(ThreadPoolExecutor-0_0)|auto_disable_parser|ACTION_ID: 7cc91776-f29c-407b-8c03-19fbb7ce043a|Agent in normal state and CPU is normal, waiting for next iteration.
2025/07/24 16:49:48|INFO    |884:(ThreadPoolExecutor-0_0)|auto_disable_parser|ACTION_ID: 7cc91776-f29c-407b-8c03-19fbb7ce043a|trapsd private memory usage 287,051,776
2025/07/24 16:49:48|INFO    |884:(ThreadPoolExecutor-0_0)|auto_disable_parser|ACTION_ID: 7cc91776-f29c-407b-8c03-19fbb7ce043a|Agent in normal state and Memory is normal, waiting for next iteration.
2025/07/24 16:49:48|INFO    |884:(ThreadPoolExecutor-0_0)|adaptive_policy|ACTION_ID: 7cc91776-f29c-407b-8c03-19fbb7ce043a|auto_disable_agent created output: None
2025/07/24 16:49:48|INFO    |884:(ThreadPoolExecutor-0_0)|adaptive_policy|ACTION_ID: 7cc91776-f29c-407b-8c03-19fbb7ce043a|Running parser: edr_archive_parser
2025/07/24 16:49:48|INFO    |884:(ThreadPoolExecutor-0_0)|edr_archive_parser|ACTION_ID: 7cc91776-f29c-407b-8c03-19fbb7ce043a|EDR Archive size: 0.0mb
2025/07/24 16:49:48|INFO    |884:(ThreadPoolExecutor-0_0)|adaptive_policy|ACTION_ID: 7cc91776-f29c-407b-8c03-19fbb7ce043a|edr_archive_parser created output: None
2025/07/24 16:49:48|INFO    |884:(ThreadPoolExecutor-0_0)|adaptive_policy|ACTION_ID: 7cc91776-f29c-407b-8c03-19fbb7ce043a|Running parser: syslog_parser
2025/07/24 16:49:48|INFO    |884:(ThreadPoolExecutor-0_0)|adaptive_policy_utils|ACTION_ID: 7cc91776-f29c-407b-8c03-19fbb7ce043a|Detected traps version: 8.8.0.133595
2025/07/24 16:49:48|INFO    |884:(ThreadPoolExecutor-0_0)|syslog_parser|ACTION_ID: 7cc91776-f29c-407b-8c03-19fbb7ce043a|Injected processes list: ['wickedd-dhcp6', 'couriertcpd', 'pmmasterd', 'authproxy', 'lighttpd', 'tinyproxy', 'mailman', 'wickedd-dhcp4', 'chronyd', 'apache2', 'xinetd', 'named', 'dovecot', 'samba', 'proftpd', 'charon', 'smbd', 'qmgr', 'ndsd', 'ibserver', 'cupsd', 'nscd', 'java', 'httpd', 'nmbd', 'mysqld', 'cyrus_pop3d', 'kamailio', 'pop2d', 'exim', 'pop3d', 'saned', 'squid', 'apache', 'danted', 'mongod', 'vsftpd', 'smartd', 'mysqld_safe', 'starter', 'squid3']
2025/07/24 16:49:48|INFO    |884:(ThreadPoolExecutor-0_0)|syslog_parser|ACTION_ID: 7cc91776-f29c-407b-8c03-19fbb7ce043a|crash_counters: {'wickedd-dhcp6': 0, 'couriertcpd': 0, 'pmmasterd': 0, 'authproxy': 0, 'lighttpd': 0, 'tinyproxy': 0, 'mailman': 0, 'wickedd-dhcp4': 0, 'chronyd': 0, 'apache2': 0, 'xinetd': 0, 'named': 0, 'dovecot': 0, 'samba': 0, 'proftpd': 0, 'charon': 0, 'smbd': 0, 'qmgr': 0, 'ndsd': 0, 'ibserver': 0, 'cupsd': 0, 'nscd': 0, 'java': 0, 'httpd': 0, 'nmbd': 0, 'mysqld': 0, 'cyrus_pop3d': 0, 'kamailio': 0, 'pop2d': 0, 'exim': 0, 'pop3d': 0, 'saned': 0, 'squid': 0, 'apache': 0, 'danted': 0, 'mongod': 0, 'vsftpd': 0, 'smartd': 0, 'mysqld_safe': 0, 'starter': 0, 'squid3': 0}
2025/07/24 16:49:48|INFO    |884:(ThreadPoolExecutor-0_0)|syslog_parser|ACTION_ID: 7cc91776-f29c-407b-8c03-19fbb7ce043a|Dypd statistics are empty. Cannot retrieve injected processes stats
2025/07/24 16:49:48|INFO    |884:(ThreadPoolExecutor-0_0)|syslog_parser|ACTION_ID: 7cc91776-f29c-407b-8c03-19fbb7ce043a|Could not find any crash reports in statistics
2025/07/24 16:49:48|INFO    |884:(ThreadPoolExecutor-0_0)|syslog_parser|ACTION_ID: 7cc91776-f29c-407b-8c03-19fbb7ce043a|Using temporary journal file: /opt/traps/python/scripts/tmpntzsz1zr
2025/07/24 16:49:48|INFO    |884:(ThreadPoolExecutor-0_0)|syslog_parser|ACTION_ID: 7cc91776-f29c-407b-8c03-19fbb7ce043a|Log file: /opt/traps/python/scripts/tmpntzsz1zr detected.
2025/07/24 16:49:48|INFO    |884:(ThreadPoolExecutor-0_0)|syslog_parser|ACTION_ID: 7cc91776-f29c-407b-8c03-19fbb7ce043a|Syslog format RFC 3164 detected for line: Jul 24 11:37:04 linux-lab02 kernel: ima: Allocated hash algorithm: sha256

2025/07/24 16:49:48|INFO    |884:(ThreadPoolExecutor-0_0)|syslog_parser|ACTION_ID: 7cc91776-f29c-407b-8c03-19fbb7ce043a|Start monitor /opt/traps/python/scripts/tmpntzsz1zr
2025/07/24 16:49:48|INFO    |884:(ThreadPoolExecutor-0_0)|syslog_parser|ACTION_ID: 7cc91776-f29c-407b-8c03-19fbb7ce043a|Stopping to read lines as iterator has maxed out
2025/07/24 16:49:48|INFO    |884:(ThreadPoolExecutor-0_0)|syslog_parser|ACTION_ID: 7cc91776-f29c-407b-8c03-19fbb7ce043a|saving last line date:: 24/07/1900 16:46:46
2025/07/24 16:49:48|INFO    |884:(ThreadPoolExecutor-0_0)|syslog_parser|ACTION_ID: 7cc91776-f29c-407b-8c03-19fbb7ce043a|20 lines scanned by parser
2025/07/24 16:49:48|INFO    |884:(ThreadPoolExecutor-0_0)|adaptive_policy|ACTION_ID: 7cc91776-f29c-407b-8c03-19fbb7ce043a|syslog_parser created output: None
2025/07/24 16:49:48|INFO    |884:(ThreadPoolExecutor-0_0)|adaptive_policy|ACTION_ID: 7cc91776-f29c-407b-8c03-19fbb7ce043a|Running parser: net_collector
2025/07/24 16:49:48|INFO    |884:(ThreadPoolExecutor-0_0)|net_collector_parser|ACTION_ID: 7cc91776-f29c-407b-8c03-19fbb7ce043a|NetCollector parser started
2025/07/24 16:49:48|INFO    |884:(ThreadPoolExecutor-0_0)|net_collector_parser|ACTION_ID: 7cc91776-f29c-407b-8c03-19fbb7ce043a|System: cpu=7.0% idle=93.0%
2025/07/24 16:49:48|INFO    |884:(ThreadPoolExecutor-0_0)|net_collector_parser|ACTION_ID: 7cc91776-f29c-407b-8c03-19fbb7ce043a|Thread CloudMetadata: cpu=0%
2025/07/24 16:49:48|INFO    |884:(ThreadPoolExecutor-0_0)|net_collector_parser|ACTION_ID: 7cc91776-f29c-407b-8c03-19fbb7ce043a|Thread InjectedProcesses: cpu=0%
2025/07/24 16:49:48|INFO    |884:(ThreadPoolExecutor-0_0)|net_collector_parser|ACTION_ID: 7cc91776-f29c-407b-8c03-19fbb7ce043a|Thread clad: cpu=0%
2025/07/24 16:49:48|INFO    |884:(ThreadPoolExecutor-0_0)|net_collector_parser|ACTION_ID: 7cc91776-f29c-407b-8c03-19fbb7ce043a|Thread dypdng: cpu=0%
2025/07/24 16:49:48|INFO    |884:(ThreadPoolExecutor-0_0)|net_collector_parser|ACTION_ID: 7cc91776-f29c-407b-8c03-19fbb7ce043a|Thread pmd: cpu=0%
2025/07/24 16:49:48|INFO    |884:(ThreadPoolExecutor-0_0)|net_collector_parser|ACTION_ID: 7cc91776-f29c-407b-8c03-19fbb7ce043a|Thread pyxd: cpu=0%
2025/07/24 16:49:48|INFO    |884:(ThreadPoolExecutor-0_0)|net_collector_parser|ACTION_ID: 7cc91776-f29c-407b-8c03-19fbb7ce043a|Thread sandboxd: cpu=0%
2025/07/24 16:49:48|INFO    |884:(ThreadPoolExecutor-0_0)|adaptive_policy|ACTION_ID: 7cc91776-f29c-407b-8c03-19fbb7ce043a|net_collector created output: None
2025/07/24 16:49:48|INFO    |884:(ThreadPoolExecutor-0_0)|adaptive_policy|ACTION_ID: 7cc91776-f29c-407b-8c03-19fbb7ce043a|Running parser: linux_auto_disable_on_write_parser
2025/07/24 16:49:48|INFO    |884:(ThreadPoolExecutor-0_0)|adaptive_policy_utils|ACTION_ID: 7cc91776-f29c-407b-8c03-19fbb7ce043a|Detected traps version: 8.8.0.133595
2025/07/24 16:49:48|INFO    |884:(ThreadPoolExecutor-0_0)|linux_auto_disable_on_write_parser|ACTION_ID: 7cc91776-f29c-407b-8c03-19fbb7ce043a|CPU is normal, waiting for next iteration.
2025/07/24 16:49:48|INFO    |884:(ThreadPoolExecutor-0_0)|adaptive_policy|ACTION_ID: 7cc91776-f29c-407b-8c03-19fbb7ce043a|linux_auto_disable_on_write_parser created output: None
2025/07/24 16:49:48|INFO    |884:(ThreadPoolExecutor-0_0)|adaptive_policy|ACTION_ID: 7cc91776-f29c-407b-8c03-19fbb7ce043a|{'apex': [], 'persistence': {'auto_disable_agent': {}, 'edr_archive_parser': {}, 'syslog_parser': {'last_scan': -2191291606.0}, 'net_collector': {}, 'linux_auto_disable_on_write_parser': {'trapsd_avg_cpu': 0.6707881903609986}}, 'output_settings': '{\n"agentDisabledByAdaptivePolicy": false\n}', 'last_analysis': 1753386588}
2025/07/24 17:04:48|INFO    |884:(ThreadPoolExecutor-0_0)|adaptive_policy|ACTION_ID: 7cc91776-f29c-407b-8c03-19fbb7ce043a|Starting adaptive policy engine with kwargs: {}
2025/07/24 17:04:48|INFO    |884:(ThreadPoolExecutor-0_0)|adaptive_policy_utils|ACTION_ID: 7cc91776-f29c-407b-8c03-19fbb7ce043a|Detected traps version: 8.8.0.133595
2025/07/24 17:04:48|INFO    |884:(ThreadPoolExecutor-0_0)|adaptive_policy|ACTION_ID: 7cc91776-f29c-407b-8c03-19fbb7ce043a|{'adaptive_policy_interval': 900}
2025/07/24 17:04:48|INFO    |884:(ThreadPoolExecutor-0_0)|adaptive_policy|ACTION_ID: 7cc91776-f29c-407b-8c03-19fbb7ce043a|Set value of adaptive_policy_interval to 900
2025/07/24 17:04:48|INFO    |884:(ThreadPoolExecutor-0_0)|adaptive_policy|ACTION_ID: 7cc91776-f29c-407b-8c03-19fbb7ce043a|last analysis timestamp: Thursday, July 24, 2025 at 04:49:48 PM
2025/07/24 17:04:48|INFO    |884:(ThreadPoolExecutor-0_0)|adaptive_policy|ACTION_ID: 7cc91776-f29c-407b-8c03-19fbb7ce043a|High resolution mode: False
2025/07/24 17:04:48|INFO    |884:(ThreadPoolExecutor-0_0)|adaptive_policy|ACTION_ID: 7cc91776-f29c-407b-8c03-19fbb7ce043a|Time elapsed since the previous normal mode execution: 900 seconds
2025/07/24 17:04:48|INFO    |884:(ThreadPoolExecutor-0_0)|adaptive_policy|ACTION_ID: 7cc91776-f29c-407b-8c03-19fbb7ce043a|Adaptive policy normal operation mode interval: 900
2025/07/24 17:04:48|INFO    |884:(ThreadPoolExecutor-0_0)|adaptive_policy|ACTION_ID: 7cc91776-f29c-407b-8c03-19fbb7ce043a|Adaptive policy normal mode is: ENABLED
2025/07/24 17:04:48|INFO    |884:(ThreadPoolExecutor-0_0)|adaptive_policy|ACTION_ID: 7cc91776-f29c-407b-8c03-19fbb7ce043a|Adding normal operation mode parser
2025/07/24 17:04:48|INFO    |884:(ThreadPoolExecutor-0_0)|adaptive_policy|ACTION_ID: 7cc91776-f29c-407b-8c03-19fbb7ce043a|Found 1 statistics components to analyze
2025/07/24 17:04:48|INFO    |884:(ThreadPoolExecutor-0_0)|adaptive_policy|ACTION_ID: 7cc91776-f29c-407b-8c03-19fbb7ce043a|Running parser: auto_disable_agent
2025/07/24 17:04:48|INFO    |884:(ThreadPoolExecutor-0_0)|adaptive_policy_utils|ACTION_ID: 7cc91776-f29c-407b-8c03-19fbb7ce043a|Detected traps version: 8.8.0.133595
2025/07/24 17:04:48|INFO    |884:(ThreadPoolExecutor-0_0)|auto_disable_parser|ACTION_ID: 7cc91776-f29c-407b-8c03-19fbb7ce043a|Trapsd average CPU usage - normalized 0.6687579053036786
2025/07/24 17:04:48|INFO    |884:(ThreadPoolExecutor-0_0)|auto_disable_parser|ACTION_ID: 7cc91776-f29c-407b-8c03-19fbb7ce043a|Trapsd average CPU usage 0.6687579053036786
2025/07/24 17:04:48|INFO    |884:(ThreadPoolExecutor-0_0)|auto_disable_parser|ACTION_ID: 7cc91776-f29c-407b-8c03-19fbb7ce043a|Agent in normal state and CPU is normal, waiting for next iteration.
2025/07/24 17:04:48|INFO    |884:(ThreadPoolExecutor-0_0)|auto_disable_parser|ACTION_ID: 7cc91776-f29c-407b-8c03-19fbb7ce043a|trapsd private memory usage 287,662,080
2025/07/24 17:04:48|INFO    |884:(ThreadPoolExecutor-0_0)|auto_disable_parser|ACTION_ID: 7cc91776-f29c-407b-8c03-19fbb7ce043a|Agent in normal state and Memory is normal, waiting for next iteration.
2025/07/24 17:04:48|INFO    |884:(ThreadPoolExecutor-0_0)|adaptive_policy|ACTION_ID: 7cc91776-f29c-407b-8c03-19fbb7ce043a|auto_disable_agent created output: None
2025/07/24 17:04:48|INFO    |884:(ThreadPoolExecutor-0_0)|adaptive_policy|ACTION_ID: 7cc91776-f29c-407b-8c03-19fbb7ce043a|Running parser: edr_archive_parser
2025/07/24 17:04:48|INFO    |884:(ThreadPoolExecutor-0_0)|edr_archive_parser|ACTION_ID: 7cc91776-f29c-407b-8c03-19fbb7ce043a|EDR Archive size: 0.0mb
2025/07/24 17:04:48|INFO    |884:(ThreadPoolExecutor-0_0)|adaptive_policy|ACTION_ID: 7cc91776-f29c-407b-8c03-19fbb7ce043a|edr_archive_parser created output: None
2025/07/24 17:04:48|INFO    |884:(ThreadPoolExecutor-0_0)|adaptive_policy|ACTION_ID: 7cc91776-f29c-407b-8c03-19fbb7ce043a|Running parser: syslog_parser
2025/07/24 17:04:48|INFO    |884:(ThreadPoolExecutor-0_0)|adaptive_policy_utils|ACTION_ID: 7cc91776-f29c-407b-8c03-19fbb7ce043a|Detected traps version: 8.8.0.133595
2025/07/24 17:04:48|INFO    |884:(ThreadPoolExecutor-0_0)|syslog_parser|ACTION_ID: 7cc91776-f29c-407b-8c03-19fbb7ce043a|Injected processes list: ['wickedd-dhcp6', 'couriertcpd', 'pmmasterd', 'authproxy', 'lighttpd', 'tinyproxy', 'mailman', 'wickedd-dhcp4', 'chronyd', 'apache2', 'xinetd', 'named', 'dovecot', 'samba', 'proftpd', 'charon', 'smbd', 'qmgr', 'ndsd', 'ibserver', 'cupsd', 'nscd', 'java', 'httpd', 'nmbd', 'mysqld', 'cyrus_pop3d', 'kamailio', 'pop2d', 'exim', 'pop3d', 'saned', 'squid', 'apache', 'danted', 'mongod', 'vsftpd', 'smartd', 'mysqld_safe', 'starter', 'squid3']
2025/07/24 17:04:48|INFO    |884:(ThreadPoolExecutor-0_0)|syslog_parser|ACTION_ID: 7cc91776-f29c-407b-8c03-19fbb7ce043a|crash_counters: {'wickedd-dhcp6': 0, 'couriertcpd': 0, 'pmmasterd': 0, 'authproxy': 0, 'lighttpd': 0, 'tinyproxy': 0, 'mailman': 0, 'wickedd-dhcp4': 0, 'chronyd': 0, 'apache2': 0, 'xinetd': 0, 'named': 0, 'dovecot': 0, 'samba': 0, 'proftpd': 0, 'charon': 0, 'smbd': 0, 'qmgr': 0, 'ndsd': 0, 'ibserver': 0, 'cupsd': 0, 'nscd': 0, 'java': 0, 'httpd': 0, 'nmbd': 0, 'mysqld': 0, 'cyrus_pop3d': 0, 'kamailio': 0, 'pop2d': 0, 'exim': 0, 'pop3d': 0, 'saned': 0, 'squid': 0, 'apache': 0, 'danted': 0, 'mongod': 0, 'vsftpd': 0, 'smartd': 0, 'mysqld_safe': 0, 'starter': 0, 'squid3': 0}
2025/07/24 17:04:48|INFO    |884:(ThreadPoolExecutor-0_0)|syslog_parser|ACTION_ID: 7cc91776-f29c-407b-8c03-19fbb7ce043a|Dypd statistics are empty. Cannot retrieve injected processes stats
2025/07/24 17:04:48|INFO    |884:(ThreadPoolExecutor-0_0)|syslog_parser|ACTION_ID: 7cc91776-f29c-407b-8c03-19fbb7ce043a|Could not find any crash reports in statistics
2025/07/24 17:04:48|INFO    |884:(ThreadPoolExecutor-0_0)|syslog_parser|ACTION_ID: 7cc91776-f29c-407b-8c03-19fbb7ce043a|Using temporary journal file: /opt/traps/python/scripts/tmpbinxbp_u
2025/07/24 17:04:48|INFO    |884:(ThreadPoolExecutor-0_0)|syslog_parser|ACTION_ID: 7cc91776-f29c-407b-8c03-19fbb7ce043a|Log file: /opt/traps/python/scripts/tmpbinxbp_u detected.
2025/07/24 17:04:48|INFO    |884:(ThreadPoolExecutor-0_0)|syslog_parser|ACTION_ID: 7cc91776-f29c-407b-8c03-19fbb7ce043a|Syslog format RFC 3164 detected for line: Jul 24 11:37:04 linux-lab02 kernel: evm: security.selinux

2025/07/24 17:04:48|INFO    |884:(ThreadPoolExecutor-0_0)|syslog_parser|ACTION_ID: 7cc91776-f29c-407b-8c03-19fbb7ce043a|Start monitor /opt/traps/python/scripts/tmpbinxbp_u
2025/07/24 17:04:48|INFO    |884:(ThreadPoolExecutor-0_0)|syslog_parser|ACTION_ID: 7cc91776-f29c-407b-8c03-19fbb7ce043a|Stopping to read lines as iterator has maxed out
2025/07/24 17:04:48|INFO    |884:(ThreadPoolExecutor-0_0)|syslog_parser|ACTION_ID: 7cc91776-f29c-407b-8c03-19fbb7ce043a|saving last line date:: 24/07/1900 16:51:42
2025/07/24 17:04:48|INFO    |884:(ThreadPoolExecutor-0_0)|syslog_parser|ACTION_ID: 7cc91776-f29c-407b-8c03-19fbb7ce043a|3 lines scanned by parser
2025/07/24 17:04:48|INFO    |884:(ThreadPoolExecutor-0_0)|adaptive_policy|ACTION_ID: 7cc91776-f29c-407b-8c03-19fbb7ce043a|syslog_parser created output: None
2025/07/24 17:04:48|INFO    |884:(ThreadPoolExecutor-0_0)|adaptive_policy|ACTION_ID: 7cc91776-f29c-407b-8c03-19fbb7ce043a|Running parser: net_collector
2025/07/24 17:04:48|INFO    |884:(ThreadPoolExecutor-0_0)|net_collector_parser|ACTION_ID: 7cc91776-f29c-407b-8c03-19fbb7ce043a|NetCollector parser started
2025/07/24 17:04:48|INFO    |884:(ThreadPoolExecutor-0_0)|net_collector_parser|ACTION_ID: 7cc91776-f29c-407b-8c03-19fbb7ce043a|System: cpu=4.0% idle=96.0%
2025/07/24 17:04:48|INFO    |884:(ThreadPoolExecutor-0_0)|net_collector_parser|ACTION_ID: 7cc91776-f29c-407b-8c03-19fbb7ce043a|Thread CloudMetadata: cpu=0%
2025/07/24 17:04:48|INFO    |884:(ThreadPoolExecutor-0_0)|net_collector_parser|ACTION_ID: 7cc91776-f29c-407b-8c03-19fbb7ce043a|Thread InjectedProcesses: cpu=0%
2025/07/24 17:04:48|INFO    |884:(ThreadPoolExecutor-0_0)|net_collector_parser|ACTION_ID: 7cc91776-f29c-407b-8c03-19fbb7ce043a|Thread clad: cpu=0%
2025/07/24 17:04:48|INFO    |884:(ThreadPoolExecutor-0_0)|net_collector_parser|ACTION_ID: 7cc91776-f29c-407b-8c03-19fbb7ce043a|Thread dypdng: cpu=0%
2025/07/24 17:04:48|INFO    |884:(ThreadPoolExecutor-0_0)|net_collector_parser|ACTION_ID: 7cc91776-f29c-407b-8c03-19fbb7ce043a|Thread pmd: cpu=0%
2025/07/24 17:04:48|INFO    |884:(ThreadPoolExecutor-0_0)|net_collector_parser|ACTION_ID: 7cc91776-f29c-407b-8c03-19fbb7ce043a|Thread pyxd: cpu=0%
2025/07/24 17:04:48|INFO    |884:(ThreadPoolExecutor-0_0)|net_collector_parser|ACTION_ID: 7cc91776-f29c-407b-8c03-19fbb7ce043a|Thread sandboxd: cpu=0%
2025/07/24 17:04:48|INFO    |884:(ThreadPoolExecutor-0_0)|adaptive_policy|ACTION_ID: 7cc91776-f29c-407b-8c03-19fbb7ce043a|net_collector created output: None
2025/07/24 17:04:48|INFO    |884:(ThreadPoolExecutor-0_0)|adaptive_policy|ACTION_ID: 7cc91776-f29c-407b-8c03-19fbb7ce043a|Running parser: linux_auto_disable_on_write_parser
2025/07/24 17:04:48|INFO    |884:(ThreadPoolExecutor-0_0)|adaptive_policy_utils|ACTION_ID: 7cc91776-f29c-407b-8c03-19fbb7ce043a|Detected traps version: 8.8.0.133595
2025/07/24 17:04:48|INFO    |884:(ThreadPoolExecutor-0_0)|linux_auto_disable_on_write_parser|ACTION_ID: 7cc91776-f29c-407b-8c03-19fbb7ce043a|CPU is normal, waiting for next iteration.
2025/07/24 17:04:48|INFO    |884:(ThreadPoolExecutor-0_0)|adaptive_policy|ACTION_ID: 7cc91776-f29c-407b-8c03-19fbb7ce043a|linux_auto_disable_on_write_parser created output: None
2025/07/24 17:04:48|INFO    |884:(ThreadPoolExecutor-0_0)|adaptive_policy|ACTION_ID: 7cc91776-f29c-407b-8c03-19fbb7ce043a|{'apex': [], 'persistence': {'auto_disable_agent': {}, 'edr_archive_parser': {}, 'syslog_parser': {'last_scan': -2191291310.0}, 'net_collector': {}, 'linux_auto_disable_on_write_parser': {'trapsd_avg_cpu': 0.6687579053036786}}, 'output_settings': '{\n"agentDisabledByAdaptivePolicy": false\n}', 'last_analysis': 1753387488}
2025/07/24 17:19:48|INFO    |884:(ThreadPoolExecutor-0_0)|adaptive_policy|ACTION_ID: 7cc91776-f29c-407b-8c03-19fbb7ce043a|Starting adaptive policy engine with kwargs: {}
2025/07/24 17:19:48|INFO    |884:(ThreadPoolExecutor-0_0)|adaptive_policy_utils|ACTION_ID: 7cc91776-f29c-407b-8c03-19fbb7ce043a|Detected traps version: 8.8.0.133595
2025/07/24 17:19:48|INFO    |884:(ThreadPoolExecutor-0_0)|adaptive_policy|ACTION_ID: 7cc91776-f29c-407b-8c03-19fbb7ce043a|{'adaptive_policy_interval': 900}
2025/07/24 17:19:48|INFO    |884:(ThreadPoolExecutor-0_0)|adaptive_policy|ACTION_ID: 7cc91776-f29c-407b-8c03-19fbb7ce043a|Set value of adaptive_policy_interval to 900
2025/07/24 17:19:48|INFO    |884:(ThreadPoolExecutor-0_0)|adaptive_policy|ACTION_ID: 7cc91776-f29c-407b-8c03-19fbb7ce043a|last analysis timestamp: Thursday, July 24, 2025 at 05:04:48 PM
2025/07/24 17:19:48|INFO    |884:(ThreadPoolExecutor-0_0)|adaptive_policy|ACTION_ID: 7cc91776-f29c-407b-8c03-19fbb7ce043a|High resolution mode: False
2025/07/24 17:19:48|INFO    |884:(ThreadPoolExecutor-0_0)|adaptive_policy|ACTION_ID: 7cc91776-f29c-407b-8c03-19fbb7ce043a|Time elapsed since the previous normal mode execution: 900 seconds
2025/07/24 17:19:48|INFO    |884:(ThreadPoolExecutor-0_0)|adaptive_policy|ACTION_ID: 7cc91776-f29c-407b-8c03-19fbb7ce043a|Adaptive policy normal operation mode interval: 900
2025/07/24 17:19:48|INFO    |884:(ThreadPoolExecutor-0_0)|adaptive_policy|ACTION_ID: 7cc91776-f29c-407b-8c03-19fbb7ce043a|Adaptive policy normal mode is: ENABLED
2025/07/24 17:19:48|INFO    |884:(ThreadPoolExecutor-0_0)|adaptive_policy|ACTION_ID: 7cc91776-f29c-407b-8c03-19fbb7ce043a|Adding normal operation mode parser
2025/07/24 17:19:48|INFO    |884:(ThreadPoolExecutor-0_0)|adaptive_policy|ACTION_ID: 7cc91776-f29c-407b-8c03-19fbb7ce043a|Found 1 statistics components to analyze
2025/07/24 17:19:48|INFO    |884:(ThreadPoolExecutor-0_0)|adaptive_policy|ACTION_ID: 7cc91776-f29c-407b-8c03-19fbb7ce043a|Running parser: auto_disable_agent
2025/07/24 17:19:48|INFO    |884:(ThreadPoolExecutor-0_0)|adaptive_policy_utils|ACTION_ID: 7cc91776-f29c-407b-8c03-19fbb7ce043a|Detected traps version: 8.8.0.133595
2025/07/24 17:19:48|INFO    |884:(ThreadPoolExecutor-0_0)|auto_disable_parser|ACTION_ID: 7cc91776-f29c-407b-8c03-19fbb7ce043a|Trapsd average CPU usage - normalized 0.7699349534660804
2025/07/24 17:19:48|INFO    |884:(ThreadPoolExecutor-0_0)|auto_disable_parser|ACTION_ID: 7cc91776-f29c-407b-8c03-19fbb7ce043a|Trapsd average CPU usage 0.7699349534660804
2025/07/24 17:19:48|INFO    |884:(ThreadPoolExecutor-0_0)|auto_disable_parser|ACTION_ID: 7cc91776-f29c-407b-8c03-19fbb7ce043a|Agent in normal state and CPU is normal, waiting for next iteration.
2025/07/24 17:19:48|INFO    |884:(ThreadPoolExecutor-0_0)|auto_disable_parser|ACTION_ID: 7cc91776-f29c-407b-8c03-19fbb7ce043a|trapsd private memory usage 291,340,288
2025/07/24 17:19:48|INFO    |884:(ThreadPoolExecutor-0_0)|auto_disable_parser|ACTION_ID: 7cc91776-f29c-407b-8c03-19fbb7ce043a|Agent in normal state and Memory is normal, waiting for next iteration.
2025/07/24 17:19:48|INFO    |884:(ThreadPoolExecutor-0_0)|adaptive_policy|ACTION_ID: 7cc91776-f29c-407b-8c03-19fbb7ce043a|auto_disable_agent created output: None
2025/07/24 17:19:48|INFO    |884:(ThreadPoolExecutor-0_0)|adaptive_policy|ACTION_ID: 7cc91776-f29c-407b-8c03-19fbb7ce043a|Running parser: edr_archive_parser
2025/07/24 17:19:48|INFO    |884:(ThreadPoolExecutor-0_0)|edr_archive_parser|ACTION_ID: 7cc91776-f29c-407b-8c03-19fbb7ce043a|EDR Archive size: 0.0mb
2025/07/24 17:19:48|INFO    |884:(ThreadPoolExecutor-0_0)|adaptive_policy|ACTION_ID: 7cc91776-f29c-407b-8c03-19fbb7ce043a|edr_archive_parser created output: None
2025/07/24 17:19:48|INFO    |884:(ThreadPoolExecutor-0_0)|adaptive_policy|ACTION_ID: 7cc91776-f29c-407b-8c03-19fbb7ce043a|Running parser: syslog_parser
2025/07/24 17:19:48|INFO    |884:(ThreadPoolExecutor-0_0)|adaptive_policy_utils|ACTION_ID: 7cc91776-f29c-407b-8c03-19fbb7ce043a|Detected traps version: 8.8.0.133595
2025/07/24 17:19:48|INFO    |884:(ThreadPoolExecutor-0_0)|syslog_parser|ACTION_ID: 7cc91776-f29c-407b-8c03-19fbb7ce043a|Injected processes list: ['wickedd-dhcp6', 'couriertcpd', 'pmmasterd', 'authproxy', 'lighttpd', 'tinyproxy', 'mailman', 'wickedd-dhcp4', 'chronyd', 'apache2', 'xinetd', 'named', 'dovecot', 'samba', 'proftpd', 'charon', 'smbd', 'qmgr', 'ndsd', 'ibserver', 'cupsd', 'nscd', 'java', 'httpd', 'nmbd', 'mysqld', 'cyrus_pop3d', 'kamailio', 'pop2d', 'exim', 'pop3d', 'saned', 'squid', 'apache', 'danted', 'mongod', 'vsftpd', 'smartd', 'mysqld_safe', 'starter', 'squid3']
2025/07/24 17:19:48|INFO    |884:(ThreadPoolExecutor-0_0)|syslog_parser|ACTION_ID: 7cc91776-f29c-407b-8c03-19fbb7ce043a|crash_counters: {'wickedd-dhcp6': 0, 'couriertcpd': 0, 'pmmasterd': 0, 'authproxy': 0, 'lighttpd': 0, 'tinyproxy': 0, 'mailman': 0, 'wickedd-dhcp4': 0, 'chronyd': 0, 'apache2': 0, 'xinetd': 0, 'named': 0, 'dovecot': 0, 'samba': 0, 'proftpd': 0, 'charon': 0, 'smbd': 0, 'qmgr': 0, 'ndsd': 0, 'ibserver': 0, 'cupsd': 0, 'nscd': 0, 'java': 0, 'httpd': 0, 'nmbd': 0, 'mysqld': 0, 'cyrus_pop3d': 0, 'kamailio': 0, 'pop2d': 0, 'exim': 0, 'pop3d': 0, 'saned': 0, 'squid': 0, 'apache': 0, 'danted': 0, 'mongod': 0, 'vsftpd': 0, 'smartd': 0, 'mysqld_safe': 0, 'starter': 0, 'squid3': 0}
2025/07/24 17:19:48|INFO    |884:(ThreadPoolExecutor-0_0)|syslog_parser|ACTION_ID: 7cc91776-f29c-407b-8c03-19fbb7ce043a|Dypd statistics are empty. Cannot retrieve injected processes stats
2025/07/24 17:19:48|INFO    |884:(ThreadPoolExecutor-0_0)|syslog_parser|ACTION_ID: 7cc91776-f29c-407b-8c03-19fbb7ce043a|Could not find any crash reports in statistics
2025/07/24 17:19:48|INFO    |884:(ThreadPoolExecutor-0_0)|syslog_parser|ACTION_ID: 7cc91776-f29c-407b-8c03-19fbb7ce043a|Using temporary journal file: /opt/traps/python/scripts/tmp2gutyf7n
2025/07/24 17:19:48|INFO    |884:(ThreadPoolExecutor-0_0)|syslog_parser|ACTION_ID: 7cc91776-f29c-407b-8c03-19fbb7ce043a|Log file: /opt/traps/python/scripts/tmp2gutyf7n detected.
2025/07/24 17:19:48|INFO    |884:(ThreadPoolExecutor-0_0)|syslog_parser|ACTION_ID: 7cc91776-f29c-407b-8c03-19fbb7ce043a|Syslog format RFC 3164 detected for line: Jul 24 11:37:04 linux-lab02 kernel:   with environment:

2025/07/24 17:19:48|INFO    |884:(ThreadPoolExecutor-0_0)|syslog_parser|ACTION_ID: 7cc91776-f29c-407b-8c03-19fbb7ce043a|Start monitor /opt/traps/python/scripts/tmp2gutyf7n
2025/07/24 17:19:48|INFO    |884:(ThreadPoolExecutor-0_0)|syslog_parser|ACTION_ID: 7cc91776-f29c-407b-8c03-19fbb7ce043a|Stopping to read lines as iterator has maxed out
2025/07/24 17:19:48|INFO    |884:(ThreadPoolExecutor-0_0)|syslog_parser|ACTION_ID: 7cc91776-f29c-407b-8c03-19fbb7ce043a|saving last line date:: 24/07/1900 17:18:19
2025/07/24 17:19:48|INFO    |884:(ThreadPoolExecutor-0_0)|syslog_parser|ACTION_ID: 7cc91776-f29c-407b-8c03-19fbb7ce043a|21 lines scanned by parser
2025/07/24 17:19:48|INFO    |884:(ThreadPoolExecutor-0_0)|adaptive_policy|ACTION_ID: 7cc91776-f29c-407b-8c03-19fbb7ce043a|syslog_parser created output: None
2025/07/24 17:19:48|INFO    |884:(ThreadPoolExecutor-0_0)|adaptive_policy|ACTION_ID: 7cc91776-f29c-407b-8c03-19fbb7ce043a|Running parser: net_collector
2025/07/24 17:19:48|INFO    |884:(ThreadPoolExecutor-0_0)|net_collector_parser|ACTION_ID: 7cc91776-f29c-407b-8c03-19fbb7ce043a|NetCollector parser started
2025/07/24 17:19:48|INFO    |884:(ThreadPoolExecutor-0_0)|net_collector_parser|ACTION_ID: 7cc91776-f29c-407b-8c03-19fbb7ce043a|System: cpu=8.0% idle=92.0%
2025/07/24 17:19:48|INFO    |884:(ThreadPoolExecutor-0_0)|net_collector_parser|ACTION_ID: 7cc91776-f29c-407b-8c03-19fbb7ce043a|Thread CloudMetadata: cpu=0%
2025/07/24 17:19:48|INFO    |884:(ThreadPoolExecutor-0_0)|net_collector_parser|ACTION_ID: 7cc91776-f29c-407b-8c03-19fbb7ce043a|Thread InjectedProcesses: cpu=0%
2025/07/24 17:19:48|INFO    |884:(ThreadPoolExecutor-0_0)|net_collector_parser|ACTION_ID: 7cc91776-f29c-407b-8c03-19fbb7ce043a|Thread clad: cpu=0%
2025/07/24 17:19:48|INFO    |884:(ThreadPoolExecutor-0_0)|net_collector_parser|ACTION_ID: 7cc91776-f29c-407b-8c03-19fbb7ce043a|Thread dypdng: cpu=0%
2025/07/24 17:19:48|INFO    |884:(ThreadPoolExecutor-0_0)|net_collector_parser|ACTION_ID: 7cc91776-f29c-407b-8c03-19fbb7ce043a|Thread pmd: cpu=0%
2025/07/24 17:19:48|INFO    |884:(ThreadPoolExecutor-0_0)|net_collector_parser|ACTION_ID: 7cc91776-f29c-407b-8c03-19fbb7ce043a|Thread pyxd: cpu=0%
2025/07/24 17:19:48|INFO    |884:(ThreadPoolExecutor-0_0)|net_collector_parser|ACTION_ID: 7cc91776-f29c-407b-8c03-19fbb7ce043a|Thread sandboxd: cpu=0%
2025/07/24 17:19:48|INFO    |884:(ThreadPoolExecutor-0_0)|adaptive_policy|ACTION_ID: 7cc91776-f29c-407b-8c03-19fbb7ce043a|net_collector created output: None
2025/07/24 17:19:48|INFO    |884:(ThreadPoolExecutor-0_0)|adaptive_policy|ACTION_ID: 7cc91776-f29c-407b-8c03-19fbb7ce043a|Running parser: linux_auto_disable_on_write_parser
2025/07/24 17:19:48|INFO    |884:(ThreadPoolExecutor-0_0)|adaptive_policy_utils|ACTION_ID: 7cc91776-f29c-407b-8c03-19fbb7ce043a|Detected traps version: 8.8.0.133595
2025/07/24 17:19:48|INFO    |884:(ThreadPoolExecutor-0_0)|linux_auto_disable_on_write_parser|ACTION_ID: 7cc91776-f29c-407b-8c03-19fbb7ce043a|CPU is normal, waiting for next iteration.
2025/07/24 17:19:48|INFO    |884:(ThreadPoolExecutor-0_0)|adaptive_policy|ACTION_ID: 7cc91776-f29c-407b-8c03-19fbb7ce043a|linux_auto_disable_on_write_parser created output: None
2025/07/24 17:19:48|INFO    |884:(ThreadPoolExecutor-0_0)|adaptive_policy|ACTION_ID: 7cc91776-f29c-407b-8c03-19fbb7ce043a|{'apex': [], 'persistence': {'auto_disable_agent': {}, 'edr_archive_parser': {}, 'syslog_parser': {'last_scan': -2191289713.0}, 'net_collector': {}, 'linux_auto_disable_on_write_parser': {'trapsd_avg_cpu': 0.7699349534660804}}, 'output_settings': '{\n"agentDisabledByAdaptivePolicy": false\n}', 'last_analysis': 1753388388}
2025/07/24 17:34:49|INFO    |884:(ThreadPoolExecutor-0_0)|adaptive_policy|ACTION_ID: 7cc91776-f29c-407b-8c03-19fbb7ce043a|Starting adaptive policy engine with kwargs: {}
2025/07/24 17:34:49|INFO    |884:(ThreadPoolExecutor-0_0)|adaptive_policy_utils|ACTION_ID: 7cc91776-f29c-407b-8c03-19fbb7ce043a|Detected traps version: 8.8.0.133595
2025/07/24 17:34:49|INFO    |884:(ThreadPoolExecutor-0_0)|adaptive_policy|ACTION_ID: 7cc91776-f29c-407b-8c03-19fbb7ce043a|{'adaptive_policy_interval': 900}
2025/07/24 17:34:49|INFO    |884:(ThreadPoolExecutor-0_0)|adaptive_policy|ACTION_ID: 7cc91776-f29c-407b-8c03-19fbb7ce043a|Set value of adaptive_policy_interval to 900
2025/07/24 17:34:49|INFO    |884:(ThreadPoolExecutor-0_0)|adaptive_policy|ACTION_ID: 7cc91776-f29c-407b-8c03-19fbb7ce043a|last analysis timestamp: Thursday, July 24, 2025 at 05:19:48 PM
2025/07/24 17:34:49|INFO    |884:(ThreadPoolExecutor-0_0)|adaptive_policy|ACTION_ID: 7cc91776-f29c-407b-8c03-19fbb7ce043a|High resolution mode: False
2025/07/24 17:34:49|INFO    |884:(ThreadPoolExecutor-0_0)|adaptive_policy|ACTION_ID: 7cc91776-f29c-407b-8c03-19fbb7ce043a|Time elapsed since the previous normal mode execution: 901 seconds
2025/07/24 17:34:49|INFO    |884:(ThreadPoolExecutor-0_0)|adaptive_policy|ACTION_ID: 7cc91776-f29c-407b-8c03-19fbb7ce043a|Adaptive policy normal operation mode interval: 900
2025/07/24 17:34:49|INFO    |884:(ThreadPoolExecutor-0_0)|adaptive_policy|ACTION_ID: 7cc91776-f29c-407b-8c03-19fbb7ce043a|Adaptive policy normal mode is: ENABLED
2025/07/24 17:34:49|INFO    |884:(ThreadPoolExecutor-0_0)|adaptive_policy|ACTION_ID: 7cc91776-f29c-407b-8c03-19fbb7ce043a|Adding normal operation mode parser
2025/07/24 17:34:49|INFO    |884:(ThreadPoolExecutor-0_0)|adaptive_policy|ACTION_ID: 7cc91776-f29c-407b-8c03-19fbb7ce043a|Found 1 statistics components to analyze
2025/07/24 17:34:49|INFO    |884:(ThreadPoolExecutor-0_0)|adaptive_policy|ACTION_ID: 7cc91776-f29c-407b-8c03-19fbb7ce043a|Running parser: auto_disable_agent
2025/07/24 17:34:49|INFO    |884:(ThreadPoolExecutor-0_0)|adaptive_policy_utils|ACTION_ID: 7cc91776-f29c-407b-8c03-19fbb7ce043a|Detected traps version: 8.8.0.133595
2025/07/24 17:34:49|INFO    |884:(ThreadPoolExecutor-0_0)|auto_disable_parser|ACTION_ID: 7cc91776-f29c-407b-8c03-19fbb7ce043a|Trapsd average CPU usage - normalized 0.7832549211319262
2025/07/24 17:34:49|INFO    |884:(ThreadPoolExecutor-0_0)|auto_disable_parser|ACTION_ID: 7cc91776-f29c-407b-8c03-19fbb7ce043a|Trapsd average CPU usage 0.7832549211319262
2025/07/24 17:34:49|INFO    |884:(ThreadPoolExecutor-0_0)|auto_disable_parser|ACTION_ID: 7cc91776-f29c-407b-8c03-19fbb7ce043a|Agent in normal state and CPU is normal, waiting for next iteration.
2025/07/24 17:34:49|INFO    |884:(ThreadPoolExecutor-0_0)|auto_disable_parser|ACTION_ID: 7cc91776-f29c-407b-8c03-19fbb7ce043a|trapsd private memory usage 296,087,552
2025/07/24 17:34:49|INFO    |884:(ThreadPoolExecutor-0_0)|auto_disable_parser|ACTION_ID: 7cc91776-f29c-407b-8c03-19fbb7ce043a|Agent in normal state and Memory is normal, waiting for next iteration.
2025/07/24 17:34:49|INFO    |884:(ThreadPoolExecutor-0_0)|adaptive_policy|ACTION_ID: 7cc91776-f29c-407b-8c03-19fbb7ce043a|auto_disable_agent created output: None
2025/07/24 17:34:49|INFO    |884:(ThreadPoolExecutor-0_0)|adaptive_policy|ACTION_ID: 7cc91776-f29c-407b-8c03-19fbb7ce043a|Running parser: edr_archive_parser
2025/07/24 17:34:49|INFO    |884:(ThreadPoolExecutor-0_0)|edr_archive_parser|ACTION_ID: 7cc91776-f29c-407b-8c03-19fbb7ce043a|EDR Archive size: 0.0mb
2025/07/24 17:34:49|INFO    |884:(ThreadPoolExecutor-0_0)|adaptive_policy|ACTION_ID: 7cc91776-f29c-407b-8c03-19fbb7ce043a|edr_archive_parser created output: None
2025/07/24 17:34:49|INFO    |884:(ThreadPoolExecutor-0_0)|adaptive_policy|ACTION_ID: 7cc91776-f29c-407b-8c03-19fbb7ce043a|Running parser: syslog_parser
2025/07/24 17:34:49|INFO    |884:(ThreadPoolExecutor-0_0)|adaptive_policy_utils|ACTION_ID: 7cc91776-f29c-407b-8c03-19fbb7ce043a|Detected traps version: 8.8.0.133595
2025/07/24 17:34:49|INFO    |884:(ThreadPoolExecutor-0_0)|syslog_parser|ACTION_ID: 7cc91776-f29c-407b-8c03-19fbb7ce043a|Injected processes list: ['wickedd-dhcp6', 'couriertcpd', 'pmmasterd', 'authproxy', 'lighttpd', 'tinyproxy', 'mailman', 'wickedd-dhcp4', 'chronyd', 'apache2', 'xinetd', 'named', 'dovecot', 'samba', 'proftpd', 'charon', 'smbd', 'qmgr', 'ndsd', 'ibserver', 'cupsd', 'nscd', 'java', 'httpd', 'nmbd', 'mysqld', 'cyrus_pop3d', 'kamailio', 'pop2d', 'exim', 'pop3d', 'saned', 'squid', 'apache', 'danted', 'mongod', 'vsftpd', 'smartd', 'mysqld_safe', 'starter', 'squid3']
2025/07/24 17:34:49|INFO    |884:(ThreadPoolExecutor-0_0)|syslog_parser|ACTION_ID: 7cc91776-f29c-407b-8c03-19fbb7ce043a|crash_counters: {'wickedd-dhcp6': 0, 'couriertcpd': 0, 'pmmasterd': 0, 'authproxy': 0, 'lighttpd': 0, 'tinyproxy': 0, 'mailman': 0, 'wickedd-dhcp4': 0, 'chronyd': 0, 'apache2': 0, 'xinetd': 0, 'named': 0, 'dovecot': 0, 'samba': 0, 'proftpd': 0, 'charon': 0, 'smbd': 0, 'qmgr': 0, 'ndsd': 0, 'ibserver': 0, 'cupsd': 0, 'nscd': 0, 'java': 0, 'httpd': 0, 'nmbd': 0, 'mysqld': 0, 'cyrus_pop3d': 0, 'kamailio': 0, 'pop2d': 0, 'exim': 0, 'pop3d': 0, 'saned': 0, 'squid': 0, 'apache': 0, 'danted': 0, 'mongod': 0, 'vsftpd': 0, 'smartd': 0, 'mysqld_safe': 0, 'starter': 0, 'squid3': 0}
2025/07/24 17:34:49|INFO    |884:(ThreadPoolExecutor-0_0)|syslog_parser|ACTION_ID: 7cc91776-f29c-407b-8c03-19fbb7ce043a|Dypd statistics are empty. Cannot retrieve injected processes stats
2025/07/24 17:34:49|INFO    |884:(ThreadPoolExecutor-0_0)|syslog_parser|ACTION_ID: 7cc91776-f29c-407b-8c03-19fbb7ce043a|Could not find any crash reports in statistics
2025/07/24 17:34:49|INFO    |884:(ThreadPoolExecutor-0_0)|syslog_parser|ACTION_ID: 7cc91776-f29c-407b-8c03-19fbb7ce043a|Using temporary journal file: /opt/traps/python/scripts/tmpfkutvbab
2025/07/24 17:34:49|INFO    |884:(ThreadPoolExecutor-0_0)|syslog_parser|ACTION_ID: 7cc91776-f29c-407b-8c03-19fbb7ce043a|Log file: /opt/traps/python/scripts/tmpfkutvbab detected.
2025/07/24 17:34:49|INFO    |884:(ThreadPoolExecutor-0_0)|syslog_parser|ACTION_ID: 7cc91776-f29c-407b-8c03-19fbb7ce043a|Syslog format RFC 3164 detected for line: Jul 24 11:37:04 linux-lab02 kernel:     BOOT_IMAGE=/vmlinuz-6.1.0-37-amd64

2025/07/24 17:34:49|INFO    |884:(ThreadPoolExecutor-0_0)|syslog_parser|ACTION_ID: 7cc91776-f29c-407b-8c03-19fbb7ce043a|Start monitor /opt/traps/python/scripts/tmpfkutvbab
2025/07/24 17:34:49|INFO    |884:(ThreadPoolExecutor-0_0)|syslog_parser|ACTION_ID: 7cc91776-f29c-407b-8c03-19fbb7ce043a|Stopping to read lines as iterator has maxed out
2025/07/24 17:34:49|INFO    |884:(ThreadPoolExecutor-0_0)|syslog_parser|ACTION_ID: 7cc91776-f29c-407b-8c03-19fbb7ce043a|saving last line date:: 24/07/1900 17:31:09
2025/07/24 17:34:49|INFO    |884:(ThreadPoolExecutor-0_0)|syslog_parser|ACTION_ID: 7cc91776-f29c-407b-8c03-19fbb7ce043a|3 lines scanned by parser
2025/07/24 17:34:49|INFO    |884:(ThreadPoolExecutor-0_0)|adaptive_policy|ACTION_ID: 7cc91776-f29c-407b-8c03-19fbb7ce043a|syslog_parser created output: None
2025/07/24 17:34:49|INFO    |884:(ThreadPoolExecutor-0_0)|adaptive_policy|ACTION_ID: 7cc91776-f29c-407b-8c03-19fbb7ce043a|Running parser: net_collector
2025/07/24 17:34:49|INFO    |884:(ThreadPoolExecutor-0_0)|net_collector_parser|ACTION_ID: 7cc91776-f29c-407b-8c03-19fbb7ce043a|NetCollector parser started
2025/07/24 17:34:49|INFO    |884:(ThreadPoolExecutor-0_0)|net_collector_parser|ACTION_ID: 7cc91776-f29c-407b-8c03-19fbb7ce043a|System: cpu=7.0% idle=93.0%
2025/07/24 17:34:49|INFO    |884:(ThreadPoolExecutor-0_0)|net_collector_parser|ACTION_ID: 7cc91776-f29c-407b-8c03-19fbb7ce043a|Thread CloudMetadata: cpu=0%
2025/07/24 17:34:49|INFO    |884:(ThreadPoolExecutor-0_0)|net_collector_parser|ACTION_ID: 7cc91776-f29c-407b-8c03-19fbb7ce043a|Thread InjectedProcesses: cpu=0%
2025/07/24 17:34:49|INFO    |884:(ThreadPoolExecutor-0_0)|net_collector_parser|ACTION_ID: 7cc91776-f29c-407b-8c03-19fbb7ce043a|Thread clad: cpu=0%
2025/07/24 17:34:49|INFO    |884:(ThreadPoolExecutor-0_0)|net_collector_parser|ACTION_ID: 7cc91776-f29c-407b-8c03-19fbb7ce043a|Thread dypdng: cpu=0%
2025/07/24 17:34:49|INFO    |884:(ThreadPoolExecutor-0_0)|net_collector_parser|ACTION_ID: 7cc91776-f29c-407b-8c03-19fbb7ce043a|Thread pmd: cpu=0%
2025/07/24 17:34:49|INFO    |884:(ThreadPoolExecutor-0_0)|net_collector_parser|ACTION_ID: 7cc91776-f29c-407b-8c03-19fbb7ce043a|Thread pyxd: cpu=0%
2025/07/24 17:34:49|INFO    |884:(ThreadPoolExecutor-0_0)|net_collector_parser|ACTION_ID: 7cc91776-f29c-407b-8c03-19fbb7ce043a|Thread sandboxd: cpu=0%
2025/07/24 17:34:49|INFO    |884:(ThreadPoolExecutor-0_0)|adaptive_policy|ACTION_ID: 7cc91776-f29c-407b-8c03-19fbb7ce043a|net_collector created output: None
2025/07/24 17:34:49|INFO    |884:(ThreadPoolExecutor-0_0)|adaptive_policy|ACTION_ID: 7cc91776-f29c-407b-8c03-19fbb7ce043a|Running parser: linux_auto_disable_on_write_parser
2025/07/24 17:34:49|INFO    |884:(ThreadPoolExecutor-0_0)|adaptive_policy_utils|ACTION_ID: 7cc91776-f29c-407b-8c03-19fbb7ce043a|Detected traps version: 8.8.0.133595
2025/07/24 17:34:49|INFO    |884:(ThreadPoolExecutor-0_0)|linux_auto_disable_on_write_parser|ACTION_ID: 7cc91776-f29c-407b-8c03-19fbb7ce043a|CPU is normal, waiting for next iteration.
2025/07/24 17:34:49|INFO    |884:(ThreadPoolExecutor-0_0)|adaptive_policy|ACTION_ID: 7cc91776-f29c-407b-8c03-19fbb7ce043a|linux_auto_disable_on_write_parser created output: None
2025/07/24 17:34:49|INFO    |884:(ThreadPoolExecutor-0_0)|adaptive_policy|ACTION_ID: 7cc91776-f29c-407b-8c03-19fbb7ce043a|{'apex': [], 'persistence': {'auto_disable_agent': {}, 'edr_archive_parser': {}, 'syslog_parser': {'last_scan': -2191288943.0}, 'net_collector': {}, 'linux_auto_disable_on_write_parser': {'trapsd_avg_cpu': 0.7832549211319262}}, 'output_settings': '{\n"agentDisabledByAdaptivePolicy": false\n}', 'last_analysis': 1753389289}
