2025/07/21T17:12:00.993-03:00 <Information> linux-lab02 [1827:1827 ]  {trapsd:IRpcLib} Created irpc channel name: /opt/traps/ipc/authorized.3A5949AD8B4A4195BF44C7C4C8FF1FA1 for channel type: AuthorizedSupport
2025/07/21T17:12:00.994-03:00 <Information> linux-lab02 [1827:1827 ]  {trapsd:IRpcLib} Created irpc channel name: /opt/traps/ipc/pmd.B4FF387483ACC4894DE409874743BFDB for channel type: PmdSupport
2025/07/21T17:12:00.994-03:00 <Information> linux-lab02 [1827:1827 ]  {trapsd:IRpcLib} Created irpc channel name: /opt/traps/ipc/sandboxd.5DA9E887BFFF47DF83F0F96497150291 for channel type: SandboxdSupport
2025/07/21T17:12:00.995-03:00 <Information> linux-lab02 [1827:1827 ]  {dypd:DYPD} =============== STARTING ===============
2025/07/21T17:12:00.995-03:00 <Information> linux-lab02 [1827:1827 ]  {dypd:DYPD} Loading configuration...
2025/07/21T17:12:00.995-03:00 <Information> linux-lab02 [1827:1827 ]  {dypd:DYPD} log_level set to 6
2025/07/21T17:12:00.995-03:00 <Information> linux-lab02 [1827:1827 ]  {dypd:DYPD} AppArmor aware
2025/07/21T17:12:00.996-03:00 <Information> linux-lab02 [1827:1827 ]  {trapsd:IRpcLib} Created irpc channel name: /opt/traps/ipc/dypd.D14E1802209CC40A731D040283E74644 for channel type: Dypd
2025/07/21T17:12:00.996-03:00 <Information> linux-lab02 [1827:1827 ]  {trapsd:IRpcLib} Created irpc channel name: /opt/traps/ipc/support.D277B246304A403F8641295EC28FBB2A for channel type: Support
2025/07/21T17:12:00.996-03:00 <Information> linux-lab02 [1827:1827 ]  {trapsd:IRpcLib} Created irpc channel name: /opt/traps/ipc/status.03A70614CCF742FD93977FD1A4336D9A for channel type: Status
2025/07/21T17:12:00.996-03:00 <Information> linux-lab02 [1827:1827 ]  {trapsd:IRpcLib} Starting IRPC server with channel name: /opt/traps/ipc/dypd.D14E1802209CC40A731D040283E74644
2025/07/21T17:12:00.996-03:00 <Information> linux-lab02 [1827:1827 ]  {dypd:DYPD} Starting daemon
2025/07/21T17:12:00.996-03:00 <Information> linux-lab02 [1827:1827 ]  {dypd:DYPD} Is AppArmor aware? 1
2025/07/21T17:12:00.997-03:00 <Information> linux-lab02 [1827:1827 ]  {dypd:DYPD} Policy:
injection_timeout_ms: 10000 lsm_pool_size_per_cpu: 2 retry_delays_ms: 200 retry_delays_ms: 500 retry_delays_ms: 1000 retry_delays_ms: 2000 libmodule_log_level: 1 libmodule_log_output: 1 inject_to_32bit: true should_reconnect: true max_number_of_threads: 300 signal_timeout: 10 rip_region_size: 700 inject_to_non_init_mount_namespace: true run_original_apparmor_logic: true inject_on_seccomp_filter: true ptrace_manager { perm_timeout_ms: 30000 }
2025/07/21T17:12:01.006-03:00 <Information> linux-lab02 [1827:1827 ]  {dypd:DYPD} Daemon started
2025/07/21T17:12:01.014-03:00 <Information> linux-lab02 [1827:1828 ]  {trapsd:IRpcLib} Initial async accept for channel name: /opt/traps/ipc/dypd.D14E1802209CC40A731D040283E74644 completed. Starting handling events.
2025/07/21T17:12:12.395-03:00 <Information> linux-lab02 [1827:1830 ]  {dypd:DYPD} Policy:
injection_timeout_ms: 10000 lsm_pool_size_per_cpu: 2 retry_delays_ms: 200 retry_delays_ms: 500 retry_delays_ms: 1000 retry_delays_ms: 2000 libmodule_log_level: 1 libmodule_log_output: 1 inject_to_32bit: true should_reconnect: true max_number_of_threads: 300 signal_timeout: 10 rip_region_size: 700 inject_to_non_init_mount_namespace: true run_original_apparmor_logic: true inject_on_seccomp_filter: true ptrace_manager { perm_timeout_ms: 30000 }
2025/07/21T17:17:03.996-03:00 <Information> linux-lab02 [1827:1830 ]  {dypd:DYPD} Policy:
injection_timeout_ms: 10000 lsm_pool_size_per_cpu: 2 retry_delays_ms: 200 retry_delays_ms: 500 retry_delays_ms: 1000 retry_delays_ms: 2000 libmodule_log_level: 1 libmodule_log_output: 1 inject_to_32bit: true should_reconnect: true max_number_of_threads: 300 signal_timeout: 10 rip_region_size: 700 inject_to_non_init_mount_namespace: true run_original_apparmor_logic: true inject_on_seccomp_filter: true ptrace_manager { perm_timeout_ms: 30000 }
2025/07/21T17:19:24.073-03:00 <Information> linux-lab02 [1827:1830 ]  {dypd:DYPD} Policy:
injection_timeout_ms: 10000 lsm_pool_size_per_cpu: 2 retry_delays_ms: 200 retry_delays_ms: 500 retry_delays_ms: 1000 retry_delays_ms: 2000 libmodule_log_level: 1 libmodule_log_output: 1 inject_to_32bit: true should_reconnect: true max_number_of_threads: 300 signal_timeout: 10 rip_region_size: 700 inject_to_non_init_mount_namespace: true run_original_apparmor_logic: true inject_on_seccomp_filter: true ptrace_manager { perm_timeout_ms: 30000 }
2025/07/21T17:20:00.648-03:00 <Information> linux-lab02 [1827:1830 ]  {dypd:DYPD} Policy:
injection_timeout_ms: 10000 lsm_pool_size_per_cpu: 2 retry_delays_ms: 200 retry_delays_ms: 500 retry_delays_ms: 1000 retry_delays_ms: 2000 libmodule_log_level: 1 libmodule_log_output: 1 inject_to_32bit: true should_reconnect: true max_number_of_threads: 300 signal_timeout: 10 rip_region_size: 700 inject_to_non_init_mount_namespace: true run_original_apparmor_logic: true inject_on_seccomp_filter: true ptrace_manager { perm_timeout_ms: 30000 }
2025/07/21T17:21:47.812-03:00 <Information> linux-lab02 [1827:1830 ]  {dypd:DYPD} Policy:
injection_timeout_ms: 10000 lsm_pool_size_per_cpu: 2 retry_delays_ms: 200 retry_delays_ms: 500 retry_delays_ms: 1000 retry_delays_ms: 2000 libmodule_log_level: 1 libmodule_log_output: 1 inject_to_32bit: true should_reconnect: true max_number_of_threads: 300 signal_timeout: 10 rip_region_size: 700 inject_to_non_init_mount_namespace: true run_original_apparmor_logic: true inject_on_seccomp_filter: true ptrace_manager { perm_timeout_ms: 30000 }
2025/07/21T17:25:14.464-03:00 <Information> linux-lab02 [1827:1827 ]  {dypd:DYPD} SIGTERM from init process is ignored, waiting for signal from pmd
2025/07/21T17:25:20.040-03:00 <Information> linux-lab02 [1827:1827 ]  {dypd:DYPD} Got SIGTERM from pid: 1307
2025/07/21T17:25:20.041-03:00 <Information> linux-lab02 [1827:1827 ]  {dypd:DYPD} Stopping
2025/07/21T17:25:20.041-03:00 <Information> linux-lab02 [1827:1827 ]  {dypd:DYPD:Stopping:} Joining messages thread
2025/07/21T17:25:20.041-03:00 <Error> linux-lab02 [1827:1830 ]  {dypd:DYPD} Failed to receive Message, socket closed by peer
2025/07/21T17:25:20.041-03:00 <Information> linux-lab02 [1827:1830 ]  {dypd:DYPD} Stopped handling new messages
2025/07/21T17:25:20.041-03:00 <Information> linux-lab02 [1827:1827 ]  {dypd:DYPD:Stopping:} Joining writer thread
2025/07/21T17:25:20.042-03:00 <Information> linux-lab02 [1827:1831 ]  {dypd:DYPD} Send queue closed
2025/07/21T17:25:20.042-03:00 <Information> linux-lab02 [1827:1831 ]  {dypd:DYPD} Stopped sending new messages
2025/07/21T17:25:20.043-03:00 <Information> linux-lab02 [1827:1827 ]  {dypd:DYPD:Stopping:} Joining injector thread
2025/07/21T17:25:20.043-03:00 <Information> linux-lab02 [1827:1829 ]  {dypd:DYPD} Injections queue closed
2025/07/21T17:25:20.043-03:00 <Information> linux-lab02 [1827:1829 ]  {dypd:DYPD} InjectionThread stopped
2025/07/21T17:25:20.043-03:00 <Information> linux-lab02 [1827:1827 ]  {dypd:DYPD:Stopping:} Stopped
2025/07/21T17:25:20.043-03:00 <Information> linux-lab02 [1827:1827 ]  {trapsd:IRpcLib} Stopping IRpc server /opt/traps/ipc/dypd.D14E1802209CC40A731D040283E74644
2025/07/21T17:25:20.044-03:00 <Information> linux-lab02 [1827:1827 ]  {trapsd:IRpcLib} Waiting for IO thread completion for 5000 ms
2025/07/21T17:25:20.044-03:00 <Information> linux-lab02 [1827:1828 ]  {trapsd:IRpcLib:Stop:} Stopping active Ipc sesions. Active session count=0
2025/07/21T17:25:20.044-03:00 <Information> linux-lab02 [1827:1828 ]  {trapsd:IRpcLib:Stop:} Done stopping all active sessions. Clearing the sessions.
2025/07/21T17:25:20.044-03:00 <Information> linux-lab02 [1827:1828 ]  {trapsd:IRpcLib:Stop:} Stopping tasks execution thread pool. Pool job count=0
2025/07/21T17:25:20.044-03:00 <Information> linux-lab02 [1827:1828 ]  {trapsd:IRpcLib} Accept handler was aborted. Code: system:125, is stopping: true
2025/07/21T17:25:20.044-03:00 <Information> linux-lab02 [1827:1828 ]  {trapsd:IRpcLib} IO context run completed. Worker thread is exiting.
2025/07/21T17:25:20.045-03:00 <Information> linux-lab02 [1827:1827 ]  {trapsd:IRpcLib} IO worker thread completed successfully.
2025/07/21T17:25:20.045-03:00 <Information> linux-lab02 [1827:1827 ]  {dypd:DYPD} =============== BYE BYE ===============
2025/07/21T19:21:35.607-03:00 <Information> linux-lab02 [1257:1257 ]  {trapsd:IRpcLib} Created irpc channel name: /opt/traps/ipc/authorized.3A5949AD8B4A4195BF44C7C4C8FF1FA1 for channel type: AuthorizedSupport
2025/07/21T19:21:35.607-03:00 <Information> linux-lab02 [1257:1257 ]  {trapsd:IRpcLib} Created irpc channel name: /opt/traps/ipc/pmd.B4FF387483ACC4894DE409874743BFDB for channel type: PmdSupport
2025/07/21T19:21:35.607-03:00 <Information> linux-lab02 [1257:1257 ]  {trapsd:IRpcLib} Created irpc channel name: /opt/traps/ipc/sandboxd.5DA9E887BFFF47DF83F0F96497150291 for channel type: SandboxdSupport
2025/07/21T19:21:35.610-03:00 <Information> linux-lab02 [1257:1257 ]  {dypd:DYPD} =============== STARTING ===============
2025/07/21T19:21:35.610-03:00 <Information> linux-lab02 [1257:1257 ]  {dypd:DYPD} Loading configuration...
2025/07/21T19:21:35.610-03:00 <Information> linux-lab02 [1257:1257 ]  {dypd:DYPD} log_level set to 6
2025/07/21T19:21:35.610-03:00 <Information> linux-lab02 [1257:1257 ]  {dypd:DYPD} AppArmor aware
2025/07/21T19:21:35.610-03:00 <Information> linux-lab02 [1257:1257 ]  {trapsd:IRpcLib} Created irpc channel name: /opt/traps/ipc/dypd.D14E1802209CC40A731D040283E74644 for channel type: Dypd
2025/07/21T19:21:35.610-03:00 <Information> linux-lab02 [1257:1257 ]  {trapsd:IRpcLib} Created irpc channel name: /opt/traps/ipc/support.D277B246304A403F8641295EC28FBB2A for channel type: Support
2025/07/21T19:21:35.610-03:00 <Information> linux-lab02 [1257:1257 ]  {trapsd:IRpcLib} Created irpc channel name: /opt/traps/ipc/status.03A70614CCF742FD93977FD1A4336D9A for channel type: Status
2025/07/21T19:21:35.610-03:00 <Information> linux-lab02 [1257:1257 ]  {trapsd:IRpcLib} Starting IRPC server with channel name: /opt/traps/ipc/dypd.D14E1802209CC40A731D040283E74644
2025/07/21T19:21:35.618-03:00 <Information> linux-lab02 [1257:1257 ]  {dypd:DYPD} Starting daemon
2025/07/21T19:21:35.618-03:00 <Information> linux-lab02 [1257:1257 ]  {dypd:DYPD} Is AppArmor aware? 1
2025/07/21T19:21:35.618-03:00 <Information> linux-lab02 [1257:1257 ]  {dypd:DYPD} Policy:
injection_timeout_ms: 10000 lsm_pool_size_per_cpu: 2 retry_delays_ms: 200 retry_delays_ms: 500 retry_delays_ms: 1000 retry_delays_ms: 2000 libmodule_log_level: 1 libmodule_log_output: 1 inject_to_32bit: true should_reconnect: true max_number_of_threads: 300 signal_timeout: 10 rip_region_size: 700 inject_to_non_init_mount_namespace: true run_original_apparmor_logic: true inject_on_seccomp_filter: true ptrace_manager { perm_timeout_ms: 30000 }
2025/07/21T19:21:35.620-03:00 <Information> linux-lab02 [1257:1257 ]  {dypd:DYPD} Daemon started
2025/07/21T19:21:35.626-03:00 <Information> linux-lab02 [1257:1258 ]  {trapsd:IRpcLib} Initial async accept for channel name: /opt/traps/ipc/dypd.D14E1802209CC40A731D040283E74644 completed. Starting handling events.
2025/07/21T19:21:43.540-03:00 <Information> linux-lab02 [1257:1260 ]  {dypd:DYPD} Policy:
injection_timeout_ms: 10000 lsm_pool_size_per_cpu: 2 retry_delays_ms: 200 retry_delays_ms: 500 retry_delays_ms: 1000 retry_delays_ms: 2000 libmodule_log_level: 1 libmodule_log_output: 1 inject_to_32bit: true should_reconnect: true max_number_of_threads: 300 signal_timeout: 10 rip_region_size: 700 inject_to_non_init_mount_namespace: true run_original_apparmor_logic: true inject_on_seccomp_filter: true ptrace_manager { perm_timeout_ms: 30000 }
2025/07/21T22:25:07.558-03:00 <Information> linux-lab02 [1257:1257 ]  {dypd:DYPD} SIGTERM from init process is ignored, waiting for signal from pmd
2025/07/21T22:25:13.541-03:00 <Information> linux-lab02 [1257:1257 ]  {dypd:DYPD} Got SIGTERM from pid: 618
2025/07/21T22:25:13.541-03:00 <Information> linux-lab02 [1257:1257 ]  {dypd:DYPD} Stopping
2025/07/21T22:25:13.541-03:00 <Information> linux-lab02 [1257:1257 ]  {dypd:DYPD:Stopping:} Joining messages thread
2025/07/21T22:25:13.541-03:00 <Error> linux-lab02 [1257:1260 ]  {dypd:DYPD} Failed to receive Message, socket closed by peer
2025/07/21T22:25:13.541-03:00 <Information> linux-lab02 [1257:1260 ]  {dypd:DYPD} Stopped handling new messages
2025/07/21T22:25:13.542-03:00 <Information> linux-lab02 [1257:1257 ]  {dypd:DYPD:Stopping:} Joining writer thread
2025/07/21T22:25:13.542-03:00 <Information> linux-lab02 [1257:1261 ]  {dypd:DYPD} Send queue closed
2025/07/21T22:25:13.542-03:00 <Information> linux-lab02 [1257:1261 ]  {dypd:DYPD} Stopped sending new messages
2025/07/21T22:25:13.542-03:00 <Information> linux-lab02 [1257:1257 ]  {dypd:DYPD:Stopping:} Joining injector thread
2025/07/21T22:25:13.542-03:00 <Information> linux-lab02 [1257:1259 ]  {dypd:DYPD} Injections queue closed
2025/07/21T22:25:13.542-03:00 <Information> linux-lab02 [1257:1259 ]  {dypd:DYPD} InjectionThread stopped
2025/07/21T22:25:13.542-03:00 <Information> linux-lab02 [1257:1257 ]  {dypd:DYPD:Stopping:} Stopped
2025/07/21T22:25:13.543-03:00 <Information> linux-lab02 [1257:1257 ]  {trapsd:IRpcLib} Stopping IRpc server /opt/traps/ipc/dypd.D14E1802209CC40A731D040283E74644
2025/07/21T22:25:13.543-03:00 <Information> linux-lab02 [1257:1258 ]  {trapsd:IRpcLib:Stop:} Stopping active Ipc sesions. Active session count=0
2025/07/21T22:25:13.543-03:00 <Information> linux-lab02 [1257:1258 ]  {trapsd:IRpcLib:Stop:} Done stopping all active sessions. Clearing the sessions.
2025/07/21T22:25:13.543-03:00 <Information> linux-lab02 [1257:1258 ]  {trapsd:IRpcLib:Stop:} Stopping tasks execution thread pool. Pool job count=0
2025/07/21T22:25:13.547-03:00 <Information> linux-lab02 [1257:1257 ]  {trapsd:IRpcLib} Waiting for IO thread completion for 5000 ms
2025/07/21T22:25:13.548-03:00 <Information> linux-lab02 [1257:1258 ]  {trapsd:IRpcLib} Accept handler was aborted. Code: system:125, is stopping: true
2025/07/21T22:25:13.548-03:00 <Information> linux-lab02 [1257:1258 ]  {trapsd:IRpcLib} IO context run completed. Worker thread is exiting.
2025/07/21T22:25:13.548-03:00 <Information> linux-lab02 [1257:1257 ]  {trapsd:IRpcLib} IO worker thread completed successfully.
2025/07/21T22:25:13.548-03:00 <Information> linux-lab02 [1257:1257 ]  {dypd:DYPD} =============== BYE BYE ===============
2025/07/22T11:04:29.708-03:00 <Information> linux-lab02 [1260:1260 ]  {trapsd:IRpcLib} Created irpc channel name: /opt/traps/ipc/authorized.3A5949AD8B4A4195BF44C7C4C8FF1FA1 for channel type: AuthorizedSupport
2025/07/22T11:04:29.709-03:00 <Information> linux-lab02 [1260:1260 ]  {trapsd:IRpcLib} Created irpc channel name: /opt/traps/ipc/pmd.B4FF387483ACC4894DE409874743BFDB for channel type: PmdSupport
2025/07/22T11:04:29.709-03:00 <Information> linux-lab02 [1260:1260 ]  {trapsd:IRpcLib} Created irpc channel name: /opt/traps/ipc/sandboxd.5DA9E887BFFF47DF83F0F96497150291 for channel type: SandboxdSupport
2025/07/22T11:04:29.712-03:00 <Information> linux-lab02 [1260:1260 ]  {dypd:DYPD} =============== STARTING ===============
2025/07/22T11:04:29.712-03:00 <Information> linux-lab02 [1260:1260 ]  {dypd:DYPD} Loading configuration...
2025/07/22T11:04:29.713-03:00 <Information> linux-lab02 [1260:1260 ]  {dypd:DYPD} log_level set to 6
2025/07/22T11:04:29.713-03:00 <Information> linux-lab02 [1260:1260 ]  {dypd:DYPD} AppArmor aware
2025/07/22T11:04:29.713-03:00 <Information> linux-lab02 [1260:1260 ]  {trapsd:IRpcLib} Created irpc channel name: /opt/traps/ipc/dypd.D14E1802209CC40A731D040283E74644 for channel type: Dypd
2025/07/22T11:04:29.713-03:00 <Information> linux-lab02 [1260:1260 ]  {trapsd:IRpcLib} Created irpc channel name: /opt/traps/ipc/support.D277B246304A403F8641295EC28FBB2A for channel type: Support
2025/07/22T11:04:29.713-03:00 <Information> linux-lab02 [1260:1260 ]  {trapsd:IRpcLib} Created irpc channel name: /opt/traps/ipc/status.03A70614CCF742FD93977FD1A4336D9A for channel type: Status
2025/07/22T11:04:29.713-03:00 <Information> linux-lab02 [1260:1260 ]  {trapsd:IRpcLib} Starting IRPC server with channel name: /opt/traps/ipc/dypd.D14E1802209CC40A731D040283E74644
2025/07/22T11:04:29.720-03:00 <Information> linux-lab02 [1260:1260 ]  {dypd:DYPD} Starting daemon
2025/07/22T11:04:29.720-03:00 <Information> linux-lab02 [1260:1260 ]  {dypd:DYPD} Is AppArmor aware? 1
2025/07/22T11:04:29.721-03:00 <Information> linux-lab02 [1260:1260 ]  {dypd:DYPD} Policy:
injection_timeout_ms: 10000 lsm_pool_size_per_cpu: 2 retry_delays_ms: 200 retry_delays_ms: 500 retry_delays_ms: 1000 retry_delays_ms: 2000 libmodule_log_level: 1 libmodule_log_output: 1 inject_to_32bit: true should_reconnect: true max_number_of_threads: 300 signal_timeout: 10 rip_region_size: 700 inject_to_non_init_mount_namespace: true run_original_apparmor_logic: true inject_on_seccomp_filter: true ptrace_manager { perm_timeout_ms: 30000 }
2025/07/22T11:04:29.723-03:00 <Information> linux-lab02 [1260:1260 ]  {dypd:DYPD} Daemon started
2025/07/22T11:04:29.729-03:00 <Information> linux-lab02 [1260:1261 ]  {trapsd:IRpcLib} Initial async accept for channel name: /opt/traps/ipc/dypd.D14E1802209CC40A731D040283E74644 completed. Starting handling events.
2025/07/22T11:05:35.073-03:00 <Information> linux-lab02 [1260:1263 ]  {dypd:DYPD} Policy:
injection_timeout_ms: 10000 lsm_pool_size_per_cpu: 2 retry_delays_ms: 200 retry_delays_ms: 500 retry_delays_ms: 1000 retry_delays_ms: 2000 libmodule_log_level: 1 libmodule_log_output: 1 inject_to_32bit: true should_reconnect: true max_number_of_threads: 300 signal_timeout: 10 rip_region_size: 700 inject_to_non_init_mount_namespace: true run_original_apparmor_logic: true inject_on_seccomp_filter: true ptrace_manager { perm_timeout_ms: 30000 }
2025/07/22T18:23:43.813-03:00 <Information> linux-lab02 [1260:1263 ]  {dypd:DYPD} Policy:
injection_timeout_ms: 10000 lsm_pool_size_per_cpu: 2 retry_delays_ms: 200 retry_delays_ms: 500 retry_delays_ms: 1000 retry_delays_ms: 2000 libmodule_log_level: 1 libmodule_log_output: 1 inject_to_32bit: true should_reconnect: true max_number_of_threads: 300 signal_timeout: 10 rip_region_size: 700 inject_to_non_init_mount_namespace: true run_original_apparmor_logic: true inject_on_seccomp_filter: true ptrace_manager { perm_timeout_ms: 30000 }
2025/07/22T19:51:26.215-03:00 <Information> linux-lab02 [1260:1260 ]  {dypd:DYPD} SIGTERM from init process is ignored, waiting for signal from pmd
2025/07/22T19:51:32.528-03:00 <Information> linux-lab02 [1260:1260 ]  {dypd:DYPD} Got SIGTERM from pid: 632
2025/07/22T19:51:32.528-03:00 <Information> linux-lab02 [1260:1260 ]  {dypd:DYPD} Stopping
2025/07/22T19:51:32.529-03:00 <Error> linux-lab02 [1260:1263 ]  {dypd:DYPD} Failed to receive Message, socket closed by peer
2025/07/22T19:51:32.529-03:00 <Information> linux-lab02 [1260:1263 ]  {dypd:DYPD} Stopped handling new messages
2025/07/22T19:51:32.530-03:00 <Information> linux-lab02 [1260:1260 ]  {dypd:DYPD:Stopping:} Joining messages thread
2025/07/22T19:51:32.531-03:00 <Information> linux-lab02 [1260:1264 ]  {dypd:DYPD} Send queue closed
2025/07/22T19:51:32.532-03:00 <Information> linux-lab02 [1260:1264 ]  {dypd:DYPD} Stopped sending new messages
2025/07/22T19:51:32.532-03:00 <Information> linux-lab02 [1260:1260 ]  {dypd:DYPD:Stopping:} Joining writer thread
2025/07/22T19:51:32.535-03:00 <Information> linux-lab02 [1260:1262 ]  {dypd:DYPD} Injections queue closed
2025/07/22T19:51:32.536-03:00 <Information> linux-lab02 [1260:1262 ]  {dypd:DYPD} InjectionThread stopped
2025/07/22T19:51:32.536-03:00 <Information> linux-lab02 [1260:1260 ]  {dypd:DYPD:Stopping:} Joining injector thread
2025/07/22T19:51:32.536-03:00 <Information> linux-lab02 [1260:1260 ]  {dypd:DYPD:Stopping:} Stopped
2025/07/22T19:51:32.537-03:00 <Information> linux-lab02 [1260:1260 ]  {trapsd:IRpcLib} Stopping IRpc server /opt/traps/ipc/dypd.D14E1802209CC40A731D040283E74644
2025/07/22T19:51:32.539-03:00 <Information> linux-lab02 [1260:1261 ]  {trapsd:IRpcLib:Stop:} Stopping active Ipc sesions. Active session count=0
2025/07/22T19:51:32.539-03:00 <Information> linux-lab02 [1260:1261 ]  {trapsd:IRpcLib:Stop:} Done stopping all active sessions. Clearing the sessions.
2025/07/22T19:51:32.540-03:00 <Information> linux-lab02 [1260:1261 ]  {trapsd:IRpcLib:Stop:} Stopping tasks execution thread pool. Pool job count=0
2025/07/22T19:51:32.540-03:00 <Information> linux-lab02 [1260:1261 ]  {trapsd:IRpcLib} Accept handler was aborted. Code: system:125, is stopping: true
2025/07/22T19:51:32.540-03:00 <Information> linux-lab02 [1260:1261 ]  {trapsd:IRpcLib} IO context run completed. Worker thread is exiting.
2025/07/22T19:51:32.541-03:00 <Information> linux-lab02 [1260:1260 ]  {trapsd:IRpcLib} Waiting for IO thread completion for 5000 ms
2025/07/22T19:51:32.542-03:00 <Information> linux-lab02 [1260:1260 ]  {trapsd:IRpcLib} IO worker thread completed successfully.
2025/07/22T19:51:32.543-03:00 <Information> linux-lab02 [1260:1260 ]  {dypd:DYPD} =============== BYE BYE ===============
2025/07/23T22:36:44.687-03:00 <Information> linux-lab02 [1263:1263 ]  {trapsd:IRpcLib} Created irpc channel name: /opt/traps/ipc/authorized.3A5949AD8B4A4195BF44C7C4C8FF1FA1 for channel type: AuthorizedSupport
2025/07/23T22:36:44.689-03:00 <Information> linux-lab02 [1263:1263 ]  {trapsd:IRpcLib} Created irpc channel name: /opt/traps/ipc/pmd.B4FF387483ACC4894DE409874743BFDB for channel type: PmdSupport
2025/07/23T22:36:44.689-03:00 <Information> linux-lab02 [1263:1263 ]  {trapsd:IRpcLib} Created irpc channel name: /opt/traps/ipc/sandboxd.5DA9E887BFFF47DF83F0F96497150291 for channel type: SandboxdSupport
2025/07/23T22:36:44.693-03:00 <Information> linux-lab02 [1263:1263 ]  {dypd:DYPD} =============== STARTING ===============
2025/07/23T22:36:44.693-03:00 <Information> linux-lab02 [1263:1263 ]  {dypd:DYPD} Loading configuration...
2025/07/23T22:36:44.694-03:00 <Information> linux-lab02 [1263:1263 ]  {dypd:DYPD} log_level set to 6
2025/07/23T22:36:44.694-03:00 <Information> linux-lab02 [1263:1263 ]  {dypd:DYPD} AppArmor aware
2025/07/23T22:36:44.694-03:00 <Information> linux-lab02 [1263:1263 ]  {trapsd:IRpcLib} Created irpc channel name: /opt/traps/ipc/dypd.D14E1802209CC40A731D040283E74644 for channel type: Dypd
2025/07/23T22:36:44.694-03:00 <Information> linux-lab02 [1263:1263 ]  {trapsd:IRpcLib} Created irpc channel name: /opt/traps/ipc/support.D277B246304A403F8641295EC28FBB2A for channel type: Support
2025/07/23T22:36:44.694-03:00 <Information> linux-lab02 [1263:1263 ]  {trapsd:IRpcLib} Created irpc channel name: /opt/traps/ipc/status.03A70614CCF742FD93977FD1A4336D9A for channel type: Status
2025/07/23T22:36:44.694-03:00 <Information> linux-lab02 [1263:1263 ]  {trapsd:IRpcLib} Starting IRPC server with channel name: /opt/traps/ipc/dypd.D14E1802209CC40A731D040283E74644
2025/07/23T22:36:44.701-03:00 <Information> linux-lab02 [1263:1263 ]  {dypd:DYPD} Starting daemon
2025/07/23T22:36:44.701-03:00 <Information> linux-lab02 [1263:1263 ]  {dypd:DYPD} Is AppArmor aware? 1
2025/07/23T22:36:44.702-03:00 <Information> linux-lab02 [1263:1263 ]  {dypd:DYPD} Policy:
injection_timeout_ms: 10000 lsm_pool_size_per_cpu: 2 retry_delays_ms: 200 retry_delays_ms: 500 retry_delays_ms: 1000 retry_delays_ms: 2000 libmodule_log_level: 1 libmodule_log_output: 1 inject_to_32bit: true should_reconnect: true max_number_of_threads: 300 signal_timeout: 10 rip_region_size: 700 inject_to_non_init_mount_namespace: true run_original_apparmor_logic: true inject_on_seccomp_filter: true ptrace_manager { perm_timeout_ms: 30000 }
2025/07/23T22:36:44.703-03:00 <Information> linux-lab02 [1263:1263 ]  {dypd:DYPD} Daemon started
2025/07/23T22:36:44.709-03:00 <Information> linux-lab02 [1263:1264 ]  {trapsd:IRpcLib} Initial async accept for channel name: /opt/traps/ipc/dypd.D14E1802209CC40A731D040283E74644 completed. Starting handling events.
2025/07/23T22:37:46.585-03:00 <Information> linux-lab02 [1263:1266 ]  {dypd:DYPD} Policy:
injection_timeout_ms: 10000 lsm_pool_size_per_cpu: 2 retry_delays_ms: 200 retry_delays_ms: 500 retry_delays_ms: 1000 retry_delays_ms: 2000 libmodule_log_level: 1 libmodule_log_output: 1 inject_to_32bit: true should_reconnect: true max_number_of_threads: 300 signal_timeout: 10 rip_region_size: 700 inject_to_non_init_mount_namespace: true run_original_apparmor_logic: true inject_on_seccomp_filter: true ptrace_manager { perm_timeout_ms: 30000 }
2025/07/23T22:42:52.649-03:00 <Information> linux-lab02 [1263:1266 ]  {dypd:DYPD} Policy:
injection_timeout_ms: 10000 lsm_pool_size_per_cpu: 2 retry_delays_ms: 200 retry_delays_ms: 500 retry_delays_ms: 1000 retry_delays_ms: 2000 libmodule_log_level: 1 libmodule_log_output: 1 inject_to_32bit: true should_reconnect: true max_number_of_threads: 300 signal_timeout: 10 rip_region_size: 700 inject_to_non_init_mount_namespace: true run_original_apparmor_logic: true inject_on_seccomp_filter: true ptrace_manager { perm_timeout_ms: 30000 }
2025/07/23T22:54:47.407-03:00 <Information> linux-lab02 [1263:9176 ]  {dypd:DYPD:9093-/usr/sbin/apache2:} Injecting
2025/07/23T22:54:47.408-03:00 <Information> linux-lab02 [1263:9176 ]  {dypd:DYPD:9093-/usr/sbin/apache2:} Attempting to attach to 9093
2025/07/23T22:54:47.408-03:00 <Information> linux-lab02 [1263:9176 ]  {dypd:DYPD:9093-/usr/sbin/apache2:} Attached successfully to pid 9093
2025/07/23T22:54:47.494-03:00 <Information> linux-lab02 [1263:9176 ]  {dypd:DYPD:9093-/usr/sbin/apache2:} Injection result - Success (duration 87 ms)
2025/07/23T22:54:47.688-03:00 <Information> linux-lab02 [1263:9185 ]  {dypd:DYPD:9106-/usr/sbin/apache2:} Injecting
2025/07/23T22:54:47.688-03:00 <Information> linux-lab02 [1263:9185 ]  {dypd:DYPD:9106-/usr/sbin/apache2:} Attempting to attach to 9106
2025/07/23T22:54:47.697-03:00 <Information> linux-lab02 [1263:9185 ]  {dypd:DYPD:9106-/usr/sbin/apache2:} Attached successfully to pid 9106
2025/07/23T22:54:47.702-03:00 <Information> linux-lab02 [1263:9185 ]  {dypd:DYPD:9106-/usr/sbin/apache2:} Injection result - Success (duration 14 ms)
2025/07/23T22:54:47.703-03:00 <Information> linux-lab02 [1263:9186 ]  {dypd:DYPD:9107-/usr/sbin/apache2:} Injecting
2025/07/23T22:54:47.703-03:00 <Information> linux-lab02 [1263:9186 ]  {dypd:DYPD:9107-/usr/sbin/apache2:} Attempting to attach to 9107
2025/07/23T22:54:47.705-03:00 <Information> linux-lab02 [1263:9186 ]  {dypd:DYPD:9107-/usr/sbin/apache2:} Attached successfully to pid 9107
2025/07/23T22:54:47.729-03:00 <Information> linux-lab02 [1263:9186 ]  {dypd:DYPD:9107-/usr/sbin/apache2:} Injection result - Success (duration 26 ms)
2025/07/23T22:54:47.729-03:00 <Information> linux-lab02 [1263:9187 ]  {dypd:DYPD:9108-/usr/sbin/apache2:} Injecting
2025/07/23T22:54:47.729-03:00 <Information> linux-lab02 [1263:9187 ]  {dypd:DYPD:9108-/usr/sbin/apache2:} Attempting to attach to 9108
2025/07/23T22:54:47.729-03:00 <Information> linux-lab02 [1263:9187 ]  {dypd:DYPD:9108-/usr/sbin/apache2:} Attached successfully to pid 9108
2025/07/23T22:54:47.754-03:00 <Information> linux-lab02 [1263:9187 ]  {dypd:DYPD:9108-/usr/sbin/apache2:} Injection result - Success (duration 25 ms)
2025/07/23T22:54:47.755-03:00 <Information> linux-lab02 [1263:9188 ]  {dypd:DYPD:9110-/usr/sbin/apache2:} Injecting
2025/07/23T22:54:47.755-03:00 <Information> linux-lab02 [1263:9188 ]  {dypd:DYPD:9110-/usr/sbin/apache2:} Attempting to attach to 9110
2025/07/23T22:54:47.755-03:00 <Information> linux-lab02 [1263:9188 ]  {dypd:DYPD:9110-/usr/sbin/apache2:} Attached successfully to pid 9110
2025/07/23T22:54:47.774-03:00 <Information> linux-lab02 [1263:9188 ]  {dypd:DYPD:9110-/usr/sbin/apache2:} Injection result - Success (duration 19 ms)
2025/07/23T22:54:47.774-03:00 <Information> linux-lab02 [1263:9189 ]  {dypd:DYPD:9111-/usr/sbin/apache2:} Injecting
2025/07/23T22:54:47.774-03:00 <Information> linux-lab02 [1263:9189 ]  {dypd:DYPD:9111-/usr/sbin/apache2:} Attempting to attach to 9111
2025/07/23T22:54:47.774-03:00 <Information> linux-lab02 [1263:9189 ]  {dypd:DYPD:9111-/usr/sbin/apache2:} Attached successfully to pid 9111
2025/07/23T22:54:47.779-03:00 <Information> linux-lab02 [1263:9189 ]  {dypd:DYPD:9111-/usr/sbin/apache2:} Injection result - Success (duration 5 ms)
2025/07/23T22:57:18.177-03:00 <Information> linux-lab02 [1263:9222 ]  {dypd:DYPD:9216-/usr/sbin/apache2:} Injecting
2025/07/23T22:57:18.177-03:00 <Information> linux-lab02 [1263:9222 ]  {dypd:DYPD:9216-/usr/sbin/apache2:} Attempting to attach to 9216
2025/07/23T22:57:18.178-03:00 <Information> linux-lab02 [1263:9222 ]  {dypd:DYPD:9216-/usr/sbin/apache2:} Attached successfully to pid 9216
2025/07/23T22:57:18.239-03:00 <Information> linux-lab02 [1263:9222 ]  {dypd:DYPD:9216-/usr/sbin/apache2:} Injection result - Success (duration 62 ms)
2025/07/23T22:57:18.240-03:00 <Information> linux-lab02 [1263:9223 ]  {dypd:DYPD:9217-/usr/sbin/apache2:} Injecting
2025/07/23T22:57:18.241-03:00 <Information> linux-lab02 [1263:9223 ]  {dypd:DYPD:9217-/usr/sbin/apache2:} Attempting to attach to 9217
2025/07/23T22:57:18.242-03:00 <Information> linux-lab02 [1263:9223 ]  {dypd:DYPD:9217-/usr/sbin/apache2:} Attached successfully to pid 9217
2025/07/23T22:57:18.297-03:00 <Information> linux-lab02 [1263:9223 ]  {dypd:DYPD:9217-/usr/sbin/apache2:} Injection result - Success (duration 56 ms)
2025/07/23T22:57:18.298-03:00 <Information> linux-lab02 [1263:9224 ]  {dypd:DYPD:9218-/usr/sbin/apache2:} Injecting
2025/07/23T22:57:18.298-03:00 <Information> linux-lab02 [1263:9224 ]  {dypd:DYPD:9218-/usr/sbin/apache2:} Attempting to attach to 9218
2025/07/23T22:57:18.298-03:00 <Information> linux-lab02 [1263:9224 ]  {dypd:DYPD:9218-/usr/sbin/apache2:} Attached successfully to pid 9218
2025/07/23T22:57:18.344-03:00 <Information> linux-lab02 [1263:9224 ]  {dypd:DYPD:9218-/usr/sbin/apache2:} Injection result - Success (duration 45 ms)
2025/07/23T22:57:18.344-03:00 <Information> linux-lab02 [1263:9225 ]  {dypd:DYPD:9219-/usr/sbin/apache2:} Injecting
2025/07/23T22:57:18.345-03:00 <Information> linux-lab02 [1263:9225 ]  {dypd:DYPD:9219-/usr/sbin/apache2:} Attempting to attach to 9219
2025/07/23T22:57:18.345-03:00 <Information> linux-lab02 [1263:9225 ]  {dypd:DYPD:9219-/usr/sbin/apache2:} Attached successfully to pid 9219
2025/07/23T22:57:18.404-03:00 <Information> linux-lab02 [1263:9225 ]  {dypd:DYPD:9219-/usr/sbin/apache2:} Injection result - Success (duration 59 ms)
2025/07/23T22:57:18.405-03:00 <Information> linux-lab02 [1263:9226 ]  {dypd:DYPD:9220-/usr/sbin/apache2:} Injecting
2025/07/23T22:57:18.406-03:00 <Information> linux-lab02 [1263:9226 ]  {dypd:DYPD:9220-/usr/sbin/apache2:} Attempting to attach to 9220
2025/07/23T22:57:18.406-03:00 <Information> linux-lab02 [1263:9226 ]  {dypd:DYPD:9220-/usr/sbin/apache2:} Attached successfully to pid 9220
2025/07/23T22:57:18.465-03:00 <Information> linux-lab02 [1263:9226 ]  {dypd:DYPD:9220-/usr/sbin/apache2:} Injection result - Success (duration 59 ms)
2025/07/23T22:57:18.466-03:00 <Information> linux-lab02 [1263:9227 ]  {dypd:DYPD:9221-/usr/sbin/apache2:} Injecting
2025/07/23T22:57:18.466-03:00 <Information> linux-lab02 [1263:9227 ]  {dypd:DYPD:9221-/usr/sbin/apache2:} Attempting to attach to 9221
2025/07/23T22:57:18.467-03:00 <Information> linux-lab02 [1263:9227 ]  {dypd:DYPD:9221-/usr/sbin/apache2:} Attached successfully to pid 9221
2025/07/23T22:57:18.518-03:00 <Information> linux-lab02 [1263:9227 ]  {dypd:DYPD:9221-/usr/sbin/apache2:} Injection result - Success (duration 51 ms)
2025/07/23T23:00:39.470-03:00 <Information> linux-lab02 [1263:9325 ]  {dypd:DYPD:9319-/usr/sbin/apache2:} Injecting
2025/07/23T23:00:39.471-03:00 <Information> linux-lab02 [1263:9325 ]  {dypd:DYPD:9319-/usr/sbin/apache2:} Attempting to attach to 9319
2025/07/23T23:00:39.471-03:00 <Information> linux-lab02 [1263:9325 ]  {dypd:DYPD:9319-/usr/sbin/apache2:} Attached successfully to pid 9319
2025/07/23T23:00:39.532-03:00 <Information> linux-lab02 [1263:9325 ]  {dypd:DYPD:9319-/usr/sbin/apache2:} Injection result - Success (duration 61 ms)
2025/07/23T23:00:39.552-03:00 <Information> linux-lab02 [1263:9326 ]  {dypd:DYPD:9320-/usr/sbin/apache2:} Injecting
2025/07/23T23:00:39.553-03:00 <Information> linux-lab02 [1263:9326 ]  {dypd:DYPD:9320-/usr/sbin/apache2:} Attempting to attach to 9320
2025/07/23T23:00:39.553-03:00 <Information> linux-lab02 [1263:9326 ]  {dypd:DYPD:9320-/usr/sbin/apache2:} Attached successfully to pid 9320
2025/07/23T23:00:39.601-03:00 <Information> linux-lab02 [1263:9326 ]  {dypd:DYPD:9320-/usr/sbin/apache2:} Injection result - Success (duration 48 ms)
2025/07/23T23:00:39.602-03:00 <Information> linux-lab02 [1263:9327 ]  {dypd:DYPD:9321-/usr/sbin/apache2:} Injecting
2025/07/23T23:00:39.602-03:00 <Information> linux-lab02 [1263:9327 ]  {dypd:DYPD:9321-/usr/sbin/apache2:} Attempting to attach to 9321
2025/07/23T23:00:39.603-03:00 <Information> linux-lab02 [1263:9327 ]  {dypd:DYPD:9321-/usr/sbin/apache2:} Attached successfully to pid 9321
2025/07/23T23:00:39.656-03:00 <Information> linux-lab02 [1263:9327 ]  {dypd:DYPD:9321-/usr/sbin/apache2:} Injection result - Success (duration 54 ms)
2025/07/23T23:00:39.657-03:00 <Information> linux-lab02 [1263:9328 ]  {dypd:DYPD:9322-/usr/sbin/apache2:} Injecting
2025/07/23T23:00:39.657-03:00 <Information> linux-lab02 [1263:9328 ]  {dypd:DYPD:9322-/usr/sbin/apache2:} Attempting to attach to 9322
2025/07/23T23:00:39.657-03:00 <Information> linux-lab02 [1263:9328 ]  {dypd:DYPD:9322-/usr/sbin/apache2:} Attached successfully to pid 9322
2025/07/23T23:00:39.703-03:00 <Information> linux-lab02 [1263:9328 ]  {dypd:DYPD:9322-/usr/sbin/apache2:} Injection result - Success (duration 45 ms)
2025/07/23T23:00:39.703-03:00 <Information> linux-lab02 [1263:9329 ]  {dypd:DYPD:9323-/usr/sbin/apache2:} Injecting
2025/07/23T23:00:39.704-03:00 <Information> linux-lab02 [1263:9329 ]  {dypd:DYPD:9323-/usr/sbin/apache2:} Attempting to attach to 9323
2025/07/23T23:00:39.704-03:00 <Information> linux-lab02 [1263:9329 ]  {dypd:DYPD:9323-/usr/sbin/apache2:} Attached successfully to pid 9323
2025/07/23T23:00:39.756-03:00 <Information> linux-lab02 [1263:9329 ]  {dypd:DYPD:9323-/usr/sbin/apache2:} Injection result - Success (duration 52 ms)
2025/07/23T23:00:39.757-03:00 <Information> linux-lab02 [1263:9330 ]  {dypd:DYPD:9324-/usr/sbin/apache2:} Injecting
2025/07/23T23:00:39.757-03:00 <Information> linux-lab02 [1263:9330 ]  {dypd:DYPD:9324-/usr/sbin/apache2:} Attempting to attach to 9324
2025/07/23T23:00:39.758-03:00 <Information> linux-lab02 [1263:9330 ]  {dypd:DYPD:9324-/usr/sbin/apache2:} Attached successfully to pid 9324
2025/07/23T23:00:39.817-03:00 <Information> linux-lab02 [1263:9330 ]  {dypd:DYPD:9324-/usr/sbin/apache2:} Injection result - Success (duration 60 ms)
2025/07/23T23:00:53.601-03:00 <Information> linux-lab02 [1263:9348 ]  {dypd:DYPD:9342-/usr/sbin/apache2:} Injecting
2025/07/23T23:00:53.602-03:00 <Information> linux-lab02 [1263:9348 ]  {dypd:DYPD:9342-/usr/sbin/apache2:} Attempting to attach to 9342
2025/07/23T23:00:53.603-03:00 <Information> linux-lab02 [1263:9348 ]  {dypd:DYPD:9342-/usr/sbin/apache2:} Attached successfully to pid 9342
2025/07/23T23:00:53.668-03:00 <Information> linux-lab02 [1263:9348 ]  {dypd:DYPD:9342-/usr/sbin/apache2:} Injection result - Success (duration 66 ms)
2025/07/23T23:00:53.669-03:00 <Information> linux-lab02 [1263:9349 ]  {dypd:DYPD:9343-/usr/sbin/apache2:} Injecting
2025/07/23T23:00:53.669-03:00 <Information> linux-lab02 [1263:9349 ]  {dypd:DYPD:9343-/usr/sbin/apache2:} Attempting to attach to 9343
2025/07/23T23:00:53.669-03:00 <Information> linux-lab02 [1263:9349 ]  {dypd:DYPD:9343-/usr/sbin/apache2:} Attached successfully to pid 9343
2025/07/23T23:00:53.724-03:00 <Information> linux-lab02 [1263:9349 ]  {dypd:DYPD:9343-/usr/sbin/apache2:} Injection result - Success (duration 55 ms)
2025/07/23T23:00:53.727-03:00 <Information> linux-lab02 [1263:9350 ]  {dypd:DYPD:9344-/usr/sbin/apache2:} Injecting
2025/07/23T23:00:53.728-03:00 <Information> linux-lab02 [1263:9350 ]  {dypd:DYPD:9344-/usr/sbin/apache2:} Attempting to attach to 9344
2025/07/23T23:00:53.728-03:00 <Information> linux-lab02 [1263:9350 ]  {dypd:DYPD:9344-/usr/sbin/apache2:} Attached successfully to pid 9344
2025/07/23T23:00:53.780-03:00 <Information> linux-lab02 [1263:9350 ]  {dypd:DYPD:9344-/usr/sbin/apache2:} Injection result - Success (duration 52 ms)
2025/07/23T23:00:53.781-03:00 <Information> linux-lab02 [1263:9351 ]  {dypd:DYPD:9345-/usr/sbin/apache2:} Injecting
2025/07/23T23:00:53.781-03:00 <Information> linux-lab02 [1263:9351 ]  {dypd:DYPD:9345-/usr/sbin/apache2:} Attempting to attach to 9345
2025/07/23T23:00:53.781-03:00 <Information> linux-lab02 [1263:9351 ]  {dypd:DYPD:9345-/usr/sbin/apache2:} Attached successfully to pid 9345
2025/07/23T23:00:53.787-03:00 <Information> linux-lab02 [1263:9351 ]  {dypd:DYPD:9345-/usr/sbin/apache2:} Injection result - Success (duration 6 ms)
2025/07/23T23:00:53.787-03:00 <Information> linux-lab02 [1263:9352 ]  {dypd:DYPD:9346-/usr/sbin/apache2:} Injecting
2025/07/23T23:00:53.788-03:00 <Information> linux-lab02 [1263:9352 ]  {dypd:DYPD:9346-/usr/sbin/apache2:} Attempting to attach to 9346
2025/07/23T23:00:53.788-03:00 <Information> linux-lab02 [1263:9352 ]  {dypd:DYPD:9346-/usr/sbin/apache2:} Attached successfully to pid 9346
2025/07/23T23:00:53.793-03:00 <Information> linux-lab02 [1263:9352 ]  {dypd:DYPD:9346-/usr/sbin/apache2:} Injection result - Success (duration 5 ms)
2025/07/23T23:00:53.794-03:00 <Information> linux-lab02 [1263:9353 ]  {dypd:DYPD:9347-/usr/sbin/apache2:} Injecting
2025/07/23T23:00:53.794-03:00 <Information> linux-lab02 [1263:9353 ]  {dypd:DYPD:9347-/usr/sbin/apache2:} Attempting to attach to 9347
2025/07/23T23:00:53.794-03:00 <Information> linux-lab02 [1263:9353 ]  {dypd:DYPD:9347-/usr/sbin/apache2:} Attached successfully to pid 9347
2025/07/23T23:00:53.837-03:00 <Information> linux-lab02 [1263:9353 ]  {dypd:DYPD:9347-/usr/sbin/apache2:} Injection result - Success (duration 43 ms)
2025/07/23T23:01:26.755-03:00 <Information> linux-lab02 [1263:9356 ]  {dypd:DYPD:9355-/usr/sbin/apache2:} Injecting
2025/07/23T23:01:26.756-03:00 <Information> linux-lab02 [1263:9356 ]  {dypd:DYPD:9355-/usr/sbin/apache2:} Attempting to attach to 9355
2025/07/23T23:01:26.756-03:00 <Information> linux-lab02 [1263:9356 ]  {dypd:DYPD:9355-/usr/sbin/apache2:} Attached successfully to pid 9355
2025/07/23T23:01:26.761-03:00 <Information> linux-lab02 [1263:9356 ]  {dypd:DYPD:9355-/usr/sbin/apache2:Reconnect:} Doing reconnect to libmoduleng, is64=1
2025/07/23T23:01:26.761-03:00 <Information> linux-lab02 [1263:9356 ]  {dypd:DYPD:9355-/usr/sbin/apache2:Reconnect:} Successfully reconnected to new libmodule
2025/07/23T23:01:26.762-03:00 <Information> linux-lab02 [1263:9356 ]  {dypd:DYPD:9355-/usr/sbin/apache2:} Injection result - Success (duration 6 ms)
2025/07/23T23:01:31.763-03:00 <Information> linux-lab02 [1263:9358 ]  {dypd:DYPD:9357-/usr/sbin/apache2:} Injecting
2025/07/23T23:01:31.764-03:00 <Information> linux-lab02 [1263:9358 ]  {dypd:DYPD:9357-/usr/sbin/apache2:} Attempting to attach to 9357
2025/07/23T23:01:31.764-03:00 <Information> linux-lab02 [1263:9358 ]  {dypd:DYPD:9357-/usr/sbin/apache2:} Attached successfully to pid 9357
2025/07/23T23:01:31.768-03:00 <Information> linux-lab02 [1263:9358 ]  {dypd:DYPD:9357-/usr/sbin/apache2:Reconnect:} Doing reconnect to libmoduleng, is64=1
2025/07/23T23:01:31.768-03:00 <Information> linux-lab02 [1263:9358 ]  {dypd:DYPD:9357-/usr/sbin/apache2:Reconnect:} Successfully reconnected to new libmodule
2025/07/23T23:01:31.769-03:00 <Information> linux-lab02 [1263:9358 ]  {dypd:DYPD:9357-/usr/sbin/apache2:} Injection result - Success (duration 5 ms)
2025/07/23T23:03:06.559-03:00 <Information> linux-lab02 [1263:9407 ]  {dypd:DYPD:9404-/usr/sbin/apache2:} Injecting
2025/07/23T23:03:06.560-03:00 <Information> linux-lab02 [1263:9407 ]  {dypd:DYPD:9404-/usr/sbin/apache2:} Executable changed '/usr/sbin/apache2' -> '/usr/bin/dash', cancelling injection
2025/07/23T23:03:06.560-03:00 <Information> linux-lab02 [1263:9407 ]  {dypd:DYPD:9404-/usr/sbin/apache2:} Injection result - Failure (duration 0 ms)
2025/07/23T23:03:10.042-03:00 <Information> linux-lab02 [1263:9410 ]  {dypd:DYPD:9408-/usr/sbin/apache2:} Injecting
2025/07/23T23:03:10.042-03:00 <Information> linux-lab02 [1263:9410 ]  {dypd:DYPD:9408-/usr/sbin/apache2:} Executable changed '/usr/sbin/apache2' -> '/usr/bin/dash', cancelling injection
2025/07/23T23:03:10.042-03:00 <Information> linux-lab02 [1263:9410 ]  {dypd:DYPD:9408-/usr/sbin/apache2:} Injection result - Failure (duration 0 ms)
2025/07/23T23:03:18.457-03:00 <Information> linux-lab02 [1263:9414 ]  {dypd:DYPD:9411-/usr/sbin/apache2:} Injecting
2025/07/23T23:03:18.457-03:00 <Information> linux-lab02 [1263:9414 ]  {dypd:DYPD:9411-/usr/sbin/apache2:} Executable changed '/usr/sbin/apache2' -> '/usr/bin/dash', cancelling injection
2025/07/23T23:03:18.457-03:00 <Information> linux-lab02 [1263:9414 ]  {dypd:DYPD:9411-/usr/sbin/apache2:} Injection result - Failure (duration 0 ms)
2025/07/23T23:03:18.904-03:00 <Information> linux-lab02 [1263:9415 ]  {dypd:DYPD:9413-/usr/sbin/apache2:} Injecting
2025/07/23T23:03:18.904-03:00 <Information> linux-lab02 [1263:9415 ]  {dypd:DYPD:9413-/usr/sbin/apache2:} Attempting to attach to 9413
2025/07/23T23:03:18.905-03:00 <Information> linux-lab02 [1263:9415 ]  {dypd:DYPD:9413-/usr/sbin/apache2:} Attached successfully to pid 9413
2025/07/23T23:03:18.911-03:00 <Information> linux-lab02 [1263:9415 ]  {dypd:DYPD:9413-/usr/sbin/apache2:Reconnect:} Doing reconnect to libmoduleng, is64=1
2025/07/23T23:03:18.912-03:00 <Information> linux-lab02 [1263:9415 ]  {dypd:DYPD:9413-/usr/sbin/apache2:Reconnect:} Successfully reconnected to new libmodule
2025/07/23T23:03:18.912-03:00 <Information> linux-lab02 [1263:9415 ]  {dypd:DYPD:9413-/usr/sbin/apache2:} Injection result - Success (duration 8 ms)
2025/07/23T23:03:49.946-03:00 <Information> linux-lab02 [1263:9421 ]  {dypd:DYPD:9419-/usr/sbin/apache2:} Injecting
2025/07/23T23:03:49.946-03:00 <Information> linux-lab02 [1263:9421 ]  {dypd:DYPD:9419-/usr/sbin/apache2:} Attempting to attach to 9419
2025/07/23T23:03:49.947-03:00 <Information> linux-lab02 [1263:9421 ]  {dypd:DYPD:9419-/usr/sbin/apache2:} Attached successfully to pid 9419
2025/07/23T23:03:49.955-03:00 <Information> linux-lab02 [1263:9421 ]  {dypd:DYPD:9419-/usr/sbin/apache2:Reconnect:} Doing reconnect to libmoduleng, is64=1
2025/07/23T23:03:49.956-03:00 <Information> linux-lab02 [1263:9421 ]  {dypd:DYPD:9419-/usr/sbin/apache2:Reconnect:} Successfully reconnected to new libmodule
2025/07/23T23:03:49.958-03:00 <Information> linux-lab02 [1263:9421 ]  {dypd:DYPD:9419-/usr/sbin/apache2:} Injection result - Success (duration 12 ms)
2025/07/23T23:04:29.208-03:00 <Information> linux-lab02 [1263:9427 ]  {dypd:DYPD:9425-/usr/sbin/apache2:} Injecting
2025/07/23T23:04:29.208-03:00 <Information> linux-lab02 [1263:9427 ]  {dypd:DYPD:9425-/usr/sbin/apache2:} Executable changed '/usr/sbin/apache2' -> '/usr/bin/dash', cancelling injection
2025/07/23T23:04:29.209-03:00 <Information> linux-lab02 [1263:9427 ]  {dypd:DYPD:9425-/usr/sbin/apache2:} Injection result - Failure (duration 0 ms)
2025/07/23T23:06:40.996-03:00 <Information> linux-lab02 [1263:1263 ]  {dypd:DYPD} SIGTERM from init process is ignored, waiting for signal from pmd
2025/07/23T23:06:45.917-03:00 <Information> linux-lab02 [1263:1263 ]  {dypd:DYPD} Got SIGTERM from pid: 637
2025/07/23T23:06:45.917-03:00 <Information> linux-lab02 [1263:1263 ]  {dypd:DYPD} Stopping
2025/07/23T23:06:45.917-03:00 <Information> linux-lab02 [1263:1263 ]  {dypd:DYPD:Stopping:} Joining messages thread
2025/07/23T23:06:45.917-03:00 <Error> linux-lab02 [1263:1266 ]  {dypd:DYPD} Failed to receive Message, socket closed by peer
2025/07/23T23:06:45.917-03:00 <Information> linux-lab02 [1263:1266 ]  {dypd:DYPD} Stopped handling new messages
2025/07/23T23:06:45.917-03:00 <Information> linux-lab02 [1263:1263 ]  {dypd:DYPD:Stopping:} Joining writer thread
2025/07/23T23:06:45.917-03:00 <Information> linux-lab02 [1263:1267 ]  {dypd:DYPD} Send queue closed
2025/07/23T23:06:45.917-03:00 <Information> linux-lab02 [1263:1267 ]  {dypd:DYPD} Stopped sending new messages
2025/07/23T23:06:45.917-03:00 <Information> linux-lab02 [1263:1263 ]  {dypd:DYPD:Stopping:} Joining injector thread
2025/07/23T23:06:45.918-03:00 <Information> linux-lab02 [1263:1265 ]  {dypd:DYPD} Injections queue closed
2025/07/23T23:06:45.918-03:00 <Information> linux-lab02 [1263:1265 ]  {dypd:DYPD} InjectionThread stopped
2025/07/23T23:06:45.918-03:00 <Information> linux-lab02 [1263:1263 ]  {dypd:DYPD:Stopping:} Stopped
2025/07/23T23:06:45.918-03:00 <Information> linux-lab02 [1263:1263 ]  {trapsd:IRpcLib} Stopping IRpc server /opt/traps/ipc/dypd.D14E1802209CC40A731D040283E74644
2025/07/23T23:06:45.918-03:00 <Information> linux-lab02 [1263:1263 ]  {trapsd:IRpcLib} Waiting for IO thread completion for 5000 ms
2025/07/23T23:06:45.918-03:00 <Information> linux-lab02 [1263:1264 ]  {trapsd:IRpcLib:Stop:} Stopping active Ipc sesions. Active session count=0
2025/07/23T23:06:45.918-03:00 <Information> linux-lab02 [1263:1264 ]  {trapsd:IRpcLib:Stop:} Done stopping all active sessions. Clearing the sessions.
2025/07/23T23:06:45.918-03:00 <Information> linux-lab02 [1263:1264 ]  {trapsd:IRpcLib:Stop:} Stopping tasks execution thread pool. Pool job count=0
2025/07/23T23:06:45.918-03:00 <Information> linux-lab02 [1263:1264 ]  {trapsd:IRpcLib} Accept handler was aborted. Code: system:125, is stopping: true
2025/07/23T23:06:45.918-03:00 <Information> linux-lab02 [1263:1264 ]  {trapsd:IRpcLib} IO context run completed. Worker thread is exiting.
2025/07/23T23:06:45.918-03:00 <Information> linux-lab02 [1263:1263 ]  {trapsd:IRpcLib} IO worker thread completed successfully.
2025/07/23T23:06:45.918-03:00 <Information> linux-lab02 [1263:1263 ]  {dypd:DYPD} =============== BYE BYE ===============
2025/07/24T09:52:05.555-03:00 <Information> linux-lab02 [1348:1348 ]  {trapsd:IRpcLib} Created irpc channel name: /opt/traps/ipc/authorized.3A5949AD8B4A4195BF44C7C4C8FF1FA1 for channel type: AuthorizedSupport
2025/07/24T09:52:05.555-03:00 <Information> linux-lab02 [1348:1348 ]  {trapsd:IRpcLib} Created irpc channel name: /opt/traps/ipc/pmd.B4FF387483ACC4894DE409874743BFDB for channel type: PmdSupport
2025/07/24T09:52:05.556-03:00 <Information> linux-lab02 [1348:1348 ]  {trapsd:IRpcLib} Created irpc channel name: /opt/traps/ipc/sandboxd.5DA9E887BFFF47DF83F0F96497150291 for channel type: SandboxdSupport
2025/07/24T09:52:05.558-03:00 <Information> linux-lab02 [1348:1348 ]  {dypd:DYPD} =============== STARTING ===============
2025/07/24T09:52:05.558-03:00 <Information> linux-lab02 [1348:1348 ]  {dypd:DYPD} Loading configuration...
2025/07/24T09:52:05.558-03:00 <Information> linux-lab02 [1348:1348 ]  {dypd:DYPD} log_level set to 6
2025/07/24T09:52:05.558-03:00 <Information> linux-lab02 [1348:1348 ]  {dypd:DYPD} AppArmor aware
2025/07/24T09:52:05.559-03:00 <Information> linux-lab02 [1348:1348 ]  {trapsd:IRpcLib} Created irpc channel name: /opt/traps/ipc/dypd.D14E1802209CC40A731D040283E74644 for channel type: Dypd
2025/07/24T09:52:05.559-03:00 <Information> linux-lab02 [1348:1348 ]  {trapsd:IRpcLib} Created irpc channel name: /opt/traps/ipc/support.D277B246304A403F8641295EC28FBB2A for channel type: Support
2025/07/24T09:52:05.559-03:00 <Information> linux-lab02 [1348:1348 ]  {trapsd:IRpcLib} Created irpc channel name: /opt/traps/ipc/status.03A70614CCF742FD93977FD1A4336D9A for channel type: Status
2025/07/24T09:52:05.559-03:00 <Information> linux-lab02 [1348:1348 ]  {trapsd:IRpcLib} Starting IRPC server with channel name: /opt/traps/ipc/dypd.D14E1802209CC40A731D040283E74644
2025/07/24T09:52:05.566-03:00 <Information> linux-lab02 [1348:1348 ]  {dypd:DYPD} Starting daemon
2025/07/24T09:52:05.566-03:00 <Information> linux-lab02 [1348:1348 ]  {dypd:DYPD} Is AppArmor aware? 1
2025/07/24T09:52:05.567-03:00 <Information> linux-lab02 [1348:1348 ]  {dypd:DYPD} Policy:
injection_timeout_ms: 10000 lsm_pool_size_per_cpu: 2 retry_delays_ms: 200 retry_delays_ms: 500 retry_delays_ms: 1000 retry_delays_ms: 2000 libmodule_log_level: 1 libmodule_log_output: 1 inject_to_32bit: true should_reconnect: true max_number_of_threads: 300 signal_timeout: 10 rip_region_size: 700 inject_to_non_init_mount_namespace: true run_original_apparmor_logic: true inject_on_seccomp_filter: true ptrace_manager { perm_timeout_ms: 30000 }
2025/07/24T09:52:05.573-03:00 <Information> linux-lab02 [1348:1348 ]  {dypd:DYPD} Daemon started
2025/07/24T09:52:05.574-03:00 <Information> linux-lab02 [1348:1349 ]  {trapsd:IRpcLib} Initial async accept for channel name: /opt/traps/ipc/dypd.D14E1802209CC40A731D040283E74644 completed. Starting handling events.
2025/07/24T09:52:08.575-03:00 <Information> linux-lab02 [1348:1364 ]  {dypd:DYPD:752-/usr/sbin/apache2:} Injecting
2025/07/24T09:52:08.576-03:00 <Information> linux-lab02 [1348:1364 ]  {dypd:DYPD:752-/usr/sbin/apache2:} Attempting to attach to 752
2025/07/24T09:52:08.577-03:00 <Information> linux-lab02 [1348:1364 ]  {dypd:DYPD:752-/usr/sbin/apache2:} Attached successfully to pid 752
2025/07/24T09:52:08.669-03:00 <Information> linux-lab02 [1348:1364 ]  {dypd:DYPD:752-/usr/sbin/apache2:} Injection result - Success (duration 93 ms)
2025/07/24T09:52:08.670-03:00 <Information> linux-lab02 [1348:1365 ]  {dypd:DYPD:804-/usr/sbin/apache2:} Injecting
2025/07/24T09:52:08.671-03:00 <Information> linux-lab02 [1348:1365 ]  {dypd:DYPD:804-/usr/sbin/apache2:} Attempting to attach to 804
2025/07/24T09:52:08.671-03:00 <Information> linux-lab02 [1348:1365 ]  {dypd:DYPD:804-/usr/sbin/apache2:} Attached successfully to pid 804
2025/07/24T09:52:08.734-03:00 <Information> linux-lab02 [1348:1365 ]  {dypd:DYPD:804-/usr/sbin/apache2:} Injection result - Success (duration 64 ms)
2025/07/24T09:52:08.735-03:00 <Information> linux-lab02 [1348:1366 ]  {dypd:DYPD:808-/usr/sbin/apache2:} Injecting
2025/07/24T09:52:08.736-03:00 <Information> linux-lab02 [1348:1366 ]  {dypd:DYPD:808-/usr/sbin/apache2:} Attempting to attach to 808
2025/07/24T09:52:08.736-03:00 <Information> linux-lab02 [1348:1366 ]  {dypd:DYPD:808-/usr/sbin/apache2:} Attached successfully to pid 808
2025/07/24T09:52:08.798-03:00 <Information> linux-lab02 [1348:1366 ]  {dypd:DYPD:808-/usr/sbin/apache2:} Injection result - Success (duration 62 ms)
2025/07/24T09:52:08.799-03:00 <Information> linux-lab02 [1348:1367 ]  {dypd:DYPD:809-/usr/sbin/apache2:} Injecting
2025/07/24T09:52:08.799-03:00 <Information> linux-lab02 [1348:1367 ]  {dypd:DYPD:809-/usr/sbin/apache2:} Attempting to attach to 809
2025/07/24T09:52:08.799-03:00 <Information> linux-lab02 [1348:1367 ]  {dypd:DYPD:809-/usr/sbin/apache2:} Attached successfully to pid 809
2025/07/24T09:52:08.854-03:00 <Information> linux-lab02 [1348:1367 ]  {dypd:DYPD:809-/usr/sbin/apache2:} Injection result - Success (duration 55 ms)
2025/07/24T09:52:08.856-03:00 <Information> linux-lab02 [1348:1368 ]  {dypd:DYPD:810-/usr/sbin/apache2:} Injecting
2025/07/24T09:52:08.857-03:00 <Information> linux-lab02 [1348:1368 ]  {dypd:DYPD:810-/usr/sbin/apache2:} Attempting to attach to 810
2025/07/24T09:52:08.858-03:00 <Information> linux-lab02 [1348:1368 ]  {dypd:DYPD:810-/usr/sbin/apache2:} Attached successfully to pid 810
2025/07/24T09:52:08.937-03:00 <Information> linux-lab02 [1348:1368 ]  {dypd:DYPD:810-/usr/sbin/apache2:} Injection result - Success (duration 80 ms)
2025/07/24T09:52:08.937-03:00 <Information> linux-lab02 [1348:1369 ]  {dypd:DYPD:811-/usr/sbin/apache2:} Injecting
2025/07/24T09:52:08.937-03:00 <Information> linux-lab02 [1348:1369 ]  {dypd:DYPD:811-/usr/sbin/apache2:} Attempting to attach to 811
2025/07/24T09:52:08.938-03:00 <Information> linux-lab02 [1348:1369 ]  {dypd:DYPD:811-/usr/sbin/apache2:} Attached successfully to pid 811
2025/07/24T09:52:08.993-03:00 <Information> linux-lab02 [1348:1369 ]  {dypd:DYPD:811-/usr/sbin/apache2:} Injection result - Success (duration 55 ms)
2025/07/24T09:52:55.205-03:00 <Information> linux-lab02 [1348:1351 ]  {dypd:DYPD} Policy:
injection_timeout_ms: 10000 lsm_pool_size_per_cpu: 2 retry_delays_ms: 200 retry_delays_ms: 500 retry_delays_ms: 1000 retry_delays_ms: 2000 libmodule_log_level: 1 libmodule_log_output: 1 inject_to_32bit: true should_reconnect: true max_number_of_threads: 300 signal_timeout: 10 rip_region_size: 700 inject_to_non_init_mount_namespace: true run_original_apparmor_logic: true inject_on_seccomp_filter: true ptrace_manager { perm_timeout_ms: 30000 }
2025/07/24T10:04:55.405-03:00 <Information> linux-lab02 [1348:1679 ]  {dypd:DYPD:1678-/usr/sbin/apache2:} Injecting
2025/07/24T10:04:55.406-03:00 <Information> linux-lab02 [1348:1679 ]  {dypd:DYPD:1678-/usr/sbin/apache2:} Attempting to attach to 1678
2025/07/24T10:04:55.406-03:00 <Information> linux-lab02 [1348:1679 ]  {dypd:DYPD:1678-/usr/sbin/apache2:} Attached successfully to pid 1678
2025/07/24T10:04:55.412-03:00 <Information> linux-lab02 [1348:1679 ]  {dypd:DYPD:1678-/usr/sbin/apache2:Reconnect:} Doing reconnect to libmoduleng, is64=1
2025/07/24T10:04:55.413-03:00 <Information> linux-lab02 [1348:1679 ]  {dypd:DYPD:1678-/usr/sbin/apache2:Reconnect:} Successfully reconnected to new libmodule
2025/07/24T10:04:55.414-03:00 <Information> linux-lab02 [1348:1679 ]  {dypd:DYPD:1678-/usr/sbin/apache2:} Injection result - Success (duration 8 ms)
2025/07/24T10:21:07.330-03:00 <Information> linux-lab02 [1348:1874 ]  {dypd:DYPD:1868-/usr/sbin/apache2:} Injecting
2025/07/24T10:21:07.331-03:00 <Information> linux-lab02 [1348:1874 ]  {dypd:DYPD:1868-/usr/sbin/apache2:} Attempting to attach to 1868
2025/07/24T10:21:07.332-03:00 <Information> linux-lab02 [1348:1874 ]  {dypd:DYPD:1868-/usr/sbin/apache2:} Attached successfully to pid 1868
2025/07/24T10:21:07.412-03:00 <Information> linux-lab02 [1348:1874 ]  {dypd:DYPD:1868-/usr/sbin/apache2:} Injection result - Success (duration 81 ms)
2025/07/24T10:21:07.413-03:00 <Information> linux-lab02 [1348:1875 ]  {dypd:DYPD:1869-/usr/sbin/apache2:} Injecting
2025/07/24T10:21:07.413-03:00 <Information> linux-lab02 [1348:1875 ]  {dypd:DYPD:1869-/usr/sbin/apache2:} Attempting to attach to 1869
2025/07/24T10:21:07.414-03:00 <Information> linux-lab02 [1348:1875 ]  {dypd:DYPD:1869-/usr/sbin/apache2:} Attached successfully to pid 1869
2025/07/24T10:21:07.478-03:00 <Information> linux-lab02 [1348:1875 ]  {dypd:DYPD:1869-/usr/sbin/apache2:} Injection result - Success (duration 64 ms)
2025/07/24T10:21:07.483-03:00 <Information> linux-lab02 [1348:1877 ]  {dypd:DYPD:1870-/usr/sbin/apache2:} Injecting
2025/07/24T10:21:07.484-03:00 <Information> linux-lab02 [1348:1877 ]  {dypd:DYPD:1870-/usr/sbin/apache2:} Attempting to attach to 1870
2025/07/24T10:21:07.488-03:00 <Information> linux-lab02 [1348:1877 ]  {dypd:DYPD:1870-/usr/sbin/apache2:} Attached successfully to pid 1870
2025/07/24T10:21:07.556-03:00 <Information> linux-lab02 [1348:1877 ]  {dypd:DYPD:1870-/usr/sbin/apache2:} Injection result - Success (duration 73 ms)
2025/07/24T10:21:07.557-03:00 <Information> linux-lab02 [1348:1878 ]  {dypd:DYPD:1871-/usr/sbin/apache2:} Injecting
2025/07/24T10:21:07.558-03:00 <Information> linux-lab02 [1348:1878 ]  {dypd:DYPD:1871-/usr/sbin/apache2:} Attempting to attach to 1871
2025/07/24T10:21:07.568-03:00 <Information> linux-lab02 [1348:1878 ]  {dypd:DYPD:1871-/usr/sbin/apache2:} Attached successfully to pid 1871
2025/07/24T10:21:07.626-03:00 <Information> linux-lab02 [1348:1878 ]  {dypd:DYPD:1871-/usr/sbin/apache2:} Injection result - Success (duration 68 ms)
2025/07/24T10:21:07.627-03:00 <Information> linux-lab02 [1348:1879 ]  {dypd:DYPD:1872-/usr/sbin/apache2:} Injecting
2025/07/24T10:21:07.627-03:00 <Information> linux-lab02 [1348:1879 ]  {dypd:DYPD:1872-/usr/sbin/apache2:} Attempting to attach to 1872
2025/07/24T10:21:07.628-03:00 <Information> linux-lab02 [1348:1879 ]  {dypd:DYPD:1872-/usr/sbin/apache2:} Attached successfully to pid 1872
2025/07/24T10:21:07.682-03:00 <Information> linux-lab02 [1348:1879 ]  {dypd:DYPD:1872-/usr/sbin/apache2:} Injection result - Success (duration 55 ms)
2025/07/24T10:21:07.683-03:00 <Information> linux-lab02 [1348:1880 ]  {dypd:DYPD:1873-/usr/sbin/apache2:} Injecting
2025/07/24T10:21:07.684-03:00 <Information> linux-lab02 [1348:1880 ]  {dypd:DYPD:1873-/usr/sbin/apache2:} Attempting to attach to 1873
2025/07/24T10:21:07.684-03:00 <Information> linux-lab02 [1348:1880 ]  {dypd:DYPD:1873-/usr/sbin/apache2:} Attached successfully to pid 1873
2025/07/24T10:21:07.749-03:00 <Information> linux-lab02 [1348:1880 ]  {dypd:DYPD:1873-/usr/sbin/apache2:} Injection result - Success (duration 65 ms)
2025/07/24T10:21:10.476-03:00 <Information> linux-lab02 [1348:1881 ]  {dypd:DYPD:1876-/usr/sbin/apache2:} Injecting
2025/07/24T10:21:10.476-03:00 <Information> linux-lab02 [1348:1881 ]  {dypd:DYPD:1876-/usr/sbin/apache2:} Attempting to attach to 1876
2025/07/24T10:21:10.477-03:00 <Information> linux-lab02 [1348:1881 ]  {dypd:DYPD:1876-/usr/sbin/apache2:} Attached successfully to pid 1876
2025/07/24T10:21:10.483-03:00 <Information> linux-lab02 [1348:1881 ]  {dypd:DYPD:1876-/usr/sbin/apache2:Reconnect:} Doing reconnect to libmoduleng, is64=1
2025/07/24T10:21:10.485-03:00 <Information> linux-lab02 [1348:1881 ]  {dypd:DYPD:1876-/usr/sbin/apache2:Reconnect:} Successfully reconnected to new libmodule
2025/07/24T10:21:10.486-03:00 <Information> linux-lab02 [1348:1881 ]  {dypd:DYPD:1876-/usr/sbin/apache2:} Injection result - Success (duration 10 ms)
2025/07/24T10:27:59.117-03:00 <Information> linux-lab02 [1348:1934 ]  {dypd:DYPD:1927-/usr/sbin/apache2:} Injecting
2025/07/24T10:27:59.117-03:00 <Information> linux-lab02 [1348:1934 ]  {dypd:DYPD:1927-/usr/sbin/apache2:} Attempting to attach to 1927
2025/07/24T10:27:59.118-03:00 <Information> linux-lab02 [1348:1934 ]  {dypd:DYPD:1927-/usr/sbin/apache2:} Attached successfully to pid 1927
2025/07/24T10:27:59.174-03:00 <Information> linux-lab02 [1348:1934 ]  {dypd:DYPD:1927-/usr/sbin/apache2:} Injection result - Success (duration 57 ms)
2025/07/24T10:27:59.213-03:00 <Information> linux-lab02 [1348:1935 ]  {dypd:DYPD:1928-/usr/sbin/apache2:} Injecting
2025/07/24T10:27:59.213-03:00 <Information> linux-lab02 [1348:1935 ]  {dypd:DYPD:1928-/usr/sbin/apache2:} Attempting to attach to 1928
2025/07/24T10:27:59.213-03:00 <Information> linux-lab02 [1348:1935 ]  {dypd:DYPD:1928-/usr/sbin/apache2:} Attached successfully to pid 1928
2025/07/24T10:27:59.259-03:00 <Information> linux-lab02 [1348:1935 ]  {dypd:DYPD:1928-/usr/sbin/apache2:} Injection result - Success (duration 46 ms)
2025/07/24T10:27:59.260-03:00 <Information> linux-lab02 [1348:1936 ]  {dypd:DYPD:1929-/usr/sbin/apache2:} Injecting
2025/07/24T10:27:59.260-03:00 <Information> linux-lab02 [1348:1936 ]  {dypd:DYPD:1929-/usr/sbin/apache2:} Attempting to attach to 1929
2025/07/24T10:27:59.260-03:00 <Information> linux-lab02 [1348:1936 ]  {dypd:DYPD:1929-/usr/sbin/apache2:} Attached successfully to pid 1929
2025/07/24T10:27:59.309-03:00 <Information> linux-lab02 [1348:1936 ]  {dypd:DYPD:1929-/usr/sbin/apache2:} Injection result - Success (duration 49 ms)
2025/07/24T10:27:59.310-03:00 <Information> linux-lab02 [1348:1937 ]  {dypd:DYPD:1930-/usr/sbin/apache2:} Injecting
2025/07/24T10:27:59.310-03:00 <Information> linux-lab02 [1348:1937 ]  {dypd:DYPD:1930-/usr/sbin/apache2:} Attempting to attach to 1930
2025/07/24T10:27:59.310-03:00 <Information> linux-lab02 [1348:1937 ]  {dypd:DYPD:1930-/usr/sbin/apache2:} Attached successfully to pid 1930
2025/07/24T10:27:59.358-03:00 <Information> linux-lab02 [1348:1937 ]  {dypd:DYPD:1930-/usr/sbin/apache2:} Injection result - Success (duration 48 ms)
2025/07/24T10:27:59.359-03:00 <Information> linux-lab02 [1348:1938 ]  {dypd:DYPD:1931-/usr/sbin/apache2:} Injecting
2025/07/24T10:27:59.359-03:00 <Information> linux-lab02 [1348:1938 ]  {dypd:DYPD:1931-/usr/sbin/apache2:} Attempting to attach to 1931
2025/07/24T10:27:59.359-03:00 <Information> linux-lab02 [1348:1938 ]  {dypd:DYPD:1931-/usr/sbin/apache2:} Attached successfully to pid 1931
2025/07/24T10:27:59.408-03:00 <Information> linux-lab02 [1348:1938 ]  {dypd:DYPD:1931-/usr/sbin/apache2:} Injection result - Success (duration 48 ms)
2025/07/24T10:27:59.408-03:00 <Information> linux-lab02 [1348:1939 ]  {dypd:DYPD:1932-/usr/sbin/apache2:} Injecting
2025/07/24T10:27:59.409-03:00 <Information> linux-lab02 [1348:1939 ]  {dypd:DYPD:1932-/usr/sbin/apache2:} Attempting to attach to 1932
2025/07/24T10:27:59.409-03:00 <Information> linux-lab02 [1348:1939 ]  {dypd:DYPD:1932-/usr/sbin/apache2:} Attached successfully to pid 1932
2025/07/24T10:27:59.460-03:00 <Information> linux-lab02 [1348:1939 ]  {dypd:DYPD:1932-/usr/sbin/apache2:} Injection result - Success (duration 51 ms)
2025/07/24T10:28:04.281-03:00 <Information> linux-lab02 [1348:1968 ]  {dypd:DYPD:1941-/usr/sbin/apache2:} Injecting
2025/07/24T10:28:04.282-03:00 <Information> linux-lab02 [1348:1968 ]  {dypd:DYPD:1941-/usr/sbin/apache2:} Attempting to attach to 1941
2025/07/24T10:28:04.282-03:00 <Information> linux-lab02 [1348:1968 ]  {dypd:DYPD:1941-/usr/sbin/apache2:} Attached successfully to pid 1941
2025/07/24T10:28:04.288-03:00 <Information> linux-lab02 [1348:1968 ]  {dypd:DYPD:1941-/usr/sbin/apache2:Reconnect:} Doing reconnect to libmoduleng, is64=1
2025/07/24T10:28:04.289-03:00 <Information> linux-lab02 [1348:1968 ]  {dypd:DYPD:1941-/usr/sbin/apache2:Reconnect:} Successfully reconnected to new libmodule
2025/07/24T10:28:04.290-03:00 <Information> linux-lab02 [1348:1968 ]  {dypd:DYPD:1941-/usr/sbin/apache2:} Injection result - Success (duration 8 ms)
2025/07/24T10:28:49.527-03:00 <Information> linux-lab02 [1348:1987 ]  {dypd:DYPD:1981-/usr/sbin/apache2:} Injecting
2025/07/24T10:28:49.528-03:00 <Information> linux-lab02 [1348:1987 ]  {dypd:DYPD:1981-/usr/sbin/apache2:} Attempting to attach to 1981
2025/07/24T10:28:49.529-03:00 <Information> linux-lab02 [1348:1987 ]  {dypd:DYPD:1981-/usr/sbin/apache2:} Attached successfully to pid 1981
2025/07/24T10:28:49.591-03:00 <Information> linux-lab02 [1348:1987 ]  {dypd:DYPD:1981-/usr/sbin/apache2:} Injection result - Success (duration 63 ms)
2025/07/24T10:28:49.625-03:00 <Information> linux-lab02 [1348:1988 ]  {dypd:DYPD:1982-/usr/sbin/apache2:} Injecting
2025/07/24T10:28:49.625-03:00 <Information> linux-lab02 [1348:1988 ]  {dypd:DYPD:1982-/usr/sbin/apache2:} Attempting to attach to 1982
2025/07/24T10:28:49.625-03:00 <Information> linux-lab02 [1348:1988 ]  {dypd:DYPD:1982-/usr/sbin/apache2:} Attached successfully to pid 1982
2025/07/24T10:28:49.631-03:00 <Information> linux-lab02 [1348:1988 ]  {dypd:DYPD:1982-/usr/sbin/apache2:} Injection result - Success (duration 6 ms)
2025/07/24T10:28:49.631-03:00 <Information> linux-lab02 [1348:1989 ]  {dypd:DYPD:1983-/usr/sbin/apache2:} Injecting
2025/07/24T10:28:49.631-03:00 <Information> linux-lab02 [1348:1989 ]  {dypd:DYPD:1983-/usr/sbin/apache2:} Attempting to attach to 1983
2025/07/24T10:28:49.631-03:00 <Information> linux-lab02 [1348:1989 ]  {dypd:DYPD:1983-/usr/sbin/apache2:} Attached successfully to pid 1983
2025/07/24T10:28:49.637-03:00 <Information> linux-lab02 [1348:1989 ]  {dypd:DYPD:1983-/usr/sbin/apache2:} Injection result - Success (duration 6 ms)
2025/07/24T10:28:49.637-03:00 <Information> linux-lab02 [1348:1990 ]  {dypd:DYPD:1984-/usr/sbin/apache2:} Injecting
2025/07/24T10:28:49.638-03:00 <Information> linux-lab02 [1348:1990 ]  {dypd:DYPD:1984-/usr/sbin/apache2:} Attempting to attach to 1984
2025/07/24T10:28:49.638-03:00 <Information> linux-lab02 [1348:1990 ]  {dypd:DYPD:1984-/usr/sbin/apache2:} Attached successfully to pid 1984
2025/07/24T10:28:49.681-03:00 <Information> linux-lab02 [1348:1990 ]  {dypd:DYPD:1984-/usr/sbin/apache2:} Injection result - Success (duration 43 ms)
2025/07/24T10:28:49.682-03:00 <Information> linux-lab02 [1348:1991 ]  {dypd:DYPD:1985-/usr/sbin/apache2:} Injecting
2025/07/24T10:28:49.682-03:00 <Information> linux-lab02 [1348:1991 ]  {dypd:DYPD:1985-/usr/sbin/apache2:} Attempting to attach to 1985
2025/07/24T10:28:49.682-03:00 <Information> linux-lab02 [1348:1991 ]  {dypd:DYPD:1985-/usr/sbin/apache2:} Attached successfully to pid 1985
2025/07/24T10:28:49.727-03:00 <Information> linux-lab02 [1348:1991 ]  {dypd:DYPD:1985-/usr/sbin/apache2:} Injection result - Success (duration 44 ms)
2025/07/24T10:28:49.727-03:00 <Information> linux-lab02 [1348:1992 ]  {dypd:DYPD:1986-/usr/sbin/apache2:} Injecting
2025/07/24T10:28:49.727-03:00 <Information> linux-lab02 [1348:1992 ]  {dypd:DYPD:1986-/usr/sbin/apache2:} Attempting to attach to 1986
2025/07/24T10:28:49.727-03:00 <Information> linux-lab02 [1348:1992 ]  {dypd:DYPD:1986-/usr/sbin/apache2:} Attached successfully to pid 1986
2025/07/24T10:28:49.735-03:00 <Information> linux-lab02 [1348:1992 ]  {dypd:DYPD:1986-/usr/sbin/apache2:} Injection result - Success (duration 8 ms)
2025/07/24T10:28:54.700-03:00 <Information> linux-lab02 [1348:1994 ]  {dypd:DYPD:1993-/usr/sbin/apache2:} Injecting
2025/07/24T10:28:54.702-03:00 <Information> linux-lab02 [1348:1994 ]  {dypd:DYPD:1993-/usr/sbin/apache2:} Attempting to attach to 1993
2025/07/24T10:28:54.704-03:00 <Information> linux-lab02 [1348:1994 ]  {dypd:DYPD:1993-/usr/sbin/apache2:} Attached successfully to pid 1993
2025/07/24T10:28:54.711-03:00 <Information> linux-lab02 [1348:1994 ]  {dypd:DYPD:1993-/usr/sbin/apache2:Reconnect:} Doing reconnect to libmoduleng, is64=1
2025/07/24T10:28:54.712-03:00 <Information> linux-lab02 [1348:1994 ]  {dypd:DYPD:1993-/usr/sbin/apache2:Reconnect:} Successfully reconnected to new libmodule
2025/07/24T10:28:54.712-03:00 <Information> linux-lab02 [1348:1994 ]  {dypd:DYPD:1993-/usr/sbin/apache2:} Injection result - Success (duration 10 ms)
2025/07/24T10:49:47.028-03:00 <Information> linux-lab02 [1348:2550 ]  {dypd:DYPD:2544-/usr/sbin/apache2:} Injecting
2025/07/24T10:49:47.031-03:00 <Information> linux-lab02 [1348:2550 ]  {dypd:DYPD:2544-/usr/sbin/apache2:} Attempting to attach to 2544
2025/07/24T10:49:47.032-03:00 <Information> linux-lab02 [1348:2550 ]  {dypd:DYPD:2544-/usr/sbin/apache2:} Attached successfully to pid 2544
2025/07/24T10:49:47.093-03:00 <Information> linux-lab02 [1348:2550 ]  {dypd:DYPD:2544-/usr/sbin/apache2:} Injection result - Success (duration 64 ms)
2025/07/24T10:49:47.094-03:00 <Information> linux-lab02 [1348:2551 ]  {dypd:DYPD:2545-/usr/sbin/apache2:} Injecting
2025/07/24T10:49:47.094-03:00 <Information> linux-lab02 [1348:2551 ]  {dypd:DYPD:2545-/usr/sbin/apache2:} Attempting to attach to 2545
2025/07/24T10:49:47.094-03:00 <Information> linux-lab02 [1348:2551 ]  {dypd:DYPD:2545-/usr/sbin/apache2:} Attached successfully to pid 2545
2025/07/24T10:49:47.104-03:00 <Information> linux-lab02 [1348:2551 ]  {dypd:DYPD:2545-/usr/sbin/apache2:} Injection result - Success (duration 10 ms)
2025/07/24T10:49:47.104-03:00 <Information> linux-lab02 [1348:2552 ]  {dypd:DYPD:2546-/usr/sbin/apache2:} Injecting
2025/07/24T10:49:47.104-03:00 <Information> linux-lab02 [1348:2552 ]  {dypd:DYPD:2546-/usr/sbin/apache2:} Attempting to attach to 2546
2025/07/24T10:49:47.105-03:00 <Information> linux-lab02 [1348:2552 ]  {dypd:DYPD:2546-/usr/sbin/apache2:} Attached successfully to pid 2546
2025/07/24T10:49:47.110-03:00 <Information> linux-lab02 [1348:2552 ]  {dypd:DYPD:2546-/usr/sbin/apache2:} Injection result - Success (duration 5 ms)
2025/07/24T10:49:47.110-03:00 <Information> linux-lab02 [1348:2553 ]  {dypd:DYPD:2547-/usr/sbin/apache2:} Injecting
2025/07/24T10:49:47.110-03:00 <Information> linux-lab02 [1348:2553 ]  {dypd:DYPD:2547-/usr/sbin/apache2:} Attempting to attach to 2547
2025/07/24T10:49:47.110-03:00 <Information> linux-lab02 [1348:2553 ]  {dypd:DYPD:2547-/usr/sbin/apache2:} Attached successfully to pid 2547
2025/07/24T10:49:47.150-03:00 <Information> linux-lab02 [1348:2553 ]  {dypd:DYPD:2547-/usr/sbin/apache2:} Injection result - Success (duration 39 ms)
2025/07/24T10:49:47.150-03:00 <Information> linux-lab02 [1348:2554 ]  {dypd:DYPD:2548-/usr/sbin/apache2:} Injecting
2025/07/24T10:49:47.151-03:00 <Information> linux-lab02 [1348:2554 ]  {dypd:DYPD:2548-/usr/sbin/apache2:} Attempting to attach to 2548
2025/07/24T10:49:47.151-03:00 <Information> linux-lab02 [1348:2554 ]  {dypd:DYPD:2548-/usr/sbin/apache2:} Attached successfully to pid 2548
2025/07/24T10:49:47.157-03:00 <Information> linux-lab02 [1348:2554 ]  {dypd:DYPD:2548-/usr/sbin/apache2:} Injection result - Success (duration 6 ms)
2025/07/24T10:49:47.157-03:00 <Information> linux-lab02 [1348:2555 ]  {dypd:DYPD:2549-/usr/sbin/apache2:} Injecting
2025/07/24T10:49:47.157-03:00 <Information> linux-lab02 [1348:2555 ]  {dypd:DYPD:2549-/usr/sbin/apache2:} Attempting to attach to 2549
2025/07/24T10:49:47.158-03:00 <Information> linux-lab02 [1348:2555 ]  {dypd:DYPD:2549-/usr/sbin/apache2:} Attached successfully to pid 2549
2025/07/24T10:49:47.205-03:00 <Information> linux-lab02 [1348:2555 ]  {dypd:DYPD:2549-/usr/sbin/apache2:} Injection result - Success (duration 47 ms)
2025/07/24T10:49:50.166-03:00 <Information> linux-lab02 [1348:2557 ]  {dypd:DYPD:2556-/usr/sbin/apache2:} Injecting
2025/07/24T10:49:50.168-03:00 <Information> linux-lab02 [1348:2557 ]  {dypd:DYPD:2556-/usr/sbin/apache2:} Attempting to attach to 2556
2025/07/24T10:49:50.169-03:00 <Information> linux-lab02 [1348:2557 ]  {dypd:DYPD:2556-/usr/sbin/apache2:} Attached successfully to pid 2556
2025/07/24T10:49:50.182-03:00 <Information> linux-lab02 [1348:2557 ]  {dypd:DYPD:2556-/usr/sbin/apache2:Reconnect:} Doing reconnect to libmoduleng, is64=1
2025/07/24T10:49:50.198-03:00 <Information> linux-lab02 [1348:2557 ]  {dypd:DYPD:2556-/usr/sbin/apache2:Reconnect:} Successfully reconnected to new libmodule
2025/07/24T10:49:50.227-03:00 <Information> linux-lab02 [1348:2557 ]  {dypd:DYPD:2556-/usr/sbin/apache2:} Injection result - Success (duration 60 ms)
2025/07/24T10:51:04.286-03:00 <Information> linux-lab02 [1348:2577 ]  {dypd:DYPD:2571-/usr/sbin/apache2:} Injecting
2025/07/24T10:51:04.286-03:00 <Information> linux-lab02 [1348:2577 ]  {dypd:DYPD:2571-/usr/sbin/apache2:} Attempting to attach to 2571
2025/07/24T10:51:04.287-03:00 <Information> linux-lab02 [1348:2577 ]  {dypd:DYPD:2571-/usr/sbin/apache2:} Attached successfully to pid 2571
2025/07/24T10:51:04.364-03:00 <Information> linux-lab02 [1348:2577 ]  {dypd:DYPD:2571-/usr/sbin/apache2:} Injection result - Success (duration 77 ms)
2025/07/24T10:51:04.367-03:00 <Information> linux-lab02 [1348:2578 ]  {dypd:DYPD:2572-/usr/sbin/apache2:} Injecting
2025/07/24T10:51:04.368-03:00 <Information> linux-lab02 [1348:2578 ]  {dypd:DYPD:2572-/usr/sbin/apache2:} Attempting to attach to 2572
2025/07/24T10:51:04.369-03:00 <Information> linux-lab02 [1348:2578 ]  {dypd:DYPD:2572-/usr/sbin/apache2:} Attached successfully to pid 2572
2025/07/24T10:51:04.455-03:00 <Information> linux-lab02 [1348:2578 ]  {dypd:DYPD:2572-/usr/sbin/apache2:} Injection result - Success (duration 87 ms)
2025/07/24T10:51:04.455-03:00 <Information> linux-lab02 [1348:2580 ]  {dypd:DYPD:2573-/usr/sbin/apache2:} Injecting
2025/07/24T10:51:04.456-03:00 <Information> linux-lab02 [1348:2580 ]  {dypd:DYPD:2573-/usr/sbin/apache2:} Attempting to attach to 2573
2025/07/24T10:51:04.462-03:00 <Information> linux-lab02 [1348:2580 ]  {dypd:DYPD:2573-/usr/sbin/apache2:} Attached successfully to pid 2573
2025/07/24T10:51:04.509-03:00 <Information> linux-lab02 [1348:2580 ]  {dypd:DYPD:2573-/usr/sbin/apache2:} Injection result - Success (duration 53 ms)
2025/07/24T10:51:04.509-03:00 <Information> linux-lab02 [1348:2581 ]  {dypd:DYPD:2574-/usr/sbin/apache2:} Injecting
2025/07/24T10:51:04.509-03:00 <Information> linux-lab02 [1348:2581 ]  {dypd:DYPD:2574-/usr/sbin/apache2:} Attempting to attach to 2574
2025/07/24T10:51:04.509-03:00 <Information> linux-lab02 [1348:2581 ]  {dypd:DYPD:2574-/usr/sbin/apache2:} Attached successfully to pid 2574
2025/07/24T10:51:04.558-03:00 <Information> linux-lab02 [1348:2581 ]  {dypd:DYPD:2574-/usr/sbin/apache2:} Injection result - Success (duration 48 ms)
2025/07/24T10:51:04.559-03:00 <Information> linux-lab02 [1348:2582 ]  {dypd:DYPD:2575-/usr/sbin/apache2:} Injecting
2025/07/24T10:51:04.560-03:00 <Information> linux-lab02 [1348:2582 ]  {dypd:DYPD:2575-/usr/sbin/apache2:} Attempting to attach to 2575
2025/07/24T10:51:04.561-03:00 <Information> linux-lab02 [1348:2582 ]  {dypd:DYPD:2575-/usr/sbin/apache2:} Attached successfully to pid 2575
2025/07/24T10:51:04.656-03:00 <Information> linux-lab02 [1348:2582 ]  {dypd:DYPD:2575-/usr/sbin/apache2:} Injection result - Success (duration 96 ms)
2025/07/24T10:51:04.656-03:00 <Information> linux-lab02 [1348:2583 ]  {dypd:DYPD:2576-/usr/sbin/apache2:} Injecting
2025/07/24T10:51:04.657-03:00 <Information> linux-lab02 [1348:2583 ]  {dypd:DYPD:2576-/usr/sbin/apache2:} Attempting to attach to 2576
2025/07/24T10:51:04.658-03:00 <Information> linux-lab02 [1348:2583 ]  {dypd:DYPD:2576-/usr/sbin/apache2:} Attached successfully to pid 2576
2025/07/24T10:51:04.709-03:00 <Information> linux-lab02 [1348:2583 ]  {dypd:DYPD:2576-/usr/sbin/apache2:} Injection result - Success (duration 52 ms)
2025/07/24T10:51:07.447-03:00 <Information> linux-lab02 [1348:2585 ]  {dypd:DYPD:2579-/usr/sbin/apache2:} Injecting
2025/07/24T10:51:07.448-03:00 <Information> linux-lab02 [1348:2585 ]  {dypd:DYPD:2579-/usr/sbin/apache2:} Attempting to attach to 2579
2025/07/24T10:51:07.448-03:00 <Information> linux-lab02 [1348:2585 ]  {dypd:DYPD:2579-/usr/sbin/apache2:} Attached successfully to pid 2579
2025/07/24T10:51:07.450-03:00 <Information> linux-lab02 [1348:2585 ]  {dypd:DYPD:2579-/usr/sbin/apache2:Reconnect:} Doing reconnect to libmoduleng, is64=1
2025/07/24T10:51:07.450-03:00 <Information> linux-lab02 [1348:2585 ]  {dypd:DYPD:2579-/usr/sbin/apache2:Reconnect:} Successfully reconnected to new libmodule
2025/07/24T10:51:07.451-03:00 <Information> linux-lab02 [1348:2585 ]  {dypd:DYPD:2579-/usr/sbin/apache2:} Injection result - Success (duration 3 ms)
2025/07/24T11:01:26.287-03:00 <Information> linux-lab02 [1348:2683 ]  {dypd:DYPD:2677-/usr/sbin/apache2:} Injecting
2025/07/24T11:01:26.289-03:00 <Information> linux-lab02 [1348:2683 ]  {dypd:DYPD:2677-/usr/sbin/apache2:} Attempting to attach to 2677
2025/07/24T11:01:26.290-03:00 <Information> linux-lab02 [1348:2683 ]  {dypd:DYPD:2677-/usr/sbin/apache2:} Attached successfully to pid 2677
2025/07/24T11:01:26.374-03:00 <Information> linux-lab02 [1348:2683 ]  {dypd:DYPD:2677-/usr/sbin/apache2:} Injection result - Success (duration 86 ms)
2025/07/24T11:01:26.375-03:00 <Information> linux-lab02 [1348:2684 ]  {dypd:DYPD:2678-/usr/sbin/apache2:} Injecting
2025/07/24T11:01:26.375-03:00 <Information> linux-lab02 [1348:2684 ]  {dypd:DYPD:2678-/usr/sbin/apache2:} Attempting to attach to 2678
2025/07/24T11:01:26.375-03:00 <Information> linux-lab02 [1348:2684 ]  {dypd:DYPD:2678-/usr/sbin/apache2:} Attached successfully to pid 2678
2025/07/24T11:01:26.423-03:00 <Information> linux-lab02 [1348:2684 ]  {dypd:DYPD:2678-/usr/sbin/apache2:} Injection result - Success (duration 48 ms)
2025/07/24T11:01:26.423-03:00 <Information> linux-lab02 [1348:2685 ]  {dypd:DYPD:2679-/usr/sbin/apache2:} Injecting
2025/07/24T11:01:26.424-03:00 <Information> linux-lab02 [1348:2685 ]  {dypd:DYPD:2679-/usr/sbin/apache2:} Attempting to attach to 2679
2025/07/24T11:01:26.424-03:00 <Information> linux-lab02 [1348:2685 ]  {dypd:DYPD:2679-/usr/sbin/apache2:} Attached successfully to pid 2679
2025/07/24T11:01:26.429-03:00 <Information> linux-lab02 [1348:2685 ]  {dypd:DYPD:2679-/usr/sbin/apache2:} Injection result - Success (duration 5 ms)
2025/07/24T11:01:26.429-03:00 <Information> linux-lab02 [1348:2686 ]  {dypd:DYPD:2680-/usr/sbin/apache2:} Injecting
2025/07/24T11:01:26.430-03:00 <Information> linux-lab02 [1348:2686 ]  {dypd:DYPD:2680-/usr/sbin/apache2:} Attempting to attach to 2680
2025/07/24T11:01:26.430-03:00 <Information> linux-lab02 [1348:2686 ]  {dypd:DYPD:2680-/usr/sbin/apache2:} Attached successfully to pid 2680
2025/07/24T11:01:26.435-03:00 <Information> linux-lab02 [1348:2686 ]  {dypd:DYPD:2680-/usr/sbin/apache2:} Injection result - Success (duration 5 ms)
2025/07/24T11:01:26.435-03:00 <Information> linux-lab02 [1348:2687 ]  {dypd:DYPD:2681-/usr/sbin/apache2:} Injecting
2025/07/24T11:01:26.435-03:00 <Information> linux-lab02 [1348:2687 ]  {dypd:DYPD:2681-/usr/sbin/apache2:} Attempting to attach to 2681
2025/07/24T11:01:26.435-03:00 <Information> linux-lab02 [1348:2687 ]  {dypd:DYPD:2681-/usr/sbin/apache2:} Attached successfully to pid 2681
2025/07/24T11:01:26.444-03:00 <Information> linux-lab02 [1348:2687 ]  {dypd:DYPD:2681-/usr/sbin/apache2:} Injection result - Success (duration 8 ms)
2025/07/24T11:01:26.444-03:00 <Information> linux-lab02 [1348:2688 ]  {dypd:DYPD:2682-/usr/sbin/apache2:} Injecting
2025/07/24T11:01:26.444-03:00 <Information> linux-lab02 [1348:2688 ]  {dypd:DYPD:2682-/usr/sbin/apache2:} Attempting to attach to 2682
2025/07/24T11:01:26.444-03:00 <Information> linux-lab02 [1348:2688 ]  {dypd:DYPD:2682-/usr/sbin/apache2:} Attached successfully to pid 2682
2025/07/24T11:01:26.450-03:00 <Information> linux-lab02 [1348:2688 ]  {dypd:DYPD:2682-/usr/sbin/apache2:} Injection result - Success (duration 5 ms)
2025/07/24T11:01:34.431-03:00 <Information> linux-lab02 [1348:2690 ]  {dypd:DYPD:2689-/usr/sbin/apache2:} Injecting
2025/07/24T11:01:34.432-03:00 <Information> linux-lab02 [1348:2690 ]  {dypd:DYPD:2689-/usr/sbin/apache2:} Attempting to attach to 2689
2025/07/24T11:01:34.433-03:00 <Information> linux-lab02 [1348:2690 ]  {dypd:DYPD:2689-/usr/sbin/apache2:} Attached successfully to pid 2689
2025/07/24T11:01:34.444-03:00 <Information> linux-lab02 [1348:2690 ]  {dypd:DYPD:2689-/usr/sbin/apache2:Reconnect:} Doing reconnect to libmoduleng, is64=1
2025/07/24T11:01:34.446-03:00 <Information> linux-lab02 [1348:2690 ]  {dypd:DYPD:2689-/usr/sbin/apache2:Reconnect:} Successfully reconnected to new libmodule
2025/07/24T11:01:34.446-03:00 <Information> linux-lab02 [1348:2690 ]  {dypd:DYPD:2689-/usr/sbin/apache2:} Injection result - Success (duration 15 ms)
2025/07/24T11:31:10.414-03:00 <Information> linux-lab02 [1310:1310 ]  {trapsd:IRpcLib} Created irpc channel name: /opt/traps/ipc/authorized.3A5949AD8B4A4195BF44C7C4C8FF1FA1 for channel type: AuthorizedSupport
2025/07/24T11:31:10.415-03:00 <Information> linux-lab02 [1310:1310 ]  {trapsd:IRpcLib} Created irpc channel name: /opt/traps/ipc/pmd.B4FF387483ACC4894DE409874743BFDB for channel type: PmdSupport
2025/07/24T11:31:10.415-03:00 <Information> linux-lab02 [1310:1310 ]  {trapsd:IRpcLib} Created irpc channel name: /opt/traps/ipc/sandboxd.5DA9E887BFFF47DF83F0F96497150291 for channel type: SandboxdSupport
2025/07/24T11:31:10.418-03:00 <Information> linux-lab02 [1310:1310 ]  {dypd:DYPD} =============== STARTING ===============
2025/07/24T11:31:10.418-03:00 <Information> linux-lab02 [1310:1310 ]  {dypd:DYPD} Loading configuration...
2025/07/24T11:31:10.419-03:00 <Information> linux-lab02 [1310:1310 ]  {dypd:DYPD} log_level set to 6
2025/07/24T11:31:10.419-03:00 <Information> linux-lab02 [1310:1310 ]  {dypd:DYPD} AppArmor aware
2025/07/24T11:31:10.419-03:00 <Notice> linux-lab02 [1310:1310 ]  {common:LibTrapsCommon} #### SHUTDOWN ALERT @ 1753367470 : UNEXPECTED SHUTDOWN WITH UNKNOWN CONTEXT
Unexpected shutdown without context was detected in previous run of dypdng
Previous service was started at around Thu Jul 24 09:52:05 2025 (1753361525) and terminated before Thu Jul 24 11:31:10 2025 (1753367470)
----------------------------------------------------------------

2025/07/24T11:31:10.419-03:00 <Information> linux-lab02 [1310:1310 ]  {trapsd:IRpcLib} Created irpc channel name: /opt/traps/ipc/dypd.D14E1802209CC40A731D040283E74644 for channel type: Dypd
2025/07/24T11:31:10.419-03:00 <Information> linux-lab02 [1310:1310 ]  {trapsd:IRpcLib} Created irpc channel name: /opt/traps/ipc/support.D277B246304A403F8641295EC28FBB2A for channel type: Support
2025/07/24T11:31:10.419-03:00 <Information> linux-lab02 [1310:1310 ]  {trapsd:IRpcLib} Created irpc channel name: /opt/traps/ipc/status.03A70614CCF742FD93977FD1A4336D9A for channel type: Status
2025/07/24T11:31:10.419-03:00 <Information> linux-lab02 [1310:1310 ]  {trapsd:IRpcLib} Starting IRPC server with channel name: /opt/traps/ipc/dypd.D14E1802209CC40A731D040283E74644
2025/07/24T11:31:10.427-03:00 <Information> linux-lab02 [1310:1310 ]  {dypd:DYPD} Starting daemon
2025/07/24T11:31:10.427-03:00 <Information> linux-lab02 [1310:1310 ]  {dypd:DYPD} Is AppArmor aware? 1
2025/07/24T11:31:10.428-03:00 <Information> linux-lab02 [1310:1310 ]  {dypd:DYPD} Policy:
injection_timeout_ms: 10000 lsm_pool_size_per_cpu: 2 retry_delays_ms: 200 retry_delays_ms: 500 retry_delays_ms: 1000 retry_delays_ms: 2000 libmodule_log_level: 1 libmodule_log_output: 1 inject_to_32bit: true should_reconnect: true max_number_of_threads: 300 signal_timeout: 10 rip_region_size: 700 inject_to_non_init_mount_namespace: true run_original_apparmor_logic: true inject_on_seccomp_filter: true ptrace_manager { perm_timeout_ms: 30000 }
2025/07/24T11:31:10.433-03:00 <Information> linux-lab02 [1310:1310 ]  {dypd:DYPD} Daemon started
2025/07/24T11:31:10.436-03:00 <Information> linux-lab02 [1310:1312 ]  {trapsd:IRpcLib} Initial async accept for channel name: /opt/traps/ipc/dypd.D14E1802209CC40A731D040283E74644 completed. Starting handling events.
2025/07/24T11:31:13.438-03:00 <Information> linux-lab02 [1310:1330 ]  {dypd:DYPD:759-/usr/sbin/apache2:} Injecting
2025/07/24T11:31:13.440-03:00 <Information> linux-lab02 [1310:1330 ]  {dypd:DYPD:759-/usr/sbin/apache2:} Attempting to attach to 759
2025/07/24T11:31:13.441-03:00 <Information> linux-lab02 [1310:1330 ]  {dypd:DYPD:759-/usr/sbin/apache2:} Attached successfully to pid 759
2025/07/24T11:31:13.547-03:00 <Information> linux-lab02 [1310:1330 ]  {dypd:DYPD:759-/usr/sbin/apache2:} Injection result - Success (duration 108 ms)
2025/07/24T11:31:13.549-03:00 <Information> linux-lab02 [1310:1331 ]  {dypd:DYPD:805-/usr/sbin/apache2:} Injecting
2025/07/24T11:31:13.549-03:00 <Information> linux-lab02 [1310:1331 ]  {dypd:DYPD:805-/usr/sbin/apache2:} Attempting to attach to 805
2025/07/24T11:31:13.553-03:00 <Information> linux-lab02 [1310:1331 ]  {dypd:DYPD:805-/usr/sbin/apache2:} Attached successfully to pid 805
2025/07/24T11:31:13.610-03:00 <Information> linux-lab02 [1310:1331 ]  {dypd:DYPD:805-/usr/sbin/apache2:} Injection result - Success (duration 60 ms)
2025/07/24T11:31:13.613-03:00 <Information> linux-lab02 [1310:1332 ]  {dypd:DYPD:806-/usr/sbin/apache2:} Injecting
2025/07/24T11:31:13.613-03:00 <Information> linux-lab02 [1310:1332 ]  {dypd:DYPD:806-/usr/sbin/apache2:} Attempting to attach to 806
2025/07/24T11:31:13.613-03:00 <Information> linux-lab02 [1310:1332 ]  {dypd:DYPD:806-/usr/sbin/apache2:} Attached successfully to pid 806
2025/07/24T11:31:13.666-03:00 <Information> linux-lab02 [1310:1332 ]  {dypd:DYPD:806-/usr/sbin/apache2:} Injection result - Success (duration 52 ms)
2025/07/24T11:31:13.669-03:00 <Information> linux-lab02 [1310:1333 ]  {dypd:DYPD:807-/usr/sbin/apache2:} Injecting
2025/07/24T11:31:13.669-03:00 <Information> linux-lab02 [1310:1333 ]  {dypd:DYPD:807-/usr/sbin/apache2:} Attempting to attach to 807
2025/07/24T11:31:13.669-03:00 <Information> linux-lab02 [1310:1333 ]  {dypd:DYPD:807-/usr/sbin/apache2:} Attached successfully to pid 807
2025/07/24T11:31:13.720-03:00 <Information> linux-lab02 [1310:1333 ]  {dypd:DYPD:807-/usr/sbin/apache2:} Injection result - Success (duration 50 ms)
2025/07/24T11:31:13.725-03:00 <Information> linux-lab02 [1310:1334 ]  {dypd:DYPD:808-/usr/sbin/apache2:} Injecting
2025/07/24T11:31:13.725-03:00 <Information> linux-lab02 [1310:1334 ]  {dypd:DYPD:808-/usr/sbin/apache2:} Attempting to attach to 808
2025/07/24T11:31:13.725-03:00 <Information> linux-lab02 [1310:1334 ]  {dypd:DYPD:808-/usr/sbin/apache2:} Attached successfully to pid 808
2025/07/24T11:31:13.774-03:00 <Information> linux-lab02 [1310:1334 ]  {dypd:DYPD:808-/usr/sbin/apache2:} Injection result - Success (duration 48 ms)
2025/07/24T11:31:13.776-03:00 <Information> linux-lab02 [1310:1335 ]  {dypd:DYPD:812-/usr/sbin/apache2:} Injecting
2025/07/24T11:31:13.777-03:00 <Information> linux-lab02 [1310:1335 ]  {dypd:DYPD:812-/usr/sbin/apache2:} Attempting to attach to 812
2025/07/24T11:31:13.777-03:00 <Information> linux-lab02 [1310:1335 ]  {dypd:DYPD:812-/usr/sbin/apache2:} Attached successfully to pid 812
2025/07/24T11:31:13.829-03:00 <Information> linux-lab02 [1310:1335 ]  {dypd:DYPD:812-/usr/sbin/apache2:} Injection result - Success (duration 52 ms)
2025/07/24T11:31:19.240-03:00 <Information> linux-lab02 [1310:1314 ]  {dypd:DYPD} Policy:
injection_timeout_ms: 10000 lsm_pool_size_per_cpu: 2 retry_delays_ms: 200 retry_delays_ms: 500 retry_delays_ms: 1000 retry_delays_ms: 2000 libmodule_log_level: 1 libmodule_log_output: 1 inject_to_32bit: true should_reconnect: true max_number_of_threads: 300 signal_timeout: 10 rip_region_size: 700 inject_to_non_init_mount_namespace: true run_original_apparmor_logic: true inject_on_seccomp_filter: true ptrace_manager { perm_timeout_ms: 30000 }
2025/07/24T11:36:16.038-03:00 <Information> linux-lab02 [1310:1310 ]  {dypd:DYPD} SIGTERM from init process is ignored, waiting for signal from pmd
2025/07/24T11:36:22.757-03:00 <Information> linux-lab02 [1310:1310 ]  {dypd:DYPD} Got SIGTERM from pid: 691
2025/07/24T11:36:22.757-03:00 <Information> linux-lab02 [1310:1310 ]  {dypd:DYPD} Stopping
2025/07/24T11:36:22.757-03:00 <Information> linux-lab02 [1310:1310 ]  {dypd:DYPD:Stopping:} Joining messages thread
2025/07/24T11:36:22.757-03:00 <Error> linux-lab02 [1310:1314 ]  {dypd:DYPD} Failed to receive Message, socket closed by peer
2025/07/24T11:36:22.757-03:00 <Information> linux-lab02 [1310:1314 ]  {dypd:DYPD} Stopped handling new messages
2025/07/24T11:36:22.757-03:00 <Information> linux-lab02 [1310:1310 ]  {dypd:DYPD:Stopping:} Joining writer thread
2025/07/24T11:36:22.758-03:00 <Information> linux-lab02 [1310:1315 ]  {dypd:DYPD} Send queue closed
2025/07/24T11:36:22.758-03:00 <Information> linux-lab02 [1310:1315 ]  {dypd:DYPD} Stopped sending new messages
2025/07/24T11:36:22.758-03:00 <Information> linux-lab02 [1310:1310 ]  {dypd:DYPD:Stopping:} Joining injector thread
2025/07/24T11:36:22.758-03:00 <Information> linux-lab02 [1310:1313 ]  {dypd:DYPD} Injections queue closed
2025/07/24T11:36:22.758-03:00 <Information> linux-lab02 [1310:1313 ]  {dypd:DYPD} InjectionThread stopped
2025/07/24T11:36:22.758-03:00 <Information> linux-lab02 [1310:1310 ]  {dypd:DYPD:Stopping:} Stopped
2025/07/24T11:36:22.758-03:00 <Information> linux-lab02 [1310:1310 ]  {trapsd:IRpcLib} Stopping IRpc server /opt/traps/ipc/dypd.D14E1802209CC40A731D040283E74644
2025/07/24T11:36:22.759-03:00 <Information> linux-lab02 [1310:1312 ]  {trapsd:IRpcLib:Stop:} Stopping active Ipc sesions. Active session count=0
2025/07/24T11:36:22.759-03:00 <Information> linux-lab02 [1310:1312 ]  {trapsd:IRpcLib:Stop:} Done stopping all active sessions. Clearing the sessions.
2025/07/24T11:36:22.759-03:00 <Information> linux-lab02 [1310:1312 ]  {trapsd:IRpcLib:Stop:} Stopping tasks execution thread pool. Pool job count=0
2025/07/24T11:36:22.759-03:00 <Information> linux-lab02 [1310:1312 ]  {trapsd:IRpcLib} Accept handler was aborted. Code: system:125, is stopping: true
2025/07/24T11:36:22.759-03:00 <Information> linux-lab02 [1310:1310 ]  {trapsd:IRpcLib} Waiting for IO thread completion for 5000 ms
2025/07/24T11:36:22.759-03:00 <Information> linux-lab02 [1310:1312 ]  {trapsd:IRpcLib} IO context run completed. Worker thread is exiting.
2025/07/24T11:36:22.759-03:00 <Information> linux-lab02 [1310:1310 ]  {trapsd:IRpcLib} IO worker thread completed successfully.
2025/07/24T11:36:22.760-03:00 <Information> linux-lab02 [1310:1310 ]  {dypd:DYPD} =============== BYE BYE ===============
2025/07/24T11:37:11.382-03:00 <Information> linux-lab02 [1285:1285 ]  {trapsd:IRpcLib} Created irpc channel name: /opt/traps/ipc/authorized.3A5949AD8B4A4195BF44C7C4C8FF1FA1 for channel type: AuthorizedSupport
2025/07/24T11:37:11.382-03:00 <Information> linux-lab02 [1285:1285 ]  {trapsd:IRpcLib} Created irpc channel name: /opt/traps/ipc/pmd.B4FF387483ACC4894DE409874743BFDB for channel type: PmdSupport
2025/07/24T11:37:11.382-03:00 <Information> linux-lab02 [1285:1285 ]  {trapsd:IRpcLib} Created irpc channel name: /opt/traps/ipc/sandboxd.5DA9E887BFFF47DF83F0F96497150291 for channel type: SandboxdSupport
2025/07/24T11:37:11.385-03:00 <Information> linux-lab02 [1285:1285 ]  {dypd:DYPD} =============== STARTING ===============
2025/07/24T11:37:11.385-03:00 <Information> linux-lab02 [1285:1285 ]  {dypd:DYPD} Loading configuration...
2025/07/24T11:37:11.386-03:00 <Information> linux-lab02 [1285:1285 ]  {dypd:DYPD} log_level set to 6
2025/07/24T11:37:11.386-03:00 <Information> linux-lab02 [1285:1285 ]  {dypd:DYPD} AppArmor aware
2025/07/24T11:37:11.386-03:00 <Notice> linux-lab02 [1285:1285 ]  {common:LibTrapsCommon} #### SHUTDOWN ALERT @ 1753367470 : UNEXPECTED SHUTDOWN WITH UNKNOWN CONTEXT
Unexpected shutdown without context was detected in previous run of dypdng
Previous service was started at around Thu Jul 24 09:52:05 2025 (1753361525) and terminated before Thu Jul 24 11:31:10 2025 (1753367470)
----------------------------------------------------------------

2025/07/24T11:37:11.386-03:00 <Information> linux-lab02 [1285:1285 ]  {trapsd:IRpcLib} Created irpc channel name: /opt/traps/ipc/dypd.D14E1802209CC40A731D040283E74644 for channel type: Dypd
2025/07/24T11:37:11.386-03:00 <Information> linux-lab02 [1285:1285 ]  {trapsd:IRpcLib} Created irpc channel name: /opt/traps/ipc/support.D277B246304A403F8641295EC28FBB2A for channel type: Support
2025/07/24T11:37:11.386-03:00 <Information> linux-lab02 [1285:1285 ]  {trapsd:IRpcLib} Created irpc channel name: /opt/traps/ipc/status.03A70614CCF742FD93977FD1A4336D9A for channel type: Status
2025/07/24T11:37:11.386-03:00 <Information> linux-lab02 [1285:1285 ]  {trapsd:IRpcLib} Starting IRPC server with channel name: /opt/traps/ipc/dypd.D14E1802209CC40A731D040283E74644
2025/07/24T11:37:11.393-03:00 <Information> linux-lab02 [1285:1285 ]  {dypd:DYPD} Starting daemon
2025/07/24T11:37:11.393-03:00 <Information> linux-lab02 [1285:1285 ]  {dypd:DYPD} Is AppArmor aware? 1
2025/07/24T11:37:11.394-03:00 <Information> linux-lab02 [1285:1285 ]  {dypd:DYPD} Policy:
injection_timeout_ms: 10000 lsm_pool_size_per_cpu: 2 retry_delays_ms: 200 retry_delays_ms: 500 retry_delays_ms: 1000 retry_delays_ms: 2000 libmodule_log_level: 1 libmodule_log_output: 1 inject_to_32bit: true should_reconnect: true max_number_of_threads: 300 signal_timeout: 10 rip_region_size: 700 inject_to_non_init_mount_namespace: true run_original_apparmor_logic: true inject_on_seccomp_filter: true ptrace_manager { perm_timeout_ms: 30000 }
2025/07/24T11:37:11.396-03:00 <Information> linux-lab02 [1285:1285 ]  {dypd:DYPD} Daemon started
2025/07/24T11:37:11.403-03:00 <Information> linux-lab02 [1285:1286 ]  {trapsd:IRpcLib} Initial async accept for channel name: /opt/traps/ipc/dypd.D14E1802209CC40A731D040283E74644 completed. Starting handling events.
2025/07/24T11:37:14.404-03:00 <Information> linux-lab02 [1285:1303 ]  {dypd:DYPD:784-/usr/sbin/apache2:} Injecting
2025/07/24T11:37:14.404-03:00 <Information> linux-lab02 [1285:1303 ]  {dypd:DYPD:784-/usr/sbin/apache2:} Attempting to attach to 784
2025/07/24T11:37:14.405-03:00 <Information> linux-lab02 [1285:1303 ]  {dypd:DYPD:784-/usr/sbin/apache2:} Attached successfully to pid 784
2025/07/24T11:37:14.489-03:00 <Information> linux-lab02 [1285:1303 ]  {dypd:DYPD:784-/usr/sbin/apache2:} Injection result - Success (duration 85 ms)
2025/07/24T11:37:14.492-03:00 <Information> linux-lab02 [1285:1304 ]  {dypd:DYPD:808-/usr/sbin/apache2:} Injecting
2025/07/24T11:37:14.492-03:00 <Information> linux-lab02 [1285:1304 ]  {dypd:DYPD:808-/usr/sbin/apache2:} Attempting to attach to 808
2025/07/24T11:37:14.492-03:00 <Information> linux-lab02 [1285:1304 ]  {dypd:DYPD:808-/usr/sbin/apache2:} Attached successfully to pid 808
2025/07/24T11:37:14.543-03:00 <Information> linux-lab02 [1285:1304 ]  {dypd:DYPD:808-/usr/sbin/apache2:} Injection result - Success (duration 50 ms)
2025/07/24T11:37:14.548-03:00 <Information> linux-lab02 [1285:1305 ]  {dypd:DYPD:809-/usr/sbin/apache2:} Injecting
2025/07/24T11:37:14.548-03:00 <Information> linux-lab02 [1285:1305 ]  {dypd:DYPD:809-/usr/sbin/apache2:} Attempting to attach to 809
2025/07/24T11:37:14.548-03:00 <Information> linux-lab02 [1285:1305 ]  {dypd:DYPD:809-/usr/sbin/apache2:} Attached successfully to pid 809
2025/07/24T11:37:14.597-03:00 <Information> linux-lab02 [1285:1305 ]  {dypd:DYPD:809-/usr/sbin/apache2:} Injection result - Success (duration 48 ms)
2025/07/24T11:37:14.600-03:00 <Information> linux-lab02 [1285:1306 ]  {dypd:DYPD:810-/usr/sbin/apache2:} Injecting
2025/07/24T11:37:14.600-03:00 <Information> linux-lab02 [1285:1306 ]  {dypd:DYPD:810-/usr/sbin/apache2:} Attempting to attach to 810
2025/07/24T11:37:14.600-03:00 <Information> linux-lab02 [1285:1306 ]  {dypd:DYPD:810-/usr/sbin/apache2:} Attached successfully to pid 810
2025/07/24T11:37:14.650-03:00 <Information> linux-lab02 [1285:1306 ]  {dypd:DYPD:810-/usr/sbin/apache2:} Injection result - Success (duration 49 ms)
2025/07/24T11:37:14.656-03:00 <Information> linux-lab02 [1285:1307 ]  {dypd:DYPD:811-/usr/sbin/apache2:} Injecting
2025/07/24T11:37:14.656-03:00 <Information> linux-lab02 [1285:1307 ]  {dypd:DYPD:811-/usr/sbin/apache2:} Attempting to attach to 811
2025/07/24T11:37:14.656-03:00 <Information> linux-lab02 [1285:1307 ]  {dypd:DYPD:811-/usr/sbin/apache2:} Attached successfully to pid 811
2025/07/24T11:37:14.707-03:00 <Information> linux-lab02 [1285:1307 ]  {dypd:DYPD:811-/usr/sbin/apache2:} Injection result - Success (duration 50 ms)
2025/07/24T11:37:14.710-03:00 <Information> linux-lab02 [1285:1308 ]  {dypd:DYPD:812-/usr/sbin/apache2:} Injecting
2025/07/24T11:37:14.711-03:00 <Information> linux-lab02 [1285:1308 ]  {dypd:DYPD:812-/usr/sbin/apache2:} Attempting to attach to 812
2025/07/24T11:37:14.711-03:00 <Information> linux-lab02 [1285:1308 ]  {dypd:DYPD:812-/usr/sbin/apache2:} Attached successfully to pid 812
2025/07/24T11:37:14.759-03:00 <Information> linux-lab02 [1285:1308 ]  {dypd:DYPD:812-/usr/sbin/apache2:} Injection result - Success (duration 48 ms)
2025/07/24T11:37:18.760-03:00 <Information> linux-lab02 [1285:1288 ]  {dypd:DYPD} Policy:
injection_timeout_ms: 10000 lsm_pool_size_per_cpu: 2 retry_delays_ms: 200 retry_delays_ms: 500 retry_delays_ms: 1000 retry_delays_ms: 2000 libmodule_log_level: 1 libmodule_log_output: 1 inject_to_32bit: true should_reconnect: true max_number_of_threads: 300 signal_timeout: 10 rip_region_size: 700 inject_to_non_init_mount_namespace: true run_original_apparmor_logic: true inject_on_seccomp_filter: true ptrace_manager { perm_timeout_ms: 30000 }
2025/07/24T11:46:32.319-03:00 <Information> linux-lab02 [1285:1647 ]  {dypd:DYPD:1646-/usr/sbin/apache2:} Injecting
2025/07/24T11:46:32.320-03:00 <Information> linux-lab02 [1285:1647 ]  {dypd:DYPD:1646-/usr/sbin/apache2:} Attempting to attach to 1646
2025/07/24T11:46:32.320-03:00 <Information> linux-lab02 [1285:1647 ]  {dypd:DYPD:1646-/usr/sbin/apache2:} Attached successfully to pid 1646
2025/07/24T11:46:32.326-03:00 <Information> linux-lab02 [1285:1647 ]  {dypd:DYPD:1646-/usr/sbin/apache2:Reconnect:} Doing reconnect to libmoduleng, is64=1
2025/07/24T11:46:32.327-03:00 <Information> linux-lab02 [1285:1647 ]  {dypd:DYPD:1646-/usr/sbin/apache2:Reconnect:} Successfully reconnected to new libmodule
2025/07/24T11:46:32.328-03:00 <Information> linux-lab02 [1285:1647 ]  {dypd:DYPD:1646-/usr/sbin/apache2:} Injection result - Success (duration 8 ms)
2025/07/24T11:58:18.203-03:00 <Information> linux-lab02 [1285:1792 ]  {dypd:DYPD:1786-/usr/sbin/apache2:} Injecting
2025/07/24T11:58:18.204-03:00 <Information> linux-lab02 [1285:1792 ]  {dypd:DYPD:1786-/usr/sbin/apache2:} Attempting to attach to 1786
2025/07/24T11:58:18.205-03:00 <Information> linux-lab02 [1285:1792 ]  {dypd:DYPD:1786-/usr/sbin/apache2:} Attached successfully to pid 1786
2025/07/24T11:58:18.267-03:00 <Information> linux-lab02 [1285:1792 ]  {dypd:DYPD:1786-/usr/sbin/apache2:} Injection result - Success (duration 63 ms)
2025/07/24T11:58:18.285-03:00 <Information> linux-lab02 [1285:1793 ]  {dypd:DYPD:1787-/usr/sbin/apache2:} Injecting
2025/07/24T11:58:18.285-03:00 <Information> linux-lab02 [1285:1793 ]  {dypd:DYPD:1787-/usr/sbin/apache2:} Attempting to attach to 1787
2025/07/24T11:58:18.286-03:00 <Information> linux-lab02 [1285:1793 ]  {dypd:DYPD:1787-/usr/sbin/apache2:} Attached successfully to pid 1787
2025/07/24T11:58:18.343-03:00 <Information> linux-lab02 [1285:1793 ]  {dypd:DYPD:1787-/usr/sbin/apache2:} Injection result - Success (duration 57 ms)
2025/07/24T11:58:18.344-03:00 <Information> linux-lab02 [1285:1794 ]  {dypd:DYPD:1788-/usr/sbin/apache2:} Injecting
2025/07/24T11:58:18.344-03:00 <Information> linux-lab02 [1285:1794 ]  {dypd:DYPD:1788-/usr/sbin/apache2:} Attempting to attach to 1788
2025/07/24T11:58:18.345-03:00 <Information> linux-lab02 [1285:1794 ]  {dypd:DYPD:1788-/usr/sbin/apache2:} Attached successfully to pid 1788
2025/07/24T11:58:18.404-03:00 <Information> linux-lab02 [1285:1794 ]  {dypd:DYPD:1788-/usr/sbin/apache2:} Injection result - Success (duration 59 ms)
2025/07/24T11:58:18.404-03:00 <Information> linux-lab02 [1285:1795 ]  {dypd:DYPD:1789-/usr/sbin/apache2:} Injecting
2025/07/24T11:58:18.405-03:00 <Information> linux-lab02 [1285:1795 ]  {dypd:DYPD:1789-/usr/sbin/apache2:} Attempting to attach to 1789
2025/07/24T11:58:18.405-03:00 <Information> linux-lab02 [1285:1795 ]  {dypd:DYPD:1789-/usr/sbin/apache2:} Attached successfully to pid 1789
2025/07/24T11:58:18.455-03:00 <Information> linux-lab02 [1285:1795 ]  {dypd:DYPD:1789-/usr/sbin/apache2:} Injection result - Success (duration 50 ms)
2025/07/24T11:58:18.456-03:00 <Information> linux-lab02 [1285:1796 ]  {dypd:DYPD:1790-/usr/sbin/apache2:} Injecting
2025/07/24T11:58:18.457-03:00 <Information> linux-lab02 [1285:1796 ]  {dypd:DYPD:1790-/usr/sbin/apache2:} Attempting to attach to 1790
2025/07/24T11:58:18.457-03:00 <Information> linux-lab02 [1285:1796 ]  {dypd:DYPD:1790-/usr/sbin/apache2:} Attached successfully to pid 1790
2025/07/24T11:58:18.514-03:00 <Information> linux-lab02 [1285:1796 ]  {dypd:DYPD:1790-/usr/sbin/apache2:} Injection result - Success (duration 58 ms)
2025/07/24T11:58:18.515-03:00 <Information> linux-lab02 [1285:1797 ]  {dypd:DYPD:1791-/usr/sbin/apache2:} Injecting
2025/07/24T11:58:18.515-03:00 <Information> linux-lab02 [1285:1797 ]  {dypd:DYPD:1791-/usr/sbin/apache2:} Attempting to attach to 1791
2025/07/24T11:58:18.516-03:00 <Information> linux-lab02 [1285:1797 ]  {dypd:DYPD:1791-/usr/sbin/apache2:} Attached successfully to pid 1791
2025/07/24T11:58:18.567-03:00 <Information> linux-lab02 [1285:1797 ]  {dypd:DYPD:1791-/usr/sbin/apache2:} Injection result - Success (duration 52 ms)
2025/07/24T11:58:28.365-03:00 <Information> linux-lab02 [1285:1799 ]  {dypd:DYPD:1798-/usr/sbin/apache2:} Injecting
2025/07/24T11:58:28.366-03:00 <Information> linux-lab02 [1285:1799 ]  {dypd:DYPD:1798-/usr/sbin/apache2:} Attempting to attach to 1798
2025/07/24T11:58:28.366-03:00 <Information> linux-lab02 [1285:1799 ]  {dypd:DYPD:1798-/usr/sbin/apache2:} Attached successfully to pid 1798
2025/07/24T11:58:28.376-03:00 <Information> linux-lab02 [1285:1799 ]  {dypd:DYPD:1798-/usr/sbin/apache2:Reconnect:} Doing reconnect to libmoduleng, is64=1
2025/07/24T11:58:28.377-03:00 <Information> linux-lab02 [1285:1799 ]  {dypd:DYPD:1798-/usr/sbin/apache2:Reconnect:} Successfully reconnected to new libmodule
2025/07/24T11:58:28.378-03:00 <Information> linux-lab02 [1285:1799 ]  {dypd:DYPD:1798-/usr/sbin/apache2:} Injection result - Success (duration 12 ms)
2025/07/24T12:29:22.282-03:00 <Information> linux-lab02 [1285:2226 ]  {dypd:DYPD:2219-/usr/sbin/apache2:} Injecting
2025/07/24T12:29:22.283-03:00 <Information> linux-lab02 [1285:2226 ]  {dypd:DYPD:2219-/usr/sbin/apache2:} Attempting to attach to 2219
2025/07/24T12:29:22.283-03:00 <Information> linux-lab02 [1285:2226 ]  {dypd:DYPD:2219-/usr/sbin/apache2:} Attached successfully to pid 2219
2025/07/24T12:29:22.325-03:00 <Information> linux-lab02 [1285:2226 ]  {dypd:DYPD:2219-/usr/sbin/apache2:Reconnect:} Doing reconnect to libmoduleng, is64=1
2025/07/24T12:29:22.325-03:00 <Information> linux-lab02 [1285:2226 ]  {dypd:DYPD:2219-/usr/sbin/apache2:Reconnect:} Successfully reconnected to new libmodule
2025/07/24T12:29:22.325-03:00 <Information> linux-lab02 [1285:2226 ]  {dypd:DYPD:2219-/usr/sbin/apache2:} Injection result - Success (duration 42 ms)
2025/07/24T12:29:23.287-03:00 <Information> linux-lab02 [1285:2235 ]  {dypd:DYPD:2220-/usr/sbin/apache2:} Injecting
2025/07/24T12:29:23.287-03:00 <Information> linux-lab02 [1285:2235 ]  {dypd:DYPD:2220-/usr/sbin/apache2:} Attempting to attach to 2220
2025/07/24T12:29:23.300-03:00 <Information> linux-lab02 [1285:2235 ]  {dypd:DYPD:2220-/usr/sbin/apache2:} Attached successfully to pid 2220
2025/07/24T12:29:23.319-03:00 <Information> linux-lab02 [1285:2235 ]  {dypd:DYPD:2220-/usr/sbin/apache2:Reconnect:} Doing reconnect to libmoduleng, is64=1
2025/07/24T12:29:23.319-03:00 <Information> linux-lab02 [1285:2235 ]  {dypd:DYPD:2220-/usr/sbin/apache2:Reconnect:} Successfully reconnected to new libmodule
2025/07/24T12:29:23.320-03:00 <Information> linux-lab02 [1285:2235 ]  {dypd:DYPD:2220-/usr/sbin/apache2:} Injection result - Success (duration 32 ms)
2025/07/24T12:29:23.334-03:00 <Information> linux-lab02 [1285:2236 ]  {dypd:DYPD:2221-/usr/sbin/apache2:} Injecting
2025/07/24T12:29:23.335-03:00 <Information> linux-lab02 [1285:2236 ]  {dypd:DYPD:2221-/usr/sbin/apache2:} Attempting to attach to 2221
2025/07/24T12:29:23.343-03:00 <Information> linux-lab02 [1285:2236 ]  {dypd:DYPD:2221-/usr/sbin/apache2:} Attached successfully to pid 2221
2025/07/24T12:29:23.370-03:00 <Information> linux-lab02 [1285:2236 ]  {dypd:DYPD:2221-/usr/sbin/apache2:Reconnect:} Doing reconnect to libmoduleng, is64=1
2025/07/24T12:29:23.370-03:00 <Information> linux-lab02 [1285:2236 ]  {dypd:DYPD:2221-/usr/sbin/apache2:Reconnect:} Successfully reconnected to new libmodule
2025/07/24T12:29:23.371-03:00 <Information> linux-lab02 [1285:2236 ]  {dypd:DYPD:2221-/usr/sbin/apache2:} Injection result - Success (duration 36 ms)
2025/07/24T12:29:24.289-03:00 <Information> linux-lab02 [1285:2237 ]  {dypd:DYPD:2222-/usr/sbin/apache2:} Injecting
2025/07/24T12:29:24.289-03:00 <Information> linux-lab02 [1285:2237 ]  {dypd:DYPD:2222-/usr/sbin/apache2:} Attempting to attach to 2222
2025/07/24T12:29:24.291-03:00 <Information> linux-lab02 [1285:2237 ]  {dypd:DYPD:2222-/usr/sbin/apache2:} Attached successfully to pid 2222
2025/07/24T12:29:24.329-03:00 <Information> linux-lab02 [1285:2237 ]  {dypd:DYPD:2222-/usr/sbin/apache2:Reconnect:} Doing reconnect to libmoduleng, is64=1
2025/07/24T12:29:24.330-03:00 <Information> linux-lab02 [1285:2237 ]  {dypd:DYPD:2222-/usr/sbin/apache2:Reconnect:} Successfully reconnected to new libmodule
2025/07/24T12:29:24.344-03:00 <Information> linux-lab02 [1285:2237 ]  {dypd:DYPD:2222-/usr/sbin/apache2:} Injection result - Success (duration 55 ms)
2025/07/24T12:29:24.357-03:00 <Information> linux-lab02 [1285:2238 ]  {dypd:DYPD:2223-/usr/sbin/apache2:} Injecting
2025/07/24T12:29:24.357-03:00 <Information> linux-lab02 [1285:2238 ]  {dypd:DYPD:2223-/usr/sbin/apache2:} Attempting to attach to 2223
2025/07/24T12:29:24.363-03:00 <Information> linux-lab02 [1285:2238 ]  {dypd:DYPD:2223-/usr/sbin/apache2:} Attached successfully to pid 2223
2025/07/24T12:29:24.381-03:00 <Information> linux-lab02 [1285:2238 ]  {dypd:DYPD:2223-/usr/sbin/apache2:Reconnect:} Doing reconnect to libmoduleng, is64=1
2025/07/24T12:29:24.393-03:00 <Information> linux-lab02 [1285:2238 ]  {dypd:DYPD:2223-/usr/sbin/apache2:Reconnect:} Successfully reconnected to new libmodule
2025/07/24T12:29:24.393-03:00 <Information> linux-lab02 [1285:2238 ]  {dypd:DYPD:2223-/usr/sbin/apache2:} Injection result - Success (duration 36 ms)
2025/07/24T12:29:24.407-03:00 <Information> linux-lab02 [1285:2239 ]  {dypd:DYPD:2224-/usr/sbin/apache2:} Injecting
2025/07/24T12:29:24.407-03:00 <Information> linux-lab02 [1285:2239 ]  {dypd:DYPD:2224-/usr/sbin/apache2:} Attempting to attach to 2224
2025/07/24T12:29:24.412-03:00 <Information> linux-lab02 [1285:2239 ]  {dypd:DYPD:2224-/usr/sbin/apache2:} Attached successfully to pid 2224
2025/07/24T12:29:24.438-03:00 <Information> linux-lab02 [1285:2239 ]  {dypd:DYPD:2224-/usr/sbin/apache2:Reconnect:} Doing reconnect to libmoduleng, is64=1
2025/07/24T12:29:24.441-03:00 <Information> linux-lab02 [1285:2239 ]  {dypd:DYPD:2224-/usr/sbin/apache2:Reconnect:} Successfully reconnected to new libmodule
2025/07/24T12:29:24.442-03:00 <Information> linux-lab02 [1285:2239 ]  {dypd:DYPD:2224-/usr/sbin/apache2:} Injection result - Success (duration 35 ms)
2025/07/24T12:29:24.442-03:00 <Information> linux-lab02 [1285:2240 ]  {dypd:DYPD:2225-/usr/sbin/apache2:} Injecting
2025/07/24T12:29:24.442-03:00 <Information> linux-lab02 [1285:2240 ]  {dypd:DYPD:2225-/usr/sbin/apache2:} Attempting to attach to 2225
2025/07/24T12:29:24.442-03:00 <Information> linux-lab02 [1285:2240 ]  {dypd:DYPD:2225-/usr/sbin/apache2:} Attached successfully to pid 2225
2025/07/24T12:29:24.445-03:00 <Information> linux-lab02 [1285:2240 ]  {dypd:DYPD:2225-/usr/sbin/apache2:Reconnect:} Doing reconnect to libmoduleng, is64=1
2025/07/24T12:29:24.445-03:00 <Information> linux-lab02 [1285:2240 ]  {dypd:DYPD:2225-/usr/sbin/apache2:Reconnect:} Successfully reconnected to new libmodule
2025/07/24T12:29:24.445-03:00 <Information> linux-lab02 [1285:2240 ]  {dypd:DYPD:2225-/usr/sbin/apache2:} Injection result - Success (duration 3 ms)
2025/07/24T12:29:25.297-03:00 <Information> linux-lab02 [1285:2241 ]  {dypd:DYPD:2227-/usr/sbin/apache2:} Injecting
2025/07/24T12:29:25.318-03:00 <Information> linux-lab02 [1285:2241 ]  {dypd:DYPD:2227-/usr/sbin/apache2:} Attempting to attach to 2227
2025/07/24T12:29:25.318-03:00 <Information> linux-lab02 [1285:2241 ]  {dypd:DYPD:2227-/usr/sbin/apache2:} Attached successfully to pid 2227
2025/07/24T12:29:25.347-03:00 <Information> linux-lab02 [1285:2241 ]  {dypd:DYPD:2227-/usr/sbin/apache2:Reconnect:} Doing reconnect to libmoduleng, is64=1
2025/07/24T12:29:25.350-03:00 <Information> linux-lab02 [1285:2241 ]  {dypd:DYPD:2227-/usr/sbin/apache2:Reconnect:} Successfully reconnected to new libmodule
2025/07/24T12:29:25.368-03:00 <Information> linux-lab02 [1285:2241 ]  {dypd:DYPD:2227-/usr/sbin/apache2:} Injection result - Success (duration 71 ms)
2025/07/24T12:29:25.379-03:00 <Information> linux-lab02 [1285:2242 ]  {dypd:DYPD:2228-/usr/sbin/apache2:} Injecting
2025/07/24T12:29:25.379-03:00 <Information> linux-lab02 [1285:2242 ]  {dypd:DYPD:2228-/usr/sbin/apache2:} Attempting to attach to 2228
2025/07/24T12:29:25.385-03:00 <Information> linux-lab02 [1285:2242 ]  {dypd:DYPD:2228-/usr/sbin/apache2:} Attached successfully to pid 2228
2025/07/24T12:29:25.407-03:00 <Information> linux-lab02 [1285:2242 ]  {dypd:DYPD:2228-/usr/sbin/apache2:Reconnect:} Doing reconnect to libmoduleng, is64=1
2025/07/24T12:29:25.407-03:00 <Information> linux-lab02 [1285:2242 ]  {dypd:DYPD:2228-/usr/sbin/apache2:Reconnect:} Successfully reconnected to new libmodule
2025/07/24T12:29:25.408-03:00 <Information> linux-lab02 [1285:2242 ]  {dypd:DYPD:2228-/usr/sbin/apache2:} Injection result - Success (duration 29 ms)
2025/07/24T12:29:25.419-03:00 <Information> linux-lab02 [1285:2243 ]  {dypd:DYPD:2229-/usr/sbin/apache2:} Injecting
2025/07/24T12:29:25.419-03:00 <Information> linux-lab02 [1285:2243 ]  {dypd:DYPD:2229-/usr/sbin/apache2:} Attempting to attach to 2229
2025/07/24T12:29:25.420-03:00 <Information> linux-lab02 [1285:2243 ]  {dypd:DYPD:2229-/usr/sbin/apache2:} Attached successfully to pid 2229
2025/07/24T12:29:25.455-03:00 <Information> linux-lab02 [1285:2243 ]  {dypd:DYPD:2229-/usr/sbin/apache2:Reconnect:} Doing reconnect to libmoduleng, is64=1
2025/07/24T12:29:25.455-03:00 <Information> linux-lab02 [1285:2243 ]  {dypd:DYPD:2229-/usr/sbin/apache2:Reconnect:} Successfully reconnected to new libmodule
2025/07/24T12:29:25.456-03:00 <Information> linux-lab02 [1285:2243 ]  {dypd:DYPD:2229-/usr/sbin/apache2:} Injection result - Success (duration 36 ms)
2025/07/24T12:29:25.466-03:00 <Information> linux-lab02 [1285:2244 ]  {dypd:DYPD:2230-/usr/sbin/apache2:} Injecting
2025/07/24T12:29:25.466-03:00 <Information> linux-lab02 [1285:2244 ]  {dypd:DYPD:2230-/usr/sbin/apache2:} Attempting to attach to 2230
2025/07/24T12:29:25.472-03:00 <Information> linux-lab02 [1285:2244 ]  {dypd:DYPD:2230-/usr/sbin/apache2:} Attached successfully to pid 2230
2025/07/24T12:29:25.501-03:00 <Information> linux-lab02 [1285:2244 ]  {dypd:DYPD:2230-/usr/sbin/apache2:Reconnect:} Doing reconnect to libmoduleng, is64=1
2025/07/24T12:29:25.508-03:00 <Information> linux-lab02 [1285:2244 ]  {dypd:DYPD:2230-/usr/sbin/apache2:Reconnect:} Successfully reconnected to new libmodule
2025/07/24T12:29:25.510-03:00 <Information> linux-lab02 [1285:2244 ]  {dypd:DYPD:2230-/usr/sbin/apache2:} Injection result - Success (duration 43 ms)
2025/07/24T12:29:25.528-03:00 <Information> linux-lab02 [1285:2245 ]  {dypd:DYPD:2231-/usr/sbin/apache2:} Injecting
2025/07/24T12:29:25.528-03:00 <Information> linux-lab02 [1285:2245 ]  {dypd:DYPD:2231-/usr/sbin/apache2:} Attempting to attach to 2231
2025/07/24T12:29:25.544-03:00 <Information> linux-lab02 [1285:2245 ]  {dypd:DYPD:2231-/usr/sbin/apache2:} Attached successfully to pid 2231
2025/07/24T12:29:25.571-03:00 <Information> linux-lab02 [1285:2245 ]  {dypd:DYPD:2231-/usr/sbin/apache2:Reconnect:} Doing reconnect to libmoduleng, is64=1
2025/07/24T12:29:25.585-03:00 <Information> linux-lab02 [1285:2245 ]  {dypd:DYPD:2231-/usr/sbin/apache2:Reconnect:} Successfully reconnected to new libmodule
2025/07/24T12:29:25.585-03:00 <Information> linux-lab02 [1285:2245 ]  {dypd:DYPD:2231-/usr/sbin/apache2:} Injection result - Success (duration 57 ms)
2025/07/24T12:29:25.599-03:00 <Information> linux-lab02 [1285:2246 ]  {dypd:DYPD:2232-/usr/sbin/apache2:} Injecting
2025/07/24T12:29:25.600-03:00 <Information> linux-lab02 [1285:2246 ]  {dypd:DYPD:2232-/usr/sbin/apache2:} Attempting to attach to 2232
2025/07/24T12:29:25.605-03:00 <Information> linux-lab02 [1285:2246 ]  {dypd:DYPD:2232-/usr/sbin/apache2:} Attached successfully to pid 2232
2025/07/24T12:29:25.619-03:00 <Information> linux-lab02 [1285:2246 ]  {dypd:DYPD:2232-/usr/sbin/apache2:Reconnect:} Doing reconnect to libmoduleng, is64=1
2025/07/24T12:29:25.620-03:00 <Information> linux-lab02 [1285:2246 ]  {dypd:DYPD:2232-/usr/sbin/apache2:Reconnect:} Successfully reconnected to new libmodule
2025/07/24T12:29:25.630-03:00 <Information> linux-lab02 [1285:2246 ]  {dypd:DYPD:2232-/usr/sbin/apache2:} Injection result - Success (duration 30 ms)
2025/07/24T12:29:25.643-03:00 <Information> linux-lab02 [1285:2247 ]  {dypd:DYPD:2233-/usr/sbin/apache2:} Injecting
2025/07/24T12:29:25.643-03:00 <Information> linux-lab02 [1285:2247 ]  {dypd:DYPD:2233-/usr/sbin/apache2:} Attempting to attach to 2233
2025/07/24T12:29:25.651-03:00 <Information> linux-lab02 [1285:2247 ]  {dypd:DYPD:2233-/usr/sbin/apache2:} Attached successfully to pid 2233
2025/07/24T12:29:25.674-03:00 <Information> linux-lab02 [1285:2247 ]  {dypd:DYPD:2233-/usr/sbin/apache2:Reconnect:} Doing reconnect to libmoduleng, is64=1
2025/07/24T12:29:25.674-03:00 <Information> linux-lab02 [1285:2247 ]  {dypd:DYPD:2233-/usr/sbin/apache2:Reconnect:} Successfully reconnected to new libmodule
2025/07/24T12:29:25.688-03:00 <Information> linux-lab02 [1285:2247 ]  {dypd:DYPD:2233-/usr/sbin/apache2:} Injection result - Success (duration 44 ms)
2025/07/24T12:29:25.700-03:00 <Information> linux-lab02 [1285:2248 ]  {dypd:DYPD:2234-/usr/sbin/apache2:} Injecting
2025/07/24T12:29:25.701-03:00 <Information> linux-lab02 [1285:2248 ]  {dypd:DYPD:2234-/usr/sbin/apache2:} Attempting to attach to 2234
2025/07/24T12:29:25.711-03:00 <Information> linux-lab02 [1285:2248 ]  {dypd:DYPD:2234-/usr/sbin/apache2:} Attached successfully to pid 2234
2025/07/24T12:29:25.734-03:00 <Information> linux-lab02 [1285:2248 ]  {dypd:DYPD:2234-/usr/sbin/apache2:Reconnect:} Doing reconnect to libmoduleng, is64=1
2025/07/24T12:29:25.757-03:00 <Information> linux-lab02 [1285:2248 ]  {dypd:DYPD:2234-/usr/sbin/apache2:Reconnect:} Successfully reconnected to new libmodule
2025/07/24T12:29:25.757-03:00 <Information> linux-lab02 [1285:2248 ]  {dypd:DYPD:2234-/usr/sbin/apache2:} Injection result - Success (duration 56 ms)
2025/07/24T12:42:11.782-03:00 <Information> linux-lab02 [1285:2420 ]  {dypd:DYPD:2414-/usr/sbin/apache2:} Injecting
2025/07/24T12:42:11.783-03:00 <Information> linux-lab02 [1285:2420 ]  {dypd:DYPD:2414-/usr/sbin/apache2:} Attempting to attach to 2414
2025/07/24T12:42:11.784-03:00 <Information> linux-lab02 [1285:2420 ]  {dypd:DYPD:2414-/usr/sbin/apache2:} Attached successfully to pid 2414
2025/07/24T12:42:11.835-03:00 <Information> linux-lab02 [1285:2420 ]  {dypd:DYPD:2414-/usr/sbin/apache2:} Injection result - Success (duration 53 ms)
2025/07/24T12:42:11.836-03:00 <Information> linux-lab02 [1285:2421 ]  {dypd:DYPD:2415-/usr/sbin/apache2:} Injecting
2025/07/24T12:42:11.836-03:00 <Information> linux-lab02 [1285:2421 ]  {dypd:DYPD:2415-/usr/sbin/apache2:} Attempting to attach to 2415
2025/07/24T12:42:11.836-03:00 <Information> linux-lab02 [1285:2421 ]  {dypd:DYPD:2415-/usr/sbin/apache2:} Attached successfully to pid 2415
2025/07/24T12:42:11.880-03:00 <Information> linux-lab02 [1285:2421 ]  {dypd:DYPD:2415-/usr/sbin/apache2:} Injection result - Success (duration 43 ms)
2025/07/24T12:42:11.880-03:00 <Information> linux-lab02 [1285:2422 ]  {dypd:DYPD:2416-/usr/sbin/apache2:} Injecting
2025/07/24T12:42:11.880-03:00 <Information> linux-lab02 [1285:2422 ]  {dypd:DYPD:2416-/usr/sbin/apache2:} Attempting to attach to 2416
2025/07/24T12:42:11.881-03:00 <Information> linux-lab02 [1285:2422 ]  {dypd:DYPD:2416-/usr/sbin/apache2:} Attached successfully to pid 2416
2025/07/24T12:42:11.925-03:00 <Information> linux-lab02 [1285:2422 ]  {dypd:DYPD:2416-/usr/sbin/apache2:} Injection result - Success (duration 44 ms)
2025/07/24T12:42:11.925-03:00 <Information> linux-lab02 [1285:2423 ]  {dypd:DYPD:2417-/usr/sbin/apache2:} Injecting
2025/07/24T12:42:11.926-03:00 <Information> linux-lab02 [1285:2423 ]  {dypd:DYPD:2417-/usr/sbin/apache2:} Attempting to attach to 2417
2025/07/24T12:42:11.926-03:00 <Information> linux-lab02 [1285:2423 ]  {dypd:DYPD:2417-/usr/sbin/apache2:} Attached successfully to pid 2417
2025/07/24T12:42:11.971-03:00 <Information> linux-lab02 [1285:2423 ]  {dypd:DYPD:2417-/usr/sbin/apache2:} Injection result - Success (duration 45 ms)
2025/07/24T12:42:11.971-03:00 <Information> linux-lab02 [1285:2424 ]  {dypd:DYPD:2418-/usr/sbin/apache2:} Injecting
2025/07/24T12:42:11.971-03:00 <Information> linux-lab02 [1285:2424 ]  {dypd:DYPD:2418-/usr/sbin/apache2:} Attempting to attach to 2418
2025/07/24T12:42:11.971-03:00 <Information> linux-lab02 [1285:2424 ]  {dypd:DYPD:2418-/usr/sbin/apache2:} Attached successfully to pid 2418
2025/07/24T12:42:12.016-03:00 <Information> linux-lab02 [1285:2424 ]  {dypd:DYPD:2418-/usr/sbin/apache2:} Injection result - Success (duration 45 ms)
2025/07/24T12:42:12.016-03:00 <Information> linux-lab02 [1285:2426 ]  {dypd:DYPD:2419-/usr/sbin/apache2:} Injecting
2025/07/24T12:42:12.017-03:00 <Information> linux-lab02 [1285:2426 ]  {dypd:DYPD:2419-/usr/sbin/apache2:} Attempting to attach to 2419
2025/07/24T12:42:12.017-03:00 <Information> linux-lab02 [1285:2426 ]  {dypd:DYPD:2419-/usr/sbin/apache2:} Attached successfully to pid 2419
2025/07/24T12:42:12.024-03:00 <Information> linux-lab02 [1285:2426 ]  {dypd:DYPD:2419-/usr/sbin/apache2:} Injection result - Success (duration 7 ms)
2025/07/24T12:42:19.906-03:00 <Information> linux-lab02 [1285:2429 ]  {dypd:DYPD:2428-/usr/sbin/apache2:} Injecting
2025/07/24T12:42:19.907-03:00 <Information> linux-lab02 [1285:2429 ]  {dypd:DYPD:2428-/usr/sbin/apache2:} Attempting to attach to 2428
2025/07/24T12:42:19.908-03:00 <Information> linux-lab02 [1285:2429 ]  {dypd:DYPD:2428-/usr/sbin/apache2:} Attached successfully to pid 2428
2025/07/24T12:42:19.919-03:00 <Information> linux-lab02 [1285:2429 ]  {dypd:DYPD:2428-/usr/sbin/apache2:Reconnect:} Doing reconnect to libmoduleng, is64=1
2025/07/24T12:42:19.921-03:00 <Information> linux-lab02 [1285:2429 ]  {dypd:DYPD:2428-/usr/sbin/apache2:Reconnect:} Successfully reconnected to new libmodule
2025/07/24T12:42:19.922-03:00 <Information> linux-lab02 [1285:2429 ]  {dypd:DYPD:2428-/usr/sbin/apache2:} Injection result - Success (duration 15 ms)
2025/07/24T12:42:47.943-03:00 <Information> linux-lab02 [1285:2439 ]  {dypd:DYPD:2432-/usr/sbin/apache2:} Injecting
2025/07/24T12:42:47.943-03:00 <Information> linux-lab02 [1285:2439 ]  {dypd:DYPD:2432-/usr/sbin/apache2:} Attempting to attach to 2432
2025/07/24T12:42:47.949-03:00 <Information> linux-lab02 [1285:2439 ]  {dypd:DYPD:2432-/usr/sbin/apache2:} Attached successfully to pid 2432
2025/07/24T12:42:47.992-03:00 <Information> linux-lab02 [1285:2439 ]  {dypd:DYPD:2432-/usr/sbin/apache2:Reconnect:} Doing reconnect to libmoduleng, is64=1
2025/07/24T12:42:47.995-03:00 <Information> linux-lab02 [1285:2439 ]  {dypd:DYPD:2432-/usr/sbin/apache2:Reconnect:} Successfully reconnected to new libmodule
2025/07/24T12:42:47.995-03:00 <Information> linux-lab02 [1285:2439 ]  {dypd:DYPD:2432-/usr/sbin/apache2:} Injection result - Success (duration 51 ms)
2025/07/24T12:42:48.931-03:00 <Information> linux-lab02 [1285:2448 ]  {dypd:DYPD:2433-/usr/sbin/apache2:} Injecting
2025/07/24T12:42:48.931-03:00 <Information> linux-lab02 [1285:2448 ]  {dypd:DYPD:2433-/usr/sbin/apache2:} Attempting to attach to 2433
2025/07/24T12:42:48.931-03:00 <Information> linux-lab02 [1285:2448 ]  {dypd:DYPD:2433-/usr/sbin/apache2:} Attached successfully to pid 2433
2025/07/24T12:42:48.933-03:00 <Information> linux-lab02 [1285:2448 ]  {dypd:DYPD:2433-/usr/sbin/apache2:Reconnect:} Doing reconnect to libmoduleng, is64=1
2025/07/24T12:42:48.934-03:00 <Information> linux-lab02 [1285:2448 ]  {dypd:DYPD:2433-/usr/sbin/apache2:Reconnect:} Successfully reconnected to new libmodule
2025/07/24T12:42:48.934-03:00 <Information> linux-lab02 [1285:2448 ]  {dypd:DYPD:2433-/usr/sbin/apache2:} Injection result - Success (duration 3 ms)
2025/07/24T12:42:48.934-03:00 <Information> linux-lab02 [1285:2449 ]  {dypd:DYPD:2434-/usr/sbin/apache2:} Injecting
2025/07/24T12:42:48.935-03:00 <Information> linux-lab02 [1285:2449 ]  {dypd:DYPD:2434-/usr/sbin/apache2:} Attempting to attach to 2434
2025/07/24T12:42:48.935-03:00 <Information> linux-lab02 [1285:2449 ]  {dypd:DYPD:2434-/usr/sbin/apache2:} Attached successfully to pid 2434
2025/07/24T12:42:48.937-03:00 <Information> linux-lab02 [1285:2449 ]  {dypd:DYPD:2434-/usr/sbin/apache2:Reconnect:} Doing reconnect to libmoduleng, is64=1
2025/07/24T12:42:48.937-03:00 <Information> linux-lab02 [1285:2449 ]  {dypd:DYPD:2434-/usr/sbin/apache2:Reconnect:} Successfully reconnected to new libmodule
2025/07/24T12:42:48.938-03:00 <Information> linux-lab02 [1285:2449 ]  {dypd:DYPD:2434-/usr/sbin/apache2:} Injection result - Success (duration 3 ms)
2025/07/24T12:42:49.934-03:00 <Information> linux-lab02 [1285:2450 ]  {dypd:DYPD:2435-/usr/sbin/apache2:} Injecting
2025/07/24T12:42:49.934-03:00 <Information> linux-lab02 [1285:2450 ]  {dypd:DYPD:2435-/usr/sbin/apache2:} Attempting to attach to 2435
2025/07/24T12:42:49.934-03:00 <Information> linux-lab02 [1285:2450 ]  {dypd:DYPD:2435-/usr/sbin/apache2:} Attached successfully to pid 2435
2025/07/24T12:42:49.938-03:00 <Information> linux-lab02 [1285:2450 ]  {dypd:DYPD:2435-/usr/sbin/apache2:Reconnect:} Doing reconnect to libmoduleng, is64=1
2025/07/24T12:42:49.938-03:00 <Information> linux-lab02 [1285:2450 ]  {dypd:DYPD:2435-/usr/sbin/apache2:Reconnect:} Successfully reconnected to new libmodule
2025/07/24T12:42:49.939-03:00 <Information> linux-lab02 [1285:2450 ]  {dypd:DYPD:2435-/usr/sbin/apache2:} Injection result - Success (duration 5 ms)
2025/07/24T12:42:49.939-03:00 <Information> linux-lab02 [1285:2451 ]  {dypd:DYPD:2436-/usr/sbin/apache2:} Injecting
2025/07/24T12:42:49.940-03:00 <Information> linux-lab02 [1285:2451 ]  {dypd:DYPD:2436-/usr/sbin/apache2:} Attempting to attach to 2436
2025/07/24T12:42:49.940-03:00 <Information> linux-lab02 [1285:2451 ]  {dypd:DYPD:2436-/usr/sbin/apache2:} Attached successfully to pid 2436
2025/07/24T12:42:49.943-03:00 <Information> linux-lab02 [1285:2451 ]  {dypd:DYPD:2436-/usr/sbin/apache2:Reconnect:} Doing reconnect to libmoduleng, is64=1
2025/07/24T12:42:49.944-03:00 <Information> linux-lab02 [1285:2451 ]  {dypd:DYPD:2436-/usr/sbin/apache2:Reconnect:} Successfully reconnected to new libmodule
2025/07/24T12:42:49.944-03:00 <Information> linux-lab02 [1285:2451 ]  {dypd:DYPD:2436-/usr/sbin/apache2:} Injection result - Success (duration 5 ms)
2025/07/24T12:42:49.945-03:00 <Information> linux-lab02 [1285:2452 ]  {dypd:DYPD:2437-/usr/sbin/apache2:} Injecting
2025/07/24T12:42:49.945-03:00 <Information> linux-lab02 [1285:2452 ]  {dypd:DYPD:2437-/usr/sbin/apache2:} Attempting to attach to 2437
2025/07/24T12:42:49.945-03:00 <Information> linux-lab02 [1285:2452 ]  {dypd:DYPD:2437-/usr/sbin/apache2:} Attached successfully to pid 2437
2025/07/24T12:42:49.949-03:00 <Information> linux-lab02 [1285:2452 ]  {dypd:DYPD:2437-/usr/sbin/apache2:Reconnect:} Doing reconnect to libmoduleng, is64=1
2025/07/24T12:42:49.949-03:00 <Information> linux-lab02 [1285:2452 ]  {dypd:DYPD:2437-/usr/sbin/apache2:Reconnect:} Successfully reconnected to new libmodule
2025/07/24T12:42:49.950-03:00 <Information> linux-lab02 [1285:2452 ]  {dypd:DYPD:2437-/usr/sbin/apache2:} Injection result - Success (duration 5 ms)
2025/07/24T12:42:49.950-03:00 <Information> linux-lab02 [1285:2453 ]  {dypd:DYPD:2438-/usr/sbin/apache2:} Injecting
2025/07/24T12:42:49.951-03:00 <Information> linux-lab02 [1285:2453 ]  {dypd:DYPD:2438-/usr/sbin/apache2:} Attempting to attach to 2438
2025/07/24T12:42:49.951-03:00 <Information> linux-lab02 [1285:2453 ]  {dypd:DYPD:2438-/usr/sbin/apache2:} Attached successfully to pid 2438
2025/07/24T12:42:49.955-03:00 <Information> linux-lab02 [1285:2453 ]  {dypd:DYPD:2438-/usr/sbin/apache2:Reconnect:} Doing reconnect to libmoduleng, is64=1
2025/07/24T12:42:49.955-03:00 <Information> linux-lab02 [1285:2453 ]  {dypd:DYPD:2438-/usr/sbin/apache2:Reconnect:} Successfully reconnected to new libmodule
2025/07/24T12:42:49.956-03:00 <Information> linux-lab02 [1285:2453 ]  {dypd:DYPD:2438-/usr/sbin/apache2:} Injection result - Success (duration 5 ms)
2025/07/24T12:42:50.941-03:00 <Information> linux-lab02 [1285:2454 ]  {dypd:DYPD:2440-/usr/sbin/apache2:} Injecting
2025/07/24T12:42:50.942-03:00 <Information> linux-lab02 [1285:2454 ]  {dypd:DYPD:2440-/usr/sbin/apache2:} Attempting to attach to 2440
2025/07/24T12:42:50.942-03:00 <Information> linux-lab02 [1285:2454 ]  {dypd:DYPD:2440-/usr/sbin/apache2:} Attached successfully to pid 2440
2025/07/24T12:42:50.946-03:00 <Information> linux-lab02 [1285:2454 ]  {dypd:DYPD:2440-/usr/sbin/apache2:Reconnect:} Doing reconnect to libmoduleng, is64=1
2025/07/24T12:42:50.947-03:00 <Information> linux-lab02 [1285:2454 ]  {dypd:DYPD:2440-/usr/sbin/apache2:Reconnect:} Successfully reconnected to new libmodule
2025/07/24T12:42:50.947-03:00 <Information> linux-lab02 [1285:2454 ]  {dypd:DYPD:2440-/usr/sbin/apache2:} Injection result - Success (duration 5 ms)
2025/07/24T12:42:50.948-03:00 <Information> linux-lab02 [1285:2455 ]  {dypd:DYPD:2441-/usr/sbin/apache2:} Injecting
2025/07/24T12:42:50.948-03:00 <Information> linux-lab02 [1285:2455 ]  {dypd:DYPD:2441-/usr/sbin/apache2:} Attempting to attach to 2441
2025/07/24T12:42:50.949-03:00 <Information> linux-lab02 [1285:2455 ]  {dypd:DYPD:2441-/usr/sbin/apache2:} Attached successfully to pid 2441
2025/07/24T12:42:50.952-03:00 <Information> linux-lab02 [1285:2455 ]  {dypd:DYPD:2441-/usr/sbin/apache2:Reconnect:} Doing reconnect to libmoduleng, is64=1
2025/07/24T12:42:50.953-03:00 <Information> linux-lab02 [1285:2455 ]  {dypd:DYPD:2441-/usr/sbin/apache2:Reconnect:} Successfully reconnected to new libmodule
2025/07/24T12:42:50.954-03:00 <Information> linux-lab02 [1285:2455 ]  {dypd:DYPD:2441-/usr/sbin/apache2:} Injection result - Success (duration 5 ms)
2025/07/24T12:42:50.954-03:00 <Information> linux-lab02 [1285:2456 ]  {dypd:DYPD:2442-/usr/sbin/apache2:} Injecting
2025/07/24T12:42:50.954-03:00 <Information> linux-lab02 [1285:2456 ]  {dypd:DYPD:2442-/usr/sbin/apache2:} Attempting to attach to 2442
2025/07/24T12:42:50.955-03:00 <Information> linux-lab02 [1285:2456 ]  {dypd:DYPD:2442-/usr/sbin/apache2:} Attached successfully to pid 2442
2025/07/24T12:42:50.959-03:00 <Information> linux-lab02 [1285:2456 ]  {dypd:DYPD:2442-/usr/sbin/apache2:Reconnect:} Doing reconnect to libmoduleng, is64=1
2025/07/24T12:42:50.959-03:00 <Information> linux-lab02 [1285:2456 ]  {dypd:DYPD:2442-/usr/sbin/apache2:Reconnect:} Successfully reconnected to new libmodule
2025/07/24T12:42:50.960-03:00 <Information> linux-lab02 [1285:2456 ]  {dypd:DYPD:2442-/usr/sbin/apache2:} Injection result - Success (duration 5 ms)
2025/07/24T12:42:50.969-03:00 <Information> linux-lab02 [1285:2457 ]  {dypd:DYPD:2444-/usr/sbin/apache2:} Injecting
2025/07/24T12:42:50.969-03:00 <Information> linux-lab02 [1285:2457 ]  {dypd:DYPD:2444-/usr/sbin/apache2:} Attempting to attach to 2444
2025/07/24T12:42:50.970-03:00 <Information> linux-lab02 [1285:2457 ]  {dypd:DYPD:2444-/usr/sbin/apache2:} Attached successfully to pid 2444
2025/07/24T12:42:50.973-03:00 <Information> linux-lab02 [1285:2457 ]  {dypd:DYPD:2444-/usr/sbin/apache2:Reconnect:} Doing reconnect to libmoduleng, is64=1
2025/07/24T12:42:50.974-03:00 <Information> linux-lab02 [1285:2457 ]  {dypd:DYPD:2444-/usr/sbin/apache2:Reconnect:} Successfully reconnected to new libmodule
2025/07/24T12:42:50.975-03:00 <Information> linux-lab02 [1285:2457 ]  {dypd:DYPD:2444-/usr/sbin/apache2:} Injection result - Success (duration 5 ms)
2025/07/24T12:42:50.975-03:00 <Information> linux-lab02 [1285:2458 ]  {dypd:DYPD:2445-/usr/sbin/apache2:} Injecting
2025/07/24T12:42:50.975-03:00 <Information> linux-lab02 [1285:2458 ]  {dypd:DYPD:2445-/usr/sbin/apache2:} Attempting to attach to 2445
2025/07/24T12:42:50.976-03:00 <Information> linux-lab02 [1285:2458 ]  {dypd:DYPD:2445-/usr/sbin/apache2:} Attached successfully to pid 2445
2025/07/24T12:42:50.980-03:00 <Information> linux-lab02 [1285:2458 ]  {dypd:DYPD:2445-/usr/sbin/apache2:Reconnect:} Doing reconnect to libmoduleng, is64=1
2025/07/24T12:42:50.981-03:00 <Information> linux-lab02 [1285:2458 ]  {dypd:DYPD:2445-/usr/sbin/apache2:Reconnect:} Successfully reconnected to new libmodule
2025/07/24T12:42:50.981-03:00 <Information> linux-lab02 [1285:2458 ]  {dypd:DYPD:2445-/usr/sbin/apache2:} Injection result - Success (duration 5 ms)
2025/07/24T12:42:51.012-03:00 <Information> linux-lab02 [1285:2459 ]  {dypd:DYPD:2446-/usr/sbin/apache2:} Injecting
2025/07/24T12:42:51.013-03:00 <Information> linux-lab02 [1285:2459 ]  {dypd:DYPD:2446-/usr/sbin/apache2:} Attempting to attach to 2446
2025/07/24T12:42:51.013-03:00 <Information> linux-lab02 [1285:2459 ]  {dypd:DYPD:2446-/usr/sbin/apache2:} Attached successfully to pid 2446
2025/07/24T12:42:51.016-03:00 <Information> linux-lab02 [1285:2459 ]  {dypd:DYPD:2446-/usr/sbin/apache2:Reconnect:} Doing reconnect to libmoduleng, is64=1
2025/07/24T12:42:51.016-03:00 <Information> linux-lab02 [1285:2459 ]  {dypd:DYPD:2446-/usr/sbin/apache2:Reconnect:} Successfully reconnected to new libmodule
2025/07/24T12:42:51.017-03:00 <Information> linux-lab02 [1285:2459 ]  {dypd:DYPD:2446-/usr/sbin/apache2:} Injection result - Success (duration 4 ms)
2025/07/24T12:42:51.036-03:00 <Information> linux-lab02 [1285:2460 ]  {dypd:DYPD:2447-/usr/sbin/apache2:} Injecting
2025/07/24T12:42:51.037-03:00 <Information> linux-lab02 [1285:2460 ]  {dypd:DYPD:2447-/usr/sbin/apache2:} Attempting to attach to 2447
2025/07/24T12:42:51.037-03:00 <Information> linux-lab02 [1285:2460 ]  {dypd:DYPD:2447-/usr/sbin/apache2:} Attached successfully to pid 2447
2025/07/24T12:42:51.040-03:00 <Information> linux-lab02 [1285:2460 ]  {dypd:DYPD:2447-/usr/sbin/apache2:Reconnect:} Doing reconnect to libmoduleng, is64=1
2025/07/24T12:42:51.044-03:00 <Information> linux-lab02 [1285:2460 ]  {dypd:DYPD:2447-/usr/sbin/apache2:Reconnect:} Successfully reconnected to new libmodule
2025/07/24T12:42:51.045-03:00 <Information> linux-lab02 [1285:2460 ]  {dypd:DYPD:2447-/usr/sbin/apache2:} Injection result - Success (duration 8 ms)
2025/07/24T13:27:09.770-03:00 <Information> linux-lab02 [1285:2872 ]  {dypd:DYPD:2866-/usr/sbin/apache2:} Injecting
2025/07/24T13:27:09.771-03:00 <Information> linux-lab02 [1285:2872 ]  {dypd:DYPD:2866-/usr/sbin/apache2:} Attempting to attach to 2866
2025/07/24T13:27:09.772-03:00 <Information> linux-lab02 [1285:2872 ]  {dypd:DYPD:2866-/usr/sbin/apache2:} Attached successfully to pid 2866
2025/07/24T13:27:09.844-03:00 <Information> linux-lab02 [1285:2872 ]  {dypd:DYPD:2866-/usr/sbin/apache2:} Injection result - Success (duration 73 ms)
2025/07/24T13:27:09.844-03:00 <Information> linux-lab02 [1285:2873 ]  {dypd:DYPD:2867-/usr/sbin/apache2:} Injecting
2025/07/24T13:27:09.844-03:00 <Information> linux-lab02 [1285:2873 ]  {dypd:DYPD:2867-/usr/sbin/apache2:} Attempting to attach to 2867
2025/07/24T13:27:09.845-03:00 <Information> linux-lab02 [1285:2873 ]  {dypd:DYPD:2867-/usr/sbin/apache2:} Attached successfully to pid 2867
2025/07/24T13:27:09.894-03:00 <Information> linux-lab02 [1285:2873 ]  {dypd:DYPD:2867-/usr/sbin/apache2:} Injection result - Success (duration 49 ms)
2025/07/24T13:27:09.894-03:00 <Information> linux-lab02 [1285:2874 ]  {dypd:DYPD:2868-/usr/sbin/apache2:} Injecting
2025/07/24T13:27:09.895-03:00 <Information> linux-lab02 [1285:2874 ]  {dypd:DYPD:2868-/usr/sbin/apache2:} Attempting to attach to 2868
2025/07/24T13:27:09.895-03:00 <Information> linux-lab02 [1285:2874 ]  {dypd:DYPD:2868-/usr/sbin/apache2:} Attached successfully to pid 2868
2025/07/24T13:27:09.901-03:00 <Information> linux-lab02 [1285:2874 ]  {dypd:DYPD:2868-/usr/sbin/apache2:} Injection result - Success (duration 6 ms)
2025/07/24T13:27:09.901-03:00 <Information> linux-lab02 [1285:2875 ]  {dypd:DYPD:2869-/usr/sbin/apache2:} Injecting
2025/07/24T13:27:09.901-03:00 <Information> linux-lab02 [1285:2875 ]  {dypd:DYPD:2869-/usr/sbin/apache2:} Attempting to attach to 2869
2025/07/24T13:27:09.901-03:00 <Information> linux-lab02 [1285:2875 ]  {dypd:DYPD:2869-/usr/sbin/apache2:} Attached successfully to pid 2869
2025/07/24T13:27:09.906-03:00 <Information> linux-lab02 [1285:2875 ]  {dypd:DYPD:2869-/usr/sbin/apache2:} Injection result - Success (duration 5 ms)
2025/07/24T13:27:09.907-03:00 <Information> linux-lab02 [1285:2876 ]  {dypd:DYPD:2870-/usr/sbin/apache2:} Injecting
2025/07/24T13:27:09.907-03:00 <Information> linux-lab02 [1285:2876 ]  {dypd:DYPD:2870-/usr/sbin/apache2:} Attempting to attach to 2870
2025/07/24T13:27:09.907-03:00 <Information> linux-lab02 [1285:2876 ]  {dypd:DYPD:2870-/usr/sbin/apache2:} Attached successfully to pid 2870
2025/07/24T13:27:09.923-03:00 <Information> linux-lab02 [1285:2876 ]  {dypd:DYPD:2870-/usr/sbin/apache2:} Injection result - Success (duration 16 ms)
2025/07/24T13:27:09.924-03:00 <Information> linux-lab02 [1285:2877 ]  {dypd:DYPD:2871-/usr/sbin/apache2:} Injecting
2025/07/24T13:27:09.924-03:00 <Information> linux-lab02 [1285:2877 ]  {dypd:DYPD:2871-/usr/sbin/apache2:} Attempting to attach to 2871
2025/07/24T13:27:09.924-03:00 <Information> linux-lab02 [1285:2877 ]  {dypd:DYPD:2871-/usr/sbin/apache2:} Attached successfully to pid 2871
2025/07/24T13:27:09.931-03:00 <Information> linux-lab02 [1285:2877 ]  {dypd:DYPD:2871-/usr/sbin/apache2:} Injection result - Success (duration 7 ms)
2025/07/24T13:28:00.954-03:00 <Information> linux-lab02 [1285:2883 ]  {dypd:DYPD:2882-/usr/sbin/apache2:} Injecting
2025/07/24T13:28:00.955-03:00 <Information> linux-lab02 [1285:2883 ]  {dypd:DYPD:2882-/usr/sbin/apache2:} Attempting to attach to 2882
2025/07/24T13:28:00.956-03:00 <Information> linux-lab02 [1285:2883 ]  {dypd:DYPD:2882-/usr/sbin/apache2:} Attached successfully to pid 2882
2025/07/24T13:28:00.961-03:00 <Information> linux-lab02 [1285:2883 ]  {dypd:DYPD:2882-/usr/sbin/apache2:Reconnect:} Doing reconnect to libmoduleng, is64=1
2025/07/24T13:28:00.962-03:00 <Information> linux-lab02 [1285:2883 ]  {dypd:DYPD:2882-/usr/sbin/apache2:Reconnect:} Successfully reconnected to new libmodule
2025/07/24T13:28:00.963-03:00 <Information> linux-lab02 [1285:2883 ]  {dypd:DYPD:2882-/usr/sbin/apache2:} Injection result - Success (duration 8 ms)
2025/07/24T13:28:21.190-03:00 <Information> linux-lab02 [1285:2930 ]  {dypd:DYPD:2923-/usr/sbin/apache2:} Injecting
2025/07/24T13:28:21.191-03:00 <Information> linux-lab02 [1285:2930 ]  {dypd:DYPD:2923-/usr/sbin/apache2:} Attempting to attach to 2923
2025/07/24T13:28:21.192-03:00 <Information> linux-lab02 [1285:2930 ]  {dypd:DYPD:2923-/usr/sbin/apache2:} Attached successfully to pid 2923
2025/07/24T13:28:21.251-03:00 <Information> linux-lab02 [1285:2930 ]  {dypd:DYPD:2923-/usr/sbin/apache2:} Injection result - Success (duration 60 ms)
2025/07/24T13:28:21.252-03:00 <Information> linux-lab02 [1285:2931 ]  {dypd:DYPD:2924-/usr/sbin/apache2:} Injecting
2025/07/24T13:28:21.252-03:00 <Information> linux-lab02 [1285:2931 ]  {dypd:DYPD:2924-/usr/sbin/apache2:} Attempting to attach to 2924
2025/07/24T13:28:21.253-03:00 <Information> linux-lab02 [1285:2931 ]  {dypd:DYPD:2924-/usr/sbin/apache2:} Attached successfully to pid 2924
2025/07/24T13:28:21.303-03:00 <Information> linux-lab02 [1285:2931 ]  {dypd:DYPD:2924-/usr/sbin/apache2:} Injection result - Success (duration 51 ms)
2025/07/24T13:28:21.304-03:00 <Information> linux-lab02 [1285:2932 ]  {dypd:DYPD:2925-/usr/sbin/apache2:} Injecting
2025/07/24T13:28:21.304-03:00 <Information> linux-lab02 [1285:2932 ]  {dypd:DYPD:2925-/usr/sbin/apache2:} Attempting to attach to 2925
2025/07/24T13:28:21.305-03:00 <Information> linux-lab02 [1285:2932 ]  {dypd:DYPD:2925-/usr/sbin/apache2:} Attached successfully to pid 2925
2025/07/24T13:28:21.356-03:00 <Information> linux-lab02 [1285:2932 ]  {dypd:DYPD:2925-/usr/sbin/apache2:} Injection result - Success (duration 51 ms)
2025/07/24T13:28:21.356-03:00 <Information> linux-lab02 [1285:2933 ]  {dypd:DYPD:2926-/usr/sbin/apache2:} Injecting
2025/07/24T13:28:21.357-03:00 <Information> linux-lab02 [1285:2933 ]  {dypd:DYPD:2926-/usr/sbin/apache2:} Attempting to attach to 2926
2025/07/24T13:28:21.357-03:00 <Information> linux-lab02 [1285:2933 ]  {dypd:DYPD:2926-/usr/sbin/apache2:} Attached successfully to pid 2926
2025/07/24T13:28:21.408-03:00 <Information> linux-lab02 [1285:2933 ]  {dypd:DYPD:2926-/usr/sbin/apache2:} Injection result - Success (duration 51 ms)
2025/07/24T13:28:21.409-03:00 <Information> linux-lab02 [1285:2934 ]  {dypd:DYPD:2927-/usr/sbin/apache2:} Injecting
2025/07/24T13:28:21.409-03:00 <Information> linux-lab02 [1285:2934 ]  {dypd:DYPD:2927-/usr/sbin/apache2:} Attempting to attach to 2927
2025/07/24T13:28:21.409-03:00 <Information> linux-lab02 [1285:2934 ]  {dypd:DYPD:2927-/usr/sbin/apache2:} Attached successfully to pid 2927
2025/07/24T13:28:21.462-03:00 <Information> linux-lab02 [1285:2934 ]  {dypd:DYPD:2927-/usr/sbin/apache2:} Injection result - Success (duration 53 ms)
2025/07/24T13:28:21.463-03:00 <Information> linux-lab02 [1285:2935 ]  {dypd:DYPD:2928-/usr/sbin/apache2:} Injecting
2025/07/24T13:28:21.463-03:00 <Information> linux-lab02 [1285:2935 ]  {dypd:DYPD:2928-/usr/sbin/apache2:} Attempting to attach to 2928
2025/07/24T13:28:21.463-03:00 <Information> linux-lab02 [1285:2935 ]  {dypd:DYPD:2928-/usr/sbin/apache2:} Attached successfully to pid 2928
2025/07/24T13:28:21.514-03:00 <Information> linux-lab02 [1285:2935 ]  {dypd:DYPD:2928-/usr/sbin/apache2:} Injection result - Success (duration 51 ms)
2025/07/24T13:28:32.323-03:00 <Information> linux-lab02 [1285:2937 ]  {dypd:DYPD:2936-/usr/sbin/apache2:} Injecting
2025/07/24T13:28:32.323-03:00 <Information> linux-lab02 [1285:2937 ]  {dypd:DYPD:2936-/usr/sbin/apache2:} Attempting to attach to 2936
2025/07/24T13:28:32.323-03:00 <Information> linux-lab02 [1285:2937 ]  {dypd:DYPD:2936-/usr/sbin/apache2:} Attached successfully to pid 2936
2025/07/24T13:28:32.325-03:00 <Information> linux-lab02 [1285:2937 ]  {dypd:DYPD:2936-/usr/sbin/apache2:Reconnect:} Doing reconnect to libmoduleng, is64=1
2025/07/24T13:28:32.325-03:00 <Information> linux-lab02 [1285:2937 ]  {dypd:DYPD:2936-/usr/sbin/apache2:Reconnect:} Successfully reconnected to new libmodule
2025/07/24T13:28:32.325-03:00 <Information> linux-lab02 [1285:2937 ]  {dypd:DYPD:2936-/usr/sbin/apache2:} Injection result - Success (duration 2 ms)
2025/07/24T13:30:32.442-03:00 <Information> linux-lab02 [1285:2950 ]  {dypd:DYPD:2949-/usr/sbin/apache2:} Injecting
2025/07/24T13:30:32.442-03:00 <Information> linux-lab02 [1285:2950 ]  {dypd:DYPD:2949-/usr/sbin/apache2:} Attempting to attach to 2949
2025/07/24T13:30:32.442-03:00 <Information> linux-lab02 [1285:2950 ]  {dypd:DYPD:2949-/usr/sbin/apache2:} Attached successfully to pid 2949
2025/07/24T13:30:32.444-03:00 <Information> linux-lab02 [1285:2950 ]  {dypd:DYPD:2949-/usr/sbin/apache2:Reconnect:} Doing reconnect to libmoduleng, is64=1
2025/07/24T13:30:32.444-03:00 <Information> linux-lab02 [1285:2950 ]  {dypd:DYPD:2949-/usr/sbin/apache2:Reconnect:} Successfully reconnected to new libmodule
2025/07/24T13:30:32.444-03:00 <Information> linux-lab02 [1285:2950 ]  {dypd:DYPD:2949-/usr/sbin/apache2:} Injection result - Success (duration 2 ms)
2025/07/24T13:33:34.632-03:00 <Information> linux-lab02 [1285:2990 ]  {dypd:DYPD:2983-/usr/sbin/apache2:} Injecting
2025/07/24T13:33:34.633-03:00 <Information> linux-lab02 [1285:2990 ]  {dypd:DYPD:2983-/usr/sbin/apache2:} Attempting to attach to 2983
2025/07/24T13:33:34.642-03:00 <Information> linux-lab02 [1285:2990 ]  {dypd:DYPD:2983-/usr/sbin/apache2:} Attached successfully to pid 2983
2025/07/24T13:33:34.688-03:00 <Information> linux-lab02 [1285:2990 ]  {dypd:DYPD:2983-/usr/sbin/apache2:Reconnect:} Doing reconnect to libmoduleng, is64=1
2025/07/24T13:33:34.692-03:00 <Information> linux-lab02 [1285:2990 ]  {dypd:DYPD:2983-/usr/sbin/apache2:Reconnect:} Successfully reconnected to new libmodule
2025/07/24T13:33:34.693-03:00 <Information> linux-lab02 [1285:2990 ]  {dypd:DYPD:2983-/usr/sbin/apache2:} Injection result - Success (duration 60 ms)
2025/07/24T13:33:35.614-03:00 <Information> linux-lab02 [1285:2999 ]  {dypd:DYPD:2984-/usr/sbin/apache2:} Injecting
2025/07/24T13:33:35.614-03:00 <Information> linux-lab02 [1285:2999 ]  {dypd:DYPD:2984-/usr/sbin/apache2:} Attempting to attach to 2984
2025/07/24T13:33:35.615-03:00 <Information> linux-lab02 [1285:2999 ]  {dypd:DYPD:2984-/usr/sbin/apache2:} Attached successfully to pid 2984
2025/07/24T13:33:35.676-03:00 <Information> linux-lab02 [1285:2999 ]  {dypd:DYPD:2984-/usr/sbin/apache2:Reconnect:} Doing reconnect to libmoduleng, is64=1
2025/07/24T13:33:35.678-03:00 <Information> linux-lab02 [1285:2999 ]  {dypd:DYPD:2984-/usr/sbin/apache2:Reconnect:} Successfully reconnected to new libmodule
2025/07/24T13:33:35.719-03:00 <Information> linux-lab02 [1285:2999 ]  {dypd:DYPD:2984-/usr/sbin/apache2:} Injection result - Success (duration 104 ms)
2025/07/24T13:33:35.730-03:00 <Information> linux-lab02 [1285:3000 ]  {dypd:DYPD:2985-/usr/sbin/apache2:} Injecting
2025/07/24T13:33:35.730-03:00 <Information> linux-lab02 [1285:3000 ]  {dypd:DYPD:2985-/usr/sbin/apache2:} Attempting to attach to 2985
2025/07/24T13:33:35.741-03:00 <Information> linux-lab02 [1285:3000 ]  {dypd:DYPD:2985-/usr/sbin/apache2:} Attached successfully to pid 2985
2025/07/24T13:33:35.768-03:00 <Information> linux-lab02 [1285:3000 ]  {dypd:DYPD:2985-/usr/sbin/apache2:Reconnect:} Doing reconnect to libmoduleng, is64=1
2025/07/24T13:33:35.769-03:00 <Information> linux-lab02 [1285:3000 ]  {dypd:DYPD:2985-/usr/sbin/apache2:Reconnect:} Successfully reconnected to new libmodule
2025/07/24T13:33:35.772-03:00 <Information> linux-lab02 [1285:3000 ]  {dypd:DYPD:2985-/usr/sbin/apache2:} Injection result - Success (duration 42 ms)
2025/07/24T13:33:36.632-03:00 <Information> linux-lab02 [1285:3001 ]  {dypd:DYPD:2986-/usr/sbin/apache2:} Injecting
2025/07/24T13:33:36.632-03:00 <Information> linux-lab02 [1285:3001 ]  {dypd:DYPD:2986-/usr/sbin/apache2:} Attempting to attach to 2986
2025/07/24T13:33:36.638-03:00 <Information> linux-lab02 [1285:3001 ]  {dypd:DYPD:2986-/usr/sbin/apache2:} Attached successfully to pid 2986
2025/07/24T13:33:36.683-03:00 <Information> linux-lab02 [1285:3001 ]  {dypd:DYPD:2986-/usr/sbin/apache2:Reconnect:} Doing reconnect to libmoduleng, is64=1
2025/07/24T13:33:36.683-03:00 <Information> linux-lab02 [1285:3001 ]  {dypd:DYPD:2986-/usr/sbin/apache2:Reconnect:} Successfully reconnected to new libmodule
2025/07/24T13:33:36.690-03:00 <Information> linux-lab02 [1285:3001 ]  {dypd:DYPD:2986-/usr/sbin/apache2:} Injection result - Success (duration 57 ms)
2025/07/24T13:33:36.716-03:00 <Information> linux-lab02 [1285:3002 ]  {dypd:DYPD:2987-/usr/sbin/apache2:} Injecting
2025/07/24T13:33:36.735-03:00 <Information> linux-lab02 [1285:3002 ]  {dypd:DYPD:2987-/usr/sbin/apache2:} Attempting to attach to 2987
2025/07/24T13:33:36.742-03:00 <Information> linux-lab02 [1285:3002 ]  {dypd:DYPD:2987-/usr/sbin/apache2:} Attached successfully to pid 2987
2025/07/24T13:33:36.787-03:00 <Information> linux-lab02 [1285:3002 ]  {dypd:DYPD:2987-/usr/sbin/apache2:Reconnect:} Doing reconnect to libmoduleng, is64=1
2025/07/24T13:33:36.788-03:00 <Information> linux-lab02 [1285:3002 ]  {dypd:DYPD:2987-/usr/sbin/apache2:Reconnect:} Successfully reconnected to new libmodule
2025/07/24T13:33:36.806-03:00 <Information> linux-lab02 [1285:3002 ]  {dypd:DYPD:2987-/usr/sbin/apache2:} Injection result - Success (duration 70 ms)
2025/07/24T13:33:36.806-03:00 <Information> linux-lab02 [1285:3003 ]  {dypd:DYPD:2988-/usr/sbin/apache2:} Injecting
2025/07/24T13:33:36.806-03:00 <Information> linux-lab02 [1285:3003 ]  {dypd:DYPD:2988-/usr/sbin/apache2:} Attempting to attach to 2988
2025/07/24T13:33:36.806-03:00 <Information> linux-lab02 [1285:3003 ]  {dypd:DYPD:2988-/usr/sbin/apache2:} Attached successfully to pid 2988
2025/07/24T13:33:36.837-03:00 <Information> linux-lab02 [1285:3003 ]  {dypd:DYPD:2988-/usr/sbin/apache2:Reconnect:} Doing reconnect to libmoduleng, is64=1
2025/07/24T13:33:36.837-03:00 <Information> linux-lab02 [1285:3003 ]  {dypd:DYPD:2988-/usr/sbin/apache2:Reconnect:} Successfully reconnected to new libmodule
2025/07/24T13:33:36.838-03:00 <Information> linux-lab02 [1285:3003 ]  {dypd:DYPD:2988-/usr/sbin/apache2:} Injection result - Success (duration 32 ms)
2025/07/24T13:33:36.872-03:00 <Information> linux-lab02 [1285:3004 ]  {dypd:DYPD:2989-/usr/sbin/apache2:} Injecting
2025/07/24T13:33:36.895-03:00 <Information> linux-lab02 [1285:3004 ]  {dypd:DYPD:2989-/usr/sbin/apache2:} Attempting to attach to 2989
2025/07/24T13:33:36.908-03:00 <Information> linux-lab02 [1285:3004 ]  {dypd:DYPD:2989-/usr/sbin/apache2:} Attached successfully to pid 2989
2025/07/24T13:33:36.963-03:00 <Information> linux-lab02 [1285:3004 ]  {dypd:DYPD:2989-/usr/sbin/apache2:Reconnect:} Doing reconnect to libmoduleng, is64=1
2025/07/24T13:33:36.964-03:00 <Information> linux-lab02 [1285:3004 ]  {dypd:DYPD:2989-/usr/sbin/apache2:Reconnect:} Successfully reconnected to new libmodule
2025/07/24T13:33:36.974-03:00 <Information> linux-lab02 [1285:3004 ]  {dypd:DYPD:2989-/usr/sbin/apache2:} Injection result - Success (duration 95 ms)
2025/07/24T13:33:37.681-03:00 <Information> linux-lab02 [1285:3005 ]  {dypd:DYPD:2991-/usr/sbin/apache2:} Injecting
2025/07/24T13:33:37.681-03:00 <Information> linux-lab02 [1285:3005 ]  {dypd:DYPD:2991-/usr/sbin/apache2:} Attempting to attach to 2991
2025/07/24T13:33:37.696-03:00 <Information> linux-lab02 [1285:3005 ]  {dypd:DYPD:2991-/usr/sbin/apache2:} Attached successfully to pid 2991
2025/07/24T13:33:37.731-03:00 <Information> linux-lab02 [1285:3005 ]  {dypd:DYPD:2991-/usr/sbin/apache2:Reconnect:} Doing reconnect to libmoduleng, is64=1
2025/07/24T13:33:37.732-03:00 <Information> linux-lab02 [1285:3005 ]  {dypd:DYPD:2991-/usr/sbin/apache2:Reconnect:} Successfully reconnected to new libmodule
2025/07/24T13:33:37.732-03:00 <Information> linux-lab02 [1285:3005 ]  {dypd:DYPD:2991-/usr/sbin/apache2:} Injection result - Success (duration 50 ms)
2025/07/24T13:33:37.739-03:00 <Information> linux-lab02 [1285:3006 ]  {dypd:DYPD:2993-/usr/sbin/apache2:} Injecting
2025/07/24T13:33:37.739-03:00 <Information> linux-lab02 [1285:3006 ]  {dypd:DYPD:2993-/usr/sbin/apache2:} Attempting to attach to 2993
2025/07/24T13:33:37.739-03:00 <Information> linux-lab02 [1285:3006 ]  {dypd:DYPD:2993-/usr/sbin/apache2:} Attached successfully to pid 2993
2025/07/24T13:33:37.785-03:00 <Information> linux-lab02 [1285:3006 ]  {dypd:DYPD:2993-/usr/sbin/apache2:Reconnect:} Doing reconnect to libmoduleng, is64=1
2025/07/24T13:33:37.785-03:00 <Information> linux-lab02 [1285:3006 ]  {dypd:DYPD:2993-/usr/sbin/apache2:Reconnect:} Successfully reconnected to new libmodule
2025/07/24T13:33:37.790-03:00 <Information> linux-lab02 [1285:3006 ]  {dypd:DYPD:2993-/usr/sbin/apache2:} Injection result - Success (duration 51 ms)
2025/07/24T13:33:37.792-03:00 <Information> linux-lab02 [1285:3007 ]  {dypd:DYPD:2994-/usr/sbin/apache2:} Injecting
2025/07/24T13:33:37.795-03:00 <Information> linux-lab02 [1285:3007 ]  {dypd:DYPD:2994-/usr/sbin/apache2:} Attempting to attach to 2994
2025/07/24T13:33:37.799-03:00 <Information> linux-lab02 [1285:3007 ]  {dypd:DYPD:2994-/usr/sbin/apache2:} Attached successfully to pid 2994
2025/07/24T13:33:37.805-03:00 <Information> linux-lab02 [1285:3007 ]  {dypd:DYPD:2994-/usr/sbin/apache2:Reconnect:} Doing reconnect to libmoduleng, is64=1
2025/07/24T13:33:37.805-03:00 <Information> linux-lab02 [1285:3007 ]  {dypd:DYPD:2994-/usr/sbin/apache2:Reconnect:} Successfully reconnected to new libmodule
2025/07/24T13:33:37.805-03:00 <Information> linux-lab02 [1285:3007 ]  {dypd:DYPD:2994-/usr/sbin/apache2:} Injection result - Success (duration 13 ms)
2025/07/24T13:33:37.806-03:00 <Information> linux-lab02 [1285:3008 ]  {dypd:DYPD:2995-/usr/sbin/apache2:} Injecting
2025/07/24T13:33:37.806-03:00 <Information> linux-lab02 [1285:3008 ]  {dypd:DYPD:2995-/usr/sbin/apache2:} Attempting to attach to 2995
2025/07/24T13:33:37.807-03:00 <Information> linux-lab02 [1285:3008 ]  {dypd:DYPD:2995-/usr/sbin/apache2:} Attached successfully to pid 2995
2025/07/24T13:33:37.835-03:00 <Information> linux-lab02 [1285:3008 ]  {dypd:DYPD:2995-/usr/sbin/apache2:Reconnect:} Doing reconnect to libmoduleng, is64=1
2025/07/24T13:33:37.836-03:00 <Information> linux-lab02 [1285:3008 ]  {dypd:DYPD:2995-/usr/sbin/apache2:Reconnect:} Successfully reconnected to new libmodule
2025/07/24T13:33:37.836-03:00 <Information> linux-lab02 [1285:3008 ]  {dypd:DYPD:2995-/usr/sbin/apache2:} Injection result - Success (duration 30 ms)
2025/07/24T13:33:37.836-03:00 <Information> linux-lab02 [1285:3009 ]  {dypd:DYPD:2997-/usr/sbin/apache2:} Injecting
2025/07/24T13:33:37.837-03:00 <Information> linux-lab02 [1285:3009 ]  {dypd:DYPD:2997-/usr/sbin/apache2:} Attempting to attach to 2997
2025/07/24T13:33:37.837-03:00 <Information> linux-lab02 [1285:3009 ]  {dypd:DYPD:2997-/usr/sbin/apache2:} Attached successfully to pid 2997
2025/07/24T13:33:37.838-03:00 <Information> linux-lab02 [1285:3009 ]  {dypd:DYPD:2997-/usr/sbin/apache2:Reconnect:} Doing reconnect to libmoduleng, is64=1
2025/07/24T13:33:37.838-03:00 <Information> linux-lab02 [1285:3009 ]  {dypd:DYPD:2997-/usr/sbin/apache2:Reconnect:} Successfully reconnected to new libmodule
2025/07/24T13:33:37.839-03:00 <Information> linux-lab02 [1285:3009 ]  {dypd:DYPD:2997-/usr/sbin/apache2:} Injection result - Success (duration 2 ms)
2025/07/24T13:33:37.890-03:00 <Information> linux-lab02 [1285:3010 ]  {dypd:DYPD:2998-/usr/sbin/apache2:} Injecting
2025/07/24T13:33:37.899-03:00 <Information> linux-lab02 [1285:3010 ]  {dypd:DYPD:2998-/usr/sbin/apache2:} Attempting to attach to 2998
2025/07/24T13:33:37.906-03:00 <Information> linux-lab02 [1285:3010 ]  {dypd:DYPD:2998-/usr/sbin/apache2:} Attached successfully to pid 2998
2025/07/24T13:33:37.936-03:00 <Information> linux-lab02 [1285:3010 ]  {dypd:DYPD:2998-/usr/sbin/apache2:Reconnect:} Doing reconnect to libmoduleng, is64=1
2025/07/24T13:33:37.938-03:00 <Information> linux-lab02 [1285:3010 ]  {dypd:DYPD:2998-/usr/sbin/apache2:Reconnect:} Successfully reconnected to new libmodule
2025/07/24T13:33:37.939-03:00 <Information> linux-lab02 [1285:3010 ]  {dypd:DYPD:2998-/usr/sbin/apache2:} Injection result - Success (duration 40 ms)
2025/07/24T13:39:07.046-03:00 <Information> linux-lab02 [1285:3186 ]  {dypd:DYPD:3179-/usr/sbin/apache2:} Injecting
2025/07/24T13:39:07.046-03:00 <Information> linux-lab02 [1285:3186 ]  {dypd:DYPD:3179-/usr/sbin/apache2:} Attempting to attach to 3179
2025/07/24T13:39:07.046-03:00 <Information> linux-lab02 [1285:3186 ]  {dypd:DYPD:3179-/usr/sbin/apache2:} Attached successfully to pid 3179
2025/07/24T13:39:07.073-03:00 <Information> linux-lab02 [1285:3186 ]  {dypd:DYPD:3179-/usr/sbin/apache2:} Injection result - Success (duration 26 ms)
2025/07/24T13:39:07.107-03:00 <Information> linux-lab02 [1285:3187 ]  {dypd:DYPD:3180-/usr/sbin/apache2:} Injecting
2025/07/24T13:39:07.107-03:00 <Information> linux-lab02 [1285:3187 ]  {dypd:DYPD:3180-/usr/sbin/apache2:} Attempting to attach to 3180
2025/07/24T13:39:07.108-03:00 <Information> linux-lab02 [1285:3187 ]  {dypd:DYPD:3180-/usr/sbin/apache2:} Attached successfully to pid 3180
2025/07/24T13:39:07.113-03:00 <Information> linux-lab02 [1285:3187 ]  {dypd:DYPD:3180-/usr/sbin/apache2:} Injection result - Success (duration 5 ms)
2025/07/24T13:39:07.113-03:00 <Information> linux-lab02 [1285:3188 ]  {dypd:DYPD:3181-/usr/sbin/apache2:} Injecting
2025/07/24T13:39:07.114-03:00 <Information> linux-lab02 [1285:3188 ]  {dypd:DYPD:3181-/usr/sbin/apache2:} Attempting to attach to 3181
2025/07/24T13:39:07.114-03:00 <Information> linux-lab02 [1285:3188 ]  {dypd:DYPD:3181-/usr/sbin/apache2:} Attached successfully to pid 3181
2025/07/24T13:39:07.119-03:00 <Information> linux-lab02 [1285:3188 ]  {dypd:DYPD:3181-/usr/sbin/apache2:} Injection result - Success (duration 5 ms)
2025/07/24T13:39:07.119-03:00 <Information> linux-lab02 [1285:3189 ]  {dypd:DYPD:3182-/usr/sbin/apache2:} Injecting
2025/07/24T13:39:07.119-03:00 <Information> linux-lab02 [1285:3189 ]  {dypd:DYPD:3182-/usr/sbin/apache2:} Attempting to attach to 3182
2025/07/24T13:39:07.119-03:00 <Information> linux-lab02 [1285:3189 ]  {dypd:DYPD:3182-/usr/sbin/apache2:} Attached successfully to pid 3182
2025/07/24T13:39:07.124-03:00 <Information> linux-lab02 [1285:3189 ]  {dypd:DYPD:3182-/usr/sbin/apache2:} Injection result - Success (duration 5 ms)
2025/07/24T13:39:07.124-03:00 <Information> linux-lab02 [1285:3190 ]  {dypd:DYPD:3183-/usr/sbin/apache2:} Injecting
2025/07/24T13:39:07.124-03:00 <Information> linux-lab02 [1285:3190 ]  {dypd:DYPD:3183-/usr/sbin/apache2:} Attempting to attach to 3183
2025/07/24T13:39:07.125-03:00 <Information> linux-lab02 [1285:3190 ]  {dypd:DYPD:3183-/usr/sbin/apache2:} Attached successfully to pid 3183
2025/07/24T13:39:07.130-03:00 <Information> linux-lab02 [1285:3190 ]  {dypd:DYPD:3183-/usr/sbin/apache2:} Injection result - Success (duration 5 ms)
2025/07/24T13:39:07.130-03:00 <Information> linux-lab02 [1285:3191 ]  {dypd:DYPD:3184-/usr/sbin/apache2:} Injecting
2025/07/24T13:39:07.131-03:00 <Information> linux-lab02 [1285:3191 ]  {dypd:DYPD:3184-/usr/sbin/apache2:} Attempting to attach to 3184
2025/07/24T13:39:07.131-03:00 <Information> linux-lab02 [1285:3191 ]  {dypd:DYPD:3184-/usr/sbin/apache2:} Attached successfully to pid 3184
2025/07/24T13:39:07.138-03:00 <Information> linux-lab02 [1285:3191 ]  {dypd:DYPD:3184-/usr/sbin/apache2:} Injection result - Success (duration 7 ms)
2025/07/24T13:39:17.148-03:00 <Information> linux-lab02 [1285:3193 ]  {dypd:DYPD:3192-/usr/sbin/apache2:} Injecting
2025/07/24T13:39:17.149-03:00 <Information> linux-lab02 [1285:3193 ]  {dypd:DYPD:3192-/usr/sbin/apache2:} Attempting to attach to 3192
2025/07/24T13:39:17.149-03:00 <Information> linux-lab02 [1285:3193 ]  {dypd:DYPD:3192-/usr/sbin/apache2:} Attached successfully to pid 3192
2025/07/24T13:39:17.151-03:00 <Information> linux-lab02 [1285:3193 ]  {dypd:DYPD:3192-/usr/sbin/apache2:Reconnect:} Doing reconnect to libmoduleng, is64=1
2025/07/24T13:39:17.151-03:00 <Information> linux-lab02 [1285:3193 ]  {dypd:DYPD:3192-/usr/sbin/apache2:Reconnect:} Successfully reconnected to new libmodule
2025/07/24T13:39:17.152-03:00 <Information> linux-lab02 [1285:3193 ]  {dypd:DYPD:3192-/usr/sbin/apache2:} Injection result - Success (duration 3 ms)
2025/07/24T13:41:53.901-03:00 <Information> linux-lab02 [1285:3215 ]  {dypd:DYPD:3209-/usr/sbin/apache2:} Injecting
2025/07/24T13:41:53.901-03:00 <Information> linux-lab02 [1285:3215 ]  {dypd:DYPD:3209-/usr/sbin/apache2:} Attempting to attach to 3209
2025/07/24T13:41:53.901-03:00 <Information> linux-lab02 [1285:3215 ]  {dypd:DYPD:3209-/usr/sbin/apache2:} Attached successfully to pid 3209
2025/07/24T13:41:53.947-03:00 <Information> linux-lab02 [1285:3215 ]  {dypd:DYPD:3209-/usr/sbin/apache2:} Injection result - Success (duration 46 ms)
2025/07/24T13:41:53.954-03:00 <Information> linux-lab02 [1285:3216 ]  {dypd:DYPD:3210-/usr/sbin/apache2:} Injecting
2025/07/24T13:41:53.954-03:00 <Information> linux-lab02 [1285:3216 ]  {dypd:DYPD:3210-/usr/sbin/apache2:} Attempting to attach to 3210
2025/07/24T13:41:53.954-03:00 <Information> linux-lab02 [1285:3216 ]  {dypd:DYPD:3210-/usr/sbin/apache2:} Attached successfully to pid 3210
2025/07/24T13:41:53.979-03:00 <Information> linux-lab02 [1285:3216 ]  {dypd:DYPD:3210-/usr/sbin/apache2:} Injection result - Success (duration 24 ms)
2025/07/24T13:41:53.979-03:00 <Information> linux-lab02 [1285:3217 ]  {dypd:DYPD:3211-/usr/sbin/apache2:} Injecting
2025/07/24T13:41:53.980-03:00 <Information> linux-lab02 [1285:3217 ]  {dypd:DYPD:3211-/usr/sbin/apache2:} Attempting to attach to 3211
2025/07/24T13:41:53.980-03:00 <Information> linux-lab02 [1285:3217 ]  {dypd:DYPD:3211-/usr/sbin/apache2:} Attached successfully to pid 3211
2025/07/24T13:41:54.004-03:00 <Information> linux-lab02 [1285:3217 ]  {dypd:DYPD:3211-/usr/sbin/apache2:} Injection result - Success (duration 24 ms)
2025/07/24T13:41:54.004-03:00 <Information> linux-lab02 [1285:3218 ]  {dypd:DYPD:3212-/usr/sbin/apache2:} Injecting
2025/07/24T13:41:54.004-03:00 <Information> linux-lab02 [1285:3218 ]  {dypd:DYPD:3212-/usr/sbin/apache2:} Attempting to attach to 3212
2025/07/24T13:41:54.005-03:00 <Information> linux-lab02 [1285:3218 ]  {dypd:DYPD:3212-/usr/sbin/apache2:} Attached successfully to pid 3212
2025/07/24T13:41:54.039-03:00 <Information> linux-lab02 [1285:3218 ]  {dypd:DYPD:3212-/usr/sbin/apache2:} Injection result - Success (duration 34 ms)
2025/07/24T13:41:54.039-03:00 <Information> linux-lab02 [1285:3219 ]  {dypd:DYPD:3213-/usr/sbin/apache2:} Injecting
2025/07/24T13:41:54.040-03:00 <Information> linux-lab02 [1285:3219 ]  {dypd:DYPD:3213-/usr/sbin/apache2:} Attempting to attach to 3213
2025/07/24T13:41:54.040-03:00 <Information> linux-lab02 [1285:3219 ]  {dypd:DYPD:3213-/usr/sbin/apache2:} Attached successfully to pid 3213
2025/07/24T13:41:54.085-03:00 <Information> linux-lab02 [1285:3219 ]  {dypd:DYPD:3213-/usr/sbin/apache2:} Injection result - Success (duration 45 ms)
2025/07/24T13:41:54.085-03:00 <Information> linux-lab02 [1285:3220 ]  {dypd:DYPD:3214-/usr/sbin/apache2:} Injecting
2025/07/24T13:41:54.085-03:00 <Information> linux-lab02 [1285:3220 ]  {dypd:DYPD:3214-/usr/sbin/apache2:} Attempting to attach to 3214
2025/07/24T13:41:54.085-03:00 <Information> linux-lab02 [1285:3220 ]  {dypd:DYPD:3214-/usr/sbin/apache2:} Attached successfully to pid 3214
2025/07/24T13:41:54.091-03:00 <Information> linux-lab02 [1285:3220 ]  {dypd:DYPD:3214-/usr/sbin/apache2:} Injection result - Success (duration 5 ms)
2025/07/24T13:50:46.975-03:00 <Information> linux-lab02 [1285:3311 ]  {dypd:DYPD:3304-/usr/sbin/apache2:} Injecting
2025/07/24T13:50:46.975-03:00 <Information> linux-lab02 [1285:3311 ]  {dypd:DYPD:3304-/usr/sbin/apache2:} Attempting to attach to 3304
2025/07/24T13:50:46.975-03:00 <Information> linux-lab02 [1285:3311 ]  {dypd:DYPD:3304-/usr/sbin/apache2:} Attached successfully to pid 3304
2025/07/24T13:50:47.017-03:00 <Information> linux-lab02 [1285:3311 ]  {dypd:DYPD:3304-/usr/sbin/apache2:} Injection result - Success (duration 42 ms)
2025/07/24T13:50:47.036-03:00 <Information> linux-lab02 [1285:3312 ]  {dypd:DYPD:3305-/usr/sbin/apache2:} Injecting
2025/07/24T13:50:47.036-03:00 <Information> linux-lab02 [1285:3312 ]  {dypd:DYPD:3305-/usr/sbin/apache2:} Attempting to attach to 3305
2025/07/24T13:50:47.036-03:00 <Information> linux-lab02 [1285:3312 ]  {dypd:DYPD:3305-/usr/sbin/apache2:} Attached successfully to pid 3305
2025/07/24T13:50:47.041-03:00 <Information> linux-lab02 [1285:3312 ]  {dypd:DYPD:3305-/usr/sbin/apache2:} Injection result - Success (duration 5 ms)
2025/07/24T13:50:47.042-03:00 <Information> linux-lab02 [1285:3313 ]  {dypd:DYPD:3306-/usr/sbin/apache2:} Injecting
2025/07/24T13:50:47.042-03:00 <Information> linux-lab02 [1285:3313 ]  {dypd:DYPD:3306-/usr/sbin/apache2:} Attempting to attach to 3306
2025/07/24T13:50:47.042-03:00 <Information> linux-lab02 [1285:3313 ]  {dypd:DYPD:3306-/usr/sbin/apache2:} Attached successfully to pid 3306
2025/07/24T13:50:47.064-03:00 <Information> linux-lab02 [1285:3313 ]  {dypd:DYPD:3306-/usr/sbin/apache2:} Injection result - Success (duration 21 ms)
2025/07/24T13:50:47.064-03:00 <Information> linux-lab02 [1285:3314 ]  {dypd:DYPD:3307-/usr/sbin/apache2:} Injecting
2025/07/24T13:50:47.064-03:00 <Information> linux-lab02 [1285:3314 ]  {dypd:DYPD:3307-/usr/sbin/apache2:} Attempting to attach to 3307
2025/07/24T13:50:47.064-03:00 <Information> linux-lab02 [1285:3314 ]  {dypd:DYPD:3307-/usr/sbin/apache2:} Attached successfully to pid 3307
2025/07/24T13:50:47.069-03:00 <Information> linux-lab02 [1285:3314 ]  {dypd:DYPD:3307-/usr/sbin/apache2:} Injection result - Success (duration 5 ms)
2025/07/24T13:50:47.070-03:00 <Information> linux-lab02 [1285:3315 ]  {dypd:DYPD:3308-/usr/sbin/apache2:} Injecting
2025/07/24T13:50:47.070-03:00 <Information> linux-lab02 [1285:3315 ]  {dypd:DYPD:3308-/usr/sbin/apache2:} Attempting to attach to 3308
2025/07/24T13:50:47.070-03:00 <Information> linux-lab02 [1285:3315 ]  {dypd:DYPD:3308-/usr/sbin/apache2:} Attached successfully to pid 3308
2025/07/24T13:50:47.075-03:00 <Information> linux-lab02 [1285:3315 ]  {dypd:DYPD:3308-/usr/sbin/apache2:} Injection result - Success (duration 5 ms)
2025/07/24T13:50:47.075-03:00 <Information> linux-lab02 [1285:3316 ]  {dypd:DYPD:3309-/usr/sbin/apache2:} Injecting
2025/07/24T13:50:47.075-03:00 <Information> linux-lab02 [1285:3316 ]  {dypd:DYPD:3309-/usr/sbin/apache2:} Attempting to attach to 3309
2025/07/24T13:50:47.075-03:00 <Information> linux-lab02 [1285:3316 ]  {dypd:DYPD:3309-/usr/sbin/apache2:} Attached successfully to pid 3309
2025/07/24T13:50:47.081-03:00 <Information> linux-lab02 [1285:3316 ]  {dypd:DYPD:3309-/usr/sbin/apache2:} Injection result - Success (duration 5 ms)
2025/07/24T13:50:59.093-03:00 <Information> linux-lab02 [1285:3319 ]  {dypd:DYPD:3318-/usr/sbin/apache2:} Injecting
2025/07/24T13:50:59.093-03:00 <Information> linux-lab02 [1285:3319 ]  {dypd:DYPD:3318-/usr/sbin/apache2:} Attempting to attach to 3318
2025/07/24T13:50:59.093-03:00 <Information> linux-lab02 [1285:3319 ]  {dypd:DYPD:3318-/usr/sbin/apache2:} Attached successfully to pid 3318
2025/07/24T13:50:59.094-03:00 <Information> linux-lab02 [1285:3319 ]  {dypd:DYPD:3318-/usr/sbin/apache2:Reconnect:} Doing reconnect to libmoduleng, is64=1
2025/07/24T13:50:59.095-03:00 <Information> linux-lab02 [1285:3319 ]  {dypd:DYPD:3318-/usr/sbin/apache2:Reconnect:} Successfully reconnected to new libmodule
2025/07/24T13:50:59.095-03:00 <Information> linux-lab02 [1285:3319 ]  {dypd:DYPD:3318-/usr/sbin/apache2:} Injection result - Success (duration 2 ms)
2025/07/24T13:51:53.143-03:00 <Information> linux-lab02 [1285:3321 ]  {dypd:DYPD:3320-/usr/sbin/apache2:} Injecting
2025/07/24T13:51:53.143-03:00 <Information> linux-lab02 [1285:3321 ]  {dypd:DYPD:3320-/usr/sbin/apache2:} Attempting to attach to 3320
2025/07/24T13:51:53.143-03:00 <Information> linux-lab02 [1285:3321 ]  {dypd:DYPD:3320-/usr/sbin/apache2:} Attached successfully to pid 3320
2025/07/24T13:51:53.145-03:00 <Information> linux-lab02 [1285:3321 ]  {dypd:DYPD:3320-/usr/sbin/apache2:Reconnect:} Doing reconnect to libmoduleng, is64=1
2025/07/24T13:51:53.145-03:00 <Information> linux-lab02 [1285:3321 ]  {dypd:DYPD:3320-/usr/sbin/apache2:Reconnect:} Successfully reconnected to new libmodule
2025/07/24T13:51:53.145-03:00 <Information> linux-lab02 [1285:3321 ]  {dypd:DYPD:3320-/usr/sbin/apache2:} Injection result - Success (duration 1 ms)
2025/07/24T13:55:58.388-03:00 <Information> linux-lab02 [1285:3364 ]  {dypd:DYPD:3357-/usr/sbin/apache2:} Injecting
2025/07/24T13:55:58.388-03:00 <Information> linux-lab02 [1285:3364 ]  {dypd:DYPD:3357-/usr/sbin/apache2:} Attempting to attach to 3357
2025/07/24T13:55:58.401-03:00 <Information> linux-lab02 [1285:3364 ]  {dypd:DYPD:3357-/usr/sbin/apache2:} Attached successfully to pid 3357
2025/07/24T13:55:58.452-03:00 <Information> linux-lab02 [1285:3364 ]  {dypd:DYPD:3357-/usr/sbin/apache2:Reconnect:} Doing reconnect to libmoduleng, is64=1
2025/07/24T13:55:58.452-03:00 <Information> linux-lab02 [1285:3364 ]  {dypd:DYPD:3357-/usr/sbin/apache2:Reconnect:} Successfully reconnected to new libmodule
2025/07/24T13:55:58.464-03:00 <Information> linux-lab02 [1285:3364 ]  {dypd:DYPD:3357-/usr/sbin/apache2:} Injection result - Success (duration 75 ms)
2025/07/24T13:55:59.402-03:00 <Information> linux-lab02 [1285:3373 ]  {dypd:DYPD:3358-/usr/sbin/apache2:} Injecting
2025/07/24T13:55:59.407-03:00 <Information> linux-lab02 [1285:3373 ]  {dypd:DYPD:3358-/usr/sbin/apache2:} Attempting to attach to 3358
2025/07/24T13:55:59.418-03:00 <Information> linux-lab02 [1285:3373 ]  {dypd:DYPD:3358-/usr/sbin/apache2:} Attached successfully to pid 3358
2025/07/24T13:55:59.446-03:00 <Information> linux-lab02 [1285:3373 ]  {dypd:DYPD:3358-/usr/sbin/apache2:Reconnect:} Doing reconnect to libmoduleng, is64=1
2025/07/24T13:55:59.446-03:00 <Information> linux-lab02 [1285:3373 ]  {dypd:DYPD:3358-/usr/sbin/apache2:Reconnect:} Successfully reconnected to new libmodule
2025/07/24T13:55:59.447-03:00 <Information> linux-lab02 [1285:3373 ]  {dypd:DYPD:3358-/usr/sbin/apache2:} Injection result - Success (duration 39 ms)
2025/07/24T13:55:59.456-03:00 <Information> linux-lab02 [1285:3374 ]  {dypd:DYPD:3359-/usr/sbin/apache2:} Injecting
2025/07/24T13:55:59.460-03:00 <Information> linux-lab02 [1285:3374 ]  {dypd:DYPD:3359-/usr/sbin/apache2:} Attempting to attach to 3359
2025/07/24T13:55:59.466-03:00 <Information> linux-lab02 [1285:3374 ]  {dypd:DYPD:3359-/usr/sbin/apache2:} Attached successfully to pid 3359
2025/07/24T13:55:59.476-03:00 <Information> linux-lab02 [1285:3374 ]  {dypd:DYPD:3359-/usr/sbin/apache2:Reconnect:} Doing reconnect to libmoduleng, is64=1
2025/07/24T13:55:59.477-03:00 <Information> linux-lab02 [1285:3374 ]  {dypd:DYPD:3359-/usr/sbin/apache2:Reconnect:} Successfully reconnected to new libmodule
2025/07/24T13:55:59.477-03:00 <Information> linux-lab02 [1285:3374 ]  {dypd:DYPD:3359-/usr/sbin/apache2:} Injection result - Success (duration 19 ms)
2025/07/24T13:56:00.386-03:00 <Information> linux-lab02 [1285:3375 ]  {dypd:DYPD:3360-/usr/sbin/apache2:} Injecting
2025/07/24T13:56:00.393-03:00 <Information> linux-lab02 [1285:3375 ]  {dypd:DYPD:3360-/usr/sbin/apache2:} Attempting to attach to 3360
2025/07/24T13:56:00.396-03:00 <Information> linux-lab02 [1285:3375 ]  {dypd:DYPD:3360-/usr/sbin/apache2:} Attached successfully to pid 3360
2025/07/24T13:56:00.423-03:00 <Information> linux-lab02 [1285:3375 ]  {dypd:DYPD:3360-/usr/sbin/apache2:Reconnect:} Doing reconnect to libmoduleng, is64=1
2025/07/24T13:56:00.425-03:00 <Information> linux-lab02 [1285:3375 ]  {dypd:DYPD:3360-/usr/sbin/apache2:Reconnect:} Successfully reconnected to new libmodule
2025/07/24T13:56:00.427-03:00 <Information> linux-lab02 [1285:3375 ]  {dypd:DYPD:3360-/usr/sbin/apache2:} Injection result - Success (duration 40 ms)
2025/07/24T13:56:00.428-03:00 <Information> linux-lab02 [1285:3376 ]  {dypd:DYPD:3361-/usr/sbin/apache2:} Injecting
2025/07/24T13:56:00.429-03:00 <Information> linux-lab02 [1285:3376 ]  {dypd:DYPD:3361-/usr/sbin/apache2:} Attempting to attach to 3361
2025/07/24T13:56:00.430-03:00 <Information> linux-lab02 [1285:3376 ]  {dypd:DYPD:3361-/usr/sbin/apache2:} Attached successfully to pid 3361
2025/07/24T13:56:00.455-03:00 <Information> linux-lab02 [1285:3376 ]  {dypd:DYPD:3361-/usr/sbin/apache2:Reconnect:} Doing reconnect to libmoduleng, is64=1
2025/07/24T13:56:00.455-03:00 <Information> linux-lab02 [1285:3376 ]  {dypd:DYPD:3361-/usr/sbin/apache2:Reconnect:} Successfully reconnected to new libmodule
2025/07/24T13:56:00.456-03:00 <Information> linux-lab02 [1285:3376 ]  {dypd:DYPD:3361-/usr/sbin/apache2:} Injection result - Success (duration 27 ms)
2025/07/24T13:56:00.457-03:00 <Information> linux-lab02 [1285:3377 ]  {dypd:DYPD:3362-/usr/sbin/apache2:} Injecting
2025/07/24T13:56:00.460-03:00 <Information> linux-lab02 [1285:3377 ]  {dypd:DYPD:3362-/usr/sbin/apache2:} Attempting to attach to 3362
2025/07/24T13:56:00.462-03:00 <Information> linux-lab02 [1285:3377 ]  {dypd:DYPD:3362-/usr/sbin/apache2:} Attached successfully to pid 3362
2025/07/24T13:56:00.470-03:00 <Information> linux-lab02 [1285:3377 ]  {dypd:DYPD:3362-/usr/sbin/apache2:Reconnect:} Doing reconnect to libmoduleng, is64=1
2025/07/24T13:56:00.488-03:00 <Information> linux-lab02 [1285:3377 ]  {dypd:DYPD:3362-/usr/sbin/apache2:Reconnect:} Successfully reconnected to new libmodule
2025/07/24T13:56:00.491-03:00 <Information> linux-lab02 [1285:3377 ]  {dypd:DYPD:3362-/usr/sbin/apache2:} Injection result - Success (duration 31 ms)
2025/07/24T13:56:00.493-03:00 <Information> linux-lab02 [1285:3378 ]  {dypd:DYPD:3363-/usr/sbin/apache2:} Injecting
2025/07/24T13:56:00.494-03:00 <Information> linux-lab02 [1285:3378 ]  {dypd:DYPD:3363-/usr/sbin/apache2:} Attempting to attach to 3363
2025/07/24T13:56:00.495-03:00 <Information> linux-lab02 [1285:3378 ]  {dypd:DYPD:3363-/usr/sbin/apache2:} Attached successfully to pid 3363
2025/07/24T13:56:00.505-03:00 <Information> linux-lab02 [1285:3378 ]  {dypd:DYPD:3363-/usr/sbin/apache2:Reconnect:} Doing reconnect to libmoduleng, is64=1
2025/07/24T13:56:00.506-03:00 <Information> linux-lab02 [1285:3378 ]  {dypd:DYPD:3363-/usr/sbin/apache2:Reconnect:} Successfully reconnected to new libmodule
2025/07/24T13:56:00.506-03:00 <Information> linux-lab02 [1285:3378 ]  {dypd:DYPD:3363-/usr/sbin/apache2:} Injection result - Success (duration 13 ms)
2025/07/24T13:56:01.399-03:00 <Information> linux-lab02 [1285:3379 ]  {dypd:DYPD:3365-/usr/sbin/apache2:} Injecting
2025/07/24T13:56:01.399-03:00 <Information> linux-lab02 [1285:3379 ]  {dypd:DYPD:3365-/usr/sbin/apache2:} Attempting to attach to 3365
2025/07/24T13:56:01.399-03:00 <Information> linux-lab02 [1285:3379 ]  {dypd:DYPD:3365-/usr/sbin/apache2:} Attached successfully to pid 3365
2025/07/24T13:56:01.400-03:00 <Information> linux-lab02 [1285:3379 ]  {dypd:DYPD:3365-/usr/sbin/apache2:Reconnect:} Doing reconnect to libmoduleng, is64=1
2025/07/24T13:56:01.400-03:00 <Information> linux-lab02 [1285:3379 ]  {dypd:DYPD:3365-/usr/sbin/apache2:Reconnect:} Successfully reconnected to new libmodule
2025/07/24T13:56:01.400-03:00 <Information> linux-lab02 [1285:3379 ]  {dypd:DYPD:3365-/usr/sbin/apache2:} Injection result - Success (duration 1 ms)
2025/07/24T13:56:01.408-03:00 <Information> linux-lab02 [1285:3380 ]  {dypd:DYPD:3367-/usr/sbin/apache2:} Injecting
2025/07/24T13:56:01.408-03:00 <Information> linux-lab02 [1285:3380 ]  {dypd:DYPD:3367-/usr/sbin/apache2:} Attempting to attach to 3367
2025/07/24T13:56:01.408-03:00 <Information> linux-lab02 [1285:3380 ]  {dypd:DYPD:3367-/usr/sbin/apache2:} Attached successfully to pid 3367
2025/07/24T13:56:01.409-03:00 <Information> linux-lab02 [1285:3380 ]  {dypd:DYPD:3367-/usr/sbin/apache2:Reconnect:} Doing reconnect to libmoduleng, is64=1
2025/07/24T13:56:01.409-03:00 <Information> linux-lab02 [1285:3380 ]  {dypd:DYPD:3367-/usr/sbin/apache2:Reconnect:} Successfully reconnected to new libmodule
2025/07/24T13:56:01.410-03:00 <Information> linux-lab02 [1285:3380 ]  {dypd:DYPD:3367-/usr/sbin/apache2:} Injection result - Success (duration 1 ms)
2025/07/24T13:56:01.456-03:00 <Information> linux-lab02 [1285:3381 ]  {dypd:DYPD:3368-/usr/sbin/apache2:} Injecting
2025/07/24T13:56:01.456-03:00 <Information> linux-lab02 [1285:3381 ]  {dypd:DYPD:3368-/usr/sbin/apache2:} Attempting to attach to 3368
2025/07/24T13:56:01.456-03:00 <Information> linux-lab02 [1285:3381 ]  {dypd:DYPD:3368-/usr/sbin/apache2:} Attached successfully to pid 3368
2025/07/24T13:56:01.457-03:00 <Information> linux-lab02 [1285:3381 ]  {dypd:DYPD:3368-/usr/sbin/apache2:Reconnect:} Doing reconnect to libmoduleng, is64=1
2025/07/24T13:56:01.458-03:00 <Information> linux-lab02 [1285:3381 ]  {dypd:DYPD:3368-/usr/sbin/apache2:Reconnect:} Successfully reconnected to new libmodule
2025/07/24T13:56:01.458-03:00 <Information> linux-lab02 [1285:3381 ]  {dypd:DYPD:3368-/usr/sbin/apache2:} Injection result - Success (duration 1 ms)
2025/07/24T13:56:01.500-03:00 <Information> linux-lab02 [1285:3382 ]  {dypd:DYPD:3369-/usr/sbin/apache2:} Injecting
2025/07/24T13:56:01.500-03:00 <Information> linux-lab02 [1285:3382 ]  {dypd:DYPD:3369-/usr/sbin/apache2:} Attempting to attach to 3369
2025/07/24T13:56:01.500-03:00 <Information> linux-lab02 [1285:3382 ]  {dypd:DYPD:3369-/usr/sbin/apache2:} Attached successfully to pid 3369
2025/07/24T13:56:01.502-03:00 <Information> linux-lab02 [1285:3382 ]  {dypd:DYPD:3369-/usr/sbin/apache2:Reconnect:} Doing reconnect to libmoduleng, is64=1
2025/07/24T13:56:01.502-03:00 <Information> linux-lab02 [1285:3382 ]  {dypd:DYPD:3369-/usr/sbin/apache2:Reconnect:} Successfully reconnected to new libmodule
2025/07/24T13:56:01.502-03:00 <Information> linux-lab02 [1285:3382 ]  {dypd:DYPD:3369-/usr/sbin/apache2:} Injection result - Success (duration 1 ms)
2025/07/24T13:56:01.517-03:00 <Information> linux-lab02 [1285:3383 ]  {dypd:DYPD:3370-/usr/sbin/apache2:} Injecting
2025/07/24T13:56:01.517-03:00 <Information> linux-lab02 [1285:3383 ]  {dypd:DYPD:3370-/usr/sbin/apache2:} Attempting to attach to 3370
2025/07/24T13:56:01.517-03:00 <Information> linux-lab02 [1285:3383 ]  {dypd:DYPD:3370-/usr/sbin/apache2:} Attached successfully to pid 3370
2025/07/24T13:56:01.518-03:00 <Information> linux-lab02 [1285:3383 ]  {dypd:DYPD:3370-/usr/sbin/apache2:Reconnect:} Doing reconnect to libmoduleng, is64=1
2025/07/24T13:56:01.518-03:00 <Information> linux-lab02 [1285:3383 ]  {dypd:DYPD:3370-/usr/sbin/apache2:Reconnect:} Successfully reconnected to new libmodule
2025/07/24T13:56:01.519-03:00 <Information> linux-lab02 [1285:3383 ]  {dypd:DYPD:3370-/usr/sbin/apache2:} Injection result - Success (duration 1 ms)
2025/07/24T13:56:01.584-03:00 <Information> linux-lab02 [1285:3384 ]  {dypd:DYPD:3371-/usr/sbin/apache2:} Injecting
2025/07/24T13:56:01.584-03:00 <Information> linux-lab02 [1285:3384 ]  {dypd:DYPD:3371-/usr/sbin/apache2:} Attempting to attach to 3371
2025/07/24T13:56:01.585-03:00 <Information> linux-lab02 [1285:3384 ]  {dypd:DYPD:3371-/usr/sbin/apache2:} Attached successfully to pid 3371
2025/07/24T13:56:01.586-03:00 <Information> linux-lab02 [1285:3384 ]  {dypd:DYPD:3371-/usr/sbin/apache2:Reconnect:} Doing reconnect to libmoduleng, is64=1
2025/07/24T13:56:01.586-03:00 <Information> linux-lab02 [1285:3384 ]  {dypd:DYPD:3371-/usr/sbin/apache2:Reconnect:} Successfully reconnected to new libmodule
2025/07/24T13:56:01.587-03:00 <Information> linux-lab02 [1285:3384 ]  {dypd:DYPD:3371-/usr/sbin/apache2:} Injection result - Success (duration 2 ms)
2025/07/24T13:56:01.624-03:00 <Information> linux-lab02 [1285:3385 ]  {dypd:DYPD:3372-/usr/sbin/apache2:} Injecting
2025/07/24T13:56:01.624-03:00 <Information> linux-lab02 [1285:3385 ]  {dypd:DYPD:3372-/usr/sbin/apache2:} Attempting to attach to 3372
2025/07/24T13:56:01.625-03:00 <Information> linux-lab02 [1285:3385 ]  {dypd:DYPD:3372-/usr/sbin/apache2:} Attached successfully to pid 3372
2025/07/24T13:56:01.626-03:00 <Information> linux-lab02 [1285:3385 ]  {dypd:DYPD:3372-/usr/sbin/apache2:Reconnect:} Doing reconnect to libmoduleng, is64=1
2025/07/24T13:56:01.626-03:00 <Information> linux-lab02 [1285:3385 ]  {dypd:DYPD:3372-/usr/sbin/apache2:Reconnect:} Successfully reconnected to new libmodule
2025/07/24T13:56:01.626-03:00 <Information> linux-lab02 [1285:3385 ]  {dypd:DYPD:3372-/usr/sbin/apache2:} Injection result - Success (duration 1 ms)
2025/07/24T14:09:06.043-03:00 <Information> linux-lab02 [1285:3563 ]  {dypd:DYPD:3560-/usr/sbin/apache2:} Injecting
2025/07/24T14:09:06.043-03:00 <Information> linux-lab02 [1285:3563 ]  {dypd:DYPD:3560-/usr/sbin/apache2:} Executable changed '/usr/sbin/apache2' -> '/usr/bin/dash', cancelling injection
2025/07/24T14:09:06.043-03:00 <Information> linux-lab02 [1285:3563 ]  {dypd:DYPD:3560-/usr/sbin/apache2:} Injection result - Failure (duration 0 ms)
2025/07/24T14:16:35.548-03:00 <Information> linux-lab02 [1285:3636 ]  {dypd:DYPD:3628-/usr/sbin/apache2:} Injecting
2025/07/24T14:16:35.548-03:00 <Information> linux-lab02 [1285:3636 ]  {dypd:DYPD:3628-/usr/sbin/apache2:} Attempting to attach to 3628
2025/07/24T14:16:35.549-03:00 <Information> linux-lab02 [1285:3636 ]  {dypd:DYPD:3628-/usr/sbin/apache2:} Attached successfully to pid 3628
2025/07/24T14:16:35.594-03:00 <Information> linux-lab02 [1285:3636 ]  {dypd:DYPD:3628-/usr/sbin/apache2:} Injection result - Success (duration 46 ms)
2025/07/24T14:16:35.629-03:00 <Information> linux-lab02 [1285:3637 ]  {dypd:DYPD:3629-/usr/sbin/apache2:} Injecting
2025/07/24T14:16:35.629-03:00 <Information> linux-lab02 [1285:3637 ]  {dypd:DYPD:3629-/usr/sbin/apache2:} Attempting to attach to 3629
2025/07/24T14:16:35.630-03:00 <Information> linux-lab02 [1285:3637 ]  {dypd:DYPD:3629-/usr/sbin/apache2:} Attached successfully to pid 3629
2025/07/24T14:16:35.676-03:00 <Information> linux-lab02 [1285:3637 ]  {dypd:DYPD:3629-/usr/sbin/apache2:} Injection result - Success (duration 46 ms)
2025/07/24T14:16:35.676-03:00 <Information> linux-lab02 [1285:3638 ]  {dypd:DYPD:3630-/usr/sbin/apache2:} Injecting
2025/07/24T14:16:35.676-03:00 <Information> linux-lab02 [1285:3638 ]  {dypd:DYPD:3630-/usr/sbin/apache2:} Attempting to attach to 3630
2025/07/24T14:16:35.677-03:00 <Information> linux-lab02 [1285:3638 ]  {dypd:DYPD:3630-/usr/sbin/apache2:} Attached successfully to pid 3630
2025/07/24T14:16:35.722-03:00 <Information> linux-lab02 [1285:3638 ]  {dypd:DYPD:3630-/usr/sbin/apache2:} Injection result - Success (duration 45 ms)
2025/07/24T14:16:35.722-03:00 <Information> linux-lab02 [1285:3639 ]  {dypd:DYPD:3631-/usr/sbin/apache2:} Injecting
2025/07/24T14:16:35.722-03:00 <Information> linux-lab02 [1285:3639 ]  {dypd:DYPD:3631-/usr/sbin/apache2:} Attempting to attach to 3631
2025/07/24T14:16:35.723-03:00 <Information> linux-lab02 [1285:3639 ]  {dypd:DYPD:3631-/usr/sbin/apache2:} Attached successfully to pid 3631
2025/07/24T14:16:35.730-03:00 <Information> linux-lab02 [1285:3639 ]  {dypd:DYPD:3631-/usr/sbin/apache2:} Injection result - Success (duration 7 ms)
2025/07/24T14:16:35.730-03:00 <Information> linux-lab02 [1285:3640 ]  {dypd:DYPD:3632-/usr/sbin/apache2:} Injecting
2025/07/24T14:16:35.730-03:00 <Information> linux-lab02 [1285:3640 ]  {dypd:DYPD:3632-/usr/sbin/apache2:} Attempting to attach to 3632
2025/07/24T14:16:35.731-03:00 <Information> linux-lab02 [1285:3640 ]  {dypd:DYPD:3632-/usr/sbin/apache2:} Attached successfully to pid 3632
2025/07/24T14:16:35.768-03:00 <Information> linux-lab02 [1285:3640 ]  {dypd:DYPD:3632-/usr/sbin/apache2:} Injection result - Success (duration 37 ms)
2025/07/24T14:16:35.768-03:00 <Information> linux-lab02 [1285:3641 ]  {dypd:DYPD:3633-/usr/sbin/apache2:} Injecting
2025/07/24T14:16:35.768-03:00 <Information> linux-lab02 [1285:3641 ]  {dypd:DYPD:3633-/usr/sbin/apache2:} Attempting to attach to 3633
2025/07/24T14:16:35.768-03:00 <Information> linux-lab02 [1285:3641 ]  {dypd:DYPD:3633-/usr/sbin/apache2:} Attached successfully to pid 3633
2025/07/24T14:16:35.774-03:00 <Information> linux-lab02 [1285:3641 ]  {dypd:DYPD:3633-/usr/sbin/apache2:} Injection result - Success (duration 6 ms)
2025/07/24T14:16:36.640-03:00 <Information> linux-lab02 [1285:3642 ]  {dypd:DYPD:3635-/usr/sbin/apache2:} Injecting
2025/07/24T14:16:36.641-03:00 <Information> linux-lab02 [1285:3642 ]  {dypd:DYPD:3635-/usr/sbin/apache2:} Attempting to attach to 3635
2025/07/24T14:16:36.641-03:00 <Information> linux-lab02 [1285:3642 ]  {dypd:DYPD:3635-/usr/sbin/apache2:} Attached successfully to pid 3635
2025/07/24T14:16:36.687-03:00 <Information> linux-lab02 [1285:3642 ]  {dypd:DYPD:3635-/usr/sbin/apache2:} Injection result - Success (duration 46 ms)
2025/07/24T14:18:06.774-03:00 <Information> linux-lab02 [1285:3652 ]  {dypd:DYPD:3649-/usr/sbin/apache2:} Injecting
2025/07/24T14:18:06.775-03:00 <Information> linux-lab02 [1285:3652 ]  {dypd:DYPD:3649-/usr/sbin/apache2:} Attempting to attach to 3649
2025/07/24T14:18:06.777-03:00 <Information> linux-lab02 [1285:3652 ]  {dypd:DYPD:3649-/usr/sbin/apache2:} Attached successfully to pid 3649
2025/07/24T14:18:06.780-03:00 <Information> linux-lab02 [1285:3652 ]  {dypd:DYPD:3649-/usr/sbin/apache2:Reconnect:} Doing reconnect to libmoduleng, is64=1
2025/07/24T14:18:06.780-03:00 <Information> linux-lab02 [1285:3652 ]  {dypd:DYPD:3649-/usr/sbin/apache2:Reconnect:} Successfully reconnected to new libmodule
2025/07/24T14:18:06.780-03:00 <Information> linux-lab02 [1285:3652 ]  {dypd:DYPD:3649-/usr/sbin/apache2:} Injection result - Success (duration 5 ms)
2025/07/24T14:18:07.776-03:00 <Information> linux-lab02 [1285:3653 ]  {dypd:DYPD:3650-/usr/sbin/apache2:} Injecting
2025/07/24T14:18:07.777-03:00 <Information> linux-lab02 [1285:3653 ]  {dypd:DYPD:3650-/usr/sbin/apache2:} Attempting to attach to 3650
2025/07/24T14:18:07.782-03:00 <Information> linux-lab02 [1285:3653 ]  {dypd:DYPD:3650-/usr/sbin/apache2:} Attached successfully to pid 3650
2025/07/24T14:18:07.789-03:00 <Information> linux-lab02 [1285:3653 ]  {dypd:DYPD:3650-/usr/sbin/apache2:Reconnect:} Doing reconnect to libmoduleng, is64=1
2025/07/24T14:18:07.789-03:00 <Information> linux-lab02 [1285:3653 ]  {dypd:DYPD:3650-/usr/sbin/apache2:Reconnect:} Successfully reconnected to new libmodule
2025/07/24T14:18:07.790-03:00 <Information> linux-lab02 [1285:3653 ]  {dypd:DYPD:3650-/usr/sbin/apache2:} Injection result - Success (duration 13 ms)
2025/07/24T14:18:07.792-03:00 <Information> linux-lab02 [1285:3654 ]  {dypd:DYPD:3651-/usr/sbin/apache2:} Injecting
2025/07/24T14:18:07.792-03:00 <Information> linux-lab02 [1285:3654 ]  {dypd:DYPD:3651-/usr/sbin/apache2:} Attempting to attach to 3651
2025/07/24T14:18:07.797-03:00 <Information> linux-lab02 [1285:3654 ]  {dypd:DYPD:3651-/usr/sbin/apache2:} Attached successfully to pid 3651
2025/07/24T14:18:07.802-03:00 <Information> linux-lab02 [1285:3654 ]  {dypd:DYPD:3651-/usr/sbin/apache2:Reconnect:} Doing reconnect to libmoduleng, is64=1
2025/07/24T14:18:07.803-03:00 <Information> linux-lab02 [1285:3654 ]  {dypd:DYPD:3651-/usr/sbin/apache2:Reconnect:} Successfully reconnected to new libmodule
2025/07/24T14:18:07.803-03:00 <Information> linux-lab02 [1285:3654 ]  {dypd:DYPD:3651-/usr/sbin/apache2:} Injection result - Success (duration 11 ms)
2025/07/24T14:18:30.801-03:00 <Information> linux-lab02 [1285:3684 ]  {dypd:DYPD:3681-/usr/sbin/apache2:} Injecting
2025/07/24T14:18:30.802-03:00 <Information> linux-lab02 [1285:3684 ]  {dypd:DYPD:3681-/usr/sbin/apache2:} Attempting to attach to 3681
2025/07/24T14:18:30.802-03:00 <Information> linux-lab02 [1285:3684 ]  {dypd:DYPD:3681-/usr/sbin/apache2:} Attached successfully to pid 3681
2025/07/24T14:18:30.804-03:00 <Information> linux-lab02 [1285:3684 ]  {dypd:DYPD:3681-/usr/sbin/apache2:Reconnect:} Doing reconnect to libmoduleng, is64=1
2025/07/24T14:18:30.805-03:00 <Information> linux-lab02 [1285:3684 ]  {dypd:DYPD:3681-/usr/sbin/apache2:Reconnect:} Successfully reconnected to new libmodule
2025/07/24T14:18:30.805-03:00 <Information> linux-lab02 [1285:3684 ]  {dypd:DYPD:3681-/usr/sbin/apache2:} Injection result - Success (duration 3 ms)
2025/07/24T14:18:31.806-03:00 <Information> linux-lab02 [1285:3685 ]  {dypd:DYPD:3682-/usr/sbin/apache2:} Injecting
2025/07/24T14:18:31.806-03:00 <Information> linux-lab02 [1285:3685 ]  {dypd:DYPD:3682-/usr/sbin/apache2:} Attempting to attach to 3682
2025/07/24T14:18:31.808-03:00 <Information> linux-lab02 [1285:3685 ]  {dypd:DYPD:3682-/usr/sbin/apache2:} Attached successfully to pid 3682
2025/07/24T14:18:31.811-03:00 <Information> linux-lab02 [1285:3685 ]  {dypd:DYPD:3682-/usr/sbin/apache2:Reconnect:} Doing reconnect to libmoduleng, is64=1
2025/07/24T14:18:31.811-03:00 <Information> linux-lab02 [1285:3685 ]  {dypd:DYPD:3682-/usr/sbin/apache2:Reconnect:} Successfully reconnected to new libmodule
2025/07/24T14:18:31.812-03:00 <Information> linux-lab02 [1285:3685 ]  {dypd:DYPD:3682-/usr/sbin/apache2:} Injection result - Success (duration 6 ms)
2025/07/24T14:18:31.812-03:00 <Information> linux-lab02 [1285:3686 ]  {dypd:DYPD:3683-/usr/sbin/apache2:} Injecting
2025/07/24T14:18:31.812-03:00 <Information> linux-lab02 [1285:3686 ]  {dypd:DYPD:3683-/usr/sbin/apache2:} Attempting to attach to 3683
2025/07/24T14:18:31.813-03:00 <Information> linux-lab02 [1285:3686 ]  {dypd:DYPD:3683-/usr/sbin/apache2:} Attached successfully to pid 3683
2025/07/24T14:18:31.816-03:00 <Information> linux-lab02 [1285:3686 ]  {dypd:DYPD:3683-/usr/sbin/apache2:Reconnect:} Doing reconnect to libmoduleng, is64=1
2025/07/24T14:18:31.816-03:00 <Information> linux-lab02 [1285:3686 ]  {dypd:DYPD:3683-/usr/sbin/apache2:Reconnect:} Successfully reconnected to new libmodule
2025/07/24T14:18:31.817-03:00 <Information> linux-lab02 [1285:3686 ]  {dypd:DYPD:3683-/usr/sbin/apache2:} Injection result - Success (duration 4 ms)
2025/07/24T14:20:26.926-03:00 <Information> linux-lab02 [1285:3694 ]  {dypd:DYPD:3691-/usr/sbin/apache2:} Injecting
2025/07/24T14:20:26.927-03:00 <Information> linux-lab02 [1285:3694 ]  {dypd:DYPD:3691-/usr/sbin/apache2:} Attempting to attach to 3691
2025/07/24T14:20:26.927-03:00 <Information> linux-lab02 [1285:3694 ]  {dypd:DYPD:3691-/usr/sbin/apache2:} Attached successfully to pid 3691
2025/07/24T14:20:26.929-03:00 <Information> linux-lab02 [1285:3694 ]  {dypd:DYPD:3691-/usr/sbin/apache2:Reconnect:} Doing reconnect to libmoduleng, is64=1
2025/07/24T14:20:26.929-03:00 <Information> linux-lab02 [1285:3694 ]  {dypd:DYPD:3691-/usr/sbin/apache2:Reconnect:} Successfully reconnected to new libmodule
2025/07/24T14:20:26.930-03:00 <Information> linux-lab02 [1285:3694 ]  {dypd:DYPD:3691-/usr/sbin/apache2:} Injection result - Success (duration 3 ms)
2025/07/24T14:20:27.929-03:00 <Information> linux-lab02 [1285:3695 ]  {dypd:DYPD:3692-/usr/sbin/apache2:} Injecting
2025/07/24T14:20:27.930-03:00 <Information> linux-lab02 [1285:3695 ]  {dypd:DYPD:3692-/usr/sbin/apache2:} Attempting to attach to 3692
2025/07/24T14:20:27.930-03:00 <Information> linux-lab02 [1285:3695 ]  {dypd:DYPD:3692-/usr/sbin/apache2:} Attached successfully to pid 3692
2025/07/24T14:20:27.932-03:00 <Information> linux-lab02 [1285:3695 ]  {dypd:DYPD:3692-/usr/sbin/apache2:Reconnect:} Doing reconnect to libmoduleng, is64=1
2025/07/24T14:20:27.933-03:00 <Information> linux-lab02 [1285:3695 ]  {dypd:DYPD:3692-/usr/sbin/apache2:Reconnect:} Successfully reconnected to new libmodule
2025/07/24T14:20:27.933-03:00 <Information> linux-lab02 [1285:3695 ]  {dypd:DYPD:3692-/usr/sbin/apache2:} Injection result - Success (duration 3 ms)
2025/07/24T14:20:27.937-03:00 <Information> linux-lab02 [1285:3696 ]  {dypd:DYPD:3693-/usr/sbin/apache2:} Injecting
2025/07/24T14:20:27.937-03:00 <Information> linux-lab02 [1285:3696 ]  {dypd:DYPD:3693-/usr/sbin/apache2:} Attempting to attach to 3693
2025/07/24T14:20:27.938-03:00 <Information> linux-lab02 [1285:3696 ]  {dypd:DYPD:3693-/usr/sbin/apache2:} Attached successfully to pid 3693
2025/07/24T14:20:27.945-03:00 <Information> linux-lab02 [1285:3696 ]  {dypd:DYPD:3693-/usr/sbin/apache2:Reconnect:} Doing reconnect to libmoduleng, is64=1
2025/07/24T14:20:27.945-03:00 <Information> linux-lab02 [1285:3696 ]  {dypd:DYPD:3693-/usr/sbin/apache2:Reconnect:} Successfully reconnected to new libmodule
2025/07/24T14:20:27.946-03:00 <Information> linux-lab02 [1285:3696 ]  {dypd:DYPD:3693-/usr/sbin/apache2:} Injection result - Success (duration 8 ms)
2025/07/24T14:36:02.901-03:00 <Information> linux-lab02 [1285:26782 ]  {dypd:DYPD:26781-/usr/sbin/apache2:} Injecting
2025/07/24T14:36:02.901-03:00 <Information> linux-lab02 [1285:26782 ]  {dypd:DYPD:26781-/usr/sbin/apache2:} Attempting to attach to 26781
2025/07/24T14:36:02.901-03:00 <Information> linux-lab02 [1285:26782 ]  {dypd:DYPD:26781-/usr/sbin/apache2:} Attached successfully to pid 26781
2025/07/24T14:36:02.904-03:00 <Information> linux-lab02 [1285:26782 ]  {dypd:DYPD:26781-/usr/sbin/apache2:Reconnect:} Doing reconnect to libmoduleng, is64=1
2025/07/24T14:36:02.905-03:00 <Information> linux-lab02 [1285:26782 ]  {dypd:DYPD:26781-/usr/sbin/apache2:Reconnect:} Successfully reconnected to new libmodule
2025/07/24T14:36:02.905-03:00 <Information> linux-lab02 [1285:26782 ]  {dypd:DYPD:26781-/usr/sbin/apache2:} Injection result - Success (duration 4 ms)
2025/07/24T14:52:07.345-03:00 <Information> linux-lab02 [1285:27533 ]  {dypd:DYPD:27531-/usr/sbin/apache2:} Injecting
2025/07/24T14:52:07.345-03:00 <Information> linux-lab02 [1285:27533 ]  {dypd:DYPD:27531-/usr/sbin/apache2:} Attempting to attach to 27531
2025/07/24T14:52:07.346-03:00 <Information> linux-lab02 [1285:27533 ]  {dypd:DYPD:27531-/usr/sbin/apache2:} Attached successfully to pid 27531
2025/07/24T14:52:07.350-03:00 <Information> linux-lab02 [1285:27533 ]  {dypd:DYPD:27531-/usr/sbin/apache2:Reconnect:} Doing reconnect to libmoduleng, is64=1
2025/07/24T14:52:07.351-03:00 <Information> linux-lab02 [1285:27533 ]  {dypd:DYPD:27531-/usr/sbin/apache2:Reconnect:} Successfully reconnected to new libmodule
2025/07/24T14:52:07.351-03:00 <Information> linux-lab02 [1285:27533 ]  {dypd:DYPD:27531-/usr/sbin/apache2:} Injection result - Success (duration 5 ms)
2025/07/24T14:53:17.508-03:00 <Information> linux-lab02 [1285:27567 ]  {dypd:DYPD:27566-/usr/sbin/apache2:} Injecting
2025/07/24T14:53:17.509-03:00 <Information> linux-lab02 [1285:27567 ]  {dypd:DYPD:27566-/usr/sbin/apache2:} Attempting to attach to 27566
2025/07/24T14:53:17.509-03:00 <Information> linux-lab02 [1285:27567 ]  {dypd:DYPD:27566-/usr/sbin/apache2:} Attached successfully to pid 27566
2025/07/24T14:53:17.511-03:00 <Information> linux-lab02 [1285:27567 ]  {dypd:DYPD:27566-/usr/sbin/apache2:Reconnect:} Doing reconnect to libmoduleng, is64=1
2025/07/24T14:53:17.511-03:00 <Information> linux-lab02 [1285:27567 ]  {dypd:DYPD:27566-/usr/sbin/apache2:Reconnect:} Successfully reconnected to new libmodule
2025/07/24T14:53:17.511-03:00 <Information> linux-lab02 [1285:27567 ]  {dypd:DYPD:27566-/usr/sbin/apache2:} Injection result - Success (duration 3 ms)
2025/07/24T14:54:33.596-03:00 <Information> linux-lab02 [1285:27575 ]  {dypd:DYPD:27574-/usr/sbin/apache2:} Injecting
2025/07/24T14:54:33.596-03:00 <Information> linux-lab02 [1285:27575 ]  {dypd:DYPD:27574-/usr/sbin/apache2:} Attempting to attach to 27574
2025/07/24T14:54:33.596-03:00 <Information> linux-lab02 [1285:27575 ]  {dypd:DYPD:27574-/usr/sbin/apache2:} Attached successfully to pid 27574
2025/07/24T14:54:33.598-03:00 <Information> linux-lab02 [1285:27575 ]  {dypd:DYPD:27574-/usr/sbin/apache2:Reconnect:} Doing reconnect to libmoduleng, is64=1
2025/07/24T14:54:33.598-03:00 <Information> linux-lab02 [1285:27575 ]  {dypd:DYPD:27574-/usr/sbin/apache2:Reconnect:} Successfully reconnected to new libmodule
2025/07/24T14:54:33.598-03:00 <Information> linux-lab02 [1285:27575 ]  {dypd:DYPD:27574-/usr/sbin/apache2:} Injection result - Success (duration 1 ms)
2025/07/24T14:55:00.628-03:00 <Information> linux-lab02 [1285:27581 ]  {dypd:DYPD:27580-/usr/sbin/apache2:} Injecting
2025/07/24T14:55:00.628-03:00 <Information> linux-lab02 [1285:27581 ]  {dypd:DYPD:27580-/usr/sbin/apache2:} Attempting to attach to 27580
2025/07/24T14:55:00.629-03:00 <Information> linux-lab02 [1285:27581 ]  {dypd:DYPD:27580-/usr/sbin/apache2:} Attached successfully to pid 27580
2025/07/24T14:55:00.631-03:00 <Information> linux-lab02 [1285:27581 ]  {dypd:DYPD:27580-/usr/sbin/apache2:Reconnect:} Doing reconnect to libmoduleng, is64=1
2025/07/24T14:55:00.631-03:00 <Information> linux-lab02 [1285:27581 ]  {dypd:DYPD:27580-/usr/sbin/apache2:Reconnect:} Successfully reconnected to new libmodule
2025/07/24T14:55:00.632-03:00 <Information> linux-lab02 [1285:27581 ]  {dypd:DYPD:27580-/usr/sbin/apache2:} Injection result - Success (duration 3 ms)
2025/07/24T14:58:33.966-03:00 <Information> linux-lab02 [1285:27632 ]  {dypd:DYPD:27629-/usr/sbin/apache2:} Injecting
2025/07/24T14:58:33.967-03:00 <Information> linux-lab02 [1285:27632 ]  {dypd:DYPD:27629-/usr/sbin/apache2:} Attempting to attach to 27629
2025/07/24T14:58:33.967-03:00 <Information> linux-lab02 [1285:27632 ]  {dypd:DYPD:27629-/usr/sbin/apache2:} Attached successfully to pid 27629
2025/07/24T14:58:33.969-03:00 <Information> linux-lab02 [1285:27632 ]  {dypd:DYPD:27629-/usr/sbin/apache2:Reconnect:} Doing reconnect to libmoduleng, is64=1
2025/07/24T14:58:33.969-03:00 <Information> linux-lab02 [1285:27632 ]  {dypd:DYPD:27629-/usr/sbin/apache2:Reconnect:} Successfully reconnected to new libmodule
2025/07/24T14:58:33.970-03:00 <Information> linux-lab02 [1285:27632 ]  {dypd:DYPD:27629-/usr/sbin/apache2:} Injection result - Success (duration 3 ms)
2025/07/24T14:58:34.969-03:00 <Information> linux-lab02 [1285:27633 ]  {dypd:DYPD:27630-/usr/sbin/apache2:} Injecting
2025/07/24T14:58:34.969-03:00 <Information> linux-lab02 [1285:27633 ]  {dypd:DYPD:27630-/usr/sbin/apache2:} Attempting to attach to 27630
2025/07/24T14:58:34.970-03:00 <Information> linux-lab02 [1285:27633 ]  {dypd:DYPD:27630-/usr/sbin/apache2:} Attached successfully to pid 27630
2025/07/24T14:58:34.972-03:00 <Information> linux-lab02 [1285:27633 ]  {dypd:DYPD:27630-/usr/sbin/apache2:Reconnect:} Doing reconnect to libmoduleng, is64=1
2025/07/24T14:58:34.972-03:00 <Information> linux-lab02 [1285:27633 ]  {dypd:DYPD:27630-/usr/sbin/apache2:Reconnect:} Successfully reconnected to new libmodule
2025/07/24T14:58:34.973-03:00 <Information> linux-lab02 [1285:27633 ]  {dypd:DYPD:27630-/usr/sbin/apache2:} Injection result - Success (duration 3 ms)
2025/07/24T14:58:34.973-03:00 <Information> linux-lab02 [1285:27634 ]  {dypd:DYPD:27631-/usr/sbin/apache2:} Injecting
2025/07/24T14:58:34.973-03:00 <Information> linux-lab02 [1285:27634 ]  {dypd:DYPD:27631-/usr/sbin/apache2:} Attempting to attach to 27631
2025/07/24T14:58:34.973-03:00 <Information> linux-lab02 [1285:27634 ]  {dypd:DYPD:27631-/usr/sbin/apache2:} Attached successfully to pid 27631
2025/07/24T14:58:34.976-03:00 <Information> linux-lab02 [1285:27634 ]  {dypd:DYPD:27631-/usr/sbin/apache2:Reconnect:} Doing reconnect to libmoduleng, is64=1
2025/07/24T14:58:34.976-03:00 <Information> linux-lab02 [1285:27634 ]  {dypd:DYPD:27631-/usr/sbin/apache2:Reconnect:} Successfully reconnected to new libmodule
2025/07/24T14:58:34.976-03:00 <Information> linux-lab02 [1285:27634 ]  {dypd:DYPD:27631-/usr/sbin/apache2:} Injection result - Success (duration 3 ms)
2025/07/24T14:59:51.025-03:00 <Information> linux-lab02 [1285:27645 ]  {dypd:DYPD:27644-/usr/sbin/apache2:} Injecting
2025/07/24T14:59:51.025-03:00 <Information> linux-lab02 [1285:27645 ]  {dypd:DYPD:27644-/usr/sbin/apache2:} Attempting to attach to 27644
2025/07/24T14:59:51.025-03:00 <Information> linux-lab02 [1285:27645 ]  {dypd:DYPD:27644-/usr/sbin/apache2:} Attached successfully to pid 27644
2025/07/24T14:59:51.028-03:00 <Information> linux-lab02 [1285:27645 ]  {dypd:DYPD:27644-/usr/sbin/apache2:Reconnect:} Doing reconnect to libmoduleng, is64=1
2025/07/24T14:59:51.028-03:00 <Information> linux-lab02 [1285:27645 ]  {dypd:DYPD:27644-/usr/sbin/apache2:Reconnect:} Successfully reconnected to new libmodule
2025/07/24T14:59:51.029-03:00 <Information> linux-lab02 [1285:27645 ]  {dypd:DYPD:27644-/usr/sbin/apache2:} Injection result - Success (duration 4 ms)
2025/07/24T15:00:29.918-03:00 <Information> linux-lab02 [1285:27647 ]  {dypd:DYPD:27646-/usr/sbin/apache2:} Injecting
2025/07/24T15:00:29.918-03:00 <Information> linux-lab02 [1285:27647 ]  {dypd:DYPD:27646-/usr/sbin/apache2:} Attempting to attach to 27646
2025/07/24T15:00:29.918-03:00 <Information> linux-lab02 [1285:27647 ]  {dypd:DYPD:27646-/usr/sbin/apache2:} Attached successfully to pid 27646
2025/07/24T15:00:29.921-03:00 <Information> linux-lab02 [1285:27647 ]  {dypd:DYPD:27646-/usr/sbin/apache2:Reconnect:} Doing reconnect to libmoduleng, is64=1
2025/07/24T15:00:29.921-03:00 <Information> linux-lab02 [1285:27647 ]  {dypd:DYPD:27646-/usr/sbin/apache2:Reconnect:} Successfully reconnected to new libmodule
2025/07/24T15:00:29.921-03:00 <Information> linux-lab02 [1285:27647 ]  {dypd:DYPD:27646-/usr/sbin/apache2:} Injection result - Success (duration 3 ms)
2025/07/24T15:04:49.185-03:00 <Information> linux-lab02 [1285:27692 ]  {dypd:DYPD:27691-/usr/sbin/apache2:} Injecting
2025/07/24T15:04:49.186-03:00 <Information> linux-lab02 [1285:27692 ]  {dypd:DYPD:27691-/usr/sbin/apache2:} Attempting to attach to 27691
2025/07/24T15:04:49.186-03:00 <Information> linux-lab02 [1285:27692 ]  {dypd:DYPD:27691-/usr/sbin/apache2:} Attached successfully to pid 27691
2025/07/24T15:04:49.189-03:00 <Information> linux-lab02 [1285:27692 ]  {dypd:DYPD:27691-/usr/sbin/apache2:Reconnect:} Doing reconnect to libmoduleng, is64=1
2025/07/24T15:04:49.189-03:00 <Information> linux-lab02 [1285:27692 ]  {dypd:DYPD:27691-/usr/sbin/apache2:Reconnect:} Successfully reconnected to new libmodule
2025/07/24T15:04:49.190-03:00 <Information> linux-lab02 [1285:27692 ]  {dypd:DYPD:27691-/usr/sbin/apache2:} Injection result - Success (duration 4 ms)
2025/07/24T15:05:09.208-03:00 <Information> linux-lab02 [1285:27694 ]  {dypd:DYPD:27693-/usr/sbin/apache2:} Injecting
2025/07/24T15:05:09.208-03:00 <Information> linux-lab02 [1285:27694 ]  {dypd:DYPD:27693-/usr/sbin/apache2:} Attempting to attach to 27693
2025/07/24T15:05:09.209-03:00 <Information> linux-lab02 [1285:27694 ]  {dypd:DYPD:27693-/usr/sbin/apache2:} Attached successfully to pid 27693
2025/07/24T15:05:09.211-03:00 <Information> linux-lab02 [1285:27694 ]  {dypd:DYPD:27693-/usr/sbin/apache2:Reconnect:} Doing reconnect to libmoduleng, is64=1
2025/07/24T15:05:09.211-03:00 <Information> linux-lab02 [1285:27694 ]  {dypd:DYPD:27693-/usr/sbin/apache2:Reconnect:} Successfully reconnected to new libmodule
2025/07/24T15:05:09.212-03:00 <Information> linux-lab02 [1285:27694 ]  {dypd:DYPD:27693-/usr/sbin/apache2:} Injection result - Success (duration 3 ms)
2025/07/24T15:05:51.290-03:00 <Information> linux-lab02 [1285:27696 ]  {dypd:DYPD:27695-/usr/sbin/apache2:} Injecting
2025/07/24T15:05:51.290-03:00 <Information> linux-lab02 [1285:27696 ]  {dypd:DYPD:27695-/usr/sbin/apache2:} Attempting to attach to 27695
2025/07/24T15:05:51.291-03:00 <Information> linux-lab02 [1285:27696 ]  {dypd:DYPD:27695-/usr/sbin/apache2:} Attached successfully to pid 27695
2025/07/24T15:05:51.293-03:00 <Information> linux-lab02 [1285:27696 ]  {dypd:DYPD:27695-/usr/sbin/apache2:Reconnect:} Doing reconnect to libmoduleng, is64=1
2025/07/24T15:05:51.293-03:00 <Information> linux-lab02 [1285:27696 ]  {dypd:DYPD:27695-/usr/sbin/apache2:Reconnect:} Successfully reconnected to new libmodule
2025/07/24T15:05:51.293-03:00 <Information> linux-lab02 [1285:27696 ]  {dypd:DYPD:27695-/usr/sbin/apache2:} Injection result - Success (duration 3 ms)
2025/07/24T15:10:02.108-03:00 <Information> linux-lab02 [1285:27792 ]  {dypd:DYPD:27789-/usr/sbin/apache2:} Injecting
2025/07/24T15:10:02.109-03:00 <Information> linux-lab02 [1285:27792 ]  {dypd:DYPD:27789-/usr/sbin/apache2:} Attempting to attach to 27789
2025/07/24T15:10:02.109-03:00 <Information> linux-lab02 [1285:27792 ]  {dypd:DYPD:27789-/usr/sbin/apache2:} Attached successfully to pid 27789
2025/07/24T15:10:02.111-03:00 <Information> linux-lab02 [1285:27792 ]  {dypd:DYPD:27789-/usr/sbin/apache2:Reconnect:} Doing reconnect to libmoduleng, is64=1
2025/07/24T15:10:02.112-03:00 <Information> linux-lab02 [1285:27792 ]  {dypd:DYPD:27789-/usr/sbin/apache2:Reconnect:} Successfully reconnected to new libmodule
2025/07/24T15:10:02.112-03:00 <Information> linux-lab02 [1285:27792 ]  {dypd:DYPD:27789-/usr/sbin/apache2:} Injection result - Success (duration 3 ms)
2025/07/24T15:10:03.110-03:00 <Information> linux-lab02 [1285:27793 ]  {dypd:DYPD:27790-/usr/sbin/apache2:} Injecting
2025/07/24T15:10:03.111-03:00 <Information> linux-lab02 [1285:27793 ]  {dypd:DYPD:27790-/usr/sbin/apache2:} Attempting to attach to 27790
2025/07/24T15:10:03.111-03:00 <Information> linux-lab02 [1285:27793 ]  {dypd:DYPD:27790-/usr/sbin/apache2:} Attached successfully to pid 27790
2025/07/24T15:10:03.113-03:00 <Information> linux-lab02 [1285:27793 ]  {dypd:DYPD:27790-/usr/sbin/apache2:Reconnect:} Doing reconnect to libmoduleng, is64=1
2025/07/24T15:10:03.113-03:00 <Information> linux-lab02 [1285:27793 ]  {dypd:DYPD:27790-/usr/sbin/apache2:Reconnect:} Successfully reconnected to new libmodule
2025/07/24T15:10:03.114-03:00 <Information> linux-lab02 [1285:27793 ]  {dypd:DYPD:27790-/usr/sbin/apache2:} Injection result - Success (duration 3 ms)
2025/07/24T15:10:03.114-03:00 <Information> linux-lab02 [1285:27794 ]  {dypd:DYPD:27791-/usr/sbin/apache2:} Injecting
2025/07/24T15:10:03.114-03:00 <Information> linux-lab02 [1285:27794 ]  {dypd:DYPD:27791-/usr/sbin/apache2:} Attempting to attach to 27791
2025/07/24T15:10:03.114-03:00 <Information> linux-lab02 [1285:27794 ]  {dypd:DYPD:27791-/usr/sbin/apache2:} Attached successfully to pid 27791
2025/07/24T15:10:03.117-03:00 <Information> linux-lab02 [1285:27794 ]  {dypd:DYPD:27791-/usr/sbin/apache2:Reconnect:} Doing reconnect to libmoduleng, is64=1
2025/07/24T15:10:03.117-03:00 <Information> linux-lab02 [1285:27794 ]  {dypd:DYPD:27791-/usr/sbin/apache2:Reconnect:} Successfully reconnected to new libmodule
2025/07/24T15:10:03.117-03:00 <Information> linux-lab02 [1285:27794 ]  {dypd:DYPD:27791-/usr/sbin/apache2:} Injection result - Success (duration 3 ms)
2025/07/24T15:11:46.229-03:00 <Information> linux-lab02 [1285:27796 ]  {dypd:DYPD:27795-/usr/sbin/apache2:} Injecting
2025/07/24T15:11:46.229-03:00 <Information> linux-lab02 [1285:27796 ]  {dypd:DYPD:27795-/usr/sbin/apache2:} Attempting to attach to 27795
2025/07/24T15:11:46.229-03:00 <Information> linux-lab02 [1285:27796 ]  {dypd:DYPD:27795-/usr/sbin/apache2:} Attached successfully to pid 27795
2025/07/24T15:11:46.230-03:00 <Information> linux-lab02 [1285:27796 ]  {dypd:DYPD:27795-/usr/sbin/apache2:Reconnect:} Doing reconnect to libmoduleng, is64=1
2025/07/24T15:11:46.231-03:00 <Information> linux-lab02 [1285:27796 ]  {dypd:DYPD:27795-/usr/sbin/apache2:Reconnect:} Successfully reconnected to new libmodule
2025/07/24T15:11:46.231-03:00 <Information> linux-lab02 [1285:27796 ]  {dypd:DYPD:27795-/usr/sbin/apache2:} Injection result - Success (duration 1 ms)
2025/07/24T15:31:14.019-03:00 <Information> linux-lab02 [1285:27980 ]  {dypd:DYPD:27971-/usr/sbin/apache2:} Injecting
2025/07/24T15:31:14.022-03:00 <Information> linux-lab02 [1285:27980 ]  {dypd:DYPD:27971-/usr/sbin/apache2:} Attempting to attach to 27971
2025/07/24T15:31:14.023-03:00 <Information> linux-lab02 [1285:27980 ]  {dypd:DYPD:27971-/usr/sbin/apache2:} Attached successfully to pid 27971
2025/07/24T15:31:14.125-03:00 <Information> linux-lab02 [1285:27980 ]  {dypd:DYPD:27971-/usr/sbin/apache2:} Injection result - Success (duration 104 ms)
2025/07/24T15:31:14.125-03:00 <Information> linux-lab02 [1285:27981 ]  {dypd:DYPD:27972-/usr/sbin/apache2:} Injecting
2025/07/24T15:31:14.125-03:00 <Information> linux-lab02 [1285:27981 ]  {dypd:DYPD:27972-/usr/sbin/apache2:} Attempting to attach to 27972
2025/07/24T15:31:14.126-03:00 <Information> linux-lab02 [1285:27981 ]  {dypd:DYPD:27972-/usr/sbin/apache2:} Attached successfully to pid 27972
2025/07/24T15:31:14.204-03:00 <Information> linux-lab02 [1285:27981 ]  {dypd:DYPD:27972-/usr/sbin/apache2:} Injection result - Success (duration 79 ms)
2025/07/24T15:31:14.205-03:00 <Information> linux-lab02 [1285:27982 ]  {dypd:DYPD:27973-/usr/sbin/apache2:} Injecting
2025/07/24T15:31:14.206-03:00 <Information> linux-lab02 [1285:27982 ]  {dypd:DYPD:27973-/usr/sbin/apache2:} Attempting to attach to 27973
2025/07/24T15:31:14.207-03:00 <Information> linux-lab02 [1285:27982 ]  {dypd:DYPD:27973-/usr/sbin/apache2:} Attached successfully to pid 27973
2025/07/24T15:31:14.266-03:00 <Information> linux-lab02 [1285:27982 ]  {dypd:DYPD:27973-/usr/sbin/apache2:} Injection result - Success (duration 60 ms)
2025/07/24T15:31:14.266-03:00 <Information> linux-lab02 [1285:27983 ]  {dypd:DYPD:27974-/usr/sbin/apache2:} Injecting
2025/07/24T15:31:14.267-03:00 <Information> linux-lab02 [1285:27983 ]  {dypd:DYPD:27974-/usr/sbin/apache2:} Attempting to attach to 27974
2025/07/24T15:31:14.267-03:00 <Information> linux-lab02 [1285:27983 ]  {dypd:DYPD:27974-/usr/sbin/apache2:} Attached successfully to pid 27974
2025/07/24T15:31:14.317-03:00 <Information> linux-lab02 [1285:27983 ]  {dypd:DYPD:27974-/usr/sbin/apache2:} Injection result - Success (duration 50 ms)
2025/07/24T15:31:14.317-03:00 <Information> linux-lab02 [1285:27984 ]  {dypd:DYPD:27975-/usr/sbin/apache2:} Injecting
2025/07/24T15:31:14.318-03:00 <Information> linux-lab02 [1285:27984 ]  {dypd:DYPD:27975-/usr/sbin/apache2:} Attempting to attach to 27975
2025/07/24T15:31:14.318-03:00 <Information> linux-lab02 [1285:27984 ]  {dypd:DYPD:27975-/usr/sbin/apache2:} Attached successfully to pid 27975
2025/07/24T15:31:14.368-03:00 <Information> linux-lab02 [1285:27984 ]  {dypd:DYPD:27975-/usr/sbin/apache2:} Injection result - Success (duration 50 ms)
2025/07/24T15:31:14.368-03:00 <Information> linux-lab02 [1285:27985 ]  {dypd:DYPD:27976-/usr/sbin/apache2:} Injecting
2025/07/24T15:31:14.369-03:00 <Information> linux-lab02 [1285:27985 ]  {dypd:DYPD:27976-/usr/sbin/apache2:} Attempting to attach to 27976
2025/07/24T15:31:14.369-03:00 <Information> linux-lab02 [1285:27985 ]  {dypd:DYPD:27976-/usr/sbin/apache2:} Attached successfully to pid 27976
2025/07/24T15:31:14.421-03:00 <Information> linux-lab02 [1285:27985 ]  {dypd:DYPD:27976-/usr/sbin/apache2:} Injection result - Success (duration 52 ms)
2025/07/24T15:31:15.131-03:00 <Information> linux-lab02 [1285:27986 ]  {dypd:DYPD:27977-/usr/sbin/apache2:} Injecting
2025/07/24T15:31:15.132-03:00 <Information> linux-lab02 [1285:27986 ]  {dypd:DYPD:27977-/usr/sbin/apache2:} Attempting to attach to 27977
2025/07/24T15:31:15.133-03:00 <Information> linux-lab02 [1285:27986 ]  {dypd:DYPD:27977-/usr/sbin/apache2:} Attached successfully to pid 27977
2025/07/24T15:31:15.238-03:00 <Information> linux-lab02 [1285:27986 ]  {dypd:DYPD:27977-/usr/sbin/apache2:} Injection result - Success (duration 105 ms)
2025/07/24T15:31:16.138-03:00 <Information> linux-lab02 [1285:27987 ]  {dypd:DYPD:27978-/usr/sbin/apache2:} Injecting
2025/07/24T15:31:16.138-03:00 <Information> linux-lab02 [1285:27987 ]  {dypd:DYPD:27978-/usr/sbin/apache2:} Attempting to attach to 27978
2025/07/24T15:31:16.139-03:00 <Information> linux-lab02 [1285:27987 ]  {dypd:DYPD:27978-/usr/sbin/apache2:} Attached successfully to pid 27978
2025/07/24T15:31:16.214-03:00 <Information> linux-lab02 [1285:27987 ]  {dypd:DYPD:27978-/usr/sbin/apache2:} Injection result - Success (duration 76 ms)
2025/07/24T15:31:16.215-03:00 <Information> linux-lab02 [1285:27988 ]  {dypd:DYPD:27979-/usr/sbin/apache2:} Injecting
2025/07/24T15:31:16.216-03:00 <Information> linux-lab02 [1285:27988 ]  {dypd:DYPD:27979-/usr/sbin/apache2:} Attempting to attach to 27979
2025/07/24T15:31:16.216-03:00 <Information> linux-lab02 [1285:27988 ]  {dypd:DYPD:27979-/usr/sbin/apache2:} Attached successfully to pid 27979
2025/07/24T15:31:16.284-03:00 <Information> linux-lab02 [1285:27988 ]  {dypd:DYPD:27979-/usr/sbin/apache2:} Injection result - Success (duration 69 ms)
2025/07/24T15:31:46.281-03:00 <Information> linux-lab02 [1285:27991 ]  {dypd:DYPD:27990-/usr/sbin/apache2:} Injecting
2025/07/24T15:31:46.282-03:00 <Information> linux-lab02 [1285:27991 ]  {dypd:DYPD:27990-/usr/sbin/apache2:} Attempting to attach to 27990
2025/07/24T15:31:46.282-03:00 <Information> linux-lab02 [1285:27991 ]  {dypd:DYPD:27990-/usr/sbin/apache2:} Attached successfully to pid 27990
2025/07/24T15:31:46.299-03:00 <Information> linux-lab02 [1285:27991 ]  {dypd:DYPD:27990-/usr/sbin/apache2:Reconnect:} Doing reconnect to libmoduleng, is64=1
2025/07/24T15:31:46.301-03:00 <Information> linux-lab02 [1285:27991 ]  {dypd:DYPD:27990-/usr/sbin/apache2:Reconnect:} Successfully reconnected to new libmodule
2025/07/24T15:31:46.306-03:00 <Information> linux-lab02 [1285:27991 ]  {dypd:DYPD:27990-/usr/sbin/apache2:} Injection result - Success (duration 24 ms)
2025/07/24T15:47:11.236-03:00 <Information> linux-lab02 [1285:28171 ]  {dypd:DYPD:28168-/usr/sbin/apache2:} Injecting
2025/07/24T15:47:11.237-03:00 <Information> linux-lab02 [1285:28171 ]  {dypd:DYPD:28168-/usr/sbin/apache2:} Attempting to attach to 28168
2025/07/24T15:47:11.238-03:00 <Information> linux-lab02 [1285:28171 ]  {dypd:DYPD:28168-/usr/sbin/apache2:} Attached successfully to pid 28168
2025/07/24T15:47:11.245-03:00 <Information> linux-lab02 [1285:28171 ]  {dypd:DYPD:28168-/usr/sbin/apache2:Reconnect:} Doing reconnect to libmoduleng, is64=1
2025/07/24T15:47:11.247-03:00 <Information> linux-lab02 [1285:28171 ]  {dypd:DYPD:28168-/usr/sbin/apache2:Reconnect:} Successfully reconnected to new libmodule
2025/07/24T15:47:11.248-03:00 <Information> linux-lab02 [1285:28171 ]  {dypd:DYPD:28168-/usr/sbin/apache2:} Injection result - Success (duration 11 ms)
2025/07/24T15:47:12.238-03:00 <Information> linux-lab02 [1285:28172 ]  {dypd:DYPD:28169-/usr/sbin/apache2:} Injecting
2025/07/24T15:47:12.238-03:00 <Information> linux-lab02 [1285:28172 ]  {dypd:DYPD:28169-/usr/sbin/apache2:} Attempting to attach to 28169
2025/07/24T15:47:12.238-03:00 <Information> linux-lab02 [1285:28172 ]  {dypd:DYPD:28169-/usr/sbin/apache2:} Attached successfully to pid 28169
2025/07/24T15:47:12.240-03:00 <Information> linux-lab02 [1285:28172 ]  {dypd:DYPD:28169-/usr/sbin/apache2:Reconnect:} Doing reconnect to libmoduleng, is64=1
2025/07/24T15:47:12.240-03:00 <Information> linux-lab02 [1285:28172 ]  {dypd:DYPD:28169-/usr/sbin/apache2:Reconnect:} Successfully reconnected to new libmodule
2025/07/24T15:47:12.240-03:00 <Information> linux-lab02 [1285:28172 ]  {dypd:DYPD:28169-/usr/sbin/apache2:} Injection result - Success (duration 2 ms)
2025/07/24T15:47:12.240-03:00 <Information> linux-lab02 [1285:28173 ]  {dypd:DYPD:28170-/usr/sbin/apache2:} Injecting
2025/07/24T15:47:12.240-03:00 <Information> linux-lab02 [1285:28173 ]  {dypd:DYPD:28170-/usr/sbin/apache2:} Attempting to attach to 28170
2025/07/24T15:47:12.241-03:00 <Information> linux-lab02 [1285:28173 ]  {dypd:DYPD:28170-/usr/sbin/apache2:} Attached successfully to pid 28170
2025/07/24T15:47:12.242-03:00 <Information> linux-lab02 [1285:28173 ]  {dypd:DYPD:28170-/usr/sbin/apache2:Reconnect:} Doing reconnect to libmoduleng, is64=1
2025/07/24T15:47:12.242-03:00 <Information> linux-lab02 [1285:28173 ]  {dypd:DYPD:28170-/usr/sbin/apache2:Reconnect:} Successfully reconnected to new libmodule
2025/07/24T15:47:12.243-03:00 <Information> linux-lab02 [1285:28173 ]  {dypd:DYPD:28170-/usr/sbin/apache2:} Injection result - Success (duration 2 ms)
2025/07/24T15:49:06.239-03:00 <Information> linux-lab02 [1285:28228 ]  {dypd:DYPD:28219-/usr/sbin/apache2:} Injecting
2025/07/24T15:49:06.240-03:00 <Information> linux-lab02 [1285:28228 ]  {dypd:DYPD:28219-/usr/sbin/apache2:} Attempting to attach to 28219
2025/07/24T15:49:06.240-03:00 <Information> linux-lab02 [1285:28228 ]  {dypd:DYPD:28219-/usr/sbin/apache2:} Attached successfully to pid 28219
2025/07/24T15:49:06.300-03:00 <Information> linux-lab02 [1285:28228 ]  {dypd:DYPD:28219-/usr/sbin/apache2:} Injection result - Success (duration 60 ms)
2025/07/24T15:49:06.335-03:00 <Information> linux-lab02 [1285:28229 ]  {dypd:DYPD:28220-/usr/sbin/apache2:} Injecting
2025/07/24T15:49:06.335-03:00 <Information> linux-lab02 [1285:28229 ]  {dypd:DYPD:28220-/usr/sbin/apache2:} Attempting to attach to 28220
2025/07/24T15:49:06.336-03:00 <Information> linux-lab02 [1285:28229 ]  {dypd:DYPD:28220-/usr/sbin/apache2:} Attached successfully to pid 28220
2025/07/24T15:49:06.384-03:00 <Information> linux-lab02 [1285:28229 ]  {dypd:DYPD:28220-/usr/sbin/apache2:} Injection result - Success (duration 48 ms)
2025/07/24T15:49:06.384-03:00 <Information> linux-lab02 [1285:28230 ]  {dypd:DYPD:28221-/usr/sbin/apache2:} Injecting
2025/07/24T15:49:06.384-03:00 <Information> linux-lab02 [1285:28230 ]  {dypd:DYPD:28221-/usr/sbin/apache2:} Attempting to attach to 28221
2025/07/24T15:49:06.385-03:00 <Information> linux-lab02 [1285:28230 ]  {dypd:DYPD:28221-/usr/sbin/apache2:} Attached successfully to pid 28221
2025/07/24T15:49:06.434-03:00 <Information> linux-lab02 [1285:28230 ]  {dypd:DYPD:28221-/usr/sbin/apache2:} Injection result - Success (duration 49 ms)
2025/07/24T15:49:06.434-03:00 <Information> linux-lab02 [1285:28231 ]  {dypd:DYPD:28222-/usr/sbin/apache2:} Injecting
2025/07/24T15:49:06.434-03:00 <Information> linux-lab02 [1285:28231 ]  {dypd:DYPD:28222-/usr/sbin/apache2:} Attempting to attach to 28222
2025/07/24T15:49:06.434-03:00 <Information> linux-lab02 [1285:28231 ]  {dypd:DYPD:28222-/usr/sbin/apache2:} Attached successfully to pid 28222
2025/07/24T15:49:06.476-03:00 <Information> linux-lab02 [1285:28231 ]  {dypd:DYPD:28222-/usr/sbin/apache2:} Injection result - Success (duration 42 ms)
2025/07/24T15:49:06.476-03:00 <Information> linux-lab02 [1285:28232 ]  {dypd:DYPD:28223-/usr/sbin/apache2:} Injecting
2025/07/24T15:49:06.477-03:00 <Information> linux-lab02 [1285:28232 ]  {dypd:DYPD:28223-/usr/sbin/apache2:} Attempting to attach to 28223
2025/07/24T15:49:06.477-03:00 <Information> linux-lab02 [1285:28232 ]  {dypd:DYPD:28223-/usr/sbin/apache2:} Attached successfully to pid 28223
2025/07/24T15:49:06.522-03:00 <Information> linux-lab02 [1285:28232 ]  {dypd:DYPD:28223-/usr/sbin/apache2:} Injection result - Success (duration 45 ms)
2025/07/24T15:49:06.522-03:00 <Information> linux-lab02 [1285:28233 ]  {dypd:DYPD:28224-/usr/sbin/apache2:} Injecting
2025/07/24T15:49:06.523-03:00 <Information> linux-lab02 [1285:28233 ]  {dypd:DYPD:28224-/usr/sbin/apache2:} Attempting to attach to 28224
2025/07/24T15:49:06.523-03:00 <Information> linux-lab02 [1285:28233 ]  {dypd:DYPD:28224-/usr/sbin/apache2:} Attached successfully to pid 28224
2025/07/24T15:49:06.528-03:00 <Information> linux-lab02 [1285:28233 ]  {dypd:DYPD:28224-/usr/sbin/apache2:} Injection result - Success (duration 5 ms)
2025/07/24T15:49:10.080-03:00 <Information> linux-lab02 [1285:28255 ]  {dypd:DYPD:28245-/usr/sbin/apache2:} Injecting
2025/07/24T15:49:10.081-03:00 <Information> linux-lab02 [1285:28255 ]  {dypd:DYPD:28245-/usr/sbin/apache2:} Attempting to attach to 28245
2025/07/24T15:49:10.082-03:00 <Information> linux-lab02 [1285:28255 ]  {dypd:DYPD:28245-/usr/sbin/apache2:} Attached successfully to pid 28245
2025/07/24T15:49:10.139-03:00 <Information> linux-lab02 [1285:28255 ]  {dypd:DYPD:28245-/usr/sbin/apache2:} Injection result - Success (duration 58 ms)
2025/07/24T15:49:10.139-03:00 <Information> linux-lab02 [1285:28256 ]  {dypd:DYPD:28246-/usr/sbin/apache2:} Injecting
2025/07/24T15:49:10.139-03:00 <Information> linux-lab02 [1285:28256 ]  {dypd:DYPD:28246-/usr/sbin/apache2:} Attempting to attach to 28246
2025/07/24T15:49:10.140-03:00 <Information> linux-lab02 [1285:28256 ]  {dypd:DYPD:28246-/usr/sbin/apache2:} Attached successfully to pid 28246
2025/07/24T15:49:10.179-03:00 <Information> linux-lab02 [1285:28256 ]  {dypd:DYPD:28246-/usr/sbin/apache2:} Injection result - Success (duration 39 ms)
2025/07/24T15:49:10.179-03:00 <Information> linux-lab02 [1285:28257 ]  {dypd:DYPD:28247-/usr/sbin/apache2:} Injecting
2025/07/24T15:49:10.179-03:00 <Information> linux-lab02 [1285:28257 ]  {dypd:DYPD:28247-/usr/sbin/apache2:} Attempting to attach to 28247
2025/07/24T15:49:10.180-03:00 <Information> linux-lab02 [1285:28257 ]  {dypd:DYPD:28247-/usr/sbin/apache2:} Attached successfully to pid 28247
2025/07/24T15:49:10.207-03:00 <Information> linux-lab02 [1285:28257 ]  {dypd:DYPD:28247-/usr/sbin/apache2:} Injection result - Success (duration 27 ms)
2025/07/24T15:49:10.207-03:00 <Information> linux-lab02 [1285:28258 ]  {dypd:DYPD:28248-/usr/sbin/apache2:} Injecting
2025/07/24T15:49:10.207-03:00 <Information> linux-lab02 [1285:28258 ]  {dypd:DYPD:28248-/usr/sbin/apache2:} Attempting to attach to 28248
2025/07/24T15:49:10.208-03:00 <Information> linux-lab02 [1285:28258 ]  {dypd:DYPD:28248-/usr/sbin/apache2:} Attached successfully to pid 28248
2025/07/24T15:49:10.252-03:00 <Information> linux-lab02 [1285:28258 ]  {dypd:DYPD:28248-/usr/sbin/apache2:} Injection result - Success (duration 44 ms)
2025/07/24T15:49:10.252-03:00 <Information> linux-lab02 [1285:28259 ]  {dypd:DYPD:28249-/usr/sbin/apache2:} Injecting
2025/07/24T15:49:10.253-03:00 <Information> linux-lab02 [1285:28259 ]  {dypd:DYPD:28249-/usr/sbin/apache2:} Attempting to attach to 28249
2025/07/24T15:49:10.253-03:00 <Information> linux-lab02 [1285:28259 ]  {dypd:DYPD:28249-/usr/sbin/apache2:} Attached successfully to pid 28249
2025/07/24T15:49:10.300-03:00 <Information> linux-lab02 [1285:28259 ]  {dypd:DYPD:28249-/usr/sbin/apache2:} Injection result - Success (duration 47 ms)
2025/07/24T15:49:10.301-03:00 <Information> linux-lab02 [1285:28260 ]  {dypd:DYPD:28250-/usr/sbin/apache2:} Injecting
2025/07/24T15:49:10.301-03:00 <Information> linux-lab02 [1285:28260 ]  {dypd:DYPD:28250-/usr/sbin/apache2:} Attempting to attach to 28250
2025/07/24T15:49:10.302-03:00 <Information> linux-lab02 [1285:28260 ]  {dypd:DYPD:28250-/usr/sbin/apache2:} Attached successfully to pid 28250
2025/07/24T15:49:10.362-03:00 <Information> linux-lab02 [1285:28260 ]  {dypd:DYPD:28250-/usr/sbin/apache2:} Injection result - Success (duration 60 ms)
2025/07/24T15:49:11.144-03:00 <Information> linux-lab02 [1285:28261 ]  {dypd:DYPD:28251-/usr/sbin/apache2:} Injecting
2025/07/24T15:49:11.144-03:00 <Information> linux-lab02 [1285:28261 ]  {dypd:DYPD:28251-/usr/sbin/apache2:} Attempting to attach to 28251
2025/07/24T15:49:11.145-03:00 <Information> linux-lab02 [1285:28261 ]  {dypd:DYPD:28251-/usr/sbin/apache2:} Attached successfully to pid 28251
2025/07/24T15:49:11.201-03:00 <Information> linux-lab02 [1285:28261 ]  {dypd:DYPD:28251-/usr/sbin/apache2:} Injection result - Success (duration 57 ms)
2025/07/24T15:49:12.146-03:00 <Information> linux-lab02 [1285:28262 ]  {dypd:DYPD:28252-/usr/sbin/apache2:} Injecting
2025/07/24T15:49:12.147-03:00 <Information> linux-lab02 [1285:28262 ]  {dypd:DYPD:28252-/usr/sbin/apache2:} Attempting to attach to 28252
2025/07/24T15:49:12.147-03:00 <Information> linux-lab02 [1285:28262 ]  {dypd:DYPD:28252-/usr/sbin/apache2:} Attached successfully to pid 28252
2025/07/24T15:49:12.190-03:00 <Information> linux-lab02 [1285:28262 ]  {dypd:DYPD:28252-/usr/sbin/apache2:} Injection result - Success (duration 43 ms)
2025/07/24T15:49:12.190-03:00 <Information> linux-lab02 [1285:28263 ]  {dypd:DYPD:28253-/usr/sbin/apache2:} Injecting
2025/07/24T15:49:12.190-03:00 <Information> linux-lab02 [1285:28263 ]  {dypd:DYPD:28253-/usr/sbin/apache2:} Attempting to attach to 28253
2025/07/24T15:49:12.190-03:00 <Information> linux-lab02 [1285:28263 ]  {dypd:DYPD:28253-/usr/sbin/apache2:} Attached successfully to pid 28253
2025/07/24T15:49:12.196-03:00 <Information> linux-lab02 [1285:28263 ]  {dypd:DYPD:28253-/usr/sbin/apache2:} Injection result - Success (duration 5 ms)
2025/07/24T15:49:27.681-03:00 <Information> linux-lab02 [1285:28282 ]  {dypd:DYPD:28275-/usr/sbin/apache2:} Injecting
2025/07/24T15:49:27.681-03:00 <Information> linux-lab02 [1285:28282 ]  {dypd:DYPD:28275-/usr/sbin/apache2:} Attempting to attach to 28275
2025/07/24T15:49:27.681-03:00 <Information> linux-lab02 [1285:28282 ]  {dypd:DYPD:28275-/usr/sbin/apache2:} Attached successfully to pid 28275
2025/07/24T15:49:27.687-03:00 <Information> linux-lab02 [1285:28282 ]  {dypd:DYPD:28275-/usr/sbin/apache2:} Injection result - Success (duration 5 ms)
2025/07/24T15:49:27.732-03:00 <Information> linux-lab02 [1285:28283 ]  {dypd:DYPD:28276-/usr/sbin/apache2:} Injecting
2025/07/24T15:49:27.733-03:00 <Information> linux-lab02 [1285:28283 ]  {dypd:DYPD:28276-/usr/sbin/apache2:} Attempting to attach to 28276
2025/07/24T15:49:27.733-03:00 <Information> linux-lab02 [1285:28283 ]  {dypd:DYPD:28276-/usr/sbin/apache2:} Attached successfully to pid 28276
2025/07/24T15:49:27.803-03:00 <Information> linux-lab02 [1285:28283 ]  {dypd:DYPD:28276-/usr/sbin/apache2:} Injection result - Success (duration 70 ms)
2025/07/24T15:49:27.803-03:00 <Information> linux-lab02 [1285:28285 ]  {dypd:DYPD:28277-/usr/sbin/apache2:} Injecting
2025/07/24T15:49:27.804-03:00 <Information> linux-lab02 [1285:28285 ]  {dypd:DYPD:28277-/usr/sbin/apache2:} Attempting to attach to 28277
2025/07/24T15:49:27.804-03:00 <Information> linux-lab02 [1285:28285 ]  {dypd:DYPD:28277-/usr/sbin/apache2:} Attached successfully to pid 28277
2025/07/24T15:49:27.826-03:00 <Information> linux-lab02 [1285:28285 ]  {dypd:DYPD:28277-/usr/sbin/apache2:} Injection result - Success (duration 22 ms)
2025/07/24T15:49:27.826-03:00 <Information> linux-lab02 [1285:28286 ]  {dypd:DYPD:28278-/usr/sbin/apache2:} Injecting
2025/07/24T15:49:27.826-03:00 <Information> linux-lab02 [1285:28286 ]  {dypd:DYPD:28278-/usr/sbin/apache2:} Attempting to attach to 28278
2025/07/24T15:49:27.827-03:00 <Information> linux-lab02 [1285:28286 ]  {dypd:DYPD:28278-/usr/sbin/apache2:} Attached successfully to pid 28278
2025/07/24T15:49:27.865-03:00 <Information> linux-lab02 [1285:28286 ]  {dypd:DYPD:28278-/usr/sbin/apache2:} Injection result - Success (duration 38 ms)
2025/07/24T15:49:27.865-03:00 <Information> linux-lab02 [1285:28287 ]  {dypd:DYPD:28279-/usr/sbin/apache2:} Injecting
2025/07/24T15:49:27.866-03:00 <Information> linux-lab02 [1285:28287 ]  {dypd:DYPD:28279-/usr/sbin/apache2:} Attempting to attach to 28279
2025/07/24T15:49:27.866-03:00 <Information> linux-lab02 [1285:28287 ]  {dypd:DYPD:28279-/usr/sbin/apache2:} Attached successfully to pid 28279
2025/07/24T15:49:27.911-03:00 <Information> linux-lab02 [1285:28287 ]  {dypd:DYPD:28279-/usr/sbin/apache2:} Injection result - Success (duration 45 ms)
2025/07/24T15:49:27.912-03:00 <Information> linux-lab02 [1285:28288 ]  {dypd:DYPD:28280-/usr/sbin/apache2:} Injecting
2025/07/24T15:49:27.912-03:00 <Information> linux-lab02 [1285:28288 ]  {dypd:DYPD:28280-/usr/sbin/apache2:} Attempting to attach to 28280
2025/07/24T15:49:27.912-03:00 <Information> linux-lab02 [1285:28288 ]  {dypd:DYPD:28280-/usr/sbin/apache2:} Attached successfully to pid 28280
2025/07/24T15:49:27.967-03:00 <Information> linux-lab02 [1285:28288 ]  {dypd:DYPD:28280-/usr/sbin/apache2:} Injection result - Success (duration 55 ms)
2025/07/24T15:49:28.738-03:00 <Information> linux-lab02 [1285:28289 ]  {dypd:DYPD:28281-/usr/sbin/apache2:} Injecting
2025/07/24T15:49:28.738-03:00 <Information> linux-lab02 [1285:28289 ]  {dypd:DYPD:28281-/usr/sbin/apache2:} Attempting to attach to 28281
2025/07/24T15:49:28.738-03:00 <Information> linux-lab02 [1285:28289 ]  {dypd:DYPD:28281-/usr/sbin/apache2:} Attached successfully to pid 28281
2025/07/24T15:49:28.784-03:00 <Information> linux-lab02 [1285:28289 ]  {dypd:DYPD:28281-/usr/sbin/apache2:} Injection result - Success (duration 46 ms)
2025/07/24T15:49:30.750-03:00 <Information> linux-lab02 [1285:28291 ]  {dypd:DYPD:28284-/usr/sbin/apache2:} Injecting
2025/07/24T15:49:30.750-03:00 <Information> linux-lab02 [1285:28291 ]  {dypd:DYPD:28284-/usr/sbin/apache2:} Attempting to attach to 28284
2025/07/24T15:49:30.751-03:00 <Information> linux-lab02 [1285:28291 ]  {dypd:DYPD:28284-/usr/sbin/apache2:} Attached successfully to pid 28284
2025/07/24T15:49:30.756-03:00 <Information> linux-lab02 [1285:28291 ]  {dypd:DYPD:28284-/usr/sbin/apache2:Reconnect:} Doing reconnect to libmoduleng, is64=1
2025/07/24T15:49:30.757-03:00 <Information> linux-lab02 [1285:28291 ]  {dypd:DYPD:28284-/usr/sbin/apache2:Reconnect:} Successfully reconnected to new libmodule
2025/07/24T15:49:30.758-03:00 <Information> linux-lab02 [1285:28291 ]  {dypd:DYPD:28284-/usr/sbin/apache2:} Injection result - Success (duration 8 ms)
2025/07/24T15:49:42.503-03:00 <Information> linux-lab02 [1285:28310 ]  {dypd:DYPD:28303-/usr/sbin/apache2:} Injecting
2025/07/24T15:49:42.503-03:00 <Information> linux-lab02 [1285:28310 ]  {dypd:DYPD:28303-/usr/sbin/apache2:} Attempting to attach to 28303
2025/07/24T15:49:42.503-03:00 <Information> linux-lab02 [1285:28310 ]  {dypd:DYPD:28303-/usr/sbin/apache2:} Attached successfully to pid 28303
2025/07/24T15:49:42.509-03:00 <Information> linux-lab02 [1285:28310 ]  {dypd:DYPD:28303-/usr/sbin/apache2:} Injection result - Success (duration 6 ms)
2025/07/24T15:49:42.581-03:00 <Information> linux-lab02 [1285:28311 ]  {dypd:DYPD:28304-/usr/sbin/apache2:} Injecting
2025/07/24T15:49:42.581-03:00 <Information> linux-lab02 [1285:28311 ]  {dypd:DYPD:28304-/usr/sbin/apache2:} Attempting to attach to 28304
2025/07/24T15:49:42.581-03:00 <Information> linux-lab02 [1285:28311 ]  {dypd:DYPD:28304-/usr/sbin/apache2:} Attached successfully to pid 28304
2025/07/24T15:49:42.588-03:00 <Information> linux-lab02 [1285:28311 ]  {dypd:DYPD:28304-/usr/sbin/apache2:} Injection result - Success (duration 7 ms)
2025/07/24T15:49:42.589-03:00 <Information> linux-lab02 [1285:28312 ]  {dypd:DYPD:28305-/usr/sbin/apache2:} Injecting
2025/07/24T15:49:42.589-03:00 <Information> linux-lab02 [1285:28312 ]  {dypd:DYPD:28305-/usr/sbin/apache2:} Attempting to attach to 28305
2025/07/24T15:49:42.589-03:00 <Information> linux-lab02 [1285:28312 ]  {dypd:DYPD:28305-/usr/sbin/apache2:} Attached successfully to pid 28305
2025/07/24T15:49:42.595-03:00 <Information> linux-lab02 [1285:28312 ]  {dypd:DYPD:28305-/usr/sbin/apache2:} Injection result - Success (duration 6 ms)
2025/07/24T15:49:42.595-03:00 <Information> linux-lab02 [1285:28313 ]  {dypd:DYPD:28306-/usr/sbin/apache2:} Injecting
2025/07/24T15:49:42.596-03:00 <Information> linux-lab02 [1285:28313 ]  {dypd:DYPD:28306-/usr/sbin/apache2:} Attempting to attach to 28306
2025/07/24T15:49:42.596-03:00 <Information> linux-lab02 [1285:28313 ]  {dypd:DYPD:28306-/usr/sbin/apache2:} Attached successfully to pid 28306
2025/07/24T15:49:42.603-03:00 <Information> linux-lab02 [1285:28313 ]  {dypd:DYPD:28306-/usr/sbin/apache2:} Injection result - Success (duration 7 ms)
2025/07/24T15:49:42.604-03:00 <Information> linux-lab02 [1285:28315 ]  {dypd:DYPD:28307-/usr/sbin/apache2:} Injecting
2025/07/24T15:49:42.604-03:00 <Information> linux-lab02 [1285:28315 ]  {dypd:DYPD:28307-/usr/sbin/apache2:} Attempting to attach to 28307
2025/07/24T15:49:42.604-03:00 <Information> linux-lab02 [1285:28315 ]  {dypd:DYPD:28307-/usr/sbin/apache2:} Attached successfully to pid 28307
2025/07/24T15:49:42.610-03:00 <Information> linux-lab02 [1285:28315 ]  {dypd:DYPD:28307-/usr/sbin/apache2:} Injection result - Success (duration 6 ms)
2025/07/24T15:49:42.610-03:00 <Information> linux-lab02 [1285:28316 ]  {dypd:DYPD:28308-/usr/sbin/apache2:} Injecting
2025/07/24T15:49:42.611-03:00 <Information> linux-lab02 [1285:28316 ]  {dypd:DYPD:28308-/usr/sbin/apache2:} Attempting to attach to 28308
2025/07/24T15:49:42.611-03:00 <Information> linux-lab02 [1285:28316 ]  {dypd:DYPD:28308-/usr/sbin/apache2:} Attached successfully to pid 28308
2025/07/24T15:49:42.632-03:00 <Information> linux-lab02 [1285:28316 ]  {dypd:DYPD:28308-/usr/sbin/apache2:} Injection result - Success (duration 21 ms)
2025/07/24T15:49:43.589-03:00 <Information> linux-lab02 [1285:28317 ]  {dypd:DYPD:28309-/usr/sbin/apache2:} Injecting
2025/07/24T15:49:43.590-03:00 <Information> linux-lab02 [1285:28317 ]  {dypd:DYPD:28309-/usr/sbin/apache2:} Attempting to attach to 28309
2025/07/24T15:49:43.591-03:00 <Information> linux-lab02 [1285:28317 ]  {dypd:DYPD:28309-/usr/sbin/apache2:} Attached successfully to pid 28309
2025/07/24T15:49:43.649-03:00 <Information> linux-lab02 [1285:28317 ]  {dypd:DYPD:28309-/usr/sbin/apache2:} Injection result - Success (duration 59 ms)
2025/07/24T15:49:45.598-03:00 <Information> linux-lab02 [1285:28318 ]  {dypd:DYPD:28314-/usr/sbin/apache2:} Injecting
2025/07/24T15:49:45.598-03:00 <Information> linux-lab02 [1285:28318 ]  {dypd:DYPD:28314-/usr/sbin/apache2:} Attempting to attach to 28314
2025/07/24T15:49:45.598-03:00 <Information> linux-lab02 [1285:28318 ]  {dypd:DYPD:28314-/usr/sbin/apache2:} Attached successfully to pid 28314
2025/07/24T15:49:45.604-03:00 <Information> linux-lab02 [1285:28318 ]  {dypd:DYPD:28314-/usr/sbin/apache2:Reconnect:} Doing reconnect to libmoduleng, is64=1
2025/07/24T15:49:45.604-03:00 <Information> linux-lab02 [1285:28318 ]  {dypd:DYPD:28314-/usr/sbin/apache2:Reconnect:} Successfully reconnected to new libmodule
2025/07/24T15:49:45.604-03:00 <Information> linux-lab02 [1285:28318 ]  {dypd:DYPD:28314-/usr/sbin/apache2:} Injection result - Success (duration 6 ms)
2025/07/24T15:50:17.626-03:00 <Information> linux-lab02 [1285:28327 ]  {dypd:DYPD:28325-/usr/sbin/apache2:} Injecting
2025/07/24T15:50:17.626-03:00 <Information> linux-lab02 [1285:28327 ]  {dypd:DYPD:28325-/usr/sbin/apache2:} Attempting to attach to 28325
2025/07/24T15:50:17.626-03:00 <Information> linux-lab02 [1285:28327 ]  {dypd:DYPD:28325-/usr/sbin/apache2:} Attached successfully to pid 28325
2025/07/24T15:50:17.631-03:00 <Information> linux-lab02 [1285:28327 ]  {dypd:DYPD:28325-/usr/sbin/apache2:Reconnect:} Doing reconnect to libmoduleng, is64=1
2025/07/24T15:50:17.631-03:00 <Information> linux-lab02 [1285:28327 ]  {dypd:DYPD:28325-/usr/sbin/apache2:Reconnect:} Successfully reconnected to new libmodule
2025/07/24T15:50:17.631-03:00 <Information> linux-lab02 [1285:28327 ]  {dypd:DYPD:28325-/usr/sbin/apache2:} Injection result - Success (duration 5 ms)
2025/07/24T15:50:19.633-03:00 <Information> linux-lab02 [1285:28328 ]  {dypd:DYPD:28326-/usr/sbin/apache2:} Injecting
2025/07/24T15:50:19.633-03:00 <Information> linux-lab02 [1285:28328 ]  {dypd:DYPD:28326-/usr/sbin/apache2:} Attempting to attach to 28326
2025/07/24T15:50:19.634-03:00 <Information> linux-lab02 [1285:28328 ]  {dypd:DYPD:28326-/usr/sbin/apache2:} Attached successfully to pid 28326
2025/07/24T15:50:19.646-03:00 <Information> linux-lab02 [1285:28328 ]  {dypd:DYPD:28326-/usr/sbin/apache2:Reconnect:} Doing reconnect to libmoduleng, is64=1
2025/07/24T15:50:19.647-03:00 <Information> linux-lab02 [1285:28328 ]  {dypd:DYPD:28326-/usr/sbin/apache2:Reconnect:} Successfully reconnected to new libmodule
2025/07/24T15:50:19.648-03:00 <Information> linux-lab02 [1285:28328 ]  {dypd:DYPD:28326-/usr/sbin/apache2:} Injection result - Success (duration 14 ms)
2025/07/24T15:52:53.780-03:00 <Information> linux-lab02 [1285:28335 ]  {dypd:DYPD:28332-/usr/sbin/apache2:} Injecting
2025/07/24T15:52:53.780-03:00 <Information> linux-lab02 [1285:28335 ]  {dypd:DYPD:28332-/usr/sbin/apache2:} Attempting to attach to 28332
2025/07/24T15:52:53.781-03:00 <Information> linux-lab02 [1285:28335 ]  {dypd:DYPD:28332-/usr/sbin/apache2:} Attached successfully to pid 28332
2025/07/24T15:52:53.784-03:00 <Information> linux-lab02 [1285:28335 ]  {dypd:DYPD:28332-/usr/sbin/apache2:Reconnect:} Doing reconnect to libmoduleng, is64=1
2025/07/24T15:52:53.785-03:00 <Information> linux-lab02 [1285:28335 ]  {dypd:DYPD:28332-/usr/sbin/apache2:Reconnect:} Successfully reconnected to new libmodule
2025/07/24T15:52:53.785-03:00 <Information> linux-lab02 [1285:28335 ]  {dypd:DYPD:28332-/usr/sbin/apache2:} Injection result - Success (duration 5 ms)
2025/07/24T15:52:54.783-03:00 <Information> linux-lab02 [1285:28336 ]  {dypd:DYPD:28333-/usr/sbin/apache2:} Injecting
2025/07/24T15:52:54.783-03:00 <Information> linux-lab02 [1285:28336 ]  {dypd:DYPD:28333-/usr/sbin/apache2:} Attempting to attach to 28333
2025/07/24T15:52:54.784-03:00 <Information> linux-lab02 [1285:28336 ]  {dypd:DYPD:28333-/usr/sbin/apache2:} Attached successfully to pid 28333
2025/07/24T15:52:54.785-03:00 <Information> linux-lab02 [1285:28336 ]  {dypd:DYPD:28333-/usr/sbin/apache2:Reconnect:} Doing reconnect to libmoduleng, is64=1
2025/07/24T15:52:54.785-03:00 <Information> linux-lab02 [1285:28336 ]  {dypd:DYPD:28333-/usr/sbin/apache2:Reconnect:} Successfully reconnected to new libmodule
2025/07/24T15:52:54.785-03:00 <Information> linux-lab02 [1285:28336 ]  {dypd:DYPD:28333-/usr/sbin/apache2:} Injection result - Success (duration 1 ms)
2025/07/24T15:52:54.785-03:00 <Information> linux-lab02 [1285:28337 ]  {dypd:DYPD:28334-/usr/sbin/apache2:} Injecting
2025/07/24T15:52:54.785-03:00 <Information> linux-lab02 [1285:28337 ]  {dypd:DYPD:28334-/usr/sbin/apache2:} Attempting to attach to 28334
2025/07/24T15:52:54.789-03:00 <Information> linux-lab02 [1285:28337 ]  {dypd:DYPD:28334-/usr/sbin/apache2:} Attached successfully to pid 28334
2025/07/24T15:52:54.790-03:00 <Information> linux-lab02 [1285:28337 ]  {dypd:DYPD:28334-/usr/sbin/apache2:Reconnect:} Doing reconnect to libmoduleng, is64=1
2025/07/24T15:52:54.790-03:00 <Information> linux-lab02 [1285:28337 ]  {dypd:DYPD:28334-/usr/sbin/apache2:Reconnect:} Successfully reconnected to new libmodule
2025/07/24T15:52:54.791-03:00 <Information> linux-lab02 [1285:28337 ]  {dypd:DYPD:28334-/usr/sbin/apache2:} Injection result - Success (duration 5 ms)
2025/07/24T15:53:39.805-03:00 <Information> linux-lab02 [1285:28385 ]  {dypd:DYPD:28375-/usr/sbin/apache2:} Injecting
2025/07/24T15:53:39.806-03:00 <Information> linux-lab02 [1285:28385 ]  {dypd:DYPD:28375-/usr/sbin/apache2:} Attempting to attach to 28375
2025/07/24T15:53:39.806-03:00 <Information> linux-lab02 [1285:28385 ]  {dypd:DYPD:28375-/usr/sbin/apache2:} Attached successfully to pid 28375
2025/07/24T15:53:39.853-03:00 <Information> linux-lab02 [1285:28385 ]  {dypd:DYPD:28375-/usr/sbin/apache2:} Injection result - Success (duration 48 ms)
2025/07/24T15:53:39.855-03:00 <Information> linux-lab02 [1285:28386 ]  {dypd:DYPD:28376-/usr/sbin/apache2:} Injecting
2025/07/24T15:53:39.856-03:00 <Information> linux-lab02 [1285:28386 ]  {dypd:DYPD:28376-/usr/sbin/apache2:} Attempting to attach to 28376
2025/07/24T15:53:39.857-03:00 <Information> linux-lab02 [1285:28386 ]  {dypd:DYPD:28376-/usr/sbin/apache2:} Attached successfully to pid 28376
2025/07/24T15:53:39.909-03:00 <Information> linux-lab02 [1285:28386 ]  {dypd:DYPD:28376-/usr/sbin/apache2:} Injection result - Success (duration 53 ms)
2025/07/24T15:53:39.910-03:00 <Information> linux-lab02 [1285:28387 ]  {dypd:DYPD:28377-/usr/sbin/apache2:} Injecting
2025/07/24T15:53:39.910-03:00 <Information> linux-lab02 [1285:28387 ]  {dypd:DYPD:28377-/usr/sbin/apache2:} Attempting to attach to 28377
2025/07/24T15:53:39.911-03:00 <Information> linux-lab02 [1285:28387 ]  {dypd:DYPD:28377-/usr/sbin/apache2:} Attached successfully to pid 28377
2025/07/24T15:53:39.975-03:00 <Information> linux-lab02 [1285:28387 ]  {dypd:DYPD:28377-/usr/sbin/apache2:} Injection result - Success (duration 64 ms)
2025/07/24T15:53:39.976-03:00 <Information> linux-lab02 [1285:28388 ]  {dypd:DYPD:28378-/usr/sbin/apache2:} Injecting
2025/07/24T15:53:39.977-03:00 <Information> linux-lab02 [1285:28388 ]  {dypd:DYPD:28378-/usr/sbin/apache2:} Attempting to attach to 28378
2025/07/24T15:53:39.977-03:00 <Information> linux-lab02 [1285:28388 ]  {dypd:DYPD:28378-/usr/sbin/apache2:} Attached successfully to pid 28378
2025/07/24T15:53:40.038-03:00 <Information> linux-lab02 [1285:28388 ]  {dypd:DYPD:28378-/usr/sbin/apache2:} Injection result - Success (duration 61 ms)
2025/07/24T15:53:40.038-03:00 <Information> linux-lab02 [1285:28389 ]  {dypd:DYPD:28379-/usr/sbin/apache2:} Injecting
2025/07/24T15:53:40.038-03:00 <Information> linux-lab02 [1285:28389 ]  {dypd:DYPD:28379-/usr/sbin/apache2:} Attempting to attach to 28379
2025/07/24T15:53:40.039-03:00 <Information> linux-lab02 [1285:28389 ]  {dypd:DYPD:28379-/usr/sbin/apache2:} Attached successfully to pid 28379
2025/07/24T15:53:40.086-03:00 <Information> linux-lab02 [1285:28389 ]  {dypd:DYPD:28379-/usr/sbin/apache2:} Injection result - Success (duration 47 ms)
2025/07/24T15:53:40.087-03:00 <Information> linux-lab02 [1285:28390 ]  {dypd:DYPD:28380-/usr/sbin/apache2:} Injecting
2025/07/24T15:53:40.088-03:00 <Information> linux-lab02 [1285:28390 ]  {dypd:DYPD:28380-/usr/sbin/apache2:} Attempting to attach to 28380
2025/07/24T15:53:40.089-03:00 <Information> linux-lab02 [1285:28390 ]  {dypd:DYPD:28380-/usr/sbin/apache2:} Attached successfully to pid 28380
2025/07/24T15:53:40.149-03:00 <Information> linux-lab02 [1285:28390 ]  {dypd:DYPD:28380-/usr/sbin/apache2:} Injection result - Success (duration 61 ms)
2025/07/24T15:53:40.865-03:00 <Information> linux-lab02 [1285:28391 ]  {dypd:DYPD:28381-/usr/sbin/apache2:} Injecting
2025/07/24T15:53:40.865-03:00 <Information> linux-lab02 [1285:28391 ]  {dypd:DYPD:28381-/usr/sbin/apache2:} Attempting to attach to 28381
2025/07/24T15:53:40.866-03:00 <Information> linux-lab02 [1285:28391 ]  {dypd:DYPD:28381-/usr/sbin/apache2:} Attached successfully to pid 28381
2025/07/24T15:53:40.926-03:00 <Information> linux-lab02 [1285:28391 ]  {dypd:DYPD:28381-/usr/sbin/apache2:} Injection result - Success (duration 61 ms)
2025/07/24T15:53:41.870-03:00 <Information> linux-lab02 [1285:28392 ]  {dypd:DYPD:28382-/usr/sbin/apache2:} Injecting
2025/07/24T15:53:41.871-03:00 <Information> linux-lab02 [1285:28392 ]  {dypd:DYPD:28382-/usr/sbin/apache2:} Attempting to attach to 28382
2025/07/24T15:53:41.873-03:00 <Information> linux-lab02 [1285:28392 ]  {dypd:DYPD:28382-/usr/sbin/apache2:} Attached successfully to pid 28382
2025/07/24T15:53:41.936-03:00 <Information> linux-lab02 [1285:28392 ]  {dypd:DYPD:28382-/usr/sbin/apache2:} Injection result - Success (duration 65 ms)
2025/07/24T15:53:41.936-03:00 <Information> linux-lab02 [1285:28393 ]  {dypd:DYPD:28383-/usr/sbin/apache2:} Injecting
2025/07/24T15:53:41.937-03:00 <Information> linux-lab02 [1285:28393 ]  {dypd:DYPD:28383-/usr/sbin/apache2:} Attempting to attach to 28383
2025/07/24T15:53:41.937-03:00 <Information> linux-lab02 [1285:28393 ]  {dypd:DYPD:28383-/usr/sbin/apache2:} Attached successfully to pid 28383
2025/07/24T15:53:41.984-03:00 <Information> linux-lab02 [1285:28393 ]  {dypd:DYPD:28383-/usr/sbin/apache2:} Injection result - Success (duration 47 ms)
2025/07/24T15:54:13.968-03:00 <Information> linux-lab02 [1285:28396 ]  {dypd:DYPD:28395-/usr/sbin/apache2:} Injecting
2025/07/24T15:54:13.969-03:00 <Information> linux-lab02 [1285:28396 ]  {dypd:DYPD:28395-/usr/sbin/apache2:} Attempting to attach to 28395
2025/07/24T15:54:13.969-03:00 <Information> linux-lab02 [1285:28396 ]  {dypd:DYPD:28395-/usr/sbin/apache2:} Attached successfully to pid 28395
2025/07/24T15:54:13.975-03:00 <Information> linux-lab02 [1285:28396 ]  {dypd:DYPD:28395-/usr/sbin/apache2:Reconnect:} Doing reconnect to libmoduleng, is64=1
2025/07/24T15:54:13.975-03:00 <Information> linux-lab02 [1285:28396 ]  {dypd:DYPD:28395-/usr/sbin/apache2:Reconnect:} Successfully reconnected to new libmodule
2025/07/24T15:54:13.976-03:00 <Information> linux-lab02 [1285:28396 ]  {dypd:DYPD:28395-/usr/sbin/apache2:} Injection result - Success (duration 7 ms)
2025/07/24T15:59:01.181-03:00 <Information> linux-lab02 [1285:28459 ]  {dypd:DYPD:28450-/usr/sbin/apache2:} Injecting
2025/07/24T15:59:01.181-03:00 <Information> linux-lab02 [1285:28459 ]  {dypd:DYPD:28450-/usr/sbin/apache2:} Attempting to attach to 28450
2025/07/24T15:59:01.181-03:00 <Information> linux-lab02 [1285:28459 ]  {dypd:DYPD:28450-/usr/sbin/apache2:} Attached successfully to pid 28450
2025/07/24T15:59:01.187-03:00 <Information> linux-lab02 [1285:28459 ]  {dypd:DYPD:28450-/usr/sbin/apache2:} Injection result - Success (duration 5 ms)
2025/07/24T15:59:01.247-03:00 <Information> linux-lab02 [1285:28460 ]  {dypd:DYPD:28451-/usr/sbin/apache2:} Injecting
2025/07/24T15:59:01.247-03:00 <Information> linux-lab02 [1285:28460 ]  {dypd:DYPD:28451-/usr/sbin/apache2:} Attempting to attach to 28451
2025/07/24T15:59:01.247-03:00 <Information> linux-lab02 [1285:28460 ]  {dypd:DYPD:28451-/usr/sbin/apache2:} Attached successfully to pid 28451
2025/07/24T15:59:01.253-03:00 <Information> linux-lab02 [1285:28460 ]  {dypd:DYPD:28451-/usr/sbin/apache2:} Injection result - Success (duration 6 ms)
2025/07/24T15:59:01.253-03:00 <Information> linux-lab02 [1285:28461 ]  {dypd:DYPD:28452-/usr/sbin/apache2:} Injecting
2025/07/24T15:59:01.254-03:00 <Information> linux-lab02 [1285:28461 ]  {dypd:DYPD:28452-/usr/sbin/apache2:} Attempting to attach to 28452
2025/07/24T15:59:01.254-03:00 <Information> linux-lab02 [1285:28461 ]  {dypd:DYPD:28452-/usr/sbin/apache2:} Attached successfully to pid 28452
2025/07/24T15:59:01.259-03:00 <Information> linux-lab02 [1285:28461 ]  {dypd:DYPD:28452-/usr/sbin/apache2:} Injection result - Success (duration 5 ms)
2025/07/24T15:59:01.259-03:00 <Information> linux-lab02 [1285:28462 ]  {dypd:DYPD:28453-/usr/sbin/apache2:} Injecting
2025/07/24T15:59:01.259-03:00 <Information> linux-lab02 [1285:28462 ]  {dypd:DYPD:28453-/usr/sbin/apache2:} Attempting to attach to 28453
2025/07/24T15:59:01.259-03:00 <Information> linux-lab02 [1285:28462 ]  {dypd:DYPD:28453-/usr/sbin/apache2:} Attached successfully to pid 28453
2025/07/24T15:59:01.264-03:00 <Information> linux-lab02 [1285:28462 ]  {dypd:DYPD:28453-/usr/sbin/apache2:} Injection result - Success (duration 5 ms)
2025/07/24T15:59:01.268-03:00 <Information> linux-lab02 [1285:28463 ]  {dypd:DYPD:28454-/usr/sbin/apache2:} Injecting
2025/07/24T15:59:01.268-03:00 <Information> linux-lab02 [1285:28463 ]  {dypd:DYPD:28454-/usr/sbin/apache2:} Attempting to attach to 28454
2025/07/24T15:59:01.268-03:00 <Information> linux-lab02 [1285:28463 ]  {dypd:DYPD:28454-/usr/sbin/apache2:} Attached successfully to pid 28454
2025/07/24T15:59:01.274-03:00 <Information> linux-lab02 [1285:28463 ]  {dypd:DYPD:28454-/usr/sbin/apache2:} Injection result - Success (duration 6 ms)
2025/07/24T15:59:01.274-03:00 <Information> linux-lab02 [1285:28464 ]  {dypd:DYPD:28455-/usr/sbin/apache2:} Injecting
2025/07/24T15:59:01.274-03:00 <Information> linux-lab02 [1285:28464 ]  {dypd:DYPD:28455-/usr/sbin/apache2:} Attempting to attach to 28455
2025/07/24T15:59:01.274-03:00 <Information> linux-lab02 [1285:28464 ]  {dypd:DYPD:28455-/usr/sbin/apache2:} Attached successfully to pid 28455
2025/07/24T15:59:01.280-03:00 <Information> linux-lab02 [1285:28464 ]  {dypd:DYPD:28455-/usr/sbin/apache2:} Injection result - Success (duration 5 ms)
2025/07/24T15:59:02.260-03:00 <Information> linux-lab02 [1285:28465 ]  {dypd:DYPD:28456-/usr/sbin/apache2:} Injecting
2025/07/24T15:59:02.260-03:00 <Information> linux-lab02 [1285:28465 ]  {dypd:DYPD:28456-/usr/sbin/apache2:} Attempting to attach to 28456
2025/07/24T15:59:02.260-03:00 <Information> linux-lab02 [1285:28465 ]  {dypd:DYPD:28456-/usr/sbin/apache2:} Attached successfully to pid 28456
2025/07/24T15:59:02.265-03:00 <Information> linux-lab02 [1285:28465 ]  {dypd:DYPD:28456-/usr/sbin/apache2:} Injection result - Success (duration 5 ms)
2025/07/24T15:59:03.263-03:00 <Information> linux-lab02 [1285:28467 ]  {dypd:DYPD:28457-/usr/sbin/apache2:} Injecting
2025/07/24T15:59:03.263-03:00 <Information> linux-lab02 [1285:28467 ]  {dypd:DYPD:28457-/usr/sbin/apache2:} Attempting to attach to 28457
2025/07/24T15:59:03.264-03:00 <Information> linux-lab02 [1285:28467 ]  {dypd:DYPD:28457-/usr/sbin/apache2:} Attached successfully to pid 28457
2025/07/24T15:59:03.317-03:00 <Information> linux-lab02 [1285:28467 ]  {dypd:DYPD:28457-/usr/sbin/apache2:} Injection result - Success (duration 54 ms)
2025/07/24T15:59:03.318-03:00 <Information> linux-lab02 [1285:28468 ]  {dypd:DYPD:28458-/usr/sbin/apache2:} Injecting
2025/07/24T15:59:03.318-03:00 <Information> linux-lab02 [1285:28468 ]  {dypd:DYPD:28458-/usr/sbin/apache2:} Attempting to attach to 28458
2025/07/24T15:59:03.318-03:00 <Information> linux-lab02 [1285:28468 ]  {dypd:DYPD:28458-/usr/sbin/apache2:} Attached successfully to pid 28458
2025/07/24T15:59:03.323-03:00 <Information> linux-lab02 [1285:28468 ]  {dypd:DYPD:28458-/usr/sbin/apache2:} Injection result - Success (duration 5 ms)
2025/07/24T15:59:39.205-03:00 <Information> linux-lab02 [1285:28492 ]  {dypd:DYPD:28482-/usr/sbin/apache2:} Injecting
2025/07/24T15:59:39.205-03:00 <Information> linux-lab02 [1285:28492 ]  {dypd:DYPD:28482-/usr/sbin/apache2:} Attempting to attach to 28482
2025/07/24T15:59:39.206-03:00 <Information> linux-lab02 [1285:28492 ]  {dypd:DYPD:28482-/usr/sbin/apache2:} Attached successfully to pid 28482
2025/07/24T15:59:39.211-03:00 <Information> linux-lab02 [1285:28492 ]  {dypd:DYPD:28482-/usr/sbin/apache2:} Injection result - Success (duration 5 ms)
2025/07/24T15:59:39.250-03:00 <Information> linux-lab02 [1285:28493 ]  {dypd:DYPD:28483-/usr/sbin/apache2:} Injecting
2025/07/24T15:59:39.250-03:00 <Information> linux-lab02 [1285:28493 ]  {dypd:DYPD:28483-/usr/sbin/apache2:} Attempting to attach to 28483
2025/07/24T15:59:39.251-03:00 <Information> linux-lab02 [1285:28493 ]  {dypd:DYPD:28483-/usr/sbin/apache2:} Attached successfully to pid 28483
2025/07/24T15:59:39.291-03:00 <Information> linux-lab02 [1285:28493 ]  {dypd:DYPD:28483-/usr/sbin/apache2:} Injection result - Success (duration 41 ms)
2025/07/24T15:59:39.292-03:00 <Information> linux-lab02 [1285:28494 ]  {dypd:DYPD:28484-/usr/sbin/apache2:} Injecting
2025/07/24T15:59:39.292-03:00 <Information> linux-lab02 [1285:28494 ]  {dypd:DYPD:28484-/usr/sbin/apache2:} Attempting to attach to 28484
2025/07/24T15:59:39.292-03:00 <Information> linux-lab02 [1285:28494 ]  {dypd:DYPD:28484-/usr/sbin/apache2:} Attached successfully to pid 28484
2025/07/24T15:59:39.342-03:00 <Information> linux-lab02 [1285:28494 ]  {dypd:DYPD:28484-/usr/sbin/apache2:} Injection result - Success (duration 49 ms)
2025/07/24T15:59:39.343-03:00 <Information> linux-lab02 [1285:28495 ]  {dypd:DYPD:28485-/usr/sbin/apache2:} Injecting
2025/07/24T15:59:39.343-03:00 <Information> linux-lab02 [1285:28495 ]  {dypd:DYPD:28485-/usr/sbin/apache2:} Attempting to attach to 28485
2025/07/24T15:59:39.344-03:00 <Information> linux-lab02 [1285:28495 ]  {dypd:DYPD:28485-/usr/sbin/apache2:} Attached successfully to pid 28485
2025/07/24T15:59:39.402-03:00 <Information> linux-lab02 [1285:28495 ]  {dypd:DYPD:28485-/usr/sbin/apache2:} Injection result - Success (duration 59 ms)
2025/07/24T15:59:39.402-03:00 <Information> linux-lab02 [1285:28496 ]  {dypd:DYPD:28486-/usr/sbin/apache2:} Injecting
2025/07/24T15:59:39.403-03:00 <Information> linux-lab02 [1285:28496 ]  {dypd:DYPD:28486-/usr/sbin/apache2:} Attempting to attach to 28486
2025/07/24T15:59:39.403-03:00 <Information> linux-lab02 [1285:28496 ]  {dypd:DYPD:28486-/usr/sbin/apache2:} Attached successfully to pid 28486
2025/07/24T15:59:39.408-03:00 <Information> linux-lab02 [1285:28496 ]  {dypd:DYPD:28486-/usr/sbin/apache2:} Injection result - Success (duration 5 ms)
2025/07/24T15:59:39.408-03:00 <Information> linux-lab02 [1285:28497 ]  {dypd:DYPD:28487-/usr/sbin/apache2:} Injecting
2025/07/24T15:59:39.408-03:00 <Information> linux-lab02 [1285:28497 ]  {dypd:DYPD:28487-/usr/sbin/apache2:} Attempting to attach to 28487
2025/07/24T15:59:39.409-03:00 <Information> linux-lab02 [1285:28497 ]  {dypd:DYPD:28487-/usr/sbin/apache2:} Attached successfully to pid 28487
2025/07/24T15:59:39.414-03:00 <Information> linux-lab02 [1285:28497 ]  {dypd:DYPD:28487-/usr/sbin/apache2:} Injection result - Success (duration 5 ms)
2025/07/24T15:59:43.333-03:00 <Information> linux-lab02 [1285:28517 ]  {dypd:DYPD:28509-/usr/sbin/apache2:} Injecting
2025/07/24T15:59:43.333-03:00 <Information> linux-lab02 [1285:28517 ]  {dypd:DYPD:28509-/usr/sbin/apache2:} Attempting to attach to 28509
2025/07/24T15:59:43.333-03:00 <Information> linux-lab02 [1285:28517 ]  {dypd:DYPD:28509-/usr/sbin/apache2:} Attached successfully to pid 28509
2025/07/24T15:59:43.340-03:00 <Information> linux-lab02 [1285:28517 ]  {dypd:DYPD:28509-/usr/sbin/apache2:} Injection result - Success (duration 7 ms)
2025/07/24T15:59:43.371-03:00 <Information> linux-lab02 [1285:28518 ]  {dypd:DYPD:28510-/usr/sbin/apache2:} Injecting
2025/07/24T15:59:43.371-03:00 <Information> linux-lab02 [1285:28518 ]  {dypd:DYPD:28510-/usr/sbin/apache2:} Attempting to attach to 28510
2025/07/24T15:59:43.371-03:00 <Information> linux-lab02 [1285:28518 ]  {dypd:DYPD:28510-/usr/sbin/apache2:} Attached successfully to pid 28510
2025/07/24T15:59:43.376-03:00 <Information> linux-lab02 [1285:28518 ]  {dypd:DYPD:28510-/usr/sbin/apache2:} Injection result - Success (duration 5 ms)
2025/07/24T15:59:43.376-03:00 <Information> linux-lab02 [1285:28519 ]  {dypd:DYPD:28511-/usr/sbin/apache2:} Injecting
2025/07/24T15:59:43.376-03:00 <Information> linux-lab02 [1285:28519 ]  {dypd:DYPD:28511-/usr/sbin/apache2:} Attempting to attach to 28511
2025/07/24T15:59:43.376-03:00 <Information> linux-lab02 [1285:28519 ]  {dypd:DYPD:28511-/usr/sbin/apache2:} Attached successfully to pid 28511
2025/07/24T15:59:43.381-03:00 <Information> linux-lab02 [1285:28519 ]  {dypd:DYPD:28511-/usr/sbin/apache2:} Injection result - Success (duration 5 ms)
2025/07/24T15:59:43.381-03:00 <Information> linux-lab02 [1285:28520 ]  {dypd:DYPD:28512-/usr/sbin/apache2:} Injecting
2025/07/24T15:59:43.382-03:00 <Information> linux-lab02 [1285:28520 ]  {dypd:DYPD:28512-/usr/sbin/apache2:} Attempting to attach to 28512
2025/07/24T15:59:43.382-03:00 <Information> linux-lab02 [1285:28520 ]  {dypd:DYPD:28512-/usr/sbin/apache2:} Attached successfully to pid 28512
2025/07/24T15:59:43.388-03:00 <Information> linux-lab02 [1285:28520 ]  {dypd:DYPD:28512-/usr/sbin/apache2:} Injection result - Success (duration 6 ms)
2025/07/24T15:59:43.389-03:00 <Information> linux-lab02 [1285:28522 ]  {dypd:DYPD:28513-/usr/sbin/apache2:} Injecting
2025/07/24T15:59:43.389-03:00 <Information> linux-lab02 [1285:28522 ]  {dypd:DYPD:28513-/usr/sbin/apache2:} Attempting to attach to 28513
2025/07/24T15:59:43.390-03:00 <Information> linux-lab02 [1285:28522 ]  {dypd:DYPD:28513-/usr/sbin/apache2:} Attached successfully to pid 28513
2025/07/24T15:59:43.395-03:00 <Information> linux-lab02 [1285:28522 ]  {dypd:DYPD:28513-/usr/sbin/apache2:} Injection result - Success (duration 5 ms)
2025/07/24T15:59:43.395-03:00 <Information> linux-lab02 [1285:28523 ]  {dypd:DYPD:28514-/usr/sbin/apache2:} Injecting
2025/07/24T15:59:43.396-03:00 <Information> linux-lab02 [1285:28523 ]  {dypd:DYPD:28514-/usr/sbin/apache2:} Attempting to attach to 28514
2025/07/24T15:59:43.396-03:00 <Information> linux-lab02 [1285:28523 ]  {dypd:DYPD:28514-/usr/sbin/apache2:} Attached successfully to pid 28514
2025/07/24T15:59:43.401-03:00 <Information> linux-lab02 [1285:28523 ]  {dypd:DYPD:28514-/usr/sbin/apache2:} Injection result - Success (duration 5 ms)
2025/07/24T15:59:44.376-03:00 <Information> linux-lab02 [1285:28524 ]  {dypd:DYPD:28515-/usr/sbin/apache2:} Injecting
2025/07/24T15:59:44.376-03:00 <Information> linux-lab02 [1285:28524 ]  {dypd:DYPD:28515-/usr/sbin/apache2:} Attempting to attach to 28515
2025/07/24T15:59:44.377-03:00 <Information> linux-lab02 [1285:28524 ]  {dypd:DYPD:28515-/usr/sbin/apache2:} Attached successfully to pid 28515
2025/07/24T15:59:44.382-03:00 <Information> linux-lab02 [1285:28524 ]  {dypd:DYPD:28515-/usr/sbin/apache2:} Injection result - Success (duration 5 ms)
2025/07/24T15:59:48.151-03:00 <Information> linux-lab02 [1285:28543 ]  {dypd:DYPD:28536-/usr/sbin/apache2:} Injecting
2025/07/24T15:59:48.151-03:00 <Information> linux-lab02 [1285:28543 ]  {dypd:DYPD:28536-/usr/sbin/apache2:} Attempting to attach to 28536
2025/07/24T15:59:48.152-03:00 <Information> linux-lab02 [1285:28543 ]  {dypd:DYPD:28536-/usr/sbin/apache2:} Attached successfully to pid 28536
2025/07/24T15:59:48.204-03:00 <Information> linux-lab02 [1285:28543 ]  {dypd:DYPD:28536-/usr/sbin/apache2:} Injection result - Success (duration 53 ms)
2025/07/24T15:59:48.204-03:00 <Information> linux-lab02 [1285:28544 ]  {dypd:DYPD:28537-/usr/sbin/apache2:} Injecting
2025/07/24T15:59:48.205-03:00 <Information> linux-lab02 [1285:28544 ]  {dypd:DYPD:28537-/usr/sbin/apache2:} Attempting to attach to 28537
2025/07/24T15:59:48.205-03:00 <Information> linux-lab02 [1285:28544 ]  {dypd:DYPD:28537-/usr/sbin/apache2:} Attached successfully to pid 28537
2025/07/24T15:59:48.250-03:00 <Information> linux-lab02 [1285:28544 ]  {dypd:DYPD:28537-/usr/sbin/apache2:} Injection result - Success (duration 45 ms)
2025/07/24T15:59:48.251-03:00 <Information> linux-lab02 [1285:28546 ]  {dypd:DYPD:28538-/usr/sbin/apache2:} Injecting
2025/07/24T15:59:48.251-03:00 <Information> linux-lab02 [1285:28546 ]  {dypd:DYPD:28538-/usr/sbin/apache2:} Attempting to attach to 28538
2025/07/24T15:59:48.251-03:00 <Information> linux-lab02 [1285:28546 ]  {dypd:DYPD:28538-/usr/sbin/apache2:} Attached successfully to pid 28538
2025/07/24T15:59:48.297-03:00 <Information> linux-lab02 [1285:28546 ]  {dypd:DYPD:28538-/usr/sbin/apache2:} Injection result - Success (duration 45 ms)
2025/07/24T15:59:48.297-03:00 <Information> linux-lab02 [1285:28547 ]  {dypd:DYPD:28539-/usr/sbin/apache2:} Injecting
2025/07/24T15:59:48.298-03:00 <Information> linux-lab02 [1285:28547 ]  {dypd:DYPD:28539-/usr/sbin/apache2:} Attempting to attach to 28539
2025/07/24T15:59:48.298-03:00 <Information> linux-lab02 [1285:28547 ]  {dypd:DYPD:28539-/usr/sbin/apache2:} Attached successfully to pid 28539
2025/07/24T15:59:48.348-03:00 <Information> linux-lab02 [1285:28547 ]  {dypd:DYPD:28539-/usr/sbin/apache2:} Injection result - Success (duration 50 ms)
2025/07/24T15:59:48.349-03:00 <Information> linux-lab02 [1285:28548 ]  {dypd:DYPD:28540-/usr/sbin/apache2:} Injecting
2025/07/24T15:59:48.349-03:00 <Information> linux-lab02 [1285:28548 ]  {dypd:DYPD:28540-/usr/sbin/apache2:} Attempting to attach to 28540
2025/07/24T15:59:48.350-03:00 <Information> linux-lab02 [1285:28548 ]  {dypd:DYPD:28540-/usr/sbin/apache2:} Attached successfully to pid 28540
2025/07/24T15:59:48.401-03:00 <Information> linux-lab02 [1285:28548 ]  {dypd:DYPD:28540-/usr/sbin/apache2:} Injection result - Success (duration 52 ms)
2025/07/24T15:59:48.402-03:00 <Information> linux-lab02 [1285:28549 ]  {dypd:DYPD:28541-/usr/sbin/apache2:} Injecting
2025/07/24T15:59:48.403-03:00 <Information> linux-lab02 [1285:28549 ]  {dypd:DYPD:28541-/usr/sbin/apache2:} Attempting to attach to 28541
2025/07/24T15:59:48.403-03:00 <Information> linux-lab02 [1285:28549 ]  {dypd:DYPD:28541-/usr/sbin/apache2:} Attached successfully to pid 28541
2025/07/24T15:59:48.449-03:00 <Information> linux-lab02 [1285:28549 ]  {dypd:DYPD:28541-/usr/sbin/apache2:} Injection result - Success (duration 46 ms)
2025/07/24T15:59:49.193-03:00 <Information> linux-lab02 [1285:28550 ]  {dypd:DYPD:28542-/usr/sbin/apache2:} Injecting
2025/07/24T15:59:49.194-03:00 <Information> linux-lab02 [1285:28550 ]  {dypd:DYPD:28542-/usr/sbin/apache2:} Attempting to attach to 28542
2025/07/24T15:59:49.194-03:00 <Information> linux-lab02 [1285:28550 ]  {dypd:DYPD:28542-/usr/sbin/apache2:} Attached successfully to pid 28542
2025/07/24T15:59:49.199-03:00 <Information> linux-lab02 [1285:28550 ]  {dypd:DYPD:28542-/usr/sbin/apache2:} Injection result - Success (duration 5 ms)
2025/07/24T15:59:51.249-03:00 <Information> linux-lab02 [1285:28551 ]  {dypd:DYPD:28545-/usr/sbin/apache2:} Injecting
2025/07/24T15:59:51.249-03:00 <Information> linux-lab02 [1285:28551 ]  {dypd:DYPD:28545-/usr/sbin/apache2:} Attempting to attach to 28545
2025/07/24T15:59:51.249-03:00 <Information> linux-lab02 [1285:28551 ]  {dypd:DYPD:28545-/usr/sbin/apache2:} Attached successfully to pid 28545
2025/07/24T15:59:51.252-03:00 <Information> linux-lab02 [1285:28551 ]  {dypd:DYPD:28545-/usr/sbin/apache2:Reconnect:} Doing reconnect to libmoduleng, is64=1
2025/07/24T15:59:51.252-03:00 <Information> linux-lab02 [1285:28551 ]  {dypd:DYPD:28545-/usr/sbin/apache2:Reconnect:} Successfully reconnected to new libmodule
2025/07/24T15:59:51.253-03:00 <Information> linux-lab02 [1285:28551 ]  {dypd:DYPD:28545-/usr/sbin/apache2:} Injection result - Success (duration 3 ms)
2025/07/24T16:00:22.291-03:00 <Information> linux-lab02 [1285:28566 ]  {dypd:DYPD:28563-/usr/sbin/apache2:} Injecting
2025/07/24T16:00:22.291-03:00 <Information> linux-lab02 [1285:28566 ]  {dypd:DYPD:28563-/usr/sbin/apache2:} Attempting to attach to 28563
2025/07/24T16:00:22.292-03:00 <Information> linux-lab02 [1285:28566 ]  {dypd:DYPD:28563-/usr/sbin/apache2:} Attached successfully to pid 28563
2025/07/24T16:00:22.293-03:00 <Information> linux-lab02 [1285:28566 ]  {dypd:DYPD:28563-/usr/sbin/apache2:Reconnect:} Doing reconnect to libmoduleng, is64=1
2025/07/24T16:00:22.294-03:00 <Information> linux-lab02 [1285:28566 ]  {dypd:DYPD:28563-/usr/sbin/apache2:Reconnect:} Successfully reconnected to new libmodule
2025/07/24T16:00:22.294-03:00 <Information> linux-lab02 [1285:28566 ]  {dypd:DYPD:28563-/usr/sbin/apache2:} Injection result - Success (duration 2 ms)
2025/07/24T16:00:23.298-03:00 <Information> linux-lab02 [1285:28567 ]  {dypd:DYPD:28564-/usr/sbin/apache2:} Injecting
2025/07/24T16:00:23.299-03:00 <Information> linux-lab02 [1285:28567 ]  {dypd:DYPD:28564-/usr/sbin/apache2:} Attempting to attach to 28564
2025/07/24T16:00:23.299-03:00 <Information> linux-lab02 [1285:28567 ]  {dypd:DYPD:28564-/usr/sbin/apache2:} Attached successfully to pid 28564
2025/07/24T16:00:23.308-03:00 <Information> linux-lab02 [1285:28567 ]  {dypd:DYPD:28564-/usr/sbin/apache2:Reconnect:} Doing reconnect to libmoduleng, is64=1
2025/07/24T16:00:23.310-03:00 <Information> linux-lab02 [1285:28567 ]  {dypd:DYPD:28564-/usr/sbin/apache2:Reconnect:} Successfully reconnected to new libmodule
2025/07/24T16:00:23.310-03:00 <Information> linux-lab02 [1285:28567 ]  {dypd:DYPD:28564-/usr/sbin/apache2:} Injection result - Success (duration 11 ms)
2025/07/24T16:00:23.311-03:00 <Information> linux-lab02 [1285:28568 ]  {dypd:DYPD:28565-/usr/sbin/apache2:} Injecting
2025/07/24T16:00:23.312-03:00 <Information> linux-lab02 [1285:28568 ]  {dypd:DYPD:28565-/usr/sbin/apache2:} Attempting to attach to 28565
2025/07/24T16:00:23.312-03:00 <Information> linux-lab02 [1285:28568 ]  {dypd:DYPD:28565-/usr/sbin/apache2:} Attached successfully to pid 28565
2025/07/24T16:00:23.318-03:00 <Information> linux-lab02 [1285:28568 ]  {dypd:DYPD:28565-/usr/sbin/apache2:Reconnect:} Doing reconnect to libmoduleng, is64=1
2025/07/24T16:00:23.318-03:00 <Information> linux-lab02 [1285:28568 ]  {dypd:DYPD:28565-/usr/sbin/apache2:Reconnect:} Successfully reconnected to new libmodule
2025/07/24T16:00:23.319-03:00 <Information> linux-lab02 [1285:28568 ]  {dypd:DYPD:28565-/usr/sbin/apache2:} Injection result - Success (duration 7 ms)
2025/07/24T16:10:08.378-03:00 <Information> linux-lab02 [1285:28816 ]  {dypd:DYPD:28807-/usr/sbin/apache2:} Injecting
2025/07/24T16:10:08.379-03:00 <Information> linux-lab02 [1285:28816 ]  {dypd:DYPD:28807-/usr/sbin/apache2:} Attempting to attach to 28807
2025/07/24T16:10:08.379-03:00 <Information> linux-lab02 [1285:28816 ]  {dypd:DYPD:28807-/usr/sbin/apache2:} Attached successfully to pid 28807
2025/07/24T16:10:08.434-03:00 <Information> linux-lab02 [1285:28816 ]  {dypd:DYPD:28807-/usr/sbin/apache2:} Injection result - Success (duration 54 ms)
2025/07/24T16:10:08.480-03:00 <Information> linux-lab02 [1285:28817 ]  {dypd:DYPD:28808-/usr/sbin/apache2:} Injecting
2025/07/24T16:10:08.480-03:00 <Information> linux-lab02 [1285:28817 ]  {dypd:DYPD:28808-/usr/sbin/apache2:} Attempting to attach to 28808
2025/07/24T16:10:08.481-03:00 <Information> linux-lab02 [1285:28817 ]  {dypd:DYPD:28808-/usr/sbin/apache2:} Attached successfully to pid 28808
2025/07/24T16:10:08.530-03:00 <Information> linux-lab02 [1285:28817 ]  {dypd:DYPD:28808-/usr/sbin/apache2:} Injection result - Success (duration 49 ms)
2025/07/24T16:10:08.530-03:00 <Information> linux-lab02 [1285:28818 ]  {dypd:DYPD:28809-/usr/sbin/apache2:} Injecting
2025/07/24T16:10:08.531-03:00 <Information> linux-lab02 [1285:28818 ]  {dypd:DYPD:28809-/usr/sbin/apache2:} Attempting to attach to 28809
2025/07/24T16:10:08.531-03:00 <Information> linux-lab02 [1285:28818 ]  {dypd:DYPD:28809-/usr/sbin/apache2:} Attached successfully to pid 28809
2025/07/24T16:10:08.565-03:00 <Information> linux-lab02 [1285:28818 ]  {dypd:DYPD:28809-/usr/sbin/apache2:} Injection result - Success (duration 34 ms)
2025/07/24T16:10:08.565-03:00 <Information> linux-lab02 [1285:28819 ]  {dypd:DYPD:28810-/usr/sbin/apache2:} Injecting
2025/07/24T16:10:08.565-03:00 <Information> linux-lab02 [1285:28819 ]  {dypd:DYPD:28810-/usr/sbin/apache2:} Attempting to attach to 28810
2025/07/24T16:10:08.566-03:00 <Information> linux-lab02 [1285:28819 ]  {dypd:DYPD:28810-/usr/sbin/apache2:} Attached successfully to pid 28810
2025/07/24T16:10:08.615-03:00 <Information> linux-lab02 [1285:28819 ]  {dypd:DYPD:28810-/usr/sbin/apache2:} Injection result - Success (duration 50 ms)
2025/07/24T16:10:08.616-03:00 <Information> linux-lab02 [1285:28820 ]  {dypd:DYPD:28811-/usr/sbin/apache2:} Injecting
2025/07/24T16:10:08.616-03:00 <Information> linux-lab02 [1285:28820 ]  {dypd:DYPD:28811-/usr/sbin/apache2:} Attempting to attach to 28811
2025/07/24T16:10:08.617-03:00 <Information> linux-lab02 [1285:28820 ]  {dypd:DYPD:28811-/usr/sbin/apache2:} Attached successfully to pid 28811
2025/07/24T16:10:08.668-03:00 <Information> linux-lab02 [1285:28820 ]  {dypd:DYPD:28811-/usr/sbin/apache2:} Injection result - Success (duration 51 ms)
2025/07/24T16:10:08.668-03:00 <Information> linux-lab02 [1285:28821 ]  {dypd:DYPD:28812-/usr/sbin/apache2:} Injecting
2025/07/24T16:10:08.668-03:00 <Information> linux-lab02 [1285:28821 ]  {dypd:DYPD:28812-/usr/sbin/apache2:} Attempting to attach to 28812
2025/07/24T16:10:08.668-03:00 <Information> linux-lab02 [1285:28821 ]  {dypd:DYPD:28812-/usr/sbin/apache2:} Attached successfully to pid 28812
2025/07/24T16:10:08.716-03:00 <Information> linux-lab02 [1285:28821 ]  {dypd:DYPD:28812-/usr/sbin/apache2:} Injection result - Success (duration 47 ms)
2025/07/24T16:10:09.495-03:00 <Information> linux-lab02 [1285:28822 ]  {dypd:DYPD:28813-/usr/sbin/apache2:} Injecting
2025/07/24T16:10:09.496-03:00 <Information> linux-lab02 [1285:28822 ]  {dypd:DYPD:28813-/usr/sbin/apache2:} Attempting to attach to 28813
2025/07/24T16:10:09.496-03:00 <Information> linux-lab02 [1285:28822 ]  {dypd:DYPD:28813-/usr/sbin/apache2:} Attached successfully to pid 28813
2025/07/24T16:10:09.537-03:00 <Information> linux-lab02 [1285:28822 ]  {dypd:DYPD:28813-/usr/sbin/apache2:} Injection result - Success (duration 41 ms)
2025/07/24T16:10:10.500-03:00 <Information> linux-lab02 [1285:28823 ]  {dypd:DYPD:28814-/usr/sbin/apache2:} Injecting
2025/07/24T16:10:10.500-03:00 <Information> linux-lab02 [1285:28823 ]  {dypd:DYPD:28814-/usr/sbin/apache2:} Attempting to attach to 28814
2025/07/24T16:10:10.500-03:00 <Information> linux-lab02 [1285:28823 ]  {dypd:DYPD:28814-/usr/sbin/apache2:} Attached successfully to pid 28814
2025/07/24T16:10:10.550-03:00 <Information> linux-lab02 [1285:28823 ]  {dypd:DYPD:28814-/usr/sbin/apache2:} Injection result - Success (duration 50 ms)
2025/07/24T16:10:10.551-03:00 <Information> linux-lab02 [1285:28824 ]  {dypd:DYPD:28815-/usr/sbin/apache2:} Injecting
2025/07/24T16:10:10.551-03:00 <Information> linux-lab02 [1285:28824 ]  {dypd:DYPD:28815-/usr/sbin/apache2:} Attempting to attach to 28815
2025/07/24T16:10:10.551-03:00 <Information> linux-lab02 [1285:28824 ]  {dypd:DYPD:28815-/usr/sbin/apache2:} Attached successfully to pid 28815
2025/07/24T16:10:10.600-03:00 <Information> linux-lab02 [1285:28824 ]  {dypd:DYPD:28815-/usr/sbin/apache2:} Injection result - Success (duration 48 ms)
2025/07/24T16:10:37.595-03:00 <Information> linux-lab02 [1285:28828 ]  {dypd:DYPD:28825-/usr/sbin/apache2:} Injecting
2025/07/24T16:10:37.595-03:00 <Information> linux-lab02 [1285:28828 ]  {dypd:DYPD:28825-/usr/sbin/apache2:} Attempting to attach to 28825
2025/07/24T16:10:37.595-03:00 <Information> linux-lab02 [1285:28828 ]  {dypd:DYPD:28825-/usr/sbin/apache2:} Attached successfully to pid 28825
2025/07/24T16:10:37.597-03:00 <Information> linux-lab02 [1285:28828 ]  {dypd:DYPD:28825-/usr/sbin/apache2:Reconnect:} Doing reconnect to libmoduleng, is64=1
2025/07/24T16:10:37.598-03:00 <Information> linux-lab02 [1285:28828 ]  {dypd:DYPD:28825-/usr/sbin/apache2:Reconnect:} Successfully reconnected to new libmodule
2025/07/24T16:10:37.598-03:00 <Information> linux-lab02 [1285:28828 ]  {dypd:DYPD:28825-/usr/sbin/apache2:} Injection result - Success (duration 3 ms)
2025/07/24T16:10:38.597-03:00 <Information> linux-lab02 [1285:28829 ]  {dypd:DYPD:28826-/usr/sbin/apache2:} Injecting
2025/07/24T16:10:38.597-03:00 <Information> linux-lab02 [1285:28829 ]  {dypd:DYPD:28826-/usr/sbin/apache2:} Attempting to attach to 28826
2025/07/24T16:10:38.597-03:00 <Information> linux-lab02 [1285:28829 ]  {dypd:DYPD:28826-/usr/sbin/apache2:} Attached successfully to pid 28826
2025/07/24T16:10:38.599-03:00 <Information> linux-lab02 [1285:28829 ]  {dypd:DYPD:28826-/usr/sbin/apache2:Reconnect:} Doing reconnect to libmoduleng, is64=1
2025/07/24T16:10:38.599-03:00 <Information> linux-lab02 [1285:28829 ]  {dypd:DYPD:28826-/usr/sbin/apache2:Reconnect:} Successfully reconnected to new libmodule
2025/07/24T16:10:38.600-03:00 <Information> linux-lab02 [1285:28829 ]  {dypd:DYPD:28826-/usr/sbin/apache2:} Injection result - Success (duration 2 ms)
2025/07/24T16:10:38.600-03:00 <Information> linux-lab02 [1285:28830 ]  {dypd:DYPD:28827-/usr/sbin/apache2:} Injecting
2025/07/24T16:10:38.600-03:00 <Information> linux-lab02 [1285:28830 ]  {dypd:DYPD:28827-/usr/sbin/apache2:} Attempting to attach to 28827
2025/07/24T16:10:38.600-03:00 <Information> linux-lab02 [1285:28830 ]  {dypd:DYPD:28827-/usr/sbin/apache2:} Attached successfully to pid 28827
2025/07/24T16:10:38.602-03:00 <Information> linux-lab02 [1285:28830 ]  {dypd:DYPD:28827-/usr/sbin/apache2:Reconnect:} Doing reconnect to libmoduleng, is64=1
2025/07/24T16:10:38.602-03:00 <Information> linux-lab02 [1285:28830 ]  {dypd:DYPD:28827-/usr/sbin/apache2:Reconnect:} Successfully reconnected to new libmodule
2025/07/24T16:10:38.602-03:00 <Information> linux-lab02 [1285:28830 ]  {dypd:DYPD:28827-/usr/sbin/apache2:} Injection result - Success (duration 2 ms)
2025/07/24T16:19:41.871-03:00 <Information> linux-lab02 [1285:28923 ]  {dypd:DYPD:28916-/usr/sbin/apache2:} Injecting
2025/07/24T16:19:41.872-03:00 <Information> linux-lab02 [1285:28923 ]  {dypd:DYPD:28916-/usr/sbin/apache2:} Attempting to attach to 28916
2025/07/24T16:19:41.872-03:00 <Information> linux-lab02 [1285:28923 ]  {dypd:DYPD:28916-/usr/sbin/apache2:} Attached successfully to pid 28916
2025/07/24T16:19:41.885-03:00 <Information> linux-lab02 [1285:28923 ]  {dypd:DYPD:28916-/usr/sbin/apache2:} Injection result - Success (duration 13 ms)
2025/07/24T16:19:41.947-03:00 <Information> linux-lab02 [1285:28924 ]  {dypd:DYPD:28917-/usr/sbin/apache2:} Injecting
2025/07/24T16:19:41.947-03:00 <Information> linux-lab02 [1285:28924 ]  {dypd:DYPD:28917-/usr/sbin/apache2:} Attempting to attach to 28917
2025/07/24T16:19:41.947-03:00 <Information> linux-lab02 [1285:28924 ]  {dypd:DYPD:28917-/usr/sbin/apache2:} Attached successfully to pid 28917
2025/07/24T16:19:41.954-03:00 <Information> linux-lab02 [1285:28924 ]  {dypd:DYPD:28917-/usr/sbin/apache2:} Injection result - Success (duration 6 ms)
2025/07/24T16:19:41.954-03:00 <Information> linux-lab02 [1285:28925 ]  {dypd:DYPD:28918-/usr/sbin/apache2:} Injecting
2025/07/24T16:19:41.954-03:00 <Information> linux-lab02 [1285:28925 ]  {dypd:DYPD:28918-/usr/sbin/apache2:} Attempting to attach to 28918
2025/07/24T16:19:41.954-03:00 <Information> linux-lab02 [1285:28925 ]  {dypd:DYPD:28918-/usr/sbin/apache2:} Attached successfully to pid 28918
2025/07/24T16:19:41.963-03:00 <Information> linux-lab02 [1285:28925 ]  {dypd:DYPD:28918-/usr/sbin/apache2:} Injection result - Success (duration 8 ms)
2025/07/24T16:19:41.963-03:00 <Information> linux-lab02 [1285:28926 ]  {dypd:DYPD:28919-/usr/sbin/apache2:} Injecting
2025/07/24T16:19:41.963-03:00 <Information> linux-lab02 [1285:28926 ]  {dypd:DYPD:28919-/usr/sbin/apache2:} Attempting to attach to 28919
2025/07/24T16:19:41.963-03:00 <Information> linux-lab02 [1285:28926 ]  {dypd:DYPD:28919-/usr/sbin/apache2:} Attached successfully to pid 28919
2025/07/24T16:19:41.991-03:00 <Information> linux-lab02 [1285:28926 ]  {dypd:DYPD:28919-/usr/sbin/apache2:} Injection result - Success (duration 27 ms)
2025/07/24T16:19:41.991-03:00 <Information> linux-lab02 [1285:28927 ]  {dypd:DYPD:28920-/usr/sbin/apache2:} Injecting
2025/07/24T16:19:41.992-03:00 <Information> linux-lab02 [1285:28927 ]  {dypd:DYPD:28920-/usr/sbin/apache2:} Attempting to attach to 28920
2025/07/24T16:19:41.992-03:00 <Information> linux-lab02 [1285:28927 ]  {dypd:DYPD:28920-/usr/sbin/apache2:} Attached successfully to pid 28920
2025/07/24T16:19:41.997-03:00 <Information> linux-lab02 [1285:28927 ]  {dypd:DYPD:28920-/usr/sbin/apache2:} Injection result - Success (duration 5 ms)
2025/07/24T16:19:41.997-03:00 <Information> linux-lab02 [1285:28928 ]  {dypd:DYPD:28921-/usr/sbin/apache2:} Injecting
2025/07/24T16:19:41.997-03:00 <Information> linux-lab02 [1285:28928 ]  {dypd:DYPD:28921-/usr/sbin/apache2:} Attempting to attach to 28921
2025/07/24T16:19:41.998-03:00 <Information> linux-lab02 [1285:28928 ]  {dypd:DYPD:28921-/usr/sbin/apache2:} Attached successfully to pid 28921
2025/07/24T16:19:42.043-03:00 <Information> linux-lab02 [1285:28928 ]  {dypd:DYPD:28921-/usr/sbin/apache2:} Injection result - Success (duration 45 ms)
2025/07/24T16:19:42.967-03:00 <Information> linux-lab02 [1285:28929 ]  {dypd:DYPD:28922-/usr/sbin/apache2:} Injecting
2025/07/24T16:19:42.967-03:00 <Information> linux-lab02 [1285:28929 ]  {dypd:DYPD:28922-/usr/sbin/apache2:} Attempting to attach to 28922
2025/07/24T16:19:42.967-03:00 <Information> linux-lab02 [1285:28929 ]  {dypd:DYPD:28922-/usr/sbin/apache2:} Attached successfully to pid 28922
2025/07/24T16:19:43.012-03:00 <Information> linux-lab02 [1285:28929 ]  {dypd:DYPD:28922-/usr/sbin/apache2:} Injection result - Success (duration 44 ms)
2025/07/24T16:19:45.984-03:00 <Information> linux-lab02 [1285:28931 ]  {dypd:DYPD:28930-/usr/sbin/apache2:} Injecting
2025/07/24T16:19:45.985-03:00 <Information> linux-lab02 [1285:28931 ]  {dypd:DYPD:28930-/usr/sbin/apache2:} Attempting to attach to 28930
2025/07/24T16:19:45.985-03:00 <Information> linux-lab02 [1285:28931 ]  {dypd:DYPD:28930-/usr/sbin/apache2:} Attached successfully to pid 28930
2025/07/24T16:19:45.987-03:00 <Information> linux-lab02 [1285:28931 ]  {dypd:DYPD:28930-/usr/sbin/apache2:Reconnect:} Doing reconnect to libmoduleng, is64=1
2025/07/24T16:19:45.988-03:00 <Information> linux-lab02 [1285:28931 ]  {dypd:DYPD:28930-/usr/sbin/apache2:Reconnect:} Successfully reconnected to new libmodule
2025/07/24T16:19:45.988-03:00 <Information> linux-lab02 [1285:28931 ]  {dypd:DYPD:28930-/usr/sbin/apache2:} Injection result - Success (duration 3 ms)
2025/07/24T16:20:17.019-03:00 <Information> linux-lab02 [1285:28940 ]  {dypd:DYPD:28937-/usr/sbin/apache2:} Injecting
2025/07/24T16:20:17.019-03:00 <Information> linux-lab02 [1285:28940 ]  {dypd:DYPD:28937-/usr/sbin/apache2:} Attempting to attach to 28937
2025/07/24T16:20:17.019-03:00 <Information> linux-lab02 [1285:28940 ]  {dypd:DYPD:28937-/usr/sbin/apache2:} Attached successfully to pid 28937
2025/07/24T16:20:17.022-03:00 <Information> linux-lab02 [1285:28940 ]  {dypd:DYPD:28937-/usr/sbin/apache2:Reconnect:} Doing reconnect to libmoduleng, is64=1
2025/07/24T16:20:17.022-03:00 <Information> linux-lab02 [1285:28940 ]  {dypd:DYPD:28937-/usr/sbin/apache2:Reconnect:} Successfully reconnected to new libmodule
2025/07/24T16:20:17.022-03:00 <Information> linux-lab02 [1285:28940 ]  {dypd:DYPD:28937-/usr/sbin/apache2:} Injection result - Success (duration 3 ms)
2025/07/24T16:20:18.030-03:00 <Information> linux-lab02 [1285:28941 ]  {dypd:DYPD:28938-/usr/sbin/apache2:} Injecting
2025/07/24T16:20:18.030-03:00 <Information> linux-lab02 [1285:28941 ]  {dypd:DYPD:28938-/usr/sbin/apache2:} Attempting to attach to 28938
2025/07/24T16:20:18.030-03:00 <Information> linux-lab02 [1285:28941 ]  {dypd:DYPD:28938-/usr/sbin/apache2:} Attached successfully to pid 28938
2025/07/24T16:20:18.033-03:00 <Information> linux-lab02 [1285:28941 ]  {dypd:DYPD:28938-/usr/sbin/apache2:Reconnect:} Doing reconnect to libmoduleng, is64=1
2025/07/24T16:20:18.033-03:00 <Information> linux-lab02 [1285:28941 ]  {dypd:DYPD:28938-/usr/sbin/apache2:Reconnect:} Successfully reconnected to new libmodule
2025/07/24T16:20:18.033-03:00 <Information> linux-lab02 [1285:28941 ]  {dypd:DYPD:28938-/usr/sbin/apache2:} Injection result - Success (duration 3 ms)
2025/07/24T16:20:18.101-03:00 <Information> linux-lab02 [1285:28942 ]  {dypd:DYPD:28939-/usr/sbin/apache2:} Injecting
2025/07/24T16:20:18.101-03:00 <Information> linux-lab02 [1285:28942 ]  {dypd:DYPD:28939-/usr/sbin/apache2:} Attempting to attach to 28939
2025/07/24T16:20:18.102-03:00 <Information> linux-lab02 [1285:28942 ]  {dypd:DYPD:28939-/usr/sbin/apache2:} Attached successfully to pid 28939
2025/07/24T16:20:18.106-03:00 <Information> linux-lab02 [1285:28942 ]  {dypd:DYPD:28939-/usr/sbin/apache2:Reconnect:} Doing reconnect to libmoduleng, is64=1
2025/07/24T16:20:18.108-03:00 <Information> linux-lab02 [1285:28942 ]  {dypd:DYPD:28939-/usr/sbin/apache2:Reconnect:} Successfully reconnected to new libmodule
2025/07/24T16:20:18.108-03:00 <Information> linux-lab02 [1285:28942 ]  {dypd:DYPD:28939-/usr/sbin/apache2:} Injection result - Success (duration 7 ms)
2025/07/24T16:58:49.436-03:00 <Information> linux-lab02 [1285:29304 ]  {dypd:DYPD:29301-/usr/sbin/apache2:} Injecting
2025/07/24T16:58:49.436-03:00 <Information> linux-lab02 [1285:29304 ]  {dypd:DYPD:29301-/usr/sbin/apache2:} Attempting to attach to 29301
2025/07/24T16:58:49.436-03:00 <Information> linux-lab02 [1285:29304 ]  {dypd:DYPD:29301-/usr/sbin/apache2:} Attached successfully to pid 29301
2025/07/24T16:58:49.439-03:00 <Information> linux-lab02 [1285:29304 ]  {dypd:DYPD:29301-/usr/sbin/apache2:Reconnect:} Doing reconnect to libmoduleng, is64=1
2025/07/24T16:58:49.439-03:00 <Information> linux-lab02 [1285:29304 ]  {dypd:DYPD:29301-/usr/sbin/apache2:Reconnect:} Successfully reconnected to new libmodule
2025/07/24T16:58:49.440-03:00 <Information> linux-lab02 [1285:29304 ]  {dypd:DYPD:29301-/usr/sbin/apache2:} Injection result - Success (duration 4 ms)
2025/07/24T16:58:50.481-03:00 <Information> linux-lab02 [1285:29305 ]  {dypd:DYPD:29302-/usr/sbin/apache2:} Injecting
2025/07/24T16:58:50.481-03:00 <Information> linux-lab02 [1285:29305 ]  {dypd:DYPD:29302-/usr/sbin/apache2:} Attempting to attach to 29302
2025/07/24T16:58:50.482-03:00 <Information> linux-lab02 [1285:29305 ]  {dypd:DYPD:29302-/usr/sbin/apache2:} Attached successfully to pid 29302
2025/07/24T16:58:50.485-03:00 <Information> linux-lab02 [1285:29305 ]  {dypd:DYPD:29302-/usr/sbin/apache2:Reconnect:} Doing reconnect to libmoduleng, is64=1
2025/07/24T16:58:50.486-03:00 <Information> linux-lab02 [1285:29305 ]  {dypd:DYPD:29302-/usr/sbin/apache2:Reconnect:} Successfully reconnected to new libmodule
2025/07/24T16:58:50.486-03:00 <Information> linux-lab02 [1285:29305 ]  {dypd:DYPD:29302-/usr/sbin/apache2:} Injection result - Success (duration 5 ms)
2025/07/24T16:58:50.530-03:00 <Information> linux-lab02 [1285:29306 ]  {dypd:DYPD:29303-/usr/sbin/apache2:} Injecting
2025/07/24T16:58:50.530-03:00 <Information> linux-lab02 [1285:29306 ]  {dypd:DYPD:29303-/usr/sbin/apache2:} Attempting to attach to 29303
2025/07/24T16:58:50.531-03:00 <Information> linux-lab02 [1285:29306 ]  {dypd:DYPD:29303-/usr/sbin/apache2:} Attached successfully to pid 29303
2025/07/24T16:58:50.535-03:00 <Information> linux-lab02 [1285:29306 ]  {dypd:DYPD:29303-/usr/sbin/apache2:Reconnect:} Doing reconnect to libmoduleng, is64=1
2025/07/24T16:58:50.536-03:00 <Information> linux-lab02 [1285:29306 ]  {dypd:DYPD:29303-/usr/sbin/apache2:Reconnect:} Successfully reconnected to new libmodule
2025/07/24T16:58:50.536-03:00 <Information> linux-lab02 [1285:29306 ]  {dypd:DYPD:29303-/usr/sbin/apache2:} Injection result - Success (duration 5 ms)
2025/07/24T17:14:10.343-03:00 <Information> linux-lab02 [1285:29493 ]  {dypd:DYPD:29491-/usr/sbin/apache2:} Injecting
2025/07/24T17:14:10.343-03:00 <Information> linux-lab02 [1285:29493 ]  {dypd:DYPD:29491-/usr/sbin/apache2:} Executable changed '/usr/sbin/apache2' -> '/usr/bin/dash', cancelling injection
2025/07/24T17:14:10.343-03:00 <Information> linux-lab02 [1285:29493 ]  {dypd:DYPD:29491-/usr/sbin/apache2:} Injection result - Failure (duration 0 ms)
2025/07/24T17:37:18.608-03:00 <Information> linux-lab02 [1285:29816 ]  {dypd:DYPD:29802-/usr/sbin/apache2:} Injecting
2025/07/24T17:37:18.608-03:00 <Information> linux-lab02 [1285:29816 ]  {dypd:DYPD:29802-/usr/sbin/apache2:} Executable changed '/usr/sbin/apache2' -> '/usr/bin/dash', cancelling injection
2025/07/24T17:37:18.608-03:00 <Information> linux-lab02 [1285:29816 ]  {dypd:DYPD:29802-/usr/sbin/apache2:} Injection result - Failure (duration 0 ms)
