RunTime,ExecutableName
2025-07-08 19:19:56,\VOLUME{01da6ccaad22ad19-96ad979b}\PROGRAM FILES\MICROSOFT OFFICE\ROOT\VFS\PROGRAMFILESCOMMONX64\MICROSOFT SHARED\OFFICE16\AI\AI.EXE
2025-07-08 19:15:11,\VOLUME{01da6ccaad22ad19-96ad979b}\PROGRAM FILES\MICROSOFT OFFICE\ROOT\VFS\PROGRAMFILESCOMMONX64\MICROSOFT SHARED\OFFICE16\AI\AI.EXE
2025-07-08 18:59:24,\VOLUME{01da6ccaad22ad19-96ad979b}\PROGRAM FILES\MICROSOFT OFFICE\ROOT\VFS\PROGRAMFILESCOMMONX64\MICROSOFT SHARED\OFFICE16\AI\AI.EXE
2025-07-08 18:36:47,\VOLUME{01da6ccaad22ad19-96ad979b}\PROGRAM FILES\MICROSOFT OFFICE\ROOT\VFS\PROGRAMFILESCOMMONX64\MICROSOFT SHARED\OFFICE16\AI\AI.EXE
2025-07-08 18:19:07,\VOLUME{01da6ccaad22ad19-96ad979b}\PROGRAM FILES\MICROSOFT OFFICE\ROOT\VFS\PROGRAMFILESCOMMONX64\MICROSOFT SHARED\OFFICE16\AI\AI.EXE
2025-07-08 18:18:41,\VOLUME{01da6ccaad22ad19-96ad979b}\PROGRAM FILES\MICROSOFT OFFICE\ROOT\VFS\PROGRAMFILESCOMMONX64\MICROSOFT SHARED\OFFICE16\AI\AI.EXE
2025-07-08 17:26:46,\VOLUME{01da6ccaad22ad19-96ad979b}\PROGRAM FILES\MICROSOFT OFFICE\ROOT\VFS\PROGRAMFILESCOMMONX64\MICROSOFT SHARED\OFFICE16\AI\AI.EXE
2025-07-09 17:22:21,\VOLUME{01da6ccaad22ad19-96ad979b}\USERS\CLIENT\AMCACHEPARSER\AMCACHEPARSER.EXE
2025-07-09 16:25:32,\VOLUME{01da6ccaad22ad19-96ad979b}\USERS\CLIENT\AMCACHEPARSER\AMCACHEPARSER.EXE
2025-07-09 15:32:50,\VOLUME{01da6ccaad22ad19-96ad979b}\USERS\CLIENT\AMCACHEPARSER\AMCACHEPARSER.EXE
2025-07-09 16:56:08,\VOLUME{01da6ccaad22ad19-96ad979b}\WINDOWS\SYSTEM32\APPLICATIONFRAMEHOST.EXE
2025-07-09 14:57:23,\VOLUME{01da6ccaad22ad19-96ad979b}\WINDOWS\SYSTEM32\APPLICATIONFRAMEHOST.EXE
2025-07-08 20:26:26,\VOLUME{01da6ccaad22ad19-96ad979b}\WINDOWS\SYSTEM32\APPLICATIONFRAMEHOST.EXE
2025-07-08 20:10:47,\VOLUME{01da6ccaad22ad19-96ad979b}\WINDOWS\SYSTEM32\APPLICATIONFRAMEHOST.EXE
2025-07-08 19:35:31,\VOLUME{01da6ccaad22ad19-96ad979b}\WINDOWS\SYSTEM32\APPLICATIONFRAMEHOST.EXE
2025-07-08 19:16:56,\VOLUME{01da6ccaad22ad19-96ad979b}\WINDOWS\SYSTEM32\APPLICATIONFRAMEHOST.EXE
2025-07-08 19:02:51,\VOLUME{01da6ccaad22ad19-96ad979b}\WINDOWS\SYSTEM32\APPLICATIONFRAMEHOST.EXE
2025-07-08 18:45:34,\VOLUME{01da6ccaad22ad19-96ad979b}\WINDOWS\SYSTEM32\APPLICATIONFRAMEHOST.EXE
2025-07-09 17:19:43,\VOLUME{01da6ccaad22ad19-96ad979b}\WINDOWS\SYSTEM32\AUDIODG.EXE
2025-07-09 17:05:12,\VOLUME{01da6ccaad22ad19-96ad979b}\WINDOWS\SYSTEM32\AUDIODG.EXE
2025-07-09 16:49:21,\VOLUME{01da6ccaad22ad19-96ad979b}\WINDOWS\SYSTEM32\AUDIODG.EXE
2025-07-09 16:41:21,\VOLUME{01da6ccaad22ad19-96ad979b}\WINDOWS\SYSTEM32\AUDIODG.EXE
2025-07-09 16:35:33,\VOLUME{01da6ccaad22ad19-96ad979b}\WINDOWS\SYSTEM32\AUDIODG.EXE
2025-07-09 16:15:25,\VOLUME{01da6ccaad22ad19-96ad979b}\WINDOWS\SYSTEM32\AUDIODG.EXE
2025-07-09 16:09:26,\VOLUME{01da6ccaad22ad19-96ad979b}\WINDOWS\SYSTEM32\AUDIODG.EXE
2025-07-09 15:55:25,\VOLUME{01da6ccaad22ad19-96ad979b}\WINDOWS\SYSTEM32\AUDIODG.EXE
2025-07-09 16:45:41,\VOLUME{01da6ccaad22ad19-96ad979b}\PROGRAM FILES\SOPHOS\AUTOUPDATE\TELEMETRY\AUTELEM.EXE
2025-07-09 17:00:19,\VOLUME{01da6ccaad22ad19-96ad979b}\WINDOWS\SYSTEM32\BACKGROUNDTASKHOST.EXE
2025-07-09 16:44:39,\VOLUME{01da6ccaad22ad19-96ad979b}\WINDOWS\SYSTEM32\BACKGROUNDTASKHOST.EXE
2025-07-09 16:09:22,\VOLUME{01da6ccaad22ad19-96ad979b}\WINDOWS\SYSTEM32\BACKGROUNDTASKHOST.EXE
2025-07-09 15:20:51,\VOLUME{01da6ccaad22ad19-96ad979b}\WINDOWS\SYSTEM32\BACKGROUNDTASKHOST.EXE
2025-07-09 15:16:33,\VOLUME{01da6ccaad22ad19-96ad979b}\WINDOWS\SYSTEM32\BACKGROUNDTASKHOST.EXE
2025-07-09 15:11:48,\VOLUME{01da6ccaad22ad19-96ad979b}\WINDOWS\SYSTEM32\BACKGROUNDTASKHOST.EXE
2025-07-09 15:11:36,\VOLUME{01da6ccaad22ad19-96ad979b}\WINDOWS\SYSTEM32\BACKGROUNDTASKHOST.EXE
2025-07-09 14:56:06,\VOLUME{01da6ccaad22ad19-96ad979b}\WINDOWS\SYSTEM32\BACKGROUNDTASKHOST.EXE
2025-07-09 14:56:08,\VOLUME{01da6ccaad22ad19-96ad979b}\WINDOWS\SYSTEM32\BACKGROUNDTASKHOST.EXE
2025-07-08 20:04:54,\VOLUME{01da6ccaad22ad19-96ad979b}\WINDOWS\SYSTEM32\BACKGROUNDTASKHOST.EXE
2025-07-08 17:21:51,\VOLUME{01da6ccaad22ad19-96ad979b}\WINDOWS\SYSTEM32\BACKGROUNDTASKHOST.EXE
2025-07-09 15:30:44,\VOLUME{01da6ccaad22ad19-96ad979b}\WINDOWS\SYSTEM32\BACKGROUNDTASKHOST.EXE
2025-07-08 17:18:09,\VOLUME{01da6ccaad22ad19-96ad979b}\WINDOWS\SYSTEM32\BACKGROUNDTASKHOST.EXE
2025-07-09 16:13:07,\VOLUME{01da6ccaad22ad19-96ad979b}\WINDOWS\SYSTEM32\BACKGROUNDTASKHOST.EXE
2025-07-09 15:00:42,\VOLUME{01da6ccaad22ad19-96ad979b}\WINDOWS\SYSTEM32\BACKGROUNDTASKHOST.EXE
2025-07-09 16:13:07,\VOLUME{01da6ccaad22ad19-96ad979b}\WINDOWS\SYSTEM32\BACKGROUNDTASKHOST.EXE
2025-07-09 15:24:19,\VOLUME{01da6ccaad22ad19-96ad979b}\WINDOWS\SYSTEM32\BACKGROUNDTASKHOST.EXE
2025-07-09 15:00:42,\VOLUME{01da6ccaad22ad19-96ad979b}\WINDOWS\SYSTEM32\BACKGROUNDTASKHOST.EXE
2025-07-09 15:00:40,\VOLUME{01da6ccaad22ad19-96ad979b}\WINDOWS\SYSTEM32\BACKGROUNDTASKHOST.EXE
2025-07-09 16:13:07,\VOLUME{01da6ccaad22ad19-96ad979b}\WINDOWS\SYSTEM32\BACKGROUNDTASKHOST.EXE
2025-07-08 17:18:09,\VOLUME{01da6ccaad22ad19-96ad979b}\WINDOWS\SYSTEM32\BACKGROUNDTASKHOST.EXE
2025-07-09 16:13:07,\VOLUME{01da6ccaad22ad19-96ad979b}\WINDOWS\SYSTEM32\BACKGROUNDTASKHOST.EXE
2025-07-09 15:49:06,\VOLUME{01da6ccaad22ad19-96ad979b}\WINDOWS\SYSTEM32\BACKGROUNDTASKHOST.EXE
2025-07-09 15:49:06,\VOLUME{01da6ccaad22ad19-96ad979b}\WINDOWS\SYSTEM32\BACKGROUNDTASKHOST.EXE
2025-07-09 16:13:07,\VOLUME{01da6ccaad22ad19-96ad979b}\WINDOWS\SYSTEM32\BACKGROUNDTASKHOST.EXE
2025-07-09 15:00:42,\VOLUME{01da6ccaad22ad19-96ad979b}\WINDOWS\SYSTEM32\BACKGROUNDTASKHOST.EXE
2025-07-09 15:00:42,\VOLUME{01da6ccaad22ad19-96ad979b}\WINDOWS\SYSTEM32\BACKGROUNDTASKHOST.EXE
2025-07-08 20:04:54,\VOLUME{01da6ccaad22ad19-96ad979b}\WINDOWS\SYSTEM32\BACKGROUNDTASKHOST.EXE
2025-07-08 17:21:51,\VOLUME{01da6ccaad22ad19-96ad979b}\WINDOWS\SYSTEM32\BACKGROUNDTASKHOST.EXE
2025-07-09 16:45:42,\VOLUME{01da6ccaad22ad19-96ad979b}\WINDOWS\SYSTEM32\BACKGROUNDTRANSFERHOST.EXE
2025-07-08 19:56:49,\VOLUME{01da6ccaad22ad19-96ad979b}\USERS\CLIENT\DOWNLOADS\DIST\CALCULADORA.EXE
2025-07-08 19:56:48,\VOLUME{01da6ccaad22ad19-96ad979b}\USERS\CLIENT\DOWNLOADS\DIST\CALCULADORA.EXE
2025-07-08 19:39:17,\VOLUME{01da6ccaad22ad19-96ad979b}\USERS\CLIENT\DOWNLOADS\DIST\CALCULADORA.EXE
2025-07-08 19:39:15,\VOLUME{01da6ccaad22ad19-96ad979b}\USERS\CLIENT\DOWNLOADS\DIST\CALCULADORA.EXE
2025-07-08 19:17:51,\VOLUME{01da6ccaad22ad19-96ad979b}\USERS\CLIENT\DOWNLOADS\DIST\CALCULADORA.EXE
2025-07-08 19:17:49,\VOLUME{01da6ccaad22ad19-96ad979b}\USERS\CLIENT\DOWNLOADS\DIST\CALCULADORA.EXE
2025-07-08 19:02:59,\VOLUME{01da6ccaad22ad19-96ad979b}\USERS\CLIENT\DOWNLOADS\DIST\CALCULADORA.EXE
2025-07-08 19:03:02,\VOLUME{01da6ccaad22ad19-96ad979b}\USERS\CLIENT\DOWNLOADS\DIST\CALCULADORA.EXE
2025-07-09 17:08:06,\VOLUME{01da6ccaad22ad19-96ad979b}\PROGRAM FILES\GOOGLE\CHROME\APPLICATION\CHROME.EXE
2025-07-09 14:59:29,\VOLUME{01da6ccaad22ad19-96ad979b}\PROGRAM FILES\GOOGLE\CHROME\APPLICATION\CHROME.EXE
2025-07-08 15:24:28,\VOLUME{01da6ccaad22ad19-96ad979b}\PROGRAM FILES\GOOGLE\CHROME\APPLICATION\CHROME.EXE
2025-07-08 14:18:27,\VOLUME{01da6ccaad22ad19-96ad979b}\PROGRAM FILES\GOOGLE\CHROME\APPLICATION\CHROME.EXE
2025-01-31 13:59:46,\VOLUME{01da6ccaad22ad19-96ad979b}\PROGRAM FILES\GOOGLE\CHROME\APPLICATION\CHROME.EXE
2025-01-31 13:40:17,\VOLUME{01da6ccaad22ad19-96ad979b}\PROGRAM FILES\GOOGLE\CHROME\APPLICATION\CHROME.EXE
2024-04-16 16:53:45,\VOLUME{01da6ccaad22ad19-96ad979b}\PROGRAM FILES\GOOGLE\CHROME\APPLICATION\CHROME.EXE
2024-04-12 13:33:18,\VOLUME{01da6ccaad22ad19-96ad979b}\PROGRAM FILES\GOOGLE\CHROME\APPLICATION\CHROME.EXE
2025-07-09 17:17:03,\VOLUME{01da6ccaad22ad19-96ad979b}\PROGRAM FILES\GOOGLE\CHROME\APPLICATION\CHROME.EXE
2025-07-09 17:08:22,\VOLUME{01da6ccaad22ad19-96ad979b}\PROGRAM FILES\GOOGLE\CHROME\APPLICATION\CHROME.EXE
2025-07-09 17:08:17,\VOLUME{01da6ccaad22ad19-96ad979b}\PROGRAM FILES\GOOGLE\CHROME\APPLICATION\CHROME.EXE
2025-07-09 17:08:17,\VOLUME{01da6ccaad22ad19-96ad979b}\PROGRAM FILES\GOOGLE\CHROME\APPLICATION\CHROME.EXE
2025-07-09 15:28:10,\VOLUME{01da6ccaad22ad19-96ad979b}\PROGRAM FILES\GOOGLE\CHROME\APPLICATION\CHROME.EXE
2025-07-09 15:21:41,\VOLUME{01da6ccaad22ad19-96ad979b}\PROGRAM FILES\GOOGLE\CHROME\APPLICATION\CHROME.EXE
2025-07-09 15:01:43,\VOLUME{01da6ccaad22ad19-96ad979b}\PROGRAM FILES\GOOGLE\CHROME\APPLICATION\CHROME.EXE
2025-07-09 15:01:41,\VOLUME{01da6ccaad22ad19-96ad979b}\PROGRAM FILES\GOOGLE\CHROME\APPLICATION\CHROME.EXE
2025-07-09 17:08:15,\VOLUME{01da6ccaad22ad19-96ad979b}\PROGRAM FILES\GOOGLE\CHROME\APPLICATION\CHROME.EXE
2025-07-09 14:59:46,\VOLUME{01da6ccaad22ad19-96ad979b}\PROGRAM FILES\GOOGLE\CHROME\APPLICATION\CHROME.EXE
2025-07-09 17:08:15,\VOLUME{01da6ccaad22ad19-96ad979b}\PROGRAM FILES\GOOGLE\CHROME\APPLICATION\CHROME.EXE
2025-07-09 14:59:46,\VOLUME{01da6ccaad22ad19-96ad979b}\PROGRAM FILES\GOOGLE\CHROME\APPLICATION\CHROME.EXE
2025-07-09 17:08:06,\VOLUME{01da6ccaad22ad19-96ad979b}\PROGRAM FILES\GOOGLE\CHROME\APPLICATION\CHROME.EXE
2025-07-09 14:59:31,\VOLUME{01da6ccaad22ad19-96ad979b}\PROGRAM FILES\GOOGLE\CHROME\APPLICATION\CHROME.EXE
2025-07-09 17:19:32,\VOLUME{01da6ccaad22ad19-96ad979b}\PROGRAM FILES\GOOGLE\CHROME\APPLICATION\CHROME.EXE
2025-07-09 17:17:18,\VOLUME{01da6ccaad22ad19-96ad979b}\PROGRAM FILES\GOOGLE\CHROME\APPLICATION\CHROME.EXE
2025-07-09 17:08:16,\VOLUME{01da6ccaad22ad19-96ad979b}\PROGRAM FILES\GOOGLE\CHROME\APPLICATION\CHROME.EXE
2025-07-09 15:34:33,\VOLUME{01da6ccaad22ad19-96ad979b}\PROGRAM FILES\GOOGLE\CHROME\APPLICATION\CHROME.EXE
2025-07-09 15:06:53,\VOLUME{01da6ccaad22ad19-96ad979b}\PROGRAM FILES\GOOGLE\CHROME\APPLICATION\CHROME.EXE
2025-07-09 15:06:50,\VOLUME{01da6ccaad22ad19-96ad979b}\PROGRAM FILES\GOOGLE\CHROME\APPLICATION\CHROME.EXE
2025-07-09 15:06:32,\VOLUME{01da6ccaad22ad19-96ad979b}\PROGRAM FILES\GOOGLE\CHROME\APPLICATION\CHROME.EXE
2025-07-09 15:02:45,\VOLUME{01da6ccaad22ad19-96ad979b}\PROGRAM FILES\GOOGLE\CHROME\APPLICATION\CHROME.EXE
2025-07-09 17:20:10,\VOLUME{01da6ccaad22ad19-96ad979b}\WINDOWS\SYSTEM32\CMD.EXE
2025-07-09 17:11:29,\VOLUME{01da6ccaad22ad19-96ad979b}\WINDOWS\SYSTEM32\CMD.EXE
2025-07-09 15:58:09,\VOLUME{01da6ccaad22ad19-96ad979b}\WINDOWS\SYSTEM32\CMD.EXE
2025-07-08 20:25:32,\VOLUME{01da6ccaad22ad19-96ad979b}\WINDOWS\SYSTEM32\CMD.EXE
2025-07-08 20:20:51,\VOLUME{01da6ccaad22ad19-96ad979b}\WINDOWS\SYSTEM32\CMD.EXE
2025-07-08 20:10:34,\VOLUME{01da6ccaad22ad19-96ad979b}\WINDOWS\SYSTEM32\CMD.EXE
2025-07-08 20:05:36,\VOLUME{01da6ccaad22ad19-96ad979b}\WINDOWS\SYSTEM32\CMD.EXE
2025-07-08 20:05:35,\VOLUME{01da6ccaad22ad19-96ad979b}\WINDOWS\SYSTEM32\CMD.EXE
2025-07-08 19:28:44,\VOLUME{01da6ccaad22ad19-96ad979b}\WINDOWS\SYSTEM32\COMPATTELRUNNER.EXE
2025-07-08 15:32:32,\VOLUME{01da6ccaad22ad19-96ad979b}\WINDOWS\SYSTEM32\COMPATTELRUNNER.EXE
2025-07-08 14:31:42,\VOLUME{01da6ccaad22ad19-96ad979b}\WINDOWS\SYSTEM32\COMPATTELRUNNER.EXE
2025-07-08 14:31:29,\VOLUME{01da6ccaad22ad19-96ad979b}\WINDOWS\SYSTEM32\COMPATTELRUNNER.EXE
2025-07-08 13:22:08,\VOLUME{01da6ccaad22ad19-96ad979b}\WINDOWS\SYSTEM32\COMPATTELRUNNER.EXE
2025-07-08 00:23:12,\VOLUME{01da6ccaad22ad19-96ad979b}\WINDOWS\SYSTEM32\COMPATTELRUNNER.EXE
2025-07-08 00:05:50,\VOLUME{01da6ccaad22ad19-96ad979b}\WINDOWS\SYSTEM32\COMPATTELRUNNER.EXE
2025-07-07 23:12:03,\VOLUME{01da6ccaad22ad19-96ad979b}\WINDOWS\SYSTEM32\COMPATTELRUNNER.EXE
2025-07-09 17:20:10,\VOLUME{01da6ccaad22ad19-96ad979b}\WINDOWS\SYSTEM32\CONHOST.EXE
2025-07-09 17:16:54,\VOLUME{01da6ccaad22ad19-96ad979b}\WINDOWS\SYSTEM32\CONHOST.EXE
2025-07-09 17:10:23,\VOLUME{01da6ccaad22ad19-96ad979b}\WINDOWS\SYSTEM32\CONHOST.EXE
2025-07-09 17:07:49,\VOLUME{01da6ccaad22ad19-96ad979b}\WINDOWS\SYSTEM32\CONHOST.EXE
2025-07-09 17:07:49,\VOLUME{01da6ccaad22ad19-96ad979b}\WINDOWS\SYSTEM32\CONHOST.EXE
2025-07-09 16:50:16,\VOLUME{01da6ccaad22ad19-96ad979b}\WINDOWS\SYSTEM32\CONHOST.EXE
2025-07-09 16:43:26,\VOLUME{01da6ccaad22ad19-96ad979b}\WINDOWS\SYSTEM32\CONHOST.EXE
2025-07-09 16:15:26,\VOLUME{01da6ccaad22ad19-96ad979b}\WINDOWS\SYSTEM32\CONHOST.EXE
2025-07-09 17:19:58,\VOLUME{01da6ccaad22ad19-96ad979b}\WINDOWS\SYSTEM32\CONSENT.EXE
2025-07-09 17:11:23,\VOLUME{01da6ccaad22ad19-96ad979b}\WINDOWS\SYSTEM32\CONSENT.EXE
2025-07-09 17:01:54,\VOLUME{01da6ccaad22ad19-96ad979b}\WINDOWS\SYSTEM32\CONSENT.EXE
2025-07-09 16:49:26,\VOLUME{01da6ccaad22ad19-96ad979b}\WINDOWS\SYSTEM32\CONSENT.EXE
2025-07-09 16:22:44,\VOLUME{01da6ccaad22ad19-96ad979b}\WINDOWS\SYSTEM32\CONSENT.EXE
2025-07-09 16:19:47,\VOLUME{01da6ccaad22ad19-96ad979b}\WINDOWS\SYSTEM32\CONSENT.EXE
2025-07-09 16:15:23,\VOLUME{01da6ccaad22ad19-96ad979b}\WINDOWS\SYSTEM32\CONSENT.EXE
2025-07-09 15:55:33,\VOLUME{01da6ccaad22ad19-96ad979b}\WINDOWS\SYSTEM32\CONSENT.EXE
2025-07-09 17:20:10,\VOLUME{01da6ccaad22ad19-96ad979b}\WINDOWS\SYSTEM32\CURL.EXE
2025-07-09 17:11:30,\VOLUME{01da6ccaad22ad19-96ad979b}\WINDOWS\SYSTEM32\CURL.EXE
2025-07-08 19:56:52,\VOLUME{01da6ccaad22ad19-96ad979b}\WINDOWS\SYSTEM32\CURL.EXE
2025-07-08 19:39:23,\VOLUME{01da6ccaad22ad19-96ad979b}\WINDOWS\SYSTEM32\CURL.EXE
2025-07-08 19:17:57,\VOLUME{01da6ccaad22ad19-96ad979b}\WINDOWS\SYSTEM32\CURL.EXE
2025-07-08 18:00:18,\VOLUME{01da6ccaad22ad19-96ad979b}\WINDOWS\SYSTEM32\CURL.EXE
2025-07-08 19:28:44,\VOLUME{01da6ccaad22ad19-96ad979b}\WINDOWS\SYSTEM32\DEFRAG.EXE
2025-07-08 17:38:23,\VOLUME{01da6ccaad22ad19-96ad979b}\WINDOWS\SYSTEM32\DEFRAG.EXE
2025-07-08 16:21:46,\VOLUME{01da6ccaad22ad19-96ad979b}\WINDOWS\SYSTEM32\DEFRAG.EXE
2025-07-09 15:42:06,\VOLUME{01da6ccaad22ad19-96ad979b}\WINDOWS\TEMP\373468A5-3771-4C9A-84D9-B6379B2620F0\DISMHOST.EXE
2025-07-09 15:38:53,\VOLUME{01da6ccaad22ad19-96ad979b}\WINDOWS\TEMP\FC6F5FEA-DF59-42B8-9ED5-97BC4E6F7945\DISMHOST.EXE
2025-07-09 15:37:33,\VOLUME{01da6ccaad22ad19-96ad979b}\WINDOWS\TEMP\C40C0E86-B72E-423B-AFC5-3410A977AD98\DISMHOST.EXE
2025-07-09 16:51:05,\VOLUME{01da6ccaad22ad19-96ad979b}\WINDOWS\SYSTEM32\DLLHOST.EXE
2025-07-09 15:21:38,\VOLUME{01da6ccaad22ad19-96ad979b}\WINDOWS\SYSTEM32\DLLHOST.EXE
2025-07-08 20:17:21,\VOLUME{01da6ccaad22ad19-96ad979b}\WINDOWS\SYSTEM32\DLLHOST.EXE
2025-07-08 20:08:33,\VOLUME{01da6ccaad22ad19-96ad979b}\WINDOWS\SYSTEM32\DLLHOST.EXE
2025-07-08 19:36:35,\VOLUME{01da6ccaad22ad19-96ad979b}\WINDOWS\SYSTEM32\DLLHOST.EXE
2025-07-08 19:23:03,\VOLUME{01da6ccaad22ad19-96ad979b}\WINDOWS\SYSTEM32\DLLHOST.EXE
2025-07-08 19:00:49,\VOLUME{01da6ccaad22ad19-96ad979b}\WINDOWS\SYSTEM32\DLLHOST.EXE
2025-07-08 18:46:31,\VOLUME{01da6ccaad22ad19-96ad979b}\WINDOWS\SYSTEM32\DLLHOST.EXE
2025-07-08 20:18:25,\VOLUME{01da6ccaad22ad19-96ad979b}\WINDOWS\SYSTEM32\DLLHOST.EXE
2025-07-08 20:06:13,\VOLUME{01da6ccaad22ad19-96ad979b}\WINDOWS\SYSTEM32\DLLHOST.EXE
2025-07-08 19:36:09,\VOLUME{01da6ccaad22ad19-96ad979b}\WINDOWS\SYSTEM32\DLLHOST.EXE
2025-07-08 19:13:16,\VOLUME{01da6ccaad22ad19-96ad979b}\WINDOWS\SYSTEM32\DLLHOST.EXE
2025-07-08 18:58:32,\VOLUME{01da6ccaad22ad19-96ad979b}\WINDOWS\SYSTEM32\DLLHOST.EXE
2025-07-08 18:46:41,\VOLUME{01da6ccaad22ad19-96ad979b}\WINDOWS\SYSTEM32\DLLHOST.EXE
2025-07-08 18:36:04,\VOLUME{01da6ccaad22ad19-96ad979b}\WINDOWS\SYSTEM32\DLLHOST.EXE
2025-07-08 18:14:03,\VOLUME{01da6ccaad22ad19-96ad979b}\WINDOWS\SYSTEM32\DLLHOST.EXE
2025-07-09 14:58:56,\VOLUME{01da6ccaad22ad19-96ad979b}\WINDOWS\SYSTEM32\DLLHOST.EXE
2025-07-09 17:20:09,\VOLUME{01da6ccaad22ad19-96ad979b}\WINDOWS\SYSTEM32\DLLHOST.EXE
2025-07-09 17:15:55,\VOLUME{01da6ccaad22ad19-96ad979b}\WINDOWS\SYSTEM32\DLLHOST.EXE
2025-07-09 17:11:37,\VOLUME{01da6ccaad22ad19-96ad979b}\WINDOWS\SYSTEM32\DLLHOST.EXE
2025-07-09 17:05:27,\VOLUME{01da6ccaad22ad19-96ad979b}\WINDOWS\SYSTEM32\DLLHOST.EXE
2025-07-09 17:02:47,\VOLUME{01da6ccaad22ad19-96ad979b}\WINDOWS\SYSTEM32\DLLHOST.EXE
2025-07-09 16:49:05,\VOLUME{01da6ccaad22ad19-96ad979b}\WINDOWS\SYSTEM32\DLLHOST.EXE
2025-07-09 16:41:54,\VOLUME{01da6ccaad22ad19-96ad979b}\WINDOWS\SYSTEM32\DLLHOST.EXE
2025-07-09 16:41:45,\VOLUME{01da6ccaad22ad19-96ad979b}\WINDOWS\SYSTEM32\DLLHOST.EXE
2025-07-09 16:49:27,\VOLUME{01da6ccaad22ad19-96ad979b}\WINDOWS\SYSTEM32\DLLHOST.EXE
2025-07-09 16:22:52,\VOLUME{01da6ccaad22ad19-96ad979b}\WINDOWS\SYSTEM32\DLLHOST.EXE
2025-07-09 17:23:29,\VOLUME{01da6ccaad22ad19-96ad979b}\WINDOWS\SYSTEM32\DLLHOST.EXE
2025-07-09 17:00:23,\VOLUME{01da6ccaad22ad19-96ad979b}\WINDOWS\SYSTEM32\DLLHOST.EXE
2025-07-09 17:00:11,\VOLUME{01da6ccaad22ad19-96ad979b}\WINDOWS\SYSTEM32\DLLHOST.EXE
2025-07-09 16:58:49,\VOLUME{01da6ccaad22ad19-96ad979b}\WINDOWS\SYSTEM32\DLLHOST.EXE
2025-07-08 15:59:35,\VOLUME{01da6ccaad22ad19-96ad979b}\WINDOWS\SYSTEM32\DLLHOST.EXE
2025-07-09 14:57:29,\VOLUME{01da6ccaad22ad19-96ad979b}\WINDOWS\SYSTEM32\DLLHOST.EXE
2025-07-08 19:56:32,\VOLUME{01da6ccaad22ad19-96ad979b}\WINDOWS\SYSTEM32\DLLHOST.EXE
2025-07-08 19:22:37,\VOLUME{01da6ccaad22ad19-96ad979b}\WINDOWS\SYSTEM32\DLLHOST.EXE
2025-07-08 19:06:31,\VOLUME{01da6ccaad22ad19-96ad979b}\WINDOWS\SYSTEM32\DLLHOST.EXE
2025-07-08 18:45:37,\VOLUME{01da6ccaad22ad19-96ad979b}\WINDOWS\SYSTEM32\DLLHOST.EXE
2025-07-08 18:16:22,\VOLUME{01da6ccaad22ad19-96ad979b}\WINDOWS\SYSTEM32\DLLHOST.EXE
2025-07-08 18:02:06,\VOLUME{01da6ccaad22ad19-96ad979b}\WINDOWS\SYSTEM32\DLLHOST.EXE
2025-07-08 16:24:28,\VOLUME{01da6ccaad22ad19-96ad979b}\WINDOWS\SYSTEM32\DLLHOST.EXE
2025-07-09 16:51:04,\VOLUME{01da6ccaad22ad19-96ad979b}\WINDOWS\SYSTEM32\DLLHOST.EXE
2025-07-09 15:58:45,\VOLUME{01da6ccaad22ad19-96ad979b}\WINDOWS\SYSTEM32\DLLHOST.EXE
2025-07-09 15:21:38,\VOLUME{01da6ccaad22ad19-96ad979b}\WINDOWS\SYSTEM32\DLLHOST.EXE
2025-07-08 20:17:19,\VOLUME{01da6ccaad22ad19-96ad979b}\WINDOWS\SYSTEM32\DLLHOST.EXE
2025-07-08 20:08:31,\VOLUME{01da6ccaad22ad19-96ad979b}\WINDOWS\SYSTEM32\DLLHOST.EXE
2025-07-08 19:36:34,\VOLUME{01da6ccaad22ad19-96ad979b}\WINDOWS\SYSTEM32\DLLHOST.EXE
2025-07-08 19:23:02,\VOLUME{01da6ccaad22ad19-96ad979b}\WINDOWS\SYSTEM32\DLLHOST.EXE
2025-07-08 19:05:27,\VOLUME{01da6ccaad22ad19-96ad979b}\WINDOWS\SYSTEM32\DLLHOST.EXE
2025-07-08 14:10:52,\VOLUME{01da6ccaad22ad19-96ad979b}\WINDOWS\SYSTEM32\DLLHOST.EXE
2025-07-08 15:31:37,\VOLUME{01da6ccaad22ad19-96ad979b}\WINDOWS\SYSTEM32\DRVINST.EXE
2025-07-08 14:30:43,\VOLUME{01da6ccaad22ad19-96ad979b}\WINDOWS\SYSTEM32\DRVINST.EXE
2025-07-08 13:23:01,\VOLUME{01da6ccaad22ad19-96ad979b}\WINDOWS\SYSTEM32\DRVINST.EXE
2025-07-07 23:08:45,\VOLUME{01da6ccaad22ad19-96ad979b}\WINDOWS\SYSTEM32\DRVINST.EXE
2025-07-07 23:08:45,\VOLUME{01da6ccaad22ad19-96ad979b}\WINDOWS\SYSTEM32\DRVINST.EXE
2025-07-07 23:08:44,\VOLUME{01da6ccaad22ad19-96ad979b}\WINDOWS\SYSTEM32\DRVINST.EXE
2025-01-31 14:52:31,\VOLUME{01da6ccaad22ad19-96ad979b}\WINDOWS\SYSTEM32\DRVINST.EXE
2025-01-31 13:56:20,\VOLUME{01da6ccaad22ad19-96ad979b}\WINDOWS\SYSTEM32\DRVINST.EXE
2025-07-09 17:16:54,\VOLUME{01da6ccaad22ad19-96ad979b}\PROGRAM FILES\WIRESHARK\DUMPCAP.EXE
2025-07-09 17:10:23,\VOLUME{01da6ccaad22ad19-96ad979b}\PROGRAM FILES\WIRESHARK\DUMPCAP.EXE
2025-07-09 17:07:50,\VOLUME{01da6ccaad22ad19-96ad979b}\PROGRAM FILES\WIRESHARK\DUMPCAP.EXE
2025-07-09 15:07:26,\VOLUME{01da6ccaad22ad19-96ad979b}\PROGRAM FILES\WIRESHARK\DUMPCAP.EXE
2025-07-09 15:04:46,\VOLUME{01da6ccaad22ad19-96ad979b}\PROGRAM FILES\WIRESHARK\DUMPCAP.EXE
2025-07-09 14:59:36,\VOLUME{01da6ccaad22ad19-96ad979b}\PROGRAM FILES\WIRESHARK\DUMPCAP.EXE
2025-07-08 19:17:44,\VOLUME{01da6ccaad22ad19-96ad979b}\PROGRAM FILES\WIRESHARK\DUMPCAP.EXE
2025-07-08 19:13:06,\VOLUME{01da6ccaad22ad19-96ad979b}\PROGRAM FILES\WIRESHARK\DUMPCAP.EXE
2024-03-23 18:07:34,\VOLUME{01da6ccaad22ad19-96ad979b}\WINDOWS\SYSTEM32\EASEOFACCESSDIALOG.EXE
2024-03-23 18:07:20,\VOLUME{01da6ccaad22ad19-96ad979b}\WINDOWS\SYSTEM32\EASEOFACCESSDIALOG.EXE
2024-03-23 18:07:20,\VOLUME{01da6ccaad22ad19-96ad979b}\WINDOWS\SYSTEM32\EASEOFACCESSDIALOG.EXE
2025-07-09 16:45:42,\VOLUME{01da6ccaad22ad19-96ad979b}\PROGRAM FILES\SOPHOS\ENDPOINT FIREWALL\EFWTELEMETRYPLUGIN.EXE
2025-07-09 16:41:59,\VOLUME{01da6ccaad22ad19-96ad979b}\PROGRAM FILES (X86)\MICROSOFT\EDGE\APPLICATION\138.0.3351.77\ELEVATION_SERVICE.EXE
2025-07-09 16:09:50,\VOLUME{01da6ccaad22ad19-96ad979b}\PROGRAM FILES (X86)\MICROSOFT\EDGE\APPLICATION\138.0.3351.77\ELEVATION_SERVICE.EXE
2025-07-09 15:58:20,\VOLUME{01da6ccaad22ad19-96ad979b}\PROGRAM FILES (X86)\MICROSOFT\EDGE\APPLICATION\138.0.3351.77\ELEVATION_SERVICE.EXE
2025-07-09 15:56:45,\VOLUME{01da6ccaad22ad19-96ad979b}\PROGRAM FILES (X86)\MICROSOFT\EDGE\APPLICATION\138.0.3351.77\ELEVATION_SERVICE.EXE
2025-07-09 14:56:31,\VOLUME{01da6ccaad22ad19-96ad979b}\PROGRAM FILES (X86)\MICROSOFT\EDGE\APPLICATION\138.0.3351.65\ELEVATION_SERVICE.EXE
2025-07-08 20:05:10,\VOLUME{01da6ccaad22ad19-96ad979b}\PROGRAM FILES (X86)\MICROSOFT\EDGE\APPLICATION\138.0.3351.65\ELEVATION_SERVICE.EXE
2025-07-08 19:20:04,\VOLUME{01da6ccaad22ad19-96ad979b}\PROGRAM FILES (X86)\MICROSOFT\EDGE\APPLICATION\138.0.3351.65\ELEVATION_SERVICE.EXE
2025-07-08 19:17:32,\VOLUME{01da6ccaad22ad19-96ad979b}\PROGRAM FILES (X86)\MICROSOFT\EDGE\APPLICATION\138.0.3351.65\ELEVATION_SERVICE.EXE
2025-07-08 19:12:46,\VOLUME{01da6ccaad22ad19-96ad979b}\PROGRAM FILES (X86)\MICROSOFT\EDGE\APPLICATION\138.0.3351.65\ELEVATION_SERVICE.EXE
2025-07-08 19:04:13,\VOLUME{01da6ccaad22ad19-96ad979b}\PROGRAM FILES (X86)\MICROSOFT\EDGE\APPLICATION\138.0.3351.65\ELEVATION_SERVICE.EXE
2025-07-08 18:57:53,\VOLUME{01da6ccaad22ad19-96ad979b}\PROGRAM FILES (X86)\MICROSOFT\EDGE\APPLICATION\138.0.3351.65\ELEVATION_SERVICE.EXE
2025-07-08 18:45:31,\VOLUME{01da6ccaad22ad19-96ad979b}\PROGRAM FILES (X86)\MICROSOFT\EDGE\APPLICATION\138.0.3351.65\ELEVATION_SERVICE.EXE
2025-07-09 17:08:16,\VOLUME{01da6ccaad22ad19-96ad979b}\PROGRAM FILES\GOOGLE\CHROME\APPLICATION\132.0.6834.160\ELEVATION_SERVICE.EXE
2025-07-09 14:59:45,\VOLUME{01da6ccaad22ad19-96ad979b}\PROGRAM FILES\GOOGLE\CHROME\APPLICATION\132.0.6834.160\ELEVATION_SERVICE.EXE
2025-07-09 17:07:49,\VOLUME{01da6ccaad22ad19-96ad979b}\PROGRAM FILES\WIRESHARK\EXTCAP\ETWDUMP.EXE
2025-07-09 15:06:41,\VOLUME{01da6ccaad22ad19-96ad979b}\PROGRAM FILES\WIRESHARK\EXTCAP\ETWDUMP.EXE
2025-07-09 15:06:41,\VOLUME{01da6ccaad22ad19-96ad979b}\PROGRAM FILES\WIRESHARK\EXTCAP\ETWDUMP.EXE
2025-07-09 14:59:36,\VOLUME{01da6ccaad22ad19-96ad979b}\PROGRAM FILES\WIRESHARK\EXTCAP\ETWDUMP.EXE
2025-07-09 14:59:34,\VOLUME{01da6ccaad22ad19-96ad979b}\PROGRAM FILES\WIRESHARK\EXTCAP\ETWDUMP.EXE
2025-07-09 14:59:29,\VOLUME{01da6ccaad22ad19-96ad979b}\PROGRAM FILES\WIRESHARK\EXTCAP\ETWDUMP.EXE
2025-07-08 19:13:05,\VOLUME{01da6ccaad22ad19-96ad979b}\PROGRAM FILES\WIRESHARK\EXTCAP\ETWDUMP.EXE
2025-07-08 19:13:05,\VOLUME{01da6ccaad22ad19-96ad979b}\PROGRAM FILES\WIRESHARK\EXTCAP\ETWDUMP.EXE
2025-07-09 17:00:14,\VOLUME{01da6ccaad22ad19-96ad979b}\PROGRAM FILES\MICROSOFT OFFICE\ROOT\OFFICE16\EXCEL.EXE
2025-07-08 19:19:43,\VOLUME{01da6ccaad22ad19-96ad979b}\PROGRAM FILES\MICROSOFT OFFICE\ROOT\OFFICE16\EXCEL.EXE
2025-07-08 19:15:32,\VOLUME{01da6ccaad22ad19-96ad979b}\PROGRAM FILES\MICROSOFT OFFICE\ROOT\OFFICE16\EXCEL.EXE
2025-07-08 18:59:45,\VOLUME{01da6ccaad22ad19-96ad979b}\PROGRAM FILES\MICROSOFT OFFICE\ROOT\OFFICE16\EXCEL.EXE
2025-07-08 18:38:52,\VOLUME{01da6ccaad22ad19-96ad979b}\PROGRAM FILES\MICROSOFT OFFICE\ROOT\OFFICE16\EXCEL.EXE
2025-07-08 18:22:47,\VOLUME{01da6ccaad22ad19-96ad979b}\PROGRAM FILES\MICROSOFT OFFICE\ROOT\OFFICE16\EXCEL.EXE
2025-07-08 18:17:27,\VOLUME{01da6ccaad22ad19-96ad979b}\PROGRAM FILES\MICROSOFT OFFICE\ROOT\OFFICE16\EXCEL.EXE
2025-07-08 18:16:56,\VOLUME{01da6ccaad22ad19-96ad979b}\PROGRAM FILES\MICROSOFT OFFICE\ROOT\OFFICE16\EXCEL.EXE
2025-01-31 12:37:52,\VOLUME{01da6ccaad22ad19-96ad979b}\WINDOWS\EXPLORER.EXE
2025-01-10 15:54:13,\VOLUME{01da6ccaad22ad19-96ad979b}\WINDOWS\EXPLORER.EXE
2025-01-10 12:57:46,\VOLUME{01da6ccaad22ad19-96ad979b}\WINDOWS\EXPLORER.EXE
2025-07-09 15:27:42,\VOLUME{01da6ccaad22ad19-96ad979b}\PROGRAM FILES\MICROSOFT ONEDRIVE\25.105.0601.0002\FILECOAUTH.EXE
2025-07-09 15:16:42,\VOLUME{01da6ccaad22ad19-96ad979b}\PROGRAM FILES\MICROSOFT ONEDRIVE\25.105.0601.0002\FILECOAUTH.EXE
2025-07-09 15:04:12,\VOLUME{01da6ccaad22ad19-96ad979b}\PROGRAM FILES\MICROSOFT ONEDRIVE\25.105.0601.0002\FILECOAUTH.EXE
2025-07-08 20:26:27,\VOLUME{01da6ccaad22ad19-96ad979b}\PROGRAM FILES\MICROSOFT ONEDRIVE\25.105.0601.0002\FILECOAUTH.EXE
2025-07-08 20:17:54,\VOLUME{01da6ccaad22ad19-96ad979b}\PROGRAM FILES\MICROSOFT ONEDRIVE\25.105.0601.0002\FILECOAUTH.EXE
2025-07-08 20:14:45,\VOLUME{01da6ccaad22ad19-96ad979b}\PROGRAM FILES\MICROSOFT ONEDRIVE\25.105.0601.0002\FILECOAUTH.EXE
2025-07-08 20:10:48,\VOLUME{01da6ccaad22ad19-96ad979b}\PROGRAM FILES\MICROSOFT ONEDRIVE\25.105.0601.0002\FILECOAUTH.EXE
2025-07-08 19:54:37,\VOLUME{01da6ccaad22ad19-96ad979b}\PROGRAM FILES\MICROSOFT ONEDRIVE\25.105.0601.0002\FILECOAUTH.EXE
2025-07-09 17:21:12,\VOLUME{01da6ccaad22ad19-96ad979b}\PROGRAM FILES\MICROSOFT ONEDRIVE\25.110.0608.0002\FILECOAUTH.EXE
2025-07-09 17:11:13,\VOLUME{01da6ccaad22ad19-96ad979b}\PROGRAM FILES\MICROSOFT ONEDRIVE\25.110.0608.0002\FILECOAUTH.EXE
2025-07-09 17:00:34,\VOLUME{01da6ccaad22ad19-96ad979b}\PROGRAM FILES\MICROSOFT ONEDRIVE\25.110.0608.0002\FILECOAUTH.EXE
2025-07-09 16:56:09,\VOLUME{01da6ccaad22ad19-96ad979b}\PROGRAM FILES\MICROSOFT ONEDRIVE\25.110.0608.0002\FILECOAUTH.EXE
2025-07-09 16:51:13,\VOLUME{01da6ccaad22ad19-96ad979b}\PROGRAM FILES\MICROSOFT ONEDRIVE\25.110.0608.0002\FILECOAUTH.EXE
2025-07-09 16:41:35,\VOLUME{01da6ccaad22ad19-96ad979b}\PROGRAM FILES\MICROSOFT ONEDRIVE\25.110.0608.0002\FILECOAUTH.EXE
2025-07-09 16:29:27,\VOLUME{01da6ccaad22ad19-96ad979b}\PROGRAM FILES\MICROSOFT ONEDRIVE\25.110.0608.0002\FILECOAUTH.EXE
2025-07-09 16:21:01,\VOLUME{01da6ccaad22ad19-96ad979b}\PROGRAM FILES\MICROSOFT ONEDRIVE\25.110.0608.0002\FILECOAUTH.EXE
2024-03-18 23:56:51,\VOLUME{01da6ccaad22ad19-96ad979b}\PROGRAM FILES\WINDOWSAPPS\MICROSOFT.XBOXGAMINGOVERLAY_2.34.28001.0_X64__8WEKYB3D8BBWE\GAMEBAR.EXE
2025-01-10 12:40:19,\VOLUME{01da6ccaad22ad19-96ad979b}\PROGRAM FILES\WINDOWSAPPS\MICROSOFT.XBOXGAMINGOVERLAY_7.124.3191.0_X64__8WEKYB3D8BBWE\GAMEBAR.EXE
2024-04-16 16:41:17,\VOLUME{01da6ccaad22ad19-96ad979b}\PROGRAM FILES\WINDOWSAPPS\MICROSOFT.XBOXGAMINGOVERLAY_7.124.3191.0_X64__8WEKYB3D8BBWE\GAMEBAR.EXE
2024-04-12 13:28:51,\VOLUME{01da6ccaad22ad19-96ad979b}\PROGRAM FILES\WINDOWSAPPS\MICROSOFT.XBOXGAMINGOVERLAY_7.124.2141.0_X64__8WEKYB3D8BBWE\GAMEBAR.EXE
2025-07-07 23:02:59,\VOLUME{01da6ccaad22ad19-96ad979b}\PROGRAM FILES\WINDOWSAPPS\MICROSOFT.XBOXGAMINGOVERLAY_7.224.11211.0_X64__8WEKYB3D8BBWE\GAMEBAR.EXE
2025-01-31 12:26:56,\VOLUME{01da6ccaad22ad19-96ad979b}\PROGRAM FILES\WINDOWSAPPS\MICROSOFT.XBOXGAMINGOVERLAY_7.224.11211.0_X64__8WEKYB3D8BBWE\GAMEBAR.EXE
2025-07-09 16:45:41,\VOLUME{01da6ccaad22ad19-96ad979b}\PROGRAM FILES\SOPHOS\AUTOUPDATE\TELEMETRY\GATHERTELEM.EXE
2024-03-19 00:06:57,\VOLUME{01da6ccaad22ad19-96ad979b}\USERS\CLIENT\APPDATA\LOCAL\TEMP\GUM43CE.TMP\GOOGLEUPDATE.EXE
2024-03-19 00:07:05,\VOLUME{01da6ccaad22ad19-96ad979b}\WINDOWS\SYSTEMTEMP\GUM6300.TMP\GOOGLEUPDATE.EXE
2025-07-09 16:13:07,\VOLUME{01da6ccaad22ad19-96ad979b}\PROGRAM FILES\WINDOWSAPPS\MICROSOFT.WINDOWSCOMMUNICATIONSAPPS_16005.14326.22342.0_X64__8WEKYB3D8BBWE\HXTSR.EXE
2025-07-09 15:00:41,\VOLUME{01da6ccaad22ad19-96ad979b}\PROGRAM FILES\WINDOWSAPPS\MICROSOFT.WINDOWSCOMMUNICATIONSAPPS_16005.14326.22342.0_X64__8WEKYB3D8BBWE\HXTSR.EXE
2025-07-08 17:18:09,\VOLUME{01da6ccaad22ad19-96ad979b}\PROGRAM FILES\WINDOWSAPPS\MICROSOFT.WINDOWSCOMMUNICATIONSAPPS_16005.14326.22342.0_X64__8WEKYB3D8BBWE\HXTSR.EXE
2025-07-09 14:57:23,\VOLUME{01da6ccaad22ad19-96ad979b}\PROGRAM FILES (X86)\MICROSOFT\EDGE\APPLICATION\138.0.3351.65\IDENTITY_HELPER.EXE
2025-07-08 20:17:46,\VOLUME{01da6ccaad22ad19-96ad979b}\PROGRAM FILES (X86)\MICROSOFT\EDGE\APPLICATION\138.0.3351.65\IDENTITY_HELPER.EXE
2025-07-08 20:05:23,\VOLUME{01da6ccaad22ad19-96ad979b}\PROGRAM FILES (X86)\MICROSOFT\EDGE\APPLICATION\138.0.3351.65\IDENTITY_HELPER.EXE
2025-07-08 19:34:58,\VOLUME{01da6ccaad22ad19-96ad979b}\PROGRAM FILES (X86)\MICROSOFT\EDGE\APPLICATION\138.0.3351.65\IDENTITY_HELPER.EXE
2025-07-08 19:20:09,\VOLUME{01da6ccaad22ad19-96ad979b}\PROGRAM FILES (X86)\MICROSOFT\EDGE\APPLICATION\138.0.3351.65\IDENTITY_HELPER.EXE
2025-07-08 19:17:34,\VOLUME{01da6ccaad22ad19-96ad979b}\PROGRAM FILES (X86)\MICROSOFT\EDGE\APPLICATION\138.0.3351.65\IDENTITY_HELPER.EXE
2025-07-08 19:12:47,\VOLUME{01da6ccaad22ad19-96ad979b}\PROGRAM FILES (X86)\MICROSOFT\EDGE\APPLICATION\138.0.3351.65\IDENTITY_HELPER.EXE
2025-07-08 19:04:19,\VOLUME{01da6ccaad22ad19-96ad979b}\PROGRAM FILES (X86)\MICROSOFT\EDGE\APPLICATION\138.0.3351.65\IDENTITY_HELPER.EXE
2025-07-09 16:42:27,\VOLUME{01da6ccaad22ad19-96ad979b}\PROGRAM FILES (X86)\MICROSOFT\EDGE\APPLICATION\138.0.3351.77\IDENTITY_HELPER.EXE
2025-07-09 16:10:19,\VOLUME{01da6ccaad22ad19-96ad979b}\PROGRAM FILES (X86)\MICROSOFT\EDGE\APPLICATION\138.0.3351.77\IDENTITY_HELPER.EXE
2025-07-08 17:17:58,\VOLUME{01da6ccaad22ad19-96ad979b}\WINDOWS\SYSTEM32\IPCONFIG.EXE
2025-07-08 16:30:28,\VOLUME{01da6ccaad22ad19-96ad979b}\WINDOWS\SYSTEM32\IPCONFIG.EXE
2024-03-19 00:04:47,\VOLUME{01da6ccaad22ad19-96ad979b}\USERS\CLIENT\DOWNLOADS\IRPF2024WIN64V1.0.EXE
2024-03-18 23:59:44,\VOLUME{01da6ccaad22ad19-96ad979b}\USERS\CLIENT\DOWNLOADS\IRPF2024WIN64V1.0.EXE
2024-03-18 23:58:36,\VOLUME{01da6ccaad22ad19-96ad979b}\USERS\CLIENT\DOWNLOADS\IRPF2024WIN64V1.0.EXE
2024-03-18 23:58:36,\VOLUME{01da6ccaad22ad19-96ad979b}\USERS\CLIENT\DOWNLOADS\IRPF2024WIN64V1.0.EXE
2024-03-18 23:58:36,\VOLUME{01da6ccaad22ad19-96ad979b}\USERS\CLIENT\DOWNLOADS\IRPF2024WIN64V1.0.EXE
2024-04-16 16:41:23,\VOLUME{01da6ccaad22ad19-96ad979b}\ARQUIVOS DE PROGRAMAS RFB\IRPF2024\JRE\BIN\JAVAW.EXE
2024-04-16 16:41:22,\VOLUME{01da6ccaad22ad19-96ad979b}\ARQUIVOS DE PROGRAMAS RFB\IRPF2024\JRE\BIN\JAVAW.EXE
2024-04-12 13:32:40,\VOLUME{01da6ccaad22ad19-96ad979b}\ARQUIVOS DE PROGRAMAS RFB\IRPF2024\JRE\BIN\JAVAW.EXE
2024-04-12 13:32:39,\VOLUME{01da6ccaad22ad19-96ad979b}\ARQUIVOS DE PROGRAMAS RFB\IRPF2024\JRE\BIN\JAVAW.EXE
2024-03-23 16:24:51,\VOLUME{01da6ccaad22ad19-96ad979b}\ARQUIVOS DE PROGRAMAS RFB\IRPF2024\JRE\BIN\JAVAW.EXE
2024-03-23 16:24:51,\VOLUME{01da6ccaad22ad19-96ad979b}\ARQUIVOS DE PROGRAMAS RFB\IRPF2024\JRE\BIN\JAVAW.EXE
2024-03-23 16:23:56,\VOLUME{01da6ccaad22ad19-96ad979b}\ARQUIVOS DE PROGRAMAS RFB\IRPF2024\JRE\BIN\JAVAW.EXE
2024-03-23 16:23:55,\VOLUME{01da6ccaad22ad19-96ad979b}\ARQUIVOS DE PROGRAMAS RFB\IRPF2024\JRE\BIN\JAVAW.EXE
2024-03-23 18:21:14,\VOLUME{01da6ccaad22ad19-96ad979b}\WINDOWS\SYSTEMAPPS\MICROSOFT.LOCKAPP_CW5N1H2TXYEWY\LOCKAPP.EXE
2025-07-09 15:58:17,\VOLUME{01da6ccaad22ad19-96ad979b}\WINDOWS\SYSTEM32\LOGONUI.EXE
2025-07-08 18:43:58,\VOLUME{01da6ccaad22ad19-96ad979b}\WINDOWS\SYSTEM32\LOGONUI.EXE
2025-07-08 18:26:04,\VOLUME{01da6ccaad22ad19-96ad979b}\WINDOWS\SYSTEM32\LOGONUI.EXE
2025-07-08 18:04:51,\VOLUME{01da6ccaad22ad19-96ad979b}\WINDOWS\SYSTEM32\LOGONUI.EXE
2025-07-08 17:20:11,\VOLUME{01da6ccaad22ad19-96ad979b}\WINDOWS\SYSTEM32\LOGONUI.EXE
2025-07-08 15:53:58,\VOLUME{01da6ccaad22ad19-96ad979b}\WINDOWS\SYSTEM32\LOGONUI.EXE
2025-07-08 14:51:04,\VOLUME{01da6ccaad22ad19-96ad979b}\WINDOWS\SYSTEM32\LOGONUI.EXE
2025-07-08 00:38:17,\VOLUME{01da6ccaad22ad19-96ad979b}\WINDOWS\SYSTEM32\LOGONUI.EXE
2025-07-09 15:31:17,\VOLUME{01da6ccaad22ad19-96ad979b}\WINDOWS\SYSTEM32\MAKECAB.EXE
2025-07-09 16:44:51,\VOLUME{01da6ccaad22ad19-96ad979b}\PROGRAM FILES (X86)\SOPHOS\MANAGEMENT COMMUNICATIONS SYSTEM\ENDPOINT\MCSAGENT.EXE
2025-07-09 16:44:52,\VOLUME{01da6ccaad22ad19-96ad979b}\PROGRAM FILES (X86)\SOPHOS\MANAGEMENT COMMUNICATIONS SYSTEM\ENDPOINT\MCSCLIENT.EXE
2025-07-09 17:09:48,\VOLUME{01da6ccaad22ad19-96ad979b}\PROGRAM FILES (X86)\MICROSOFT\EDGEUPDATE\MICROSOFTEDGEUPDATE.EXE
2025-07-09 16:41:55,\VOLUME{01da6ccaad22ad19-96ad979b}\PROGRAM FILES (X86)\MICROSOFT\EDGEUPDATE\MICROSOFTEDGEUPDATE.EXE
2025-07-09 16:09:42,\VOLUME{01da6ccaad22ad19-96ad979b}\PROGRAM FILES (X86)\MICROSOFT\EDGEUPDATE\MICROSOFTEDGEUPDATE.EXE
2025-07-09 16:09:36,\VOLUME{01da6ccaad22ad19-96ad979b}\PROGRAM FILES (X86)\MICROSOFT\EDGEUPDATE\MICROSOFTEDGEUPDATE.EXE
2025-07-09 15:57:15,\VOLUME{01da6ccaad22ad19-96ad979b}\PROGRAM FILES (X86)\MICROSOFT\EDGEUPDATE\MICROSOFTEDGEUPDATE.EXE
2025-07-09 15:19:24,\VOLUME{01da6ccaad22ad19-96ad979b}\PROGRAM FILES (X86)\MICROSOFT\EDGEUPDATE\MICROSOFTEDGEUPDATE.EXE
2025-07-09 14:56:37,\VOLUME{01da6ccaad22ad19-96ad979b}\PROGRAM FILES (X86)\MICROSOFT\EDGEUPDATE\MICROSOFTEDGEUPDATE.EXE
2025-07-08 20:18:25,\VOLUME{01da6ccaad22ad19-96ad979b}\PROGRAM FILES (X86)\MICROSOFT\EDGEUPDATE\MICROSOFTEDGEUPDATE.EXE
2025-07-09 14:59:41,MICROSOFTEDGE_X64_138.0.3351.
2025-07-09 17:13:01,\VOLUME{01da6ccaad22ad19-96ad979b}\WINDOWS\SYSTEM32\MMC.EXE
2025-07-09 16:49:49,\VOLUME{01da6ccaad22ad19-96ad979b}\WINDOWS\SYSTEM32\MMC.EXE
2025-07-09 14:56:43,\VOLUME{01da6ccaad22ad19-96ad979b}\WINDOWS\SYSTEM32\MMC.EXE
2025-07-09 14:56:41,\VOLUME{01da6ccaad22ad19-96ad979b}\WINDOWS\SYSTEM32\MMC.EXE
2025-07-08 19:53:33,\VOLUME{01da6ccaad22ad19-96ad979b}\WINDOWS\SYSTEM32\MMC.EXE
2025-07-08 19:13:01,\VOLUME{01da6ccaad22ad19-96ad979b}\WINDOWS\SYSTEM32\MMC.EXE
2025-07-08 18:58:12,\VOLUME{01da6ccaad22ad19-96ad979b}\WINDOWS\SYSTEM32\MMC.EXE
2025-07-08 18:34:57,\VOLUME{01da6ccaad22ad19-96ad979b}\WINDOWS\SYSTEM32\MMC.EXE
2025-07-08 14:23:43,\VOLUME{01da6ccaad22ad19-96ad979b}\WINDOWS\SYSTEM32\MMC.EXE
2025-07-09 17:20:49,\VOLUME{01da6ccaad22ad19-96ad979b}\WINDOWS\SYSTEM32\MMC.EXE
2025-07-09 17:01:54,\VOLUME{01da6ccaad22ad19-96ad979b}\WINDOWS\SYSTEM32\MMC.EXE
2025-07-09 16:51:14,\VOLUME{01da6ccaad22ad19-96ad979b}\WINDOWS\SYSTEM32\MMC.EXE
2025-07-08 20:17:32,\VOLUME{01da6ccaad22ad19-96ad979b}\WINDOWS\SYSTEM32\MMC.EXE
2025-07-08 20:08:35,\VOLUME{01da6ccaad22ad19-96ad979b}\WINDOWS\SYSTEM32\MMC.EXE
2025-07-08 20:08:34,\VOLUME{01da6ccaad22ad19-96ad979b}\WINDOWS\SYSTEM32\MMC.EXE
2025-07-08 19:54:41,\VOLUME{01da6ccaad22ad19-96ad979b}\WINDOWS\SYSTEM32\MMC.EXE
2025-07-08 19:36:39,\VOLUME{01da6ccaad22ad19-96ad979b}\WINDOWS\SYSTEM32\MMC.EXE
2025-07-09 16:41:17,\VOLUME{01da6ccaad22ad19-96ad979b}\WINDOWS\SYSTEM32\MOBSYNC.EXE
2025-07-09 16:09:23,\VOLUME{01da6ccaad22ad19-96ad979b}\WINDOWS\SYSTEM32\MOBSYNC.EXE
2025-07-09 14:56:07,\VOLUME{01da6ccaad22ad19-96ad979b}\WINDOWS\SYSTEM32\MOBSYNC.EXE
2025-07-08 20:04:49,\VOLUME{01da6ccaad22ad19-96ad979b}\WINDOWS\SYSTEM32\MOBSYNC.EXE
2025-07-08 18:34:49,\VOLUME{01da6ccaad22ad19-96ad979b}\WINDOWS\SYSTEM32\MOBSYNC.EXE
2025-07-08 18:12:24,\VOLUME{01da6ccaad22ad19-96ad979b}\WINDOWS\SYSTEM32\MOBSYNC.EXE
2025-07-08 17:21:48,\VOLUME{01da6ccaad22ad19-96ad979b}\WINDOWS\SYSTEM32\MOBSYNC.EXE
2025-07-08 15:00:32,\VOLUME{01da6ccaad22ad19-96ad979b}\WINDOWS\SYSTEM32\MOBSYNC.EXE
2025-07-09 16:54:29,\VOLUME{01da6ccaad22ad19-96ad979b}\WINDOWS\SYSTEM32\MOUSOCOREWORKER.EXE
2025-07-09 16:42:22,\VOLUME{01da6ccaad22ad19-96ad979b}\WINDOWS\SYSTEM32\MOUSOCOREWORKER.EXE
2025-07-09 16:22:46,\VOLUME{01da6ccaad22ad19-96ad979b}\WINDOWS\SYSTEM32\MOUSOCOREWORKER.EXE
2025-07-09 16:13:37,\VOLUME{01da6ccaad22ad19-96ad979b}\WINDOWS\SYSTEM32\MOUSOCOREWORKER.EXE
2025-07-09 16:10:12,\VOLUME{01da6ccaad22ad19-96ad979b}\WINDOWS\SYSTEM32\MOUSOCOREWORKER.EXE
2025-07-09 14:57:16,\VOLUME{01da6ccaad22ad19-96ad979b}\WINDOWS\SYSTEM32\MOUSOCOREWORKER.EXE
2025-07-08 20:26:27,\VOLUME{01da6ccaad22ad19-96ad979b}\WINDOWS\SYSTEM32\MOUSOCOREWORKER.EXE
2025-07-08 20:10:48,\VOLUME{01da6ccaad22ad19-96ad979b}\WINDOWS\SYSTEM32\MOUSOCOREWORKER.EXE
2025-07-09 16:43:26,\VOLUME{01da6ccaad22ad19-96ad979b}\PROGRAMDATA\MICROSOFT\WINDOWS DEFENDER\PLATFORM\4.18.25050.5-0\MPCMDRUN.EXE
2025-07-09 16:11:20,\VOLUME{01da6ccaad22ad19-96ad979b}\PROGRAMDATA\MICROSOFT\WINDOWS DEFENDER\PLATFORM\4.18.25050.5-0\MPCMDRUN.EXE
2025-07-09 14:58:23,\VOLUME{01da6ccaad22ad19-96ad979b}\PROGRAMDATA\MICROSOFT\WINDOWS DEFENDER\PLATFORM\4.18.25050.5-0\MPCMDRUN.EXE
2025-07-08 20:19:32,\VOLUME{01da6ccaad22ad19-96ad979b}\PROGRAMDATA\MICROSOFT\WINDOWS DEFENDER\PLATFORM\4.18.25050.5-0\MPCMDRUN.EXE
2025-07-08 20:07:24,\VOLUME{01da6ccaad22ad19-96ad979b}\PROGRAMDATA\MICROSOFT\WINDOWS DEFENDER\PLATFORM\4.18.25050.5-0\MPCMDRUN.EXE
2025-07-08 19:37:13,\VOLUME{01da6ccaad22ad19-96ad979b}\PROGRAMDATA\MICROSOFT\WINDOWS DEFENDER\PLATFORM\4.18.25050.5-0\MPCMDRUN.EXE
2025-07-08 19:14:25,\VOLUME{01da6ccaad22ad19-96ad979b}\PROGRAMDATA\MICROSOFT\WINDOWS DEFENDER\PLATFORM\4.18.25050.5-0\MPCMDRUN.EXE
2025-07-08 18:59:36,\VOLUME{01da6ccaad22ad19-96ad979b}\PROGRAMDATA\MICROSOFT\WINDOWS DEFENDER\PLATFORM\4.18.25050.5-0\MPCMDRUN.EXE
2025-07-08 19:28:47,\VOLUME{01da6ccaad22ad19-96ad979b}\WINDOWS\MICROSOFT.NET\FRAMEWORK64\V4.0.30319\MSCORSVW.EXE
2025-07-08 14:03:04,\VOLUME{01da6ccaad22ad19-96ad979b}\WINDOWS\MICROSOFT.NET\FRAMEWORK64\V4.0.30319\MSCORSVW.EXE
2025-07-08 14:03:04,\VOLUME{01da6ccaad22ad19-96ad979b}\WINDOWS\MICROSOFT.NET\FRAMEWORK64\V4.0.30319\MSCORSVW.EXE
2025-07-08 14:03:04,\VOLUME{01da6ccaad22ad19-96ad979b}\WINDOWS\MICROSOFT.NET\FRAMEWORK64\V4.0.30319\MSCORSVW.EXE
2025-07-08 14:03:04,\VOLUME{01da6ccaad22ad19-96ad979b}\WINDOWS\MICROSOFT.NET\FRAMEWORK64\V4.0.30319\MSCORSVW.EXE
2025-07-08 14:01:04,\VOLUME{01da6ccaad22ad19-96ad979b}\WINDOWS\MICROSOFT.NET\FRAMEWORK64\V4.0.30319\MSCORSVW.EXE
2025-07-08 13:24:26,\VOLUME{01da6ccaad22ad19-96ad979b}\WINDOWS\MICROSOFT.NET\FRAMEWORK64\V4.0.30319\MSCORSVW.EXE
2025-07-08 13:24:26,\VOLUME{01da6ccaad22ad19-96ad979b}\WINDOWS\MICROSOFT.NET\FRAMEWORK64\V4.0.30319\MSCORSVW.EXE
2025-07-08 19:28:48,\VOLUME{01da6ccaad22ad19-96ad979b}\WINDOWS\MICROSOFT.NET\FRAMEWORK\V4.0.30319\MSCORSVW.EXE
2025-07-08 13:30:47,\VOLUME{01da6ccaad22ad19-96ad979b}\WINDOWS\MICROSOFT.NET\FRAMEWORK\V4.0.30319\MSCORSVW.EXE
2025-07-08 13:28:47,\VOLUME{01da6ccaad22ad19-96ad979b}\WINDOWS\MICROSOFT.NET\FRAMEWORK\V4.0.30319\MSCORSVW.EXE
2025-07-08 13:26:14,\VOLUME{01da6ccaad22ad19-96ad979b}\WINDOWS\MICROSOFT.NET\FRAMEWORK\V4.0.30319\MSCORSVW.EXE
2025-07-08 13:26:06,\VOLUME{01da6ccaad22ad19-96ad979b}\WINDOWS\MICROSOFT.NET\FRAMEWORK\V4.0.30319\MSCORSVW.EXE
2025-07-08 00:23:41,\VOLUME{01da6ccaad22ad19-96ad979b}\WINDOWS\MICROSOFT.NET\FRAMEWORK\V4.0.30319\MSCORSVW.EXE
2025-07-07 23:22:57,\VOLUME{01da6ccaad22ad19-96ad979b}\WINDOWS\MICROSOFT.NET\FRAMEWORK\V4.0.30319\MSCORSVW.EXE
2025-07-07 23:22:57,\VOLUME{01da6ccaad22ad19-96ad979b}\WINDOWS\MICROSOFT.NET\FRAMEWORK\V4.0.30319\MSCORSVW.EXE
2025-07-09 15:57:14,\VOLUME{01da6ccaad22ad19-96ad979b}\PROGRAM FILES (X86)\MICROSOFT\EDGE\APPLICATION\MSEDGE.EXE
2025-07-09 14:56:19,\VOLUME{01da6ccaad22ad19-96ad979b}\PROGRAM FILES (X86)\MICROSOFT\EDGE\APPLICATION\MSEDGE.EXE
2025-07-08 20:17:19,\VOLUME{01da6ccaad22ad19-96ad979b}\PROGRAM FILES (X86)\MICROSOFT\EDGE\APPLICATION\MSEDGE.EXE
2025-07-08 20:05:06,\VOLUME{01da6ccaad22ad19-96ad979b}\PROGRAM FILES (X86)\MICROSOFT\EDGE\APPLICATION\MSEDGE.EXE
2025-07-08 19:34:54,\VOLUME{01da6ccaad22ad19-96ad979b}\PROGRAM FILES (X86)\MICROSOFT\EDGE\APPLICATION\MSEDGE.EXE
2025-07-08 19:17:30,\VOLUME{01da6ccaad22ad19-96ad979b}\PROGRAM FILES (X86)\MICROSOFT\EDGE\APPLICATION\MSEDGE.EXE
2025-07-08 19:14:56,\VOLUME{01da6ccaad22ad19-96ad979b}\PROGRAM FILES (X86)\MICROSOFT\EDGE\APPLICATION\MSEDGE.EXE
2025-07-08 19:12:25,\VOLUME{01da6ccaad22ad19-96ad979b}\PROGRAM FILES (X86)\MICROSOFT\EDGE\APPLICATION\MSEDGE.EXE
2025-07-08 19:19:19,\VOLUME{01da6ccaad22ad19-96ad979b}\PROGRAM FILES (X86)\MICROSOFT\EDGE\APPLICATION\MSEDGE.EXE
2025-07-08 19:19:17,\VOLUME{01da6ccaad22ad19-96ad979b}\PROGRAM FILES (X86)\MICROSOFT\EDGE\APPLICATION\MSEDGE.EXE
2025-07-08 19:14:58,\VOLUME{01da6ccaad22ad19-96ad979b}\PROGRAM FILES (X86)\MICROSOFT\EDGE\APPLICATION\MSEDGE.EXE
2025-07-08 19:14:58,\VOLUME{01da6ccaad22ad19-96ad979b}\PROGRAM FILES (X86)\MICROSOFT\EDGE\APPLICATION\MSEDGE.EXE
2025-07-08 19:14:57,\VOLUME{01da6ccaad22ad19-96ad979b}\PROGRAM FILES (X86)\MICROSOFT\EDGE\APPLICATION\MSEDGE.EXE
2025-07-08 18:59:03,\VOLUME{01da6ccaad22ad19-96ad979b}\PROGRAM FILES (X86)\MICROSOFT\EDGE\APPLICATION\MSEDGE.EXE
2025-07-08 18:59:03,\VOLUME{01da6ccaad22ad19-96ad979b}\PROGRAM FILES (X86)\MICROSOFT\EDGE\APPLICATION\MSEDGE.EXE
2025-07-08 18:36:28,\VOLUME{01da6ccaad22ad19-96ad979b}\PROGRAM FILES (X86)\MICROSOFT\EDGE\APPLICATION\MSEDGE.EXE
2025-07-09 16:41:59,\VOLUME{01da6ccaad22ad19-96ad979b}\PROGRAM FILES (X86)\MICROSOFT\EDGE\APPLICATION\MSEDGE.EXE
2025-07-09 16:09:50,\VOLUME{01da6ccaad22ad19-96ad979b}\PROGRAM FILES (X86)\MICROSOFT\EDGE\APPLICATION\MSEDGE.EXE
2025-07-09 15:58:23,\VOLUME{01da6ccaad22ad19-96ad979b}\PROGRAM FILES (X86)\MICROSOFT\EDGE\APPLICATION\MSEDGE.EXE
2025-07-09 14:56:31,\VOLUME{01da6ccaad22ad19-96ad979b}\PROGRAM FILES (X86)\MICROSOFT\EDGE\APPLICATION\MSEDGE.EXE
2025-07-08 20:05:10,\VOLUME{01da6ccaad22ad19-96ad979b}\PROGRAM FILES (X86)\MICROSOFT\EDGE\APPLICATION\MSEDGE.EXE
2025-07-08 19:34:56,\VOLUME{01da6ccaad22ad19-96ad979b}\PROGRAM FILES (X86)\MICROSOFT\EDGE\APPLICATION\MSEDGE.EXE
2025-07-08 19:17:31,\VOLUME{01da6ccaad22ad19-96ad979b}\PROGRAM FILES (X86)\MICROSOFT\EDGE\APPLICATION\MSEDGE.EXE
2025-07-08 19:14:57,\VOLUME{01da6ccaad22ad19-96ad979b}\PROGRAM FILES (X86)\MICROSOFT\EDGE\APPLICATION\MSEDGE.EXE
2025-07-09 16:41:59,\VOLUME{01da6ccaad22ad19-96ad979b}\PROGRAM FILES (X86)\MICROSOFT\EDGE\APPLICATION\MSEDGE.EXE
2025-07-09 16:09:50,\VOLUME{01da6ccaad22ad19-96ad979b}\PROGRAM FILES (X86)\MICROSOFT\EDGE\APPLICATION\MSEDGE.EXE
2025-07-09 15:58:23,\VOLUME{01da6ccaad22ad19-96ad979b}\PROGRAM FILES (X86)\MICROSOFT\EDGE\APPLICATION\MSEDGE.EXE
2025-07-09 14:56:31,\VOLUME{01da6ccaad22ad19-96ad979b}\PROGRAM FILES (X86)\MICROSOFT\EDGE\APPLICATION\MSEDGE.EXE
2025-07-08 20:05:10,\VOLUME{01da6ccaad22ad19-96ad979b}\PROGRAM FILES (X86)\MICROSOFT\EDGE\APPLICATION\MSEDGE.EXE
2025-07-08 19:20:04,\VOLUME{01da6ccaad22ad19-96ad979b}\PROGRAM FILES (X86)\MICROSOFT\EDGE\APPLICATION\MSEDGE.EXE
2025-07-08 19:17:32,\VOLUME{01da6ccaad22ad19-96ad979b}\PROGRAM FILES (X86)\MICROSOFT\EDGE\APPLICATION\MSEDGE.EXE
2025-07-08 19:12:46,\VOLUME{01da6ccaad22ad19-96ad979b}\PROGRAM FILES (X86)\MICROSOFT\EDGE\APPLICATION\MSEDGE.EXE
2025-07-09 16:41:55,\VOLUME{01da6ccaad22ad19-96ad979b}\PROGRAM FILES (X86)\MICROSOFT\EDGE\APPLICATION\MSEDGE.EXE
2025-07-09 16:09:38,\VOLUME{01da6ccaad22ad19-96ad979b}\PROGRAM FILES (X86)\MICROSOFT\EDGE\APPLICATION\MSEDGE.EXE
2025-07-09 15:58:06,\VOLUME{01da6ccaad22ad19-96ad979b}\PROGRAM FILES (X86)\MICROSOFT\EDGE\APPLICATION\MSEDGE.EXE
2025-07-09 14:56:29,\VOLUME{01da6ccaad22ad19-96ad979b}\PROGRAM FILES (X86)\MICROSOFT\EDGE\APPLICATION\MSEDGE.EXE
2025-07-08 20:17:23,\VOLUME{01da6ccaad22ad19-96ad979b}\PROGRAM FILES (X86)\MICROSOFT\EDGE\APPLICATION\MSEDGE.EXE
2025-07-08 20:05:08,\VOLUME{01da6ccaad22ad19-96ad979b}\PROGRAM FILES (X86)\MICROSOFT\EDGE\APPLICATION\MSEDGE.EXE
2025-07-08 19:34:55,\VOLUME{01da6ccaad22ad19-96ad979b}\PROGRAM FILES (X86)\MICROSOFT\EDGE\APPLICATION\MSEDGE.EXE
2025-07-08 19:20:00,\VOLUME{01da6ccaad22ad19-96ad979b}\PROGRAM FILES (X86)\MICROSOFT\EDGE\APPLICATION\MSEDGE.EXE
2025-07-09 16:52:27,\VOLUME{01da6ccaad22ad19-96ad979b}\PROGRAM FILES (X86)\MICROSOFT\EDGE\APPLICATION\MSEDGE.EXE
2025-07-09 16:47:01,\VOLUME{01da6ccaad22ad19-96ad979b}\PROGRAM FILES (X86)\MICROSOFT\EDGE\APPLICATION\MSEDGE.EXE
2025-07-09 16:42:02,\VOLUME{01da6ccaad22ad19-96ad979b}\PROGRAM FILES (X86)\MICROSOFT\EDGE\APPLICATION\MSEDGE.EXE
2025-07-09 16:42:03,\VOLUME{01da6ccaad22ad19-96ad979b}\PROGRAM FILES (X86)\MICROSOFT\EDGE\APPLICATION\MSEDGE.EXE
2025-07-09 16:20:20,\VOLUME{01da6ccaad22ad19-96ad979b}\PROGRAM FILES (X86)\MICROSOFT\EDGE\APPLICATION\MSEDGE.EXE
2025-07-09 16:09:51,\VOLUME{01da6ccaad22ad19-96ad979b}\PROGRAM FILES (X86)\MICROSOFT\EDGE\APPLICATION\MSEDGE.EXE
2025-07-09 16:09:50,\VOLUME{01da6ccaad22ad19-96ad979b}\PROGRAM FILES (X86)\MICROSOFT\EDGE\APPLICATION\MSEDGE.EXE
2025-07-09 15:58:25,\VOLUME{01da6ccaad22ad19-96ad979b}\PROGRAM FILES (X86)\MICROSOFT\EDGE\APPLICATION\MSEDGE.EXE
2025-07-08 15:29:38,\VOLUME{01da6ccaad22ad19-96ad979b}\WINDOWS\SYSTEM32\MSIEXEC.EXE
2025-07-08 14:37:35,\VOLUME{01da6ccaad22ad19-96ad979b}\WINDOWS\SYSTEM32\MSIEXEC.EXE
2025-07-08 14:37:29,\VOLUME{01da6ccaad22ad19-96ad979b}\WINDOWS\SYSTEM32\MSIEXEC.EXE
2025-07-07 23:36:41,\VOLUME{01da6ccaad22ad19-96ad979b}\WINDOWS\SYSTEM32\MSIEXEC.EXE
2025-07-07 23:08:33,\VOLUME{01da6ccaad22ad19-96ad979b}\WINDOWS\SYSTEM32\MSIEXEC.EXE
2025-01-31 14:25:57,\VOLUME{01da6ccaad22ad19-96ad979b}\WINDOWS\SYSTEM32\MSIEXEC.EXE
2025-01-31 13:58:05,\VOLUME{01da6ccaad22ad19-96ad979b}\WINDOWS\SYSTEM32\MSIEXEC.EXE
2025-01-31 13:57:57,\VOLUME{01da6ccaad22ad19-96ad979b}\WINDOWS\SYSTEM32\MSIEXEC.EXE
2025-07-09 17:05:46,\VOLUME{01da6ccaad22ad19-96ad979b}\WINDOWS\SYSWOW64\NET.EXE
2025-07-09 16:50:59,\VOLUME{01da6ccaad22ad19-96ad979b}\WINDOWS\SYSWOW64\NET.EXE
2025-07-08 19:51:22,\VOLUME{01da6ccaad22ad19-96ad979b}\WINDOWS\SYSWOW64\NET.EXE
2025-07-08 19:47:38,\VOLUME{01da6ccaad22ad19-96ad979b}\WINDOWS\SYSWOW64\NET.EXE
2025-07-08 19:32:29,\VOLUME{01da6ccaad22ad19-96ad979b}\WINDOWS\SYSWOW64\NET.EXE
2025-07-08 19:18:43,\VOLUME{01da6ccaad22ad19-96ad979b}\WINDOWS\SYSWOW64\NET.EXE
2025-07-08 19:13:40,\VOLUME{01da6ccaad22ad19-96ad979b}\WINDOWS\SYSWOW64\NET.EXE
2025-07-08 19:04:00,\VOLUME{01da6ccaad22ad19-96ad979b}\WINDOWS\SYSWOW64\NET.EXE
2025-07-09 17:20:32,\VOLUME{01da6ccaad22ad19-96ad979b}\WINDOWS\SYSTEM32\NET.EXE
2025-07-09 17:11:37,\VOLUME{01da6ccaad22ad19-96ad979b}\WINDOWS\SYSTEM32\NET.EXE
2025-07-08 19:57:06,\VOLUME{01da6ccaad22ad19-96ad979b}\WINDOWS\SYSTEM32\NET.EXE
2025-07-08 19:57:06,\VOLUME{01da6ccaad22ad19-96ad979b}\WINDOWS\SYSTEM32\NET.EXE
2025-07-08 19:39:41,\VOLUME{01da6ccaad22ad19-96ad979b}\WINDOWS\SYSTEM32\NET.EXE
2025-07-08 19:18:13,\VOLUME{01da6ccaad22ad19-96ad979b}\WINDOWS\SYSTEM32\NET.EXE
2025-07-08 19:18:13,\VOLUME{01da6ccaad22ad19-96ad979b}\WINDOWS\SYSTEM32\NET.EXE
2025-07-08 19:03:23,\VOLUME{01da6ccaad22ad19-96ad979b}\WINDOWS\SYSTEM32\NET.EXE
2025-07-09 17:05:46,\VOLUME{01da6ccaad22ad19-96ad979b}\WINDOWS\SYSWOW64\NET1.EXE
2025-07-09 16:50:59,\VOLUME{01da6ccaad22ad19-96ad979b}\WINDOWS\SYSWOW64\NET1.EXE
2025-07-08 19:51:23,\VOLUME{01da6ccaad22ad19-96ad979b}\WINDOWS\SYSWOW64\NET1.EXE
2025-07-08 19:47:38,\VOLUME{01da6ccaad22ad19-96ad979b}\WINDOWS\SYSWOW64\NET1.EXE
2025-07-08 19:32:29,\VOLUME{01da6ccaad22ad19-96ad979b}\WINDOWS\SYSWOW64\NET1.EXE
2025-07-08 19:18:43,\VOLUME{01da6ccaad22ad19-96ad979b}\WINDOWS\SYSWOW64\NET1.EXE
2025-07-08 19:13:40,\VOLUME{01da6ccaad22ad19-96ad979b}\WINDOWS\SYSWOW64\NET1.EXE
2025-07-08 19:04:00,\VOLUME{01da6ccaad22ad19-96ad979b}\WINDOWS\SYSWOW64\NET1.EXE
2025-07-09 17:20:32,\VOLUME{01da6ccaad22ad19-96ad979b}\WINDOWS\SYSTEM32\NET1.EXE
2025-07-09 17:11:37,\VOLUME{01da6ccaad22ad19-96ad979b}\WINDOWS\SYSTEM32\NET1.EXE
2025-07-08 19:57:07,\VOLUME{01da6ccaad22ad19-96ad979b}\WINDOWS\SYSTEM32\NET1.EXE
2025-07-08 19:57:06,\VOLUME{01da6ccaad22ad19-96ad979b}\WINDOWS\SYSTEM32\NET1.EXE
2025-07-08 19:39:41,\VOLUME{01da6ccaad22ad19-96ad979b}\WINDOWS\SYSTEM32\NET1.EXE
2025-07-08 19:18:13,\VOLUME{01da6ccaad22ad19-96ad979b}\WINDOWS\SYSTEM32\NET1.EXE
2025-07-08 19:18:13,\VOLUME{01da6ccaad22ad19-96ad979b}\WINDOWS\SYSTEM32\NET1.EXE
2025-07-08 19:03:23,\VOLUME{01da6ccaad22ad19-96ad979b}\WINDOWS\SYSTEM32\NET1.EXE
2025-07-08 20:20:53,\VOLUME{01da6ccaad22ad19-96ad979b}\WINDOWS\SYSTEM32\NETSTAT.EXE
2025-07-08 20:05:38,\VOLUME{01da6ccaad22ad19-96ad979b}\WINDOWS\SYSTEM32\NETSTAT.EXE
2025-07-08 19:58:03,\VOLUME{01da6ccaad22ad19-96ad979b}\WINDOWS\SYSTEM32\NETSTAT.EXE
2025-07-08 19:40:58,\VOLUME{01da6ccaad22ad19-96ad979b}\WINDOWS\SYSTEM32\NETSTAT.EXE
2025-07-08 19:40:27,\VOLUME{01da6ccaad22ad19-96ad979b}\WINDOWS\SYSTEM32\NETSTAT.EXE
2025-07-08 19:23:18,\VOLUME{01da6ccaad22ad19-96ad979b}\WINDOWS\SYSTEM32\NETSTAT.EXE
2025-07-08 19:28:47,\VOLUME{01da6ccaad22ad19-96ad979b}\WINDOWS\MICROSOFT.NET\FRAMEWORK\V4.0.30319\NGEN.EXE
2025-07-08 13:30:47,\VOLUME{01da6ccaad22ad19-96ad979b}\WINDOWS\MICROSOFT.NET\FRAMEWORK\V4.0.30319\NGEN.EXE
2025-07-08 13:28:16,\VOLUME{01da6ccaad22ad19-96ad979b}\WINDOWS\MICROSOFT.NET\FRAMEWORK\V4.0.30319\NGEN.EXE
2025-07-08 13:22:13,\VOLUME{01da6ccaad22ad19-96ad979b}\WINDOWS\MICROSOFT.NET\FRAMEWORK\V4.0.30319\NGEN.EXE
2025-07-08 00:06:24,\VOLUME{01da6ccaad22ad19-96ad979b}\WINDOWS\MICROSOFT.NET\FRAMEWORK\V4.0.30319\NGEN.EXE
2025-07-07 23:37:00,\VOLUME{01da6ccaad22ad19-96ad979b}\WINDOWS\MICROSOFT.NET\FRAMEWORK\V4.0.30319\NGEN.EXE
2025-07-07 23:22:56,\VOLUME{01da6ccaad22ad19-96ad979b}\WINDOWS\MICROSOFT.NET\FRAMEWORK\V4.0.30319\NGEN.EXE
2025-01-31 15:03:15,\VOLUME{01da6ccaad22ad19-96ad979b}\WINDOWS\MICROSOFT.NET\FRAMEWORK\V4.0.30319\NGEN.EXE
2025-07-08 19:28:47,\VOLUME{01da6ccaad22ad19-96ad979b}\WINDOWS\MICROSOFT.NET\FRAMEWORK64\V4.0.30319\NGEN.EXE
2025-07-08 14:03:07,\VOLUME{01da6ccaad22ad19-96ad979b}\WINDOWS\MICROSOFT.NET\FRAMEWORK64\V4.0.30319\NGEN.EXE
2025-07-08 14:00:57,\VOLUME{01da6ccaad22ad19-96ad979b}\WINDOWS\MICROSOFT.NET\FRAMEWORK64\V4.0.30319\NGEN.EXE
2025-07-08 13:26:06,\VOLUME{01da6ccaad22ad19-96ad979b}\WINDOWS\MICROSOFT.NET\FRAMEWORK64\V4.0.30319\NGEN.EXE
2025-07-08 13:22:13,\VOLUME{01da6ccaad22ad19-96ad979b}\WINDOWS\MICROSOFT.NET\FRAMEWORK64\V4.0.30319\NGEN.EXE
2025-07-08 00:24:17,\VOLUME{01da6ccaad22ad19-96ad979b}\WINDOWS\MICROSOFT.NET\FRAMEWORK64\V4.0.30319\NGEN.EXE
2025-07-08 00:06:07,\VOLUME{01da6ccaad22ad19-96ad979b}\WINDOWS\MICROSOFT.NET\FRAMEWORK64\V4.0.30319\NGEN.EXE
2025-07-07 23:37:00,\VOLUME{01da6ccaad22ad19-96ad979b}\WINDOWS\MICROSOFT.NET\FRAMEWORK64\V4.0.30319\NGEN.EXE
2025-07-08 19:28:51,\VOLUME{01da6ccaad22ad19-96ad979b}\WINDOWS\MICROSOFT.NET\FRAMEWORK\V4.0.30319\NGENTASK.EXE
2025-07-08 14:38:11,\VOLUME{01da6ccaad22ad19-96ad979b}\WINDOWS\SYSWOW64\NOTEPAD.EXE
2025-07-08 20:25:45,\VOLUME{01da6ccaad22ad19-96ad979b}\WINDOWS\SYSTEM32\NOTEPAD.EXE
2025-07-08 20:18:10,\VOLUME{01da6ccaad22ad19-96ad979b}\WINDOWS\SYSTEM32\NOTEPAD.EXE
2025-07-08 20:11:18,\VOLUME{01da6ccaad22ad19-96ad979b}\WINDOWS\SYSTEM32\NOTEPAD.EXE
2025-07-08 20:01:29,\VOLUME{01da6ccaad22ad19-96ad979b}\WINDOWS\SYSTEM32\NOTEPAD.EXE
2025-07-08 19:55:17,\VOLUME{01da6ccaad22ad19-96ad979b}\WINDOWS\SYSTEM32\NOTEPAD.EXE
2025-07-08 19:44:56,\VOLUME{01da6ccaad22ad19-96ad979b}\WINDOWS\SYSTEM32\NOTEPAD.EXE
2025-07-08 19:29:55,\VOLUME{01da6ccaad22ad19-96ad979b}\WINDOWS\SYSTEM32\NOTEPAD.EXE
2025-07-08 19:18:53,\VOLUME{01da6ccaad22ad19-96ad979b}\WINDOWS\SYSTEM32\NOTEPAD.EXE
2025-07-08 15:29:47,\VOLUME{01da6ccaad22ad19-96ad979b}\PROGRAM FILES\WIRESHARK\NPCAP-1.79.EXE
2025-07-08 15:31:36,\VOLUME{01da6ccaad22ad19-96ad979b}\PROGRAM FILES\NPCAP\NPFINSTALL.EXE
2025-07-08 15:31:36,\VOLUME{01da6ccaad22ad19-96ad979b}\PROGRAM FILES\NPCAP\NPFINSTALL.EXE
2025-07-08 15:31:35,\VOLUME{01da6ccaad22ad19-96ad979b}\PROGRAM FILES\NPCAP\NPFINSTALL.EXE
2025-07-07 23:39:47,\VOLUME{01da6ccaad22ad19-96ad979b}\PROGRAM FILES\COMMON FILES\MICROSOFT SHARED\CLICKTORUN\UPDATES\16.0.18925.20138\OFFICEC2RCLIENT.EXE
2025-01-31 13:51:08,\VOLUME{01da6ccaad22ad19-96ad979b}\PROGRAM FILES\COMMON FILES\MICROSOFT SHARED\CLICKTORUN\UPDATES\16.0.18925.20138\OFFICEC2RCLIENT.EXE
2025-07-09 14:57:50,\VOLUME{01da6ccaad22ad19-96ad979b}\PROGRAM FILES\COMMON FILES\MICROSOFT SHARED\CLICKTORUN\OFFICECLICKTORUN.EXE
2025-07-07 23:33:46,\VOLUME{01da6ccaad22ad19-96ad979b}\PROGRAM FILES\COMMON FILES\MICROSOFT SHARED\CLICKTORUN\OFFICECLICKTORUN.EXE
2025-07-07 23:32:52,\VOLUME{01da6ccaad22ad19-96ad979b}\PROGRAM FILES\COMMON FILES\MICROSOFT SHARED\CLICKTORUN\OFFICECLICKTORUN.EXE
2025-01-31 14:23:10,\VOLUME{01da6ccaad22ad19-96ad979b}\PROGRAM FILES\COMMON FILES\MICROSOFT SHARED\CLICKTORUN\OFFICECLICKTORUN.EXE
2025-01-31 13:58:39,\VOLUME{01da6ccaad22ad19-96ad979b}\PROGRAM FILES\COMMON FILES\MICROSOFT SHARED\CLICKTORUN\OFFICECLICKTORUN.EXE
2025-01-31 13:51:05,\VOLUME{01da6ccaad22ad19-96ad979b}\PROGRAM FILES\COMMON FILES\MICROSOFT SHARED\CLICKTORUN\OFFICECLICKTORUN.EXE
2025-01-31 13:51:06,\VOLUME{01da6ccaad22ad19-96ad979b}\PROGRAM FILES\COMMON FILES\MICROSOFT SHARED\CLICKTORUN\OFFICECLICKTORUN.EXE
2025-01-31 13:50:50,\VOLUME{01da6ccaad22ad19-96ad979b}\USERS\CLIENT\DOWNLOADS\OFFICESETUP.EXE
2025-01-31 13:50:48,\VOLUME{01da6ccaad22ad19-96ad979b}\USERS\CLIENT\DOWNLOADS\OFFICESETUP.EXE
2025-01-31 13:50:48,\VOLUME{01da6ccaad22ad19-96ad979b}\USERS\CLIENT\DOWNLOADS\OFFICESETUP.EXE
2025-01-31 12:25:58,\VOLUME{01da6ccaad22ad19-96ad979b}\USERS\CLIENT\APPDATA\LOCAL\MICROSOFT\ONEDRIVE\ONEDRIVE.EXE
2025-01-11 00:12:19,\VOLUME{01da6ccaad22ad19-96ad979b}\USERS\CLIENT\APPDATA\LOCAL\MICROSOFT\ONEDRIVE\ONEDRIVE.EXE
2025-01-10 23:43:19,\VOLUME{01da6ccaad22ad19-96ad979b}\USERS\CLIENT\APPDATA\LOCAL\MICROSOFT\ONEDRIVE\ONEDRIVE.EXE
2025-01-10 16:18:12,\VOLUME{01da6ccaad22ad19-96ad979b}\USERS\CLIENT\APPDATA\LOCAL\MICROSOFT\ONEDRIVE\ONEDRIVE.EXE
2025-01-10 12:41:02,\VOLUME{01da6ccaad22ad19-96ad979b}\USERS\CLIENT\APPDATA\LOCAL\MICROSOFT\ONEDRIVE\ONEDRIVE.EXE
2025-01-10 12:39:22,\VOLUME{01da6ccaad22ad19-96ad979b}\USERS\CLIENT\APPDATA\LOCAL\MICROSOFT\ONEDRIVE\ONEDRIVE.EXE
2024-04-16 16:43:02,\VOLUME{01da6ccaad22ad19-96ad979b}\USERS\CLIENT\APPDATA\LOCAL\MICROSOFT\ONEDRIVE\ONEDRIVE.EXE
2024-04-16 16:40:52,\VOLUME{01da6ccaad22ad19-96ad979b}\USERS\CLIENT\APPDATA\LOCAL\MICROSOFT\ONEDRIVE\ONEDRIVE.EXE
2025-07-09 16:42:13,Op-SEARCHAPP.EXE-DD93808B
2025-01-31 13:59:56,\VOLUME{01da6ccaad22ad19-96ad979b}\WINDOWS\SYSTEM32\OPENWITH.EXE
2025-01-31 13:59:41,\VOLUME{01da6ccaad22ad19-96ad979b}\WINDOWS\SYSTEM32\OPENWITH.EXE
2025-01-31 13:38:19,\VOLUME{01da6ccaad22ad19-96ad979b}\WINDOWS\SYSTEM32\OPENWITH.EXE
2024-03-23 16:49:20,\VOLUME{01da6ccaad22ad19-96ad979b}\WINDOWS\SYSTEM32\OPENWITH.EXE
2025-07-09 17:24:11,\VOLUME{01da6ccaad22ad19-96ad979b}\USERS\CLIENT\PECMD\PECMD.EXE
2025-07-09 16:56:20,\VOLUME{01da6ccaad22ad19-96ad979b}\USERS\CLIENT\PECMD\PECMD.EXE
2025-07-09 16:53:55,\VOLUME{01da6ccaad22ad19-96ad979b}\USERS\CLIENT\PECMD\PECMD.EXE
2025-07-09 16:18:00,\VOLUME{01da6ccaad22ad19-96ad979b}\PROGRAM FILES\WINDOWSAPPS\MICROSOFT.YOURPHONE_1.25061.44.0_X64__8WEKYB3D8BBWE\PHONEEXPERIENCEHOST.EXE
2025-07-09 15:50:38,\VOLUME{01da6ccaad22ad19-96ad979b}\PROGRAM FILES\WINDOWSAPPS\MICROSOFT.YOURPHONE_1.25061.44.0_X64__8WEKYB3D8BBWE\PHONEEXPERIENCEHOST.EXE
2025-07-09 15:01:02,\VOLUME{01da6ccaad22ad19-96ad979b}\PROGRAM FILES\WINDOWSAPPS\MICROSOFT.YOURPHONE_1.25052.76.0_X64__8WEKYB3D8BBWE\PHONEEXPERIENCEHOST.EXE
2025-07-08 20:17:09,\VOLUME{01da6ccaad22ad19-96ad979b}\PROGRAM FILES\WINDOWSAPPS\MICROSOFT.YOURPHONE_1.25052.76.0_X64__8WEKYB3D8BBWE\PHONEEXPERIENCEHOST.EXE
2025-07-08 20:05:39,\VOLUME{01da6ccaad22ad19-96ad979b}\PROGRAM FILES\WINDOWSAPPS\MICROSOFT.YOURPHONE_1.25052.76.0_X64__8WEKYB3D8BBWE\PHONEEXPERIENCEHOST.EXE
2025-07-08 19:34:44,\VOLUME{01da6ccaad22ad19-96ad979b}\PROGRAM FILES\WINDOWSAPPS\MICROSOFT.YOURPHONE_1.25052.76.0_X64__8WEKYB3D8BBWE\PHONEEXPERIENCEHOST.EXE
2025-07-08 19:12:48,\VOLUME{01da6ccaad22ad19-96ad979b}\PROGRAM FILES\WINDOWSAPPS\MICROSOFT.YOURPHONE_1.25052.76.0_X64__8WEKYB3D8BBWE\PHONEEXPERIENCEHOST.EXE
2025-07-08 18:57:11,\VOLUME{01da6ccaad22ad19-96ad979b}\PROGRAM FILES\WINDOWSAPPS\MICROSOFT.YOURPHONE_1.25052.76.0_X64__8WEKYB3D8BBWE\PHONEEXPERIENCEHOST.EXE
2025-07-08 18:45:17,\VOLUME{01da6ccaad22ad19-96ad979b}\PROGRAM FILES\WINDOWSAPPS\MICROSOFT.YOURPHONE_1.25052.76.0_X64__8WEKYB3D8BBWE\PHONEEXPERIENCEHOST.EXE
2025-07-08 18:36:14,\VOLUME{01da6ccaad22ad19-96ad979b}\PROGRAM FILES\WINDOWSAPPS\MICROSOFT.YOURPHONE_1.25052.76.0_X64__8WEKYB3D8BBWE\PHONEEXPERIENCEHOST.EXE
2025-07-09 17:12:19,\VOLUME{01da6ccaad22ad19-96ad979b}\PROGRAM FILES\WINDOWSAPPS\PYTHONSOFTWAREFOUNDATION.PYTHON.3.13_3.13.1520.0_X64__QBZ5N2KFRA8P0\PIP3.13.EXE
2025-07-09 17:02:20,\VOLUME{01da6ccaad22ad19-96ad979b}\PROGRAM FILES\WINDOWSAPPS\PYTHONSOFTWAREFOUNDATION.PYTHON.3.13_3.13.1520.0_X64__QBZ5N2KFRA8P0\PIP3.13.EXE
2025-07-08 19:52:21,\VOLUME{01da6ccaad22ad19-96ad979b}\PROGRAM FILES\WINDOWSAPPS\PYTHONSOFTWAREFOUNDATION.PYTHON.3.13_3.13.1520.0_X64__QBZ5N2KFRA8P0\PIP3.13.EXE
2025-07-08 19:52:17,\VOLUME{01da6ccaad22ad19-96ad979b}\PROGRAM FILES\WINDOWSAPPS\PYTHONSOFTWAREFOUNDATION.PYTHON.3.13_3.13.1520.0_X64__QBZ5N2KFRA8P0\PIP3.13.EXE
2025-07-08 19:38:17,\VOLUME{01da6ccaad22ad19-96ad979b}\PROGRAM FILES\WINDOWSAPPS\PYTHONSOFTWAREFOUNDATION.PYTHON.3.13_3.13.1520.0_X64__QBZ5N2KFRA8P0\PIP3.13.EXE
2025-07-08 19:04:21,\VOLUME{01da6ccaad22ad19-96ad979b}\PROGRAM FILES\WINDOWSAPPS\PYTHONSOFTWAREFOUNDATION.PYTHON.3.13_3.13.1520.0_X64__QBZ5N2KFRA8P0\PIP3.13.EXE
2025-07-08 18:47:28,\VOLUME{01da6ccaad22ad19-96ad979b}\PROGRAM FILES\WINDOWSAPPS\PYTHONSOFTWAREFOUNDATION.PYTHON.3.13_3.13.1520.0_X64__QBZ5N2KFRA8P0\PIP3.13.EXE
2025-07-08 18:47:24,\VOLUME{01da6ccaad22ad19-96ad979b}\PROGRAM FILES\WINDOWSAPPS\PYTHONSOFTWAREFOUNDATION.PYTHON.3.13_3.13.1520.0_X64__QBZ5N2KFRA8P0\PIP3.13.EXE
2025-07-09 17:20:44,\VOLUME{01da6ccaad22ad19-96ad979b}\WINDOWS\SYSWOW64\WINDOWSPOWERSHELL\V1.0\POWERSHELL.EXE
2025-07-09 16:50:16,\VOLUME{01da6ccaad22ad19-96ad979b}\WINDOWS\SYSWOW64\WINDOWSPOWERSHELL\V1.0\POWERSHELL.EXE
2025-07-09 16:15:25,\VOLUME{01da6ccaad22ad19-96ad979b}\WINDOWS\SYSWOW64\WINDOWSPOWERSHELL\V1.0\POWERSHELL.EXE
2025-07-09 15:55:33,\VOLUME{01da6ccaad22ad19-96ad979b}\WINDOWS\SYSWOW64\WINDOWSPOWERSHELL\V1.0\POWERSHELL.EXE
2025-07-09 15:32:04,\VOLUME{01da6ccaad22ad19-96ad979b}\WINDOWS\SYSWOW64\WINDOWSPOWERSHELL\V1.0\POWERSHELL.EXE
2025-07-09 15:15:40,\VOLUME{01da6ccaad22ad19-96ad979b}\WINDOWS\SYSWOW64\WINDOWSPOWERSHELL\V1.0\POWERSHELL.EXE
2025-07-08 20:20:32,\VOLUME{01da6ccaad22ad19-96ad979b}\WINDOWS\SYSWOW64\WINDOWSPOWERSHELL\V1.0\POWERSHELL.EXE
2025-07-08 20:04:57,\VOLUME{01da6ccaad22ad19-96ad979b}\WINDOWS\SYSWOW64\WINDOWSPOWERSHELL\V1.0\POWERSHELL.EXE
2025-07-08 14:38:49,\VOLUME{01da6ccaad22ad19-96ad979b}\PROGRAM FILES\PUTTY\PUTTY.EXE
2025-07-09 17:25:05,\VOLUME{01da6ccaad22ad19-96ad979b}\PROGRAM FILES\WINDOWSAPPS\PYTHONSOFTWAREFOUNDATION.PYTHON.3.13_3.13.1520.0_X64__QBZ5N2KFRA8P0\PYTHON3.13.EXE
2025-07-09 17:15:17,\VOLUME{01da6ccaad22ad19-96ad979b}\PROGRAM FILES\WINDOWSAPPS\PYTHONSOFTWAREFOUNDATION.PYTHON.3.13_3.13.1520.0_X64__QBZ5N2KFRA8P0\PYTHON3.13.EXE
2025-07-09 17:12:10,\VOLUME{01da6ccaad22ad19-96ad979b}\PROGRAM FILES\WINDOWSAPPS\PYTHONSOFTWAREFOUNDATION.PYTHON.3.13_3.13.1520.0_X64__QBZ5N2KFRA8P0\PYTHON3.13.EXE
2025-07-09 17:06:03,\VOLUME{01da6ccaad22ad19-96ad979b}\PROGRAM FILES\WINDOWSAPPS\PYTHONSOFTWAREFOUNDATION.PYTHON.3.13_3.13.1520.0_X64__QBZ5N2KFRA8P0\PYTHON3.13.EXE
2025-07-08 20:20:50,\VOLUME{01da6ccaad22ad19-96ad979b}\PROGRAM FILES\WINDOWSAPPS\PYTHONSOFTWAREFOUNDATION.PYTHON.3.13_3.13.1520.0_X64__QBZ5N2KFRA8P0\PYTHON3.13.EXE
2025-07-08 20:05:33,\VOLUME{01da6ccaad22ad19-96ad979b}\PROGRAM FILES\WINDOWSAPPS\PYTHONSOFTWAREFOUNDATION.PYTHON.3.13_3.13.1520.0_X64__QBZ5N2KFRA8P0\PYTHON3.13.EXE
2025-07-08 19:58:01,\VOLUME{01da6ccaad22ad19-96ad979b}\PROGRAM FILES\WINDOWSAPPS\PYTHONSOFTWAREFOUNDATION.PYTHON.3.13_3.13.1520.0_X64__QBZ5N2KFRA8P0\PYTHON3.13.EXE
2025-07-08 19:55:50,\VOLUME{01da6ccaad22ad19-96ad979b}\PROGRAM FILES\WINDOWSAPPS\PYTHONSOFTWAREFOUNDATION.PYTHON.3.13_3.13.1520.0_X64__QBZ5N2KFRA8P0\PYTHON3.13.EXE
2025-07-09 17:20:05,\VOLUME{01da6ccaad22ad19-96ad979b}\USERS\CLIENT\DOWNLOADS\R4NS0NZZ.EXE
2025-07-09 17:20:00,\VOLUME{01da6ccaad22ad19-96ad979b}\USERS\CLIENT\DOWNLOADS\R4NS0NZZ.EXE
2025-07-09 17:11:20,\VOLUME{01da6ccaad22ad19-96ad979b}\USERS\CLIENT\DOWNLOADS\R4NS0NZZ.EXE
2025-07-09 17:11:19,\VOLUME{01da6ccaad22ad19-96ad979b}\USERS\CLIENT\DOWNLOADS\R4NS0NZZ.EXE
2025-07-09 16:17:28,\VOLUME{01da6ccaad22ad19-96ad979b}\WINDOWS\SYSWOW64\REG.EXE
2025-07-08 20:21:00,\VOLUME{01da6ccaad22ad19-96ad979b}\WINDOWS\SYSTEM32\REG.EXE
2025-07-08 20:05:50,\VOLUME{01da6ccaad22ad19-96ad979b}\WINDOWS\SYSTEM32\REG.EXE
2025-07-08 19:58:09,\VOLUME{01da6ccaad22ad19-96ad979b}\WINDOWS\SYSTEM32\REG.EXE
2025-07-08 19:41:04,\VOLUME{01da6ccaad22ad19-96ad979b}\WINDOWS\SYSTEM32\REG.EXE
2025-07-08 19:23:28,\VOLUME{01da6ccaad22ad19-96ad979b}\WINDOWS\SYSTEM32\REG.EXE
2025-07-09 17:13:02,\VOLUME{01da6ccaad22ad19-96ad979b}\WINDOWS\REGEDIT.EXE
2025-07-09 16:49:48,\VOLUME{01da6ccaad22ad19-96ad979b}\WINDOWS\REGEDIT.EXE
2025-07-09 14:56:41,\VOLUME{01da6ccaad22ad19-96ad979b}\WINDOWS\REGEDIT.EXE
2025-07-08 19:53:27,\VOLUME{01da6ccaad22ad19-96ad979b}\WINDOWS\REGEDIT.EXE
2025-07-08 19:13:06,\VOLUME{01da6ccaad22ad19-96ad979b}\WINDOWS\REGEDIT.EXE
2025-07-08 19:13:05,\VOLUME{01da6ccaad22ad19-96ad979b}\WINDOWS\REGEDIT.EXE
2025-07-08 18:58:09,\VOLUME{01da6ccaad22ad19-96ad979b}\WINDOWS\REGEDIT.EXE
2025-07-08 18:45:57,\VOLUME{01da6ccaad22ad19-96ad979b}\WINDOWS\REGEDIT.EXE
2024-03-19 00:05:27,\VOLUME{01da6ccaad22ad19-96ad979b}\WINDOWS\SYSTEM32\RUNDLL32.EXE
2025-07-08 19:28:44,\VOLUME{01da6ccaad22ad19-96ad979b}\WINDOWS\SYSTEM32\RUNDLL32.EXE
2025-07-09 15:44:56,\VOLUME{01da6ccaad22ad19-96ad979b}\WINDOWS\SYSTEM32\RUNDLL32.EXE
2025-07-09 15:31:46,\VOLUME{01da6ccaad22ad19-96ad979b}\WINDOWS\SYSTEM32\RUNDLL32.EXE
2025-07-08 14:14:33,\VOLUME{01da6ccaad22ad19-96ad979b}\WINDOWS\SYSTEM32\RUNDLL32.EXE
2025-07-08 13:30:15,\VOLUME{01da6ccaad22ad19-96ad979b}\WINDOWS\SYSTEM32\RUNDLL32.EXE
2025-07-08 00:11:58,\VOLUME{01da6ccaad22ad19-96ad979b}\WINDOWS\SYSTEM32\RUNDLL32.EXE
2025-07-08 00:02:01,\VOLUME{01da6ccaad22ad19-96ad979b}\WINDOWS\SYSTEM32\RUNDLL32.EXE
2025-07-07 23:41:36,\VOLUME{01da6ccaad22ad19-96ad979b}\WINDOWS\SYSTEM32\RUNDLL32.EXE
2025-07-07 23:38:16,\VOLUME{01da6ccaad22ad19-96ad979b}\WINDOWS\SYSTEM32\RUNDLL32.EXE
2025-07-08 19:33:38,\VOLUME{01da6ccaad22ad19-96ad979b}\WINDOWS\SYSTEM32\RUNDLL32.EXE
2025-07-08 19:06:53,\VOLUME{01da6ccaad22ad19-96ad979b}\WINDOWS\SYSTEM32\RUNDLL32.EXE
2025-07-08 18:44:05,\VOLUME{01da6ccaad22ad19-96ad979b}\WINDOWS\SYSTEM32\RUNDLL32.EXE
2025-07-08 18:04:55,\VOLUME{01da6ccaad22ad19-96ad979b}\WINDOWS\SYSTEM32\RUNDLL32.EXE
2025-07-08 17:20:19,\VOLUME{01da6ccaad22ad19-96ad979b}\WINDOWS\SYSTEM32\RUNDLL32.EXE
2025-07-09 16:50:12,\VOLUME{01da6ccaad22ad19-96ad979b}\WINDOWS\SYSTEM32\RUNDLL32.EXE
2025-07-09 16:15:22,\VOLUME{01da6ccaad22ad19-96ad979b}\WINDOWS\SYSTEM32\RUNDLL32.EXE
2025-07-09 15:55:32,\VOLUME{01da6ccaad22ad19-96ad979b}\WINDOWS\SYSTEM32\RUNDLL32.EXE
2025-07-08 20:20:31,\VOLUME{01da6ccaad22ad19-96ad979b}\WINDOWS\SYSTEM32\RUNDLL32.EXE
2025-07-08 20:04:54,\VOLUME{01da6ccaad22ad19-96ad979b}\WINDOWS\SYSTEM32\RUNDLL32.EXE
2025-07-08 19:40:41,\VOLUME{01da6ccaad22ad19-96ad979b}\WINDOWS\SYSTEM32\RUNDLL32.EXE
2025-07-08 19:13:26,\VOLUME{01da6ccaad22ad19-96ad979b}\WINDOWS\SYSTEM32\RUNDLL32.EXE
2025-07-08 18:58:21,\VOLUME{01da6ccaad22ad19-96ad979b}\WINDOWS\SYSTEM32\RUNDLL32.EXE
2025-07-09 16:42:08,\VOLUME{01da6ccaad22ad19-96ad979b}\WINDOWS\SYSTEM32\RUNDLL32.EXE
2025-07-09 16:22:59,\VOLUME{01da6ccaad22ad19-96ad979b}\WINDOWS\SYSTEM32\RUNDLL32.EXE
2025-07-09 15:04:18,\VOLUME{01da6ccaad22ad19-96ad979b}\WINDOWS\SYSTEM32\RUNDLL32.EXE
2025-07-08 20:18:01,\VOLUME{01da6ccaad22ad19-96ad979b}\WINDOWS\SYSTEM32\RUNDLL32.EXE
2025-07-08 20:11:02,\VOLUME{01da6ccaad22ad19-96ad979b}\WINDOWS\SYSTEM32\RUNDLL32.EXE
2025-07-08 19:37:12,\VOLUME{01da6ccaad22ad19-96ad979b}\WINDOWS\SYSTEM32\RUNDLL32.EXE
2025-07-08 19:13:50,\VOLUME{01da6ccaad22ad19-96ad979b}\WINDOWS\SYSTEM32\RUNDLL32.EXE
2025-07-08 18:58:52,\VOLUME{01da6ccaad22ad19-96ad979b}\WINDOWS\SYSTEM32\RUNDLL32.EXE
2025-07-09 17:24:23,\VOLUME{01da6ccaad22ad19-96ad979b}\WINDOWS\SYSTEM32\RUNTIMEBROKER.EXE
2025-07-09 16:45:29,\VOLUME{01da6ccaad22ad19-96ad979b}\WINDOWS\SYSTEM32\RUNTIMEBROKER.EXE
2025-07-09 16:17:57,\VOLUME{01da6ccaad22ad19-96ad979b}\WINDOWS\SYSTEM32\RUNTIMEBROKER.EXE
2025-07-09 15:29:10,\VOLUME{01da6ccaad22ad19-96ad979b}\WINDOWS\SYSTEM32\RUNTIMEBROKER.EXE
2025-07-09 15:05:36,\VOLUME{01da6ccaad22ad19-96ad979b}\WINDOWS\SYSTEM32\RUNTIMEBROKER.EXE
2025-07-08 20:21:53,\VOLUME{01da6ccaad22ad19-96ad979b}\WINDOWS\SYSTEM32\RUNTIMEBROKER.EXE
2025-07-08 20:09:40,\VOLUME{01da6ccaad22ad19-96ad979b}\WINDOWS\SYSTEM32\RUNTIMEBROKER.EXE
2025-07-08 19:38:14,\VOLUME{01da6ccaad22ad19-96ad979b}\WINDOWS\SYSTEM32\RUNTIMEBROKER.EXE
2025-07-09 16:41:05,\VOLUME{01da6ccaad22ad19-96ad979b}\WINDOWS\SYSTEM32\RUNTIMEBROKER.EXE
2025-07-09 16:09:09,\VOLUME{01da6ccaad22ad19-96ad979b}\WINDOWS\SYSTEM32\RUNTIMEBROKER.EXE
2025-07-09 14:55:51,\VOLUME{01da6ccaad22ad19-96ad979b}\WINDOWS\SYSTEM32\RUNTIMEBROKER.EXE
2025-07-08 20:16:55,\VOLUME{01da6ccaad22ad19-96ad979b}\WINDOWS\SYSTEM32\RUNTIMEBROKER.EXE
2025-07-08 20:04:37,\VOLUME{01da6ccaad22ad19-96ad979b}\WINDOWS\SYSTEM32\RUNTIMEBROKER.EXE
2025-07-08 19:34:31,\VOLUME{01da6ccaad22ad19-96ad979b}\WINDOWS\SYSTEM32\RUNTIMEBROKER.EXE
2025-07-08 19:12:03,\VOLUME{01da6ccaad22ad19-96ad979b}\WINDOWS\SYSTEM32\RUNTIMEBROKER.EXE
2025-07-08 18:56:59,\VOLUME{01da6ccaad22ad19-96ad979b}\WINDOWS\SYSTEM32\RUNTIMEBROKER.EXE
2025-07-09 15:53:57,\VOLUME{01da6ccaad22ad19-96ad979b}\WINDOWS\SYSTEM32\RUNTIMEBROKER.EXE
2025-07-09 16:45:30,\VOLUME{01da6ccaad22ad19-96ad979b}\WINDOWS\SYSTEM32\RUNTIMEBROKER.EXE
2025-07-09 16:13:56,\VOLUME{01da6ccaad22ad19-96ad979b}\WINDOWS\SYSTEM32\RUNTIMEBROKER.EXE
2025-07-09 15:54:24,\VOLUME{01da6ccaad22ad19-96ad979b}\WINDOWS\SYSTEM32\RUNTIMEBROKER.EXE
2025-07-09 15:33:31,\VOLUME{01da6ccaad22ad19-96ad979b}\WINDOWS\SYSTEM32\RUNTIMEBROKER.EXE
2025-07-09 15:05:37,\VOLUME{01da6ccaad22ad19-96ad979b}\WINDOWS\SYSTEM32\RUNTIMEBROKER.EXE
2025-07-08 20:21:44,\VOLUME{01da6ccaad22ad19-96ad979b}\WINDOWS\SYSTEM32\RUNTIMEBROKER.EXE
2025-07-08 20:09:38,\VOLUME{01da6ccaad22ad19-96ad979b}\WINDOWS\SYSTEM32\RUNTIMEBROKER.EXE
2025-07-08 19:38:12,\VOLUME{01da6ccaad22ad19-96ad979b}\WINDOWS\SYSTEM32\RUNTIMEBROKER.EXE
2025-07-09 16:41:19,\VOLUME{01da6ccaad22ad19-96ad979b}\WINDOWS\SYSTEM32\RUNTIMEBROKER.EXE
2025-07-09 16:09:24,\VOLUME{01da6ccaad22ad19-96ad979b}\WINDOWS\SYSTEM32\RUNTIMEBROKER.EXE
2025-07-09 14:56:10,\VOLUME{01da6ccaad22ad19-96ad979b}\WINDOWS\SYSTEM32\RUNTIMEBROKER.EXE
2025-07-08 20:20:29,\VOLUME{01da6ccaad22ad19-96ad979b}\WINDOWS\SYSTEM32\RUNTIMEBROKER.EXE
2025-07-08 20:04:51,\VOLUME{01da6ccaad22ad19-96ad979b}\WINDOWS\SYSTEM32\RUNTIMEBROKER.EXE
2025-07-08 19:40:39,\VOLUME{01da6ccaad22ad19-96ad979b}\WINDOWS\SYSTEM32\RUNTIMEBROKER.EXE
2025-07-08 18:58:19,\VOLUME{01da6ccaad22ad19-96ad979b}\WINDOWS\SYSTEM32\RUNTIMEBROKER.EXE
2025-07-08 18:47:31,\VOLUME{01da6ccaad22ad19-96ad979b}\WINDOWS\SYSTEM32\RUNTIMEBROKER.EXE
2025-07-09 16:45:17,\VOLUME{01da6ccaad22ad19-96ad979b}\WINDOWS\SYSTEM32\RUNTIMEBROKER.EXE
2025-07-09 16:41:16,\VOLUME{01da6ccaad22ad19-96ad979b}\WINDOWS\SYSTEM32\RUNTIMEBROKER.EXE
2025-07-09 16:09:22,\VOLUME{01da6ccaad22ad19-96ad979b}\WINDOWS\SYSTEM32\RUNTIMEBROKER.EXE
2025-07-09 14:56:04,\VOLUME{01da6ccaad22ad19-96ad979b}\WINDOWS\SYSTEM32\RUNTIMEBROKER.EXE
2025-07-08 20:17:12,\VOLUME{01da6ccaad22ad19-96ad979b}\WINDOWS\SYSTEM32\RUNTIMEBROKER.EXE
2025-07-08 20:04:49,\VOLUME{01da6ccaad22ad19-96ad979b}\WINDOWS\SYSTEM32\RUNTIMEBROKER.EXE
2025-07-08 18:34:46,\VOLUME{01da6ccaad22ad19-96ad979b}\WINDOWS\SYSTEM32\RUNTIMEBROKER.EXE
2025-07-08 18:12:41,\VOLUME{01da6ccaad22ad19-96ad979b}\WINDOWS\SYSTEM32\RUNTIMEBROKER.EXE
2025-07-09 16:44:40,\VOLUME{01da6ccaad22ad19-96ad979b}\WINDOWS\SYSTEM32\RUNTIMEBROKER.EXE
2025-07-09 15:20:52,\VOLUME{01da6ccaad22ad19-96ad979b}\WINDOWS\SYSTEM32\RUNTIMEBROKER.EXE
2025-07-09 15:16:33,\VOLUME{01da6ccaad22ad19-96ad979b}\WINDOWS\SYSTEM32\RUNTIMEBROKER.EXE
2025-07-09 14:57:19,\VOLUME{01da6ccaad22ad19-96ad979b}\WINDOWS\SYSTEM32\RUNTIMEBROKER.EXE
2025-07-08 20:20:07,\VOLUME{01da6ccaad22ad19-96ad979b}\WINDOWS\SYSTEM32\RUNTIMEBROKER.EXE
2025-07-08 20:07:50,\VOLUME{01da6ccaad22ad19-96ad979b}\WINDOWS\SYSTEM32\RUNTIMEBROKER.EXE
2025-07-08 19:37:29,\VOLUME{01da6ccaad22ad19-96ad979b}\WINDOWS\SYSTEM32\RUNTIMEBROKER.EXE
2025-07-08 19:16:44,\VOLUME{01da6ccaad22ad19-96ad979b}\WINDOWS\SYSTEM32\RUNTIMEBROKER.EXE
2025-07-09 16:09:12,\VOLUME{01da6ccaad22ad19-96ad979b}\WINDOWS\SYSTEM32\RUNTIMEBROKER.EXE
2025-07-09 14:55:55,\VOLUME{01da6ccaad22ad19-96ad979b}\WINDOWS\SYSTEM32\RUNTIMEBROKER.EXE
2025-07-08 20:16:57,\VOLUME{01da6ccaad22ad19-96ad979b}\WINDOWS\SYSTEM32\RUNTIMEBROKER.EXE
2025-07-08 20:04:40,\VOLUME{01da6ccaad22ad19-96ad979b}\WINDOWS\SYSTEM32\RUNTIMEBROKER.EXE
2025-07-08 19:34:34,\VOLUME{01da6ccaad22ad19-96ad979b}\WINDOWS\SYSTEM32\RUNTIMEBROKER.EXE
2025-07-08 19:12:05,\VOLUME{01da6ccaad22ad19-96ad979b}\WINDOWS\SYSTEM32\RUNTIMEBROKER.EXE
2025-07-08 18:57:01,\VOLUME{01da6ccaad22ad19-96ad979b}\WINDOWS\SYSTEM32\RUNTIMEBROKER.EXE
2025-07-08 18:45:07,\VOLUME{01da6ccaad22ad19-96ad979b}\WINDOWS\SYSTEM32\RUNTIMEBROKER.EXE
2025-07-09 16:42:37,\VOLUME{01da6ccaad22ad19-96ad979b}\WINDOWS\SYSTEM32\RUNTIMEBROKER.EXE
2025-07-09 16:11:59,\VOLUME{01da6ccaad22ad19-96ad979b}\WINDOWS\SYSTEM32\RUNTIMEBROKER.EXE
2025-07-09 14:58:17,\VOLUME{01da6ccaad22ad19-96ad979b}\WINDOWS\SYSTEM32\RUNTIMEBROKER.EXE
2025-07-08 20:17:08,\VOLUME{01da6ccaad22ad19-96ad979b}\WINDOWS\SYSTEM32\RUNTIMEBROKER.EXE
2025-07-08 20:05:29,\VOLUME{01da6ccaad22ad19-96ad979b}\WINDOWS\SYSTEM32\RUNTIMEBROKER.EXE
2025-07-08 19:34:43,\VOLUME{01da6ccaad22ad19-96ad979b}\WINDOWS\SYSTEM32\RUNTIMEBROKER.EXE
2025-07-08 19:12:17,\VOLUME{01da6ccaad22ad19-96ad979b}\WINDOWS\SYSTEM32\RUNTIMEBROKER.EXE
2025-07-08 18:45:16,\VOLUME{01da6ccaad22ad19-96ad979b}\WINDOWS\SYSTEM32\RUNTIMEBROKER.EXE
2025-07-09 16:45:42,\VOLUME{01da6ccaad22ad19-96ad979b}\WINDOWS\SYSTEM32\RUNTIMEBROKER.EXE
2025-07-09 17:00:43,\VOLUME{01da6ccaad22ad19-96ad979b}\WINDOWS\SYSTEM32\RUNTIMEBROKER.EXE
2025-07-09 16:45:29,\VOLUME{01da6ccaad22ad19-96ad979b}\WINDOWS\SYSTEM32\RUNTIMEBROKER.EXE
2025-07-09 16:13:09,\VOLUME{01da6ccaad22ad19-96ad979b}\WINDOWS\SYSTEM32\RUNTIMEBROKER.EXE
2025-07-09 15:01:00,\VOLUME{01da6ccaad22ad19-96ad979b}\WINDOWS\SYSTEM32\RUNTIMEBROKER.EXE
2025-07-08 20:21:50,\VOLUME{01da6ccaad22ad19-96ad979b}\WINDOWS\SYSTEM32\RUNTIMEBROKER.EXE
2025-07-08 20:09:37,\VOLUME{01da6ccaad22ad19-96ad979b}\WINDOWS\SYSTEM32\RUNTIMEBROKER.EXE
2025-07-08 19:38:12,\VOLUME{01da6ccaad22ad19-96ad979b}\WINDOWS\SYSTEM32\RUNTIMEBROKER.EXE
2025-07-08 19:16:44,\VOLUME{01da6ccaad22ad19-96ad979b}\WINDOWS\SYSTEM32\RUNTIMEBROKER.EXE
2025-07-09 17:20:32,\VOLUME{01da6ccaad22ad19-96ad979b}\WINDOWS\SYSTEM32\SCHTASKS.EXE
2025-07-09 17:11:36,\VOLUME{01da6ccaad22ad19-96ad979b}\WINDOWS\SYSTEM32\SCHTASKS.EXE
2025-07-09 14:57:43,\VOLUME{01da6ccaad22ad19-96ad979b}\WINDOWS\SYSTEM32\SCHTASKS.EXE
2025-07-09 14:57:42,\VOLUME{01da6ccaad22ad19-96ad979b}\WINDOWS\SYSTEM32\SCHTASKS.EXE
2025-07-09 14:57:41,\VOLUME{01da6ccaad22ad19-96ad979b}\WINDOWS\SYSTEM32\SCHTASKS.EXE
2025-07-08 20:20:53,\VOLUME{01da6ccaad22ad19-96ad979b}\WINDOWS\SYSTEM32\SCHTASKS.EXE
2025-07-08 20:05:38,\VOLUME{01da6ccaad22ad19-96ad979b}\WINDOWS\SYSTEM32\SCHTASKS.EXE
2025-07-08 19:57:06,\VOLUME{01da6ccaad22ad19-96ad979b}\WINDOWS\SYSTEM32\SCHTASKS.EXE
2025-07-09 16:55:17,\VOLUME{01da6ccaad22ad19-96ad979b}\PROGRAM FILES\MICROSOFT OFFICE\ROOT\OFFICE16\SDXHELPER.EXE
2025-07-09 16:25:14,\VOLUME{01da6ccaad22ad19-96ad979b}\PROGRAM FILES\MICROSOFT OFFICE\ROOT\OFFICE16\SDXHELPER.EXE
2025-07-09 15:16:11,\VOLUME{01da6ccaad22ad19-96ad979b}\PROGRAM FILES\MICROSOFT OFFICE\ROOT\OFFICE16\SDXHELPER.EXE
2025-07-08 19:49:23,\VOLUME{01da6ccaad22ad19-96ad979b}\PROGRAM FILES\MICROSOFT OFFICE\ROOT\OFFICE16\SDXHELPER.EXE
2025-07-08 17:36:23,\VOLUME{01da6ccaad22ad19-96ad979b}\PROGRAM FILES\MICROSOFT OFFICE\ROOT\OFFICE16\SDXHELPER.EXE
2025-07-07 23:01:35,\VOLUME{01da6ccaad22ad19-96ad979b}\WINDOWS\SYSTEMAPPS\MICROSOFT.WINDOWS.SEARCH_CW5N1H2TXYEWY\SEARCHAPP.EXE
2025-01-31 15:23:45,\VOLUME{01da6ccaad22ad19-96ad979b}\WINDOWS\SYSTEMAPPS\MICROSOFT.WINDOWS.SEARCH_CW5N1H2TXYEWY\SEARCHAPP.EXE
2025-01-31 15:00:18,\VOLUME{01da6ccaad22ad19-96ad979b}\WINDOWS\SYSTEMAPPS\MICROSOFT.WINDOWS.SEARCH_CW5N1H2TXYEWY\SEARCHAPP.EXE
2025-01-31 14:18:22,\VOLUME{01da6ccaad22ad19-96ad979b}\WINDOWS\SYSTEMAPPS\MICROSOFT.WINDOWS.SEARCH_CW5N1H2TXYEWY\SEARCHAPP.EXE
2025-01-31 12:25:29,\VOLUME{01da6ccaad22ad19-96ad979b}\WINDOWS\SYSTEMAPPS\MICROSOFT.WINDOWS.SEARCH_CW5N1H2TXYEWY\SEARCHAPP.EXE
2025-01-11 00:12:01,\VOLUME{01da6ccaad22ad19-96ad979b}\WINDOWS\SYSTEMAPPS\MICROSOFT.WINDOWS.SEARCH_CW5N1H2TXYEWY\SEARCHAPP.EXE
2025-01-10 23:53:51,\VOLUME{01da6ccaad22ad19-96ad979b}\WINDOWS\SYSTEMAPPS\MICROSOFT.WINDOWS.SEARCH_CW5N1H2TXYEWY\SEARCHAPP.EXE
2025-01-10 23:42:54,\VOLUME{01da6ccaad22ad19-96ad979b}\WINDOWS\SYSTEMAPPS\MICROSOFT.WINDOWS.SEARCH_CW5N1H2TXYEWY\SEARCHAPP.EXE
2025-07-09 16:41:06,\VOLUME{01da6ccaad22ad19-96ad979b}\WINDOWS\SYSTEMAPPS\MICROSOFT.WINDOWS.SEARCH_CW5N1H2TXYEWY\SEARCHAPP.EXE
2025-07-09 16:09:11,\VOLUME{01da6ccaad22ad19-96ad979b}\WINDOWS\SYSTEMAPPS\MICROSOFT.WINDOWS.SEARCH_CW5N1H2TXYEWY\SEARCHAPP.EXE
2025-07-09 15:58:10,\VOLUME{01da6ccaad22ad19-96ad979b}\WINDOWS\SYSTEMAPPS\MICROSOFT.WINDOWS.SEARCH_CW5N1H2TXYEWY\SEARCHAPP.EXE
2025-07-09 14:55:53,\VOLUME{01da6ccaad22ad19-96ad979b}\WINDOWS\SYSTEMAPPS\MICROSOFT.WINDOWS.SEARCH_CW5N1H2TXYEWY\SEARCHAPP.EXE
2025-07-08 20:16:56,\VOLUME{01da6ccaad22ad19-96ad979b}\WINDOWS\SYSTEMAPPS\MICROSOFT.WINDOWS.SEARCH_CW5N1H2TXYEWY\SEARCHAPP.EXE
2025-07-08 20:04:39,\VOLUME{01da6ccaad22ad19-96ad979b}\WINDOWS\SYSTEMAPPS\MICROSOFT.WINDOWS.SEARCH_CW5N1H2TXYEWY\SEARCHAPP.EXE
2025-07-08 19:34:33,\VOLUME{01da6ccaad22ad19-96ad979b}\WINDOWS\SYSTEMAPPS\MICROSOFT.WINDOWS.SEARCH_CW5N1H2TXYEWY\SEARCHAPP.EXE
2025-07-08 19:12:04,\VOLUME{01da6ccaad22ad19-96ad979b}\WINDOWS\SYSTEMAPPS\MICROSOFT.WINDOWS.SEARCH_CW5N1H2TXYEWY\SEARCHAPP.EXE
2024-03-02 21:07:23,\VOLUME{01da6ccaad22ad19-96ad979b}\WINDOWS\SYSTEMAPPS\MICROSOFT.WINDOWS.SEARCH_CW5N1H2TXYEWY\SEARCHAPP.EXE
2024-03-02 21:04:40,\VOLUME{01da6ccaad22ad19-96ad979b}\WINDOWS\SYSTEMAPPS\MICROSOFT.WINDOWS.SEARCH_CW5N1H2TXYEWY\SEARCHAPP.EXE
2025-01-31 12:32:38,\VOLUME{01da6ccaad22ad19-96ad979b}\WINDOWS\SYSTEMAPPS\MICROSOFT.WINDOWS.SEARCH_CW5N1H2TXYEWY\SEARCHAPP.EXE
2025-01-11 00:00:59,\VOLUME{01da6ccaad22ad19-96ad979b}\WINDOWS\SYSTEMAPPS\MICROSOFT.WINDOWS.SEARCH_CW5N1H2TXYEWY\SEARCHAPP.EXE
2025-01-10 12:39:03,\VOLUME{01da6ccaad22ad19-96ad979b}\WINDOWS\SYSTEMAPPS\MICROSOFT.WINDOWS.SEARCH_CW5N1H2TXYEWY\SEARCHAPP.EXE
2024-04-16 16:40:29,\VOLUME{01da6ccaad22ad19-96ad979b}\WINDOWS\SYSTEMAPPS\MICROSOFT.WINDOWS.SEARCH_CW5N1H2TXYEWY\SEARCHAPP.EXE
2024-04-12 13:28:45,\VOLUME{01da6ccaad22ad19-96ad979b}\WINDOWS\SYSTEMAPPS\MICROSOFT.WINDOWS.SEARCH_CW5N1H2TXYEWY\SEARCHAPP.EXE
2025-01-10 15:54:28,\VOLUME{01da6ccaad22ad19-96ad979b}\WINDOWS\SYSTEMAPPS\MICROSOFT.WINDOWS.SEARCH_CW5N1H2TXYEWY\SEARCHAPP.EXE
2025-01-10 13:30:20,\VOLUME{01da6ccaad22ad19-96ad979b}\WINDOWS\SYSTEMAPPS\MICROSOFT.WINDOWS.SEARCH_CW5N1H2TXYEWY\SEARCHAPP.EXE
2025-01-10 13:06:00,\VOLUME{01da6ccaad22ad19-96ad979b}\WINDOWS\SYSTEMAPPS\MICROSOFT.WINDOWS.SEARCH_CW5N1H2TXYEWY\SEARCHAPP.EXE
2025-07-09 17:25:31,\VOLUME{01da6ccaad22ad19-96ad979b}\WINDOWS\SYSTEM32\SEARCHFILTERHOST.EXE
2025-07-09 17:22:36,\VOLUME{01da6ccaad22ad19-96ad979b}\WINDOWS\SYSTEM32\SEARCHFILTERHOST.EXE
2025-07-09 17:20:19,\VOLUME{01da6ccaad22ad19-96ad979b}\WINDOWS\SYSTEM32\SEARCHFILTERHOST.EXE
2025-07-09 17:15:20,\VOLUME{01da6ccaad22ad19-96ad979b}\WINDOWS\SYSTEM32\SEARCHFILTERHOST.EXE
2025-07-09 17:11:38,\VOLUME{01da6ccaad22ad19-96ad979b}\WINDOWS\SYSTEM32\SEARCHFILTERHOST.EXE
2025-07-09 17:05:32,\VOLUME{01da6ccaad22ad19-96ad979b}\WINDOWS\SYSTEM32\SEARCHFILTERHOST.EXE
2025-07-09 16:58:38,\VOLUME{01da6ccaad22ad19-96ad979b}\WINDOWS\SYSTEM32\SEARCHFILTERHOST.EXE
2025-07-09 16:55:48,\VOLUME{01da6ccaad22ad19-96ad979b}\WINDOWS\SYSTEM32\SEARCHFILTERHOST.EXE
2025-07-09 17:25:31,\VOLUME{01da6ccaad22ad19-96ad979b}\WINDOWS\SYSTEM32\SEARCHPROTOCOLHOST.EXE
2025-07-09 17:22:34,\VOLUME{01da6ccaad22ad19-96ad979b}\WINDOWS\SYSTEM32\SEARCHPROTOCOLHOST.EXE
2025-07-09 17:20:17,\VOLUME{01da6ccaad22ad19-96ad979b}\WINDOWS\SYSTEM32\SEARCHPROTOCOLHOST.EXE
2025-07-09 17:15:20,\VOLUME{01da6ccaad22ad19-96ad979b}\WINDOWS\SYSTEM32\SEARCHPROTOCOLHOST.EXE
2025-07-09 17:11:37,\VOLUME{01da6ccaad22ad19-96ad979b}\WINDOWS\SYSTEM32\SEARCHPROTOCOLHOST.EXE
2025-07-09 17:05:32,\VOLUME{01da6ccaad22ad19-96ad979b}\WINDOWS\SYSTEM32\SEARCHPROTOCOLHOST.EXE
2025-07-09 16:58:37,\VOLUME{01da6ccaad22ad19-96ad979b}\WINDOWS\SYSTEM32\SEARCHPROTOCOLHOST.EXE
2025-07-09 16:55:48,\VOLUME{01da6ccaad22ad19-96ad979b}\WINDOWS\SYSTEM32\SEARCHPROTOCOLHOST.EXE
2025-07-09 16:41:34,\VOLUME{01da6ccaad22ad19-96ad979b}\WINDOWS\SYSTEM32\SECURITYHEALTHSERVICE.EXE
2025-07-09 14:56:15,\VOLUME{01da6ccaad22ad19-96ad979b}\WINDOWS\SYSTEM32\SECURITYHEALTHSERVICE.EXE
2025-07-08 19:34:47,\VOLUME{01da6ccaad22ad19-96ad979b}\WINDOWS\SYSTEM32\SECURITYHEALTHSERVICE.EXE
2025-07-08 19:12:18,\VOLUME{01da6ccaad22ad19-96ad979b}\WINDOWS\SYSTEM32\SECURITYHEALTHSERVICE.EXE
2025-07-08 18:57:14,\VOLUME{01da6ccaad22ad19-96ad979b}\WINDOWS\SYSTEM32\SECURITYHEALTHSERVICE.EXE
2025-07-08 18:45:21,\VOLUME{01da6ccaad22ad19-96ad979b}\WINDOWS\SYSTEM32\SECURITYHEALTHSERVICE.EXE
2025-07-08 18:12:49,\VOLUME{01da6ccaad22ad19-96ad979b}\WINDOWS\SYSTEM32\SECURITYHEALTHSERVICE.EXE
2025-07-08 17:22:01,\VOLUME{01da6ccaad22ad19-96ad979b}\WINDOWS\SYSTEM32\SECURITYHEALTHSERVICE.EXE
2025-07-09 16:41:32,\VOLUME{01da6ccaad22ad19-96ad979b}\WINDOWS\SYSTEM32\SECURITYHEALTHSYSTRAY.EXE
2025-07-09 14:56:14,\VOLUME{01da6ccaad22ad19-96ad979b}\WINDOWS\SYSTEM32\SECURITYHEALTHSYSTRAY.EXE
2025-07-08 20:17:11,\VOLUME{01da6ccaad22ad19-96ad979b}\WINDOWS\SYSTEM32\SECURITYHEALTHSYSTRAY.EXE
2025-07-08 19:34:47,\VOLUME{01da6ccaad22ad19-96ad979b}\WINDOWS\SYSTEM32\SECURITYHEALTHSYSTRAY.EXE
2025-07-08 19:12:18,\VOLUME{01da6ccaad22ad19-96ad979b}\WINDOWS\SYSTEM32\SECURITYHEALTHSYSTRAY.EXE
2025-07-08 18:57:14,\VOLUME{01da6ccaad22ad19-96ad979b}\WINDOWS\SYSTEM32\SECURITYHEALTHSYSTRAY.EXE
2025-07-08 18:45:20,\VOLUME{01da6ccaad22ad19-96ad979b}\WINDOWS\SYSTEM32\SECURITYHEALTHSYSTRAY.EXE
2025-07-08 18:12:43,\VOLUME{01da6ccaad22ad19-96ad979b}\WINDOWS\SYSTEM32\SECURITYHEALTHSYSTRAY.EXE
2025-07-09 16:45:43,\VOLUME{01da6ccaad22ad19-96ad979b}\PROGRAM FILES\SOPHOS\ENDPOINT DEFENSE\SEDTELEMETRY.EXE
2025-07-08 14:23:27,\VOLUME{01da6ccaad22ad19-96ad979b}\USERS\CLIENT\APPDATA\LOCAL\TEMP\SOPHOSSETUP-1344602184\SETUP.EXE
2025-07-09 15:57:08,\VOLUME{01da6ccaad22ad19-96ad979b}\PROGRAM FILES (X86)\MICROSOFT\EDGE\APPLICATION\138.0.3351.77\INSTALLER\SETUP.EXE
2025-07-09 15:57:08,\VOLUME{01da6ccaad22ad19-96ad979b}\PROGRAM FILES (X86)\MICROSOFT\EDGE\APPLICATION\138.0.3351.77\INSTALLER\SETUP.EXE
2025-07-09 15:56:51,\VOLUME{01da6ccaad22ad19-96ad979b}\PROGRAM FILES (X86)\MICROSOFT\EDGE\APPLICATION\138.0.3351.77\INSTALLER\SETUP.EXE
2025-07-09 15:19:00,\VOLUME{01da6ccaad22ad19-96ad979b}\PROGRAM FILES (X86)\MICROSOFT\EDGE\APPLICATION\138.0.3351.77\INSTALLER\SETUP.EXE
2025-07-09 15:19:00,\VOLUME{01da6ccaad22ad19-96ad979b}\PROGRAM FILES (X86)\MICROSOFT\EDGE\APPLICATION\138.0.3351.77\INSTALLER\SETUP.EXE
2025-07-09 15:57:15,\VOLUME{01da6ccaad22ad19-96ad979b}\PROGRAM FILES (X86)\MICROSOFT\EDGE\APPLICATION\138.0.3351.77\INSTALLER\SETUP.EXE
2025-07-09 15:57:14,\VOLUME{01da6ccaad22ad19-96ad979b}\PROGRAM FILES (X86)\MICROSOFT\EDGE\APPLICATION\138.0.3351.77\INSTALLER\SETUP.EXE
2025-07-09 15:56:56,\VOLUME{01da6ccaad22ad19-96ad979b}\PROGRAM FILES (X86)\MICROSOFT\EDGE\APPLICATION\138.0.3351.77\INSTALLER\SETUP.EXE
2025-07-09 15:19:00,\VOLUME{01da6ccaad22ad19-96ad979b}\PROGRAM FILES (X86)\MICROSOFT\EDGE\APPLICATION\138.0.3351.77\INSTALLER\SETUP.EXE
2025-07-09 15:19:00,\VOLUME{01da6ccaad22ad19-96ad979b}\PROGRAM FILES (X86)\MICROSOFT\EDGE\APPLICATION\138.0.3351.77\INSTALLER\SETUP.EXE
2025-07-08 14:27:46,\VOLUME{01da6ccaad22ad19-96ad979b}\USERS\CLIENT\APPDATA\LOCAL\TEMP\SOPHOSSETUP-2057090740\SETUP.EXE
2025-07-09 15:18:56,\VOLUME{01da6ccaad22ad19-96ad979b}\PROGRAM FILES (X86)\MICROSOFT\EDGEUPDATE\INSTALL\{4E951FDC-5B49-425C-8A0F-30732417D8C1}\EDGEMITMP_FCE21.TMP\SETUP.EXE
2025-07-09 15:02:35,\VOLUME{01da6ccaad22ad19-96ad979b}\PROGRAM FILES (X86)\MICROSOFT\EDGEUPDATE\INSTALL\{4E951FDC-5B49-425C-8A0F-30732417D8C1}\EDGEMITMP_FCE21.TMP\SETUP.EXE
2025-07-09 15:18:56,\VOLUME{01da6ccaad22ad19-96ad979b}\PROGRAM FILES (X86)\MICROSOFT\EDGEUPDATE\INSTALL\{4E951FDC-5B49-425C-8A0F-30732417D8C1}\EDGEMITMP_FCE21.TMP\SETUP.EXE
2025-07-09 15:03:20,\VOLUME{01da6ccaad22ad19-96ad979b}\PROGRAM FILES (X86)\MICROSOFT\EDGEUPDATE\INSTALL\{4E951FDC-5B49-425C-8A0F-30732417D8C1}\EDGEMITMP_FCE21.TMP\SETUP.EXE
2025-01-11 00:07:38,\VOLUME{0000000000000000-b68ca6a2}\SETUP64.EXE
2025-07-09 16:41:15,\VOLUME{01da6ccaad22ad19-96ad979b}\WINDOWS\SYSTEMAPPS\SHELLEXPERIENCEHOST_CW5N1H2TXYEWY\SHELLEXPERIENCEHOST.EXE
2025-07-09 16:09:22,\VOLUME{01da6ccaad22ad19-96ad979b}\WINDOWS\SYSTEMAPPS\SHELLEXPERIENCEHOST_CW5N1H2TXYEWY\SHELLEXPERIENCEHOST.EXE
2025-07-09 14:56:05,\VOLUME{01da6ccaad22ad19-96ad979b}\WINDOWS\SYSTEMAPPS\SHELLEXPERIENCEHOST_CW5N1H2TXYEWY\SHELLEXPERIENCEHOST.EXE
2025-07-08 20:20:28,\VOLUME{01da6ccaad22ad19-96ad979b}\WINDOWS\SYSTEMAPPS\SHELLEXPERIENCEHOST_CW5N1H2TXYEWY\SHELLEXPERIENCEHOST.EXE
2025-07-08 20:04:49,\VOLUME{01da6ccaad22ad19-96ad979b}\WINDOWS\SYSTEMAPPS\SHELLEXPERIENCEHOST_CW5N1H2TXYEWY\SHELLEXPERIENCEHOST.EXE
2025-07-08 19:40:38,\VOLUME{01da6ccaad22ad19-96ad979b}\WINDOWS\SYSTEMAPPS\SHELLEXPERIENCEHOST_CW5N1H2TXYEWY\SHELLEXPERIENCEHOST.EXE
2025-07-08 18:58:18,\VOLUME{01da6ccaad22ad19-96ad979b}\WINDOWS\SYSTEMAPPS\SHELLEXPERIENCEHOST_CW5N1H2TXYEWY\SHELLEXPERIENCEHOST.EXE
2025-07-08 18:47:31,\VOLUME{01da6ccaad22ad19-96ad979b}\WINDOWS\SYSTEMAPPS\SHELLEXPERIENCEHOST_CW5N1H2TXYEWY\SHELLEXPERIENCEHOST.EXE
2025-01-10 12:39:45,\VOLUME{01da6ccaad22ad19-96ad979b}\WINDOWS\SYSTEMAPPS\SHELLEXPERIENCEHOST_CW5N1H2TXYEWY\SHELLEXPERIENCEHOST.EXE
2024-04-12 15:56:03,\VOLUME{01da6ccaad22ad19-96ad979b}\WINDOWS\SYSTEMAPPS\SHELLEXPERIENCEHOST_CW5N1H2TXYEWY\SHELLEXPERIENCEHOST.EXE
2025-01-10 15:54:33,\VOLUME{01da6ccaad22ad19-96ad979b}\WINDOWS\SYSTEMAPPS\SHELLEXPERIENCEHOST_CW5N1H2TXYEWY\SHELLEXPERIENCEHOST.EXE
2024-03-19 00:07:40,\VOLUME{01da6ccaad22ad19-96ad979b}\WINDOWS\SYSTEMAPPS\SHELLEXPERIENCEHOST_CW5N1H2TXYEWY\SHELLEXPERIENCEHOST.EXE
2025-07-09 17:19:56,\VOLUME{01da6ccaad22ad19-96ad979b}\WINDOWS\SYSTEM32\SMARTSCREEN.EXE
2025-07-09 17:07:41,\VOLUME{01da6ccaad22ad19-96ad979b}\WINDOWS\SYSTEM32\SMARTSCREEN.EXE
2025-07-09 17:00:11,\VOLUME{01da6ccaad22ad19-96ad979b}\WINDOWS\SYSTEM32\SMARTSCREEN.EXE
2025-07-09 16:49:48,\VOLUME{01da6ccaad22ad19-96ad979b}\WINDOWS\SYSTEM32\SMARTSCREEN.EXE
2025-07-09 16:41:28,\VOLUME{01da6ccaad22ad19-96ad979b}\WINDOWS\SYSTEM32\SMARTSCREEN.EXE
2025-07-09 16:15:22,\VOLUME{01da6ccaad22ad19-96ad979b}\WINDOWS\SYSTEM32\SMARTSCREEN.EXE
2025-07-09 16:09:28,\VOLUME{01da6ccaad22ad19-96ad979b}\WINDOWS\SYSTEM32\SMARTSCREEN.EXE
2025-07-09 15:55:32,\VOLUME{01da6ccaad22ad19-96ad979b}\WINDOWS\SYSTEM32\SMARTSCREEN.EXE
2024-03-19 00:27:30,\VOLUME{01da6ccaad22ad19-96ad979b}\WINDOWS\SYSTEM32\SNIPPINGTOOL.EXE
2024-03-19 00:25:15,\VOLUME{01da6ccaad22ad19-96ad979b}\WINDOWS\SYSTEM32\SNIPPINGTOOL.EXE
2025-07-09 16:45:08,\VOLUME{01da6ccaad22ad19-96ad979b}\PROGRAM FILES\SOPHOS\SOPHOS UI\SOPHOS UI.EXE
2025-07-09 16:41:34,\VOLUME{01da6ccaad22ad19-96ad979b}\PROGRAM FILES\SOPHOS\SOPHOS UI\SOPHOS UI.EXE
2025-07-09 14:56:18,\VOLUME{01da6ccaad22ad19-96ad979b}\PROGRAM FILES\SOPHOS\SOPHOS UI\SOPHOS UI.EXE
2025-07-08 20:17:17,\VOLUME{01da6ccaad22ad19-96ad979b}\PROGRAM FILES\SOPHOS\SOPHOS UI\SOPHOS UI.EXE
2025-07-08 20:05:06,\VOLUME{01da6ccaad22ad19-96ad979b}\PROGRAM FILES\SOPHOS\SOPHOS UI\SOPHOS UI.EXE
2025-07-08 19:34:51,\VOLUME{01da6ccaad22ad19-96ad979b}\PROGRAM FILES\SOPHOS\SOPHOS UI\SOPHOS UI.EXE
2025-07-08 19:12:22,\VOLUME{01da6ccaad22ad19-96ad979b}\PROGRAM FILES\SOPHOS\SOPHOS UI\SOPHOS UI.EXE
2025-07-08 18:57:19,\VOLUME{01da6ccaad22ad19-96ad979b}\PROGRAM FILES\SOPHOS\SOPHOS UI\SOPHOS UI.EXE
2025-07-09 16:45:30,SOPHOS.ENCRYPTION.BITLOCKERSE
2025-07-09 16:42:11,SOPHOS.ENCRYPTION.BITLOCKERSE
2025-07-09 16:09:57,SOPHOS.ENCRYPTION.BITLOCKERSE
2025-07-09 14:56:39,SOPHOS.ENCRYPTION.BITLOCKERSE
2025-07-08 20:18:25,SOPHOS.ENCRYPTION.BITLOCKERSE
2025-07-08 20:06:14,SOPHOS.ENCRYPTION.BITLOCKERSE
2025-07-08 19:36:10,SOPHOS.ENCRYPTION.BITLOCKERSE
2025-07-08 19:13:16,SOPHOS.ENCRYPTION.BITLOCKERSE
2025-07-09 16:45:08,\VOLUME{01da6ccaad22ad19-96ad979b}\PROGRAMDATA\SOPHOS\AUTOUPDATE\CACHE\DECODED\AMSI64\SOPHOSACSENABLEDTEST.EXE
2025-07-09 16:45:41,SOPHOSAMSITELEMETRYCOLLECTOR.
2025-07-09 16:45:24,\VOLUME{01da6ccaad22ad19-96ad979b}\PROGRAM FILES\SOPHOS\ENDPOINT DEFENSE\SOPHOSCLEANUP.EXE
2025-07-09 16:12:55,\VOLUME{01da6ccaad22ad19-96ad979b}\PROGRAM FILES\SOPHOS\ENDPOINT DEFENSE\SOPHOSCLEANUP.EXE
2025-07-09 15:00:08,\VOLUME{01da6ccaad22ad19-96ad979b}\PROGRAM FILES\SOPHOS\ENDPOINT DEFENSE\SOPHOSCLEANUP.EXE
2025-07-08 20:21:36,\VOLUME{01da6ccaad22ad19-96ad979b}\PROGRAM FILES\SOPHOS\ENDPOINT DEFENSE\SOPHOSCLEANUP.EXE
2025-07-08 20:09:22,\VOLUME{01da6ccaad22ad19-96ad979b}\PROGRAM FILES\SOPHOS\ENDPOINT DEFENSE\SOPHOSCLEANUP.EXE
2025-07-08 19:39:18,\VOLUME{01da6ccaad22ad19-96ad979b}\PROGRAM FILES\SOPHOS\ENDPOINT DEFENSE\SOPHOSCLEANUP.EXE
2025-07-08 19:16:23,\VOLUME{01da6ccaad22ad19-96ad979b}\PROGRAM FILES\SOPHOS\ENDPOINT DEFENSE\SOPHOSCLEANUP.EXE
2025-07-08 19:01:47,\VOLUME{01da6ccaad22ad19-96ad979b}\PROGRAM FILES\SOPHOS\ENDPOINT DEFENSE\SOPHOSCLEANUP.EXE
2025-07-09 16:45:02,\VOLUME{01da6ccaad22ad19-96ad979b}\PROGRAM FILES\SOPHOS\SOPHOS FILE SCANNER\SOPHOSFILESCANNER.EXE
2025-07-09 16:45:02,\VOLUME{01da6ccaad22ad19-96ad979b}\PROGRAM FILES\SOPHOS\SOPHOS FILE SCANNER\SOPHOSFILESCANNER.EXE
2025-07-08 18:19:53,\VOLUME{01da6ccaad22ad19-96ad979b}\PROGRAM FILES\SOPHOS\SOPHOS FILE SCANNER\SOPHOSFILESCANNER.EXE
2025-07-08 18:19:53,\VOLUME{01da6ccaad22ad19-96ad979b}\PROGRAM FILES\SOPHOS\SOPHOS FILE SCANNER\SOPHOSFILESCANNER.EXE
2025-07-09 16:45:02,\VOLUME{01da6ccaad22ad19-96ad979b}\PROGRAM FILES\SOPHOS\SOPHOS FILE SCANNER\SOPHOSFS.EXE
2025-07-09 16:45:43,\VOLUME{01da6ccaad22ad19-96ad979b}\PROGRAM FILES\SOPHOS\SOPHOS FILE SCANNER\SOPHOSFSTELEMETRY.EXE
2025-07-09 16:45:00,\VOLUME{01da6ccaad22ad19-96ad979b}\PROGRAMDATA\SOPHOS\AUTOUPDATE\CACHE\DECODED\SFS64\SOPHOSFSVERIFY.EXE
2025-07-09 16:45:05,\VOLUME{01da6ccaad22ad19-96ad979b}\PROGRAM FILES (X86)\SOPHOS\HEALTH\SOPHOSHEALTH.EXE
2025-07-09 16:45:42,\VOLUME{01da6ccaad22ad19-96ad979b}\PROGRAM FILES (X86)\SOPHOS\HEALTH\SOPHOSHEALTHCLIENT.EXE
2025-07-09 16:44:25,\VOLUME{01da6ccaad22ad19-96ad979b}\PROGRAM FILES\SOPHOS\AUTOUPDATE\SOPHOSLAUNCHUPDATE.EXE
2025-07-09 16:12:12,\VOLUME{01da6ccaad22ad19-96ad979b}\PROGRAM FILES\SOPHOS\AUTOUPDATE\SOPHOSLAUNCHUPDATE.EXE
2025-07-09 15:59:24,\VOLUME{01da6ccaad22ad19-96ad979b}\PROGRAM FILES\SOPHOS\AUTOUPDATE\SOPHOSLAUNCHUPDATE.EXE
2025-07-09 14:59:11,\VOLUME{01da6ccaad22ad19-96ad979b}\PROGRAM FILES\SOPHOS\AUTOUPDATE\SOPHOSLAUNCHUPDATE.EXE
2025-07-08 20:21:18,\VOLUME{01da6ccaad22ad19-96ad979b}\PROGRAM FILES\SOPHOS\AUTOUPDATE\SOPHOSLAUNCHUPDATE.EXE
2025-07-08 20:09:01,\VOLUME{01da6ccaad22ad19-96ad979b}\PROGRAM FILES\SOPHOS\AUTOUPDATE\SOPHOSLAUNCHUPDATE.EXE
2025-07-08 19:39:02,\VOLUME{01da6ccaad22ad19-96ad979b}\PROGRAM FILES\SOPHOS\AUTOUPDATE\SOPHOSLAUNCHUPDATE.EXE
2025-07-08 19:16:08,\VOLUME{01da6ccaad22ad19-96ad979b}\PROGRAM FILES\SOPHOS\AUTOUPDATE\SOPHOSLAUNCHUPDATE.EXE
2025-07-09 16:45:34,\VOLUME{01da6ccaad22ad19-96ad979b}\PROGRAM FILES\SOPHOS\LIVE QUERY\SOPHOSLIVEQUERYSERVICE.EXE
2025-07-09 16:45:42,\VOLUME{01da6ccaad22ad19-96ad979b}\PROGRAM FILES\SOPHOS\LIVE QUERY\SOPHOSLIVEQUERYTELEMETRY.EXE
2025-07-09 15:59:33,\VOLUME{01da6ccaad22ad19-96ad979b}\PROGRAM FILES\SOPHOS\SOPHOS NETWORK THREAT PROTECTION\SOPHOSNETFILTER.EXE
2025-07-09 16:45:43,\VOLUME{01da6ccaad22ad19-96ad979b}\PROGRAM FILES\SOPHOS\SOPHOS NETWORK THREAT PROTECTION\SOPHOSNTPTELEMETRY.EXE
2025-07-09 16:45:34,\VOLUME{01da6ccaad22ad19-96ad979b}\PROGRAM FILES\SOPHOS\LIVE QUERY\SOPHOSOSQUERY.EXE
2025-07-09 16:41:25,\VOLUME{01da6ccaad22ad19-96ad979b}\PROGRAM FILES\SOPHOS\LIVE QUERY\SOPHOSOSQUERY.EXE
2025-07-09 16:45:24,\VOLUME{01da6ccaad22ad19-96ad979b}\PROGRAM FILES\SOPHOS\ENDPOINT DEFENSE\SOPHOSSAFESTORE.EXE
2025-07-09 16:12:55,\VOLUME{01da6ccaad22ad19-96ad979b}\PROGRAM FILES\SOPHOS\ENDPOINT DEFENSE\SOPHOSSAFESTORE.EXE
2025-07-09 15:00:08,\VOLUME{01da6ccaad22ad19-96ad979b}\PROGRAM FILES\SOPHOS\ENDPOINT DEFENSE\SOPHOSSAFESTORE.EXE
2025-07-08 20:21:36,\VOLUME{01da6ccaad22ad19-96ad979b}\PROGRAM FILES\SOPHOS\ENDPOINT DEFENSE\SOPHOSSAFESTORE.EXE
2025-07-08 20:09:22,\VOLUME{01da6ccaad22ad19-96ad979b}\PROGRAM FILES\SOPHOS\ENDPOINT DEFENSE\SOPHOSSAFESTORE.EXE
2025-07-08 19:39:18,\VOLUME{01da6ccaad22ad19-96ad979b}\PROGRAM FILES\SOPHOS\ENDPOINT DEFENSE\SOPHOSSAFESTORE.EXE
2025-07-08 19:16:23,\VOLUME{01da6ccaad22ad19-96ad979b}\PROGRAM FILES\SOPHOS\ENDPOINT DEFENSE\SOPHOSSAFESTORE.EXE
2025-07-08 19:01:47,\VOLUME{01da6ccaad22ad19-96ad979b}\PROGRAM FILES\SOPHOS\ENDPOINT DEFENSE\SOPHOSSAFESTORE.EXE
2025-07-08 14:27:48,\VOLUME{01da6ccaad22ad19-96ad979b}\PROGRAM FILES (X86)\SOPHOS\CLOUDINSTALLER\EXTRACT_CACHE\SOPHOSSETUP_STAGE2.EXE
2025-07-08 14:23:29,\VOLUME{01da6ccaad22ad19-96ad979b}\PROGRAM FILES (X86)\SOPHOS\CLOUDINSTALLER\EXTRACT_CACHE\SOPHOSSETUP_STAGE2.EXE
2025-07-09 16:45:22,\VOLUME{01da6ccaad22ad19-96ad979b}\PROGRAMDATA\SOPHOS\AUTOUPDATE\CACHE\DECODED\SME64\SOPHOSSMEVALIDATOR.EXE
2025-07-09 16:45:22,\VOLUME{01da6ccaad22ad19-96ad979b}\PROGRAMDATA\SOPHOS\AUTOUPDATE\CACHE\DECODED\SME64\SOPHOSSMEVALIDATOR.EXE
2025-07-09 16:45:14,\VOLUME{01da6ccaad22ad19-96ad979b}\PROGRAMDATA\SOPHOS\AUTOUPDATE\CACHE\DECODED\SME64\SOPHOSSMEVALIDATOR.EXE
2025-07-09 16:44:57,\VOLUME{01da6ccaad22ad19-96ad979b}\PROGRAMDATA\SOPHOS\AUTOUPDATE\CACHE\DECODED\SSE64\SOPHOSSSEVALIDATOR.EXE
2025-07-09 16:44:54,\VOLUME{01da6ccaad22ad19-96ad979b}\PROGRAMDATA\SOPHOS\AUTOUPDATE\CACHE\DECODED\SSE64\SOPHOSSSEVALIDATOR.EXE
2025-07-08 18:18:23,\VOLUME{01da6ccaad22ad19-96ad979b}\PROGRAMDATA\SOPHOS\AUTOUPDATE\CACHE\DECODED\SSE64\SOPHOSSSEVALIDATOR.EXE
2025-07-08 18:17:48,\VOLUME{01da6ccaad22ad19-96ad979b}\PROGRAMDATA\SOPHOS\AUTOUPDATE\CACHE\DECODED\SSE64\SOPHOSSSEVALIDATOR.EXE
2025-07-09 16:45:44,\VOLUME{01da6ccaad22ad19-96ad979b}\PROGRAM FILES\SOPHOS\SOPHOS UI\SOPHOSUITELEMETRY.EXE
2025-07-09 16:44:29,\VOLUME{01da6ccaad22ad19-96ad979b}\PROGRAMDATA\SOPHOS\AUTOUPDATE\CACHE\SOPHOS_AUTOUPDATE1.DIR\SOPHOSUPDATE.EXE
2025-07-09 16:12:17,\VOLUME{01da6ccaad22ad19-96ad979b}\PROGRAMDATA\SOPHOS\AUTOUPDATE\CACHE\SOPHOS_AUTOUPDATE1.DIR\SOPHOSUPDATE.EXE
2025-07-09 14:59:35,\VOLUME{01da6ccaad22ad19-96ad979b}\PROGRAMDATA\SOPHOS\AUTOUPDATE\CACHE\SOPHOS_AUTOUPDATE1.DIR\SOPHOSUPDATE.EXE
2025-07-08 20:21:23,\VOLUME{01da6ccaad22ad19-96ad979b}\PROGRAMDATA\SOPHOS\AUTOUPDATE\CACHE\SOPHOS_AUTOUPDATE1.DIR\SOPHOSUPDATE.EXE
2025-07-08 20:09:10,\VOLUME{01da6ccaad22ad19-96ad979b}\PROGRAMDATA\SOPHOS\AUTOUPDATE\CACHE\SOPHOS_AUTOUPDATE1.DIR\SOPHOSUPDATE.EXE
2025-07-08 19:39:07,\VOLUME{01da6ccaad22ad19-96ad979b}\PROGRAMDATA\SOPHOS\AUTOUPDATE\CACHE\SOPHOS_AUTOUPDATE1.DIR\SOPHOSUPDATE.EXE
2025-07-08 19:16:13,\VOLUME{01da6ccaad22ad19-96ad979b}\PROGRAMDATA\SOPHOS\AUTOUPDATE\CACHE\SOPHOS_AUTOUPDATE1.DIR\SOPHOSUPDATE.EXE
2025-07-08 19:01:34,\VOLUME{01da6ccaad22ad19-96ad979b}\PROGRAMDATA\SOPHOS\AUTOUPDATE\CACHE\SOPHOS_AUTOUPDATE1.DIR\SOPHOSUPDATE.EXE
2025-07-09 17:01:24,\VOLUME{01da6ccaad22ad19-96ad979b}\WINDOWS\SPLWOW64.EXE
2025-07-08 19:16:44,\VOLUME{01da6ccaad22ad19-96ad979b}\WINDOWS\SPLWOW64.EXE
2025-07-08 19:01:03,\VOLUME{01da6ccaad22ad19-96ad979b}\WINDOWS\SPLWOW64.EXE
2025-07-08 18:39:56,\VOLUME{01da6ccaad22ad19-96ad979b}\WINDOWS\SPLWOW64.EXE
2025-07-08 18:23:56,\VOLUME{01da6ccaad22ad19-96ad979b}\WINDOWS\SPLWOW64.EXE
2025-07-08 17:27:57,\VOLUME{01da6ccaad22ad19-96ad979b}\WINDOWS\SPLWOW64.EXE
2025-07-09 17:01:16,\VOLUME{01da6ccaad22ad19-96ad979b}\WINDOWS\SYSTEM32\SPPSVC.EXE
2025-07-09 16:44:44,\VOLUME{01da6ccaad22ad19-96ad979b}\WINDOWS\SYSTEM32\SPPSVC.EXE
2025-07-09 16:42:16,\VOLUME{01da6ccaad22ad19-96ad979b}\WINDOWS\SYSTEM32\SPPSVC.EXE
2025-07-09 16:15:18,\VOLUME{01da6ccaad22ad19-96ad979b}\WINDOWS\SYSTEM32\SPPSVC.EXE
2025-07-09 16:10:08,\VOLUME{01da6ccaad22ad19-96ad979b}\WINDOWS\SYSTEM32\SPPSVC.EXE
2025-07-09 15:44:29,\VOLUME{01da6ccaad22ad19-96ad979b}\WINDOWS\SYSTEM32\SPPSVC.EXE
2025-07-09 15:31:28,\VOLUME{01da6ccaad22ad19-96ad979b}\WINDOWS\SYSTEM32\SPPSVC.EXE
2025-07-09 15:16:29,\VOLUME{01da6ccaad22ad19-96ad979b}\WINDOWS\SYSTEM32\SPPSVC.EXE
2025-07-09 16:45:44,\VOLUME{01da6ccaad22ad19-96ad979b}\PROGRAM FILES\SOPHOS\ENDPOINT DEFENSE\SSPTELEMETRY.EXE
2025-07-07 23:01:34,\VOLUME{01da6ccaad22ad19-96ad979b}\WINDOWS\SYSTEMAPPS\MICROSOFT.WINDOWS.STARTMENUEXPERIENCEHOST_CW5N1H2TXYEWY\STARTMENUEXPERIENCEHOST.EXE
2025-01-31 15:23:43,\VOLUME{01da6ccaad22ad19-96ad979b}\WINDOWS\SYSTEMAPPS\MICROSOFT.WINDOWS.STARTMENUEXPERIENCEHOST_CW5N1H2TXYEWY\STARTMENUEXPERIENCEHOST.EXE
2025-01-31 15:00:13,\VOLUME{01da6ccaad22ad19-96ad979b}\WINDOWS\SYSTEMAPPS\MICROSOFT.WINDOWS.STARTMENUEXPERIENCEHOST_CW5N1H2TXYEWY\STARTMENUEXPERIENCEHOST.EXE
2025-01-10 15:54:26,\VOLUME{01da6ccaad22ad19-96ad979b}\WINDOWS\SYSTEMAPPS\MICROSOFT.WINDOWS.STARTMENUEXPERIENCEHOST_CW5N1H2TXYEWY\STARTMENUEXPERIENCEHOST.EXE
2025-01-10 13:30:17,\VOLUME{01da6ccaad22ad19-96ad979b}\WINDOWS\SYSTEMAPPS\MICROSOFT.WINDOWS.STARTMENUEXPERIENCEHOST_CW5N1H2TXYEWY\STARTMENUEXPERIENCEHOST.EXE
2025-01-10 13:05:58,\VOLUME{01da6ccaad22ad19-96ad979b}\WINDOWS\SYSTEMAPPS\MICROSOFT.WINDOWS.STARTMENUEXPERIENCEHOST_CW5N1H2TXYEWY\STARTMENUEXPERIENCEHOST.EXE
2025-07-09 16:41:03,\VOLUME{01da6ccaad22ad19-96ad979b}\WINDOWS\SYSTEMAPPS\MICROSOFT.WINDOWS.STARTMENUEXPERIENCEHOST_CW5N1H2TXYEWY\STARTMENUEXPERIENCEHOST.EXE
2025-07-09 16:09:07,\VOLUME{01da6ccaad22ad19-96ad979b}\WINDOWS\SYSTEMAPPS\MICROSOFT.WINDOWS.STARTMENUEXPERIENCEHOST_CW5N1H2TXYEWY\STARTMENUEXPERIENCEHOST.EXE
2025-07-09 14:55:49,\VOLUME{01da6ccaad22ad19-96ad979b}\WINDOWS\SYSTEMAPPS\MICROSOFT.WINDOWS.STARTMENUEXPERIENCEHOST_CW5N1H2TXYEWY\STARTMENUEXPERIENCEHOST.EXE
2025-07-08 20:16:54,\VOLUME{01da6ccaad22ad19-96ad979b}\WINDOWS\SYSTEMAPPS\MICROSOFT.WINDOWS.STARTMENUEXPERIENCEHOST_CW5N1H2TXYEWY\STARTMENUEXPERIENCEHOST.EXE
2025-07-08 20:04:37,\VOLUME{01da6ccaad22ad19-96ad979b}\WINDOWS\SYSTEMAPPS\MICROSOFT.WINDOWS.STARTMENUEXPERIENCEHOST_CW5N1H2TXYEWY\STARTMENUEXPERIENCEHOST.EXE
2025-07-08 19:34:31,\VOLUME{01da6ccaad22ad19-96ad979b}\WINDOWS\SYSTEMAPPS\MICROSOFT.WINDOWS.STARTMENUEXPERIENCEHOST_CW5N1H2TXYEWY\STARTMENUEXPERIENCEHOST.EXE
2025-07-08 19:12:03,\VOLUME{01da6ccaad22ad19-96ad979b}\WINDOWS\SYSTEMAPPS\MICROSOFT.WINDOWS.STARTMENUEXPERIENCEHOST_CW5N1H2TXYEWY\STARTMENUEXPERIENCEHOST.EXE
2025-07-08 18:56:58,\VOLUME{01da6ccaad22ad19-96ad979b}\WINDOWS\SYSTEMAPPS\MICROSOFT.WINDOWS.STARTMENUEXPERIENCEHOST_CW5N1H2TXYEWY\STARTMENUEXPERIENCEHOST.EXE
2025-01-31 14:18:19,\VOLUME{01da6ccaad22ad19-96ad979b}\WINDOWS\SYSTEMAPPS\MICROSOFT.WINDOWS.STARTMENUEXPERIENCEHOST_CW5N1H2TXYEWY\STARTMENUEXPERIENCEHOST.EXE
2025-01-31 12:25:19,\VOLUME{01da6ccaad22ad19-96ad979b}\WINDOWS\SYSTEMAPPS\MICROSOFT.WINDOWS.STARTMENUEXPERIENCEHOST_CW5N1H2TXYEWY\STARTMENUEXPERIENCEHOST.EXE
2025-01-11 00:11:56,\VOLUME{01da6ccaad22ad19-96ad979b}\WINDOWS\SYSTEMAPPS\MICROSOFT.WINDOWS.STARTMENUEXPERIENCEHOST_CW5N1H2TXYEWY\STARTMENUEXPERIENCEHOST.EXE
2025-01-10 23:53:48,\VOLUME{01da6ccaad22ad19-96ad979b}\WINDOWS\SYSTEMAPPS\MICROSOFT.WINDOWS.STARTMENUEXPERIENCEHOST_CW5N1H2TXYEWY\STARTMENUEXPERIENCEHOST.EXE
2025-01-10 12:39:02,\VOLUME{01da6ccaad22ad19-96ad979b}\WINDOWS\SYSTEMAPPS\MICROSOFT.WINDOWS.STARTMENUEXPERIENCEHOST_CW5N1H2TXYEWY\STARTMENUEXPERIENCEHOST.EXE
2024-04-16 16:40:27,\VOLUME{01da6ccaad22ad19-96ad979b}\WINDOWS\SYSTEMAPPS\MICROSOFT.WINDOWS.STARTMENUEXPERIENCEHOST_CW5N1H2TXYEWY\STARTMENUEXPERIENCEHOST.EXE
2024-04-12 13:28:36,\VOLUME{01da6ccaad22ad19-96ad979b}\WINDOWS\SYSTEMAPPS\MICROSOFT.WINDOWS.STARTMENUEXPERIENCEHOST_CW5N1H2TXYEWY\STARTMENUEXPERIENCEHOST.EXE
2024-03-18 23:56:06,\VOLUME{01da6ccaad22ad19-96ad979b}\WINDOWS\SYSTEMAPPS\MICROSOFT.WINDOWS.STARTMENUEXPERIENCEHOST_CW5N1H2TXYEWY\STARTMENUEXPERIENCEHOST.EXE
2024-03-02 21:07:22,\VOLUME{01da6ccaad22ad19-96ad979b}\WINDOWS\SYSTEMAPPS\MICROSOFT.WINDOWS.STARTMENUEXPERIENCEHOST_CW5N1H2TXYEWY\STARTMENUEXPERIENCEHOST.EXE
2024-03-02 21:04:09,\VOLUME{01da6ccaad22ad19-96ad979b}\WINDOWS\SYSTEMAPPS\MICROSOFT.WINDOWS.STARTMENUEXPERIENCEHOST_CW5N1H2TXYEWY\STARTMENUEXPERIENCEHOST.EXE
2025-07-09 16:44:25,\VOLUME{01da6ccaad22ad19-96ad979b}\PROGRAMDATA\SOPHOS\AUTOUPDATE\CACHE\SOPHOS_AUTOUPDATE1.DIR\SU-REPAIR.EXE
2025-07-09 16:12:12,\VOLUME{01da6ccaad22ad19-96ad979b}\PROGRAMDATA\SOPHOS\AUTOUPDATE\CACHE\SOPHOS_AUTOUPDATE1.DIR\SU-REPAIR.EXE
2025-07-09 15:59:25,\VOLUME{01da6ccaad22ad19-96ad979b}\PROGRAMDATA\SOPHOS\AUTOUPDATE\CACHE\SOPHOS_AUTOUPDATE1.DIR\SU-REPAIR.EXE
2025-07-09 14:59:12,\VOLUME{01da6ccaad22ad19-96ad979b}\PROGRAMDATA\SOPHOS\AUTOUPDATE\CACHE\SOPHOS_AUTOUPDATE1.DIR\SU-REPAIR.EXE
2025-07-08 20:21:18,\VOLUME{01da6ccaad22ad19-96ad979b}\PROGRAMDATA\SOPHOS\AUTOUPDATE\CACHE\SOPHOS_AUTOUPDATE1.DIR\SU-REPAIR.EXE
2025-07-08 20:09:01,\VOLUME{01da6ccaad22ad19-96ad979b}\PROGRAMDATA\SOPHOS\AUTOUPDATE\CACHE\SOPHOS_AUTOUPDATE1.DIR\SU-REPAIR.EXE
2025-07-08 19:39:02,\VOLUME{01da6ccaad22ad19-96ad979b}\PROGRAMDATA\SOPHOS\AUTOUPDATE\CACHE\SOPHOS_AUTOUPDATE1.DIR\SU-REPAIR.EXE
2025-07-08 19:16:47,\VOLUME{01da6ccaad22ad19-96ad979b}\PROGRAMDATA\SOPHOS\AUTOUPDATE\CACHE\SOPHOS_AUTOUPDATE1.DIR\SU-REPAIR.EXE
2025-07-09 16:45:26,\VOLUME{01da6ccaad22ad19-96ad979b}\PROGRAMDATA\SOPHOS\AUTOUPDATE\CACHE\SOPHOS_AUTOUPDATE1.DIR\SU-SETUP32.EXE
2025-07-09 16:45:04,\VOLUME{01da6ccaad22ad19-96ad979b}\PROGRAMDATA\SOPHOS\AUTOUPDATE\CACHE\SOPHOS_AUTOUPDATE1.DIR\SU-SETUP32.EXE
2025-07-09 16:45:23,\VOLUME{01da6ccaad22ad19-96ad979b}\PROGRAMDATA\SOPHOS\AUTOUPDATE\CACHE\SOPHOS_AUTOUPDATE1.DIR\SU-SETUP64.EXE
2025-07-09 16:45:13,\VOLUME{01da6ccaad22ad19-96ad979b}\PROGRAMDATA\SOPHOS\AUTOUPDATE\CACHE\SOPHOS_AUTOUPDATE1.DIR\SU-SETUP64.EXE
2025-07-09 16:45:08,\VOLUME{01da6ccaad22ad19-96ad979b}\PROGRAMDATA\SOPHOS\AUTOUPDATE\CACHE\SOPHOS_AUTOUPDATE1.DIR\SU-SETUP64.EXE
2025-07-09 16:45:06,\VOLUME{01da6ccaad22ad19-96ad979b}\PROGRAMDATA\SOPHOS\AUTOUPDATE\CACHE\SOPHOS_AUTOUPDATE1.DIR\SU-SETUP64.EXE
2025-07-09 16:45:00,\VOLUME{01da6ccaad22ad19-96ad979b}\PROGRAMDATA\SOPHOS\AUTOUPDATE\CACHE\SOPHOS_AUTOUPDATE1.DIR\SU-SETUP64.EXE
2025-07-09 16:44:54,\VOLUME{01da6ccaad22ad19-96ad979b}\PROGRAMDATA\SOPHOS\AUTOUPDATE\CACHE\SOPHOS_AUTOUPDATE1.DIR\SU-SETUP64.EXE
2025-07-09 16:44:48,\VOLUME{01da6ccaad22ad19-96ad979b}\PROGRAMDATA\SOPHOS\AUTOUPDATE\CACHE\SOPHOS_AUTOUPDATE1.DIR\SU-SETUP64.EXE
2025-07-09 16:44:46,\VOLUME{01da6ccaad22ad19-96ad979b}\PROGRAMDATA\SOPHOS\AUTOUPDATE\CACHE\SOPHOS_AUTOUPDATE1.DIR\SU-SETUP64.EXE
2025-07-09 16:45:44,\VOLUME{01da6ccaad22ad19-96ad979b}\PROGRAM FILES\SOPHOS\AUTOUPDATE\TELEMETRY\SUBMITTELEM.EXE
2025-07-09 17:00:34,\VOLUME{01da6ccaad22ad19-96ad979b}\WINDOWS\SYSTEM32\SVCHOST.EXE
2025-07-08 19:15:22,\VOLUME{01da6ccaad22ad19-96ad979b}\WINDOWS\SYSTEM32\SVCHOST.EXE
2025-07-08 18:59:31,\VOLUME{01da6ccaad22ad19-96ad979b}\WINDOWS\SYSTEM32\SVCHOST.EXE
2025-07-08 18:36:56,\VOLUME{01da6ccaad22ad19-96ad979b}\WINDOWS\SYSTEM32\SVCHOST.EXE
2025-07-08 18:18:51,\VOLUME{01da6ccaad22ad19-96ad979b}\WINDOWS\SYSTEM32\SVCHOST.EXE
2025-07-08 17:26:57,\VOLUME{01da6ccaad22ad19-96ad979b}\WINDOWS\SYSTEM32\SVCHOST.EXE
2025-07-08 19:22:30,\VOLUME{01da6ccaad22ad19-96ad979b}\WINDOWS\SYSTEM32\SVCHOST.EXE
2025-07-08 20:18:25,\VOLUME{01da6ccaad22ad19-96ad979b}\WINDOWS\SYSTEM32\SVCHOST.EXE
2025-07-08 20:06:13,\VOLUME{01da6ccaad22ad19-96ad979b}\WINDOWS\SYSTEM32\SVCHOST.EXE
2025-07-08 19:36:10,\VOLUME{01da6ccaad22ad19-96ad979b}\WINDOWS\SYSTEM32\SVCHOST.EXE
2025-07-08 19:13:16,\VOLUME{01da6ccaad22ad19-96ad979b}\WINDOWS\SYSTEM32\SVCHOST.EXE
2025-07-08 18:58:32,\VOLUME{01da6ccaad22ad19-96ad979b}\WINDOWS\SYSTEM32\SVCHOST.EXE
2025-07-08 18:46:41,\VOLUME{01da6ccaad22ad19-96ad979b}\WINDOWS\SYSTEM32\SVCHOST.EXE
2025-07-08 18:36:04,\VOLUME{01da6ccaad22ad19-96ad979b}\WINDOWS\SYSTEM32\SVCHOST.EXE
2025-07-08 18:14:03,\VOLUME{01da6ccaad22ad19-96ad979b}\WINDOWS\SYSTEM32\SVCHOST.EXE
2025-07-09 16:42:09,\VOLUME{01da6ccaad22ad19-96ad979b}\WINDOWS\SYSTEM32\SVCHOST.EXE
2025-07-09 14:57:11,\VOLUME{01da6ccaad22ad19-96ad979b}\WINDOWS\SYSTEM32\SVCHOST.EXE
2025-07-08 18:13:55,\VOLUME{01da6ccaad22ad19-96ad979b}\WINDOWS\SYSTEM32\SVCHOST.EXE
2025-07-08 17:23:08,\VOLUME{01da6ccaad22ad19-96ad979b}\WINDOWS\SYSTEM32\SVCHOST.EXE
2025-07-09 16:09:14,\VOLUME{01da6ccaad22ad19-96ad979b}\WINDOWS\SYSTEM32\SVCHOST.EXE
2025-07-09 14:55:57,\VOLUME{01da6ccaad22ad19-96ad979b}\WINDOWS\SYSTEM32\SVCHOST.EXE
2025-07-08 20:16:58,\VOLUME{01da6ccaad22ad19-96ad979b}\WINDOWS\SYSTEM32\SVCHOST.EXE
2025-07-08 20:04:43,\VOLUME{01da6ccaad22ad19-96ad979b}\WINDOWS\SYSTEM32\SVCHOST.EXE
2025-07-08 19:34:35,\VOLUME{01da6ccaad22ad19-96ad979b}\WINDOWS\SYSTEM32\SVCHOST.EXE
2025-07-08 18:57:02,\VOLUME{01da6ccaad22ad19-96ad979b}\WINDOWS\SYSTEM32\SVCHOST.EXE
2025-07-08 18:45:08,\VOLUME{01da6ccaad22ad19-96ad979b}\WINDOWS\SYSTEM32\SVCHOST.EXE
2025-07-08 18:12:17,\VOLUME{01da6ccaad22ad19-96ad979b}\WINDOWS\SYSTEM32\SVCHOST.EXE
2025-07-09 16:45:45,\VOLUME{01da6ccaad22ad19-96ad979b}\WINDOWS\SYSTEM32\SVCHOST.EXE
2025-07-09 16:44:39,\VOLUME{01da6ccaad22ad19-96ad979b}\WINDOWS\SYSTEM32\SVCHOST.EXE
2025-07-09 16:42:24,\VOLUME{01da6ccaad22ad19-96ad979b}\WINDOWS\SYSTEM32\SVCHOST.EXE
2025-07-09 16:10:13,\VOLUME{01da6ccaad22ad19-96ad979b}\WINDOWS\SYSTEM32\SVCHOST.EXE
2025-07-09 14:57:21,\VOLUME{01da6ccaad22ad19-96ad979b}\WINDOWS\SYSTEM32\SVCHOST.EXE
2025-07-08 20:18:31,\VOLUME{01da6ccaad22ad19-96ad979b}\WINDOWS\SYSTEM32\SVCHOST.EXE
2025-07-08 18:36:11,\VOLUME{01da6ccaad22ad19-96ad979b}\WINDOWS\SYSTEM32\SVCHOST.EXE
2025-07-09 16:41:29,\VOLUME{01da6ccaad22ad19-96ad979b}\WINDOWS\SYSTEM32\SVCHOST.EXE
2025-07-09 16:19:47,\VOLUME{01da6ccaad22ad19-96ad979b}\WINDOWS\SYSTEM32\SVCHOST.EXE
2025-07-09 14:58:59,\VOLUME{01da6ccaad22ad19-96ad979b}\WINDOWS\SYSTEM32\SVCHOST.EXE
2025-07-09 16:42:22,\VOLUME{01da6ccaad22ad19-96ad979b}\WINDOWS\SYSTEM32\SVCHOST.EXE
2025-07-09 16:10:12,\VOLUME{01da6ccaad22ad19-96ad979b}\WINDOWS\SYSTEM32\SVCHOST.EXE
2025-07-09 14:57:14,\VOLUME{01da6ccaad22ad19-96ad979b}\WINDOWS\SYSTEM32\SVCHOST.EXE
2025-07-08 20:18:30,\VOLUME{01da6ccaad22ad19-96ad979b}\WINDOWS\SYSTEM32\SVCHOST.EXE
2025-07-08 20:06:22,\VOLUME{01da6ccaad22ad19-96ad979b}\WINDOWS\SYSTEM32\SVCHOST.EXE
2025-07-08 19:36:11,\VOLUME{01da6ccaad22ad19-96ad979b}\WINDOWS\SYSTEM32\SVCHOST.EXE
2025-07-08 19:13:22,\VOLUME{01da6ccaad22ad19-96ad979b}\WINDOWS\SYSTEM32\SVCHOST.EXE
2025-07-08 18:46:46,\VOLUME{01da6ccaad22ad19-96ad979b}\WINDOWS\SYSTEM32\SVCHOST.EXE
2025-07-08 19:28:45,\VOLUME{01da6ccaad22ad19-96ad979b}\WINDOWS\SYSTEM32\SVCHOST.EXE
2025-07-09 16:42:05,\VOLUME{01da6ccaad22ad19-96ad979b}\WINDOWS\SYSTEM32\SVCHOST.EXE
2025-07-09 16:09:44,\VOLUME{01da6ccaad22ad19-96ad979b}\WINDOWS\SYSTEM32\SVCHOST.EXE
2025-07-08 20:18:25,\VOLUME{01da6ccaad22ad19-96ad979b}\WINDOWS\SYSTEM32\SVCHOST.EXE
2025-07-08 20:06:13,\VOLUME{01da6ccaad22ad19-96ad979b}\WINDOWS\SYSTEM32\SVCHOST.EXE
2025-07-08 19:36:10,\VOLUME{01da6ccaad22ad19-96ad979b}\WINDOWS\SYSTEM32\SVCHOST.EXE
2025-07-08 19:13:15,\VOLUME{01da6ccaad22ad19-96ad979b}\WINDOWS\SYSTEM32\SVCHOST.EXE
2025-07-08 18:58:32,\VOLUME{01da6ccaad22ad19-96ad979b}\WINDOWS\SYSTEM32\SVCHOST.EXE
2025-07-08 18:46:41,\VOLUME{01da6ccaad22ad19-96ad979b}\WINDOWS\SYSTEM32\SVCHOST.EXE
2025-07-08 17:17:58,\VOLUME{01da6ccaad22ad19-96ad979b}\WINDOWS\SYSTEM32\SVCHOST.EXE
2025-07-09 17:00:18,\VOLUME{01da6ccaad22ad19-96ad979b}\WINDOWS\SYSTEM32\SVCHOST.EXE
2025-07-09 15:00:13,\VOLUME{01da6ccaad22ad19-96ad979b}\WINDOWS\SYSTEM32\SVCHOST.EXE
2025-07-08 19:15:09,\VOLUME{01da6ccaad22ad19-96ad979b}\WINDOWS\SYSTEM32\SVCHOST.EXE
2025-07-08 18:59:20,\VOLUME{01da6ccaad22ad19-96ad979b}\WINDOWS\SYSTEM32\SVCHOST.EXE
2025-07-08 18:36:45,\VOLUME{01da6ccaad22ad19-96ad979b}\WINDOWS\SYSTEM32\SVCHOST.EXE
2025-07-08 18:17:20,\VOLUME{01da6ccaad22ad19-96ad979b}\WINDOWS\SYSTEM32\SVCHOST.EXE
2025-07-08 17:26:36,\VOLUME{01da6ccaad22ad19-96ad979b}\WINDOWS\SYSTEM32\SVCHOST.EXE
2025-07-09 17:00:18,\VOLUME{01da6ccaad22ad19-96ad979b}\WINDOWS\SYSTEM32\SVCHOST.EXE
2025-07-09 16:51:05,\VOLUME{01da6ccaad22ad19-96ad979b}\WINDOWS\SYSTEM32\SVCHOST.EXE
2025-07-09 16:09:14,\VOLUME{01da6ccaad22ad19-96ad979b}\WINDOWS\SYSTEM32\SVCHOST.EXE
2025-07-09 15:40:50,\VOLUME{01da6ccaad22ad19-96ad979b}\WINDOWS\SYSTEM32\SVCHOST.EXE
2025-07-09 15:32:39,\VOLUME{01da6ccaad22ad19-96ad979b}\WINDOWS\SYSTEM32\SVCHOST.EXE
2025-07-09 15:21:23,\VOLUME{01da6ccaad22ad19-96ad979b}\WINDOWS\SYSTEM32\SVCHOST.EXE
2025-07-09 15:12:51,\VOLUME{01da6ccaad22ad19-96ad979b}\WINDOWS\SYSTEM32\SVCHOST.EXE
2025-07-09 15:04:19,\VOLUME{01da6ccaad22ad19-96ad979b}\WINDOWS\SYSTEM32\SVCHOST.EXE
2025-07-09 17:00:13,\VOLUME{01da6ccaad22ad19-96ad979b}\WINDOWS\SYSTEM32\SVCHOST.EXE
2025-07-09 14:59:08,\VOLUME{01da6ccaad22ad19-96ad979b}\WINDOWS\SYSTEM32\SVCHOST.EXE
2025-07-08 19:39:15,\VOLUME{01da6ccaad22ad19-96ad979b}\WINDOWS\SYSTEM32\SVCHOST.EXE
2025-07-08 19:13:00,\VOLUME{01da6ccaad22ad19-96ad979b}\WINDOWS\SYSTEM32\SVCHOST.EXE
2025-07-08 18:58:15,\VOLUME{01da6ccaad22ad19-96ad979b}\WINDOWS\SYSTEM32\SVCHOST.EXE
2025-07-08 18:34:57,\VOLUME{01da6ccaad22ad19-96ad979b}\WINDOWS\SYSTEM32\SVCHOST.EXE
2025-07-08 18:13:12,\VOLUME{01da6ccaad22ad19-96ad979b}\WINDOWS\SYSTEM32\SVCHOST.EXE
2025-07-08 17:24:43,\VOLUME{01da6ccaad22ad19-96ad979b}\WINDOWS\SYSTEM32\SVCHOST.EXE
2025-07-09 14:57:25,\VOLUME{01da6ccaad22ad19-96ad979b}\WINDOWS\SYSTEM32\SVCHOST.EXE
2025-07-08 19:56:31,\VOLUME{01da6ccaad22ad19-96ad979b}\WINDOWS\SYSTEM32\SVCHOST.EXE
2025-07-08 19:22:30,\VOLUME{01da6ccaad22ad19-96ad979b}\WINDOWS\SYSTEM32\SVCHOST.EXE
2025-07-08 19:06:29,\VOLUME{01da6ccaad22ad19-96ad979b}\WINDOWS\SYSTEM32\SVCHOST.EXE
2025-07-08 18:12:59,\VOLUME{01da6ccaad22ad19-96ad979b}\WINDOWS\SYSTEM32\SVCHOST.EXE
2025-07-08 18:02:04,\VOLUME{01da6ccaad22ad19-96ad979b}\WINDOWS\SYSTEM32\SVCHOST.EXE
2025-07-09 17:01:26,\VOLUME{01da6ccaad22ad19-96ad979b}\WINDOWS\SYSTEM32\SVCHOST.EXE
2025-07-08 19:16:45,\VOLUME{01da6ccaad22ad19-96ad979b}\WINDOWS\SYSTEM32\SVCHOST.EXE
2025-07-08 19:01:04,\VOLUME{01da6ccaad22ad19-96ad979b}\WINDOWS\SYSTEM32\SVCHOST.EXE
2025-07-08 18:39:57,\VOLUME{01da6ccaad22ad19-96ad979b}\WINDOWS\SYSTEM32\SVCHOST.EXE
2025-07-08 18:23:58,\VOLUME{01da6ccaad22ad19-96ad979b}\WINDOWS\SYSTEM32\SVCHOST.EXE
2025-07-08 17:27:58,\VOLUME{01da6ccaad22ad19-96ad979b}\WINDOWS\SYSTEM32\SVCHOST.EXE
2025-07-08 19:28:44,\VOLUME{01da6ccaad22ad19-96ad979b}\WINDOWS\SYSTEM32\SVCHOST.EXE
2025-07-08 17:38:23,\VOLUME{01da6ccaad22ad19-96ad979b}\WINDOWS\SYSTEM32\SVCHOST.EXE
2025-07-08 16:21:46,\VOLUME{01da6ccaad22ad19-96ad979b}\WINDOWS\SYSTEM32\SVCHOST.EXE
2025-07-09 15:39:42,\VOLUME{01da6ccaad22ad19-96ad979b}\WINDOWS\SYSTEM32\SVCHOST.EXE
2025-07-09 15:29:59,\VOLUME{01da6ccaad22ad19-96ad979b}\WINDOWS\SYSTEM32\SVCHOST.EXE
2025-07-08 20:25:32,\VOLUME{01da6ccaad22ad19-96ad979b}\WINDOWS\SYSTEM32\SVCHOST.EXE
2025-07-08 20:10:34,\VOLUME{01da6ccaad22ad19-96ad979b}\WINDOWS\SYSTEM32\SVCHOST.EXE
2025-07-08 20:01:11,\VOLUME{01da6ccaad22ad19-96ad979b}\WINDOWS\SYSTEM32\SVCHOST.EXE
2025-07-08 19:44:48,\VOLUME{01da6ccaad22ad19-96ad979b}\WINDOWS\SYSTEM32\SVCHOST.EXE
2025-07-08 19:28:17,\VOLUME{01da6ccaad22ad19-96ad979b}\WINDOWS\SYSTEM32\SVCHOST.EXE
2025-07-08 16:13:25,\VOLUME{01da6ccaad22ad19-96ad979b}\WINDOWS\SYSTEM32\SVCHOST.EXE
2025-07-09 14:56:24,\VOLUME{01da6ccaad22ad19-96ad979b}\WINDOWS\SYSTEM32\SVCHOST.EXE
2025-07-08 20:18:24,\VOLUME{01da6ccaad22ad19-96ad979b}\WINDOWS\SYSTEM32\SVCHOST.EXE
2025-07-08 20:06:11,\VOLUME{01da6ccaad22ad19-96ad979b}\WINDOWS\SYSTEM32\SVCHOST.EXE
2025-07-08 19:36:09,\VOLUME{01da6ccaad22ad19-96ad979b}\WINDOWS\SYSTEM32\SVCHOST.EXE
2025-07-08 19:13:14,\VOLUME{01da6ccaad22ad19-96ad979b}\WINDOWS\SYSTEM32\SVCHOST.EXE
2025-07-08 18:58:31,\VOLUME{01da6ccaad22ad19-96ad979b}\WINDOWS\SYSTEM32\SVCHOST.EXE
2025-07-08 18:46:40,\VOLUME{01da6ccaad22ad19-96ad979b}\WINDOWS\SYSTEM32\SVCHOST.EXE
2025-07-08 18:36:03,\VOLUME{01da6ccaad22ad19-96ad979b}\WINDOWS\SYSTEM32\SVCHOST.EXE
2025-07-09 16:45:10,\VOLUME{01da6ccaad22ad19-96ad979b}\WINDOWS\SYSTEM32\SVCHOST.EXE
2025-07-09 16:12:57,\VOLUME{01da6ccaad22ad19-96ad979b}\WINDOWS\SYSTEM32\SVCHOST.EXE
2025-07-09 15:01:39,\VOLUME{01da6ccaad22ad19-96ad979b}\WINDOWS\SYSTEM32\SVCHOST.EXE
2025-07-09 14:57:45,\VOLUME{01da6ccaad22ad19-96ad979b}\WINDOWS\SYSTEM32\SVCHOST.EXE
2025-07-08 20:21:18,\VOLUME{01da6ccaad22ad19-96ad979b}\WINDOWS\SYSTEM32\SVCHOST.EXE
2025-07-08 20:09:27,\VOLUME{01da6ccaad22ad19-96ad979b}\WINDOWS\SYSTEM32\SVCHOST.EXE
2025-07-08 19:39:24,\VOLUME{01da6ccaad22ad19-96ad979b}\WINDOWS\SYSTEM32\SVCHOST.EXE
2025-07-08 19:37:02,\VOLUME{01da6ccaad22ad19-96ad979b}\WINDOWS\SYSTEM32\SVCHOST.EXE
2025-07-08 20:04:38,\VOLUME{01da6ccaad22ad19-96ad979b}\WINDOWS\SYSTEM32\SVCHOST.EXE
2025-07-08 19:34:34,\VOLUME{01da6ccaad22ad19-96ad979b}\WINDOWS\SYSTEM32\SVCHOST.EXE
2025-07-08 18:45:05,\VOLUME{01da6ccaad22ad19-96ad979b}\WINDOWS\SYSTEM32\SVCHOST.EXE
2025-07-08 18:34:28,\VOLUME{01da6ccaad22ad19-96ad979b}\WINDOWS\SYSTEM32\SVCHOST.EXE
2025-07-09 17:23:36,\VOLUME{01da6ccaad22ad19-96ad979b}\WINDOWS\SYSTEM32\SVCHOST.EXE
2025-07-09 17:08:30,\VOLUME{01da6ccaad22ad19-96ad979b}\WINDOWS\SYSTEM32\SVCHOST.EXE
2025-07-09 16:51:44,\VOLUME{01da6ccaad22ad19-96ad979b}\WINDOWS\SYSTEM32\SVCHOST.EXE
2025-07-09 16:20:51,\VOLUME{01da6ccaad22ad19-96ad979b}\WINDOWS\SYSTEM32\SVCHOST.EXE
2025-07-09 15:58:51,\VOLUME{01da6ccaad22ad19-96ad979b}\WINDOWS\SYSTEM32\SVCHOST.EXE
2025-07-09 15:44:12,\VOLUME{01da6ccaad22ad19-96ad979b}\WINDOWS\SYSTEM32\SVCHOST.EXE
2025-07-09 15:29:06,\VOLUME{01da6ccaad22ad19-96ad979b}\WINDOWS\SYSTEM32\SVCHOST.EXE
2025-07-09 15:18:59,\VOLUME{01da6ccaad22ad19-96ad979b}\WINDOWS\SYSTEM32\SVCHOST.EXE
2025-07-09 17:17:32,\VOLUME{01da6ccaad22ad19-96ad979b}\WINDOWS\SYSTEM32\SVCHOST.EXE
2025-07-09 17:00:17,\VOLUME{01da6ccaad22ad19-96ad979b}\WINDOWS\SYSTEM32\SVCHOST.EXE
2025-07-08 19:28:48,\VOLUME{01da6ccaad22ad19-96ad979b}\WINDOWS\SYSTEM32\SVCHOST.EXE
2025-07-08 17:38:25,\VOLUME{01da6ccaad22ad19-96ad979b}\WINDOWS\SYSTEM32\SVCHOST.EXE
2025-07-08 16:21:48,\VOLUME{01da6ccaad22ad19-96ad979b}\WINDOWS\SYSTEM32\SVCHOST.EXE
2025-07-09 17:08:29,\VOLUME{01da6ccaad22ad19-96ad979b}\WINDOWS\SYSTEM32\SVCHOST.EXE
2025-07-09 16:41:16,\VOLUME{01da6ccaad22ad19-96ad979b}\WINDOWS\SYSTEM32\SVCHOST.EXE
2025-07-09 16:09:24,\VOLUME{01da6ccaad22ad19-96ad979b}\WINDOWS\SYSTEM32\SVCHOST.EXE
2025-07-09 14:56:04,\VOLUME{01da6ccaad22ad19-96ad979b}\WINDOWS\SYSTEM32\SVCHOST.EXE
2025-07-08 20:04:49,\VOLUME{01da6ccaad22ad19-96ad979b}\WINDOWS\SYSTEM32\SVCHOST.EXE
2025-07-08 19:19:46,\VOLUME{01da6ccaad22ad19-96ad979b}\WINDOWS\SYSTEM32\SVCHOST.EXE
2025-07-08 18:34:47,\VOLUME{01da6ccaad22ad19-96ad979b}\WINDOWS\SYSTEM32\SVCHOST.EXE
2025-07-08 18:12:35,\VOLUME{01da6ccaad22ad19-96ad979b}\WINDOWS\SYSTEM32\SVCHOST.EXE
2025-07-09 17:24:23,\VOLUME{01da6ccaad22ad19-96ad979b}\WINDOWS\SYSTEM32\SVCHOST.EXE
2025-07-09 17:10:20,\VOLUME{01da6ccaad22ad19-96ad979b}\WINDOWS\SYSTEM32\SVCHOST.EXE
2025-07-09 15:54:01,\VOLUME{01da6ccaad22ad19-96ad979b}\WINDOWS\SYSTEM32\SVCHOST.EXE
2025-07-09 15:17:44,\VOLUME{01da6ccaad22ad19-96ad979b}\WINDOWS\SYSTEM32\SVCHOST.EXE
2025-07-09 15:11:24,\VOLUME{01da6ccaad22ad19-96ad979b}\WINDOWS\SYSTEM32\SVCHOST.EXE
2025-07-09 14:55:59,\VOLUME{01da6ccaad22ad19-96ad979b}\WINDOWS\SYSTEM32\SVCHOST.EXE
2025-07-08 20:16:59,\VOLUME{01da6ccaad22ad19-96ad979b}\WINDOWS\SYSTEM32\SVCHOST.EXE
2025-07-08 19:28:45,\VOLUME{01da6ccaad22ad19-96ad979b}\WINDOWS\SYSTEM32\SVCHOST.EXE
2025-07-09 16:42:20,\VOLUME{01da6ccaad22ad19-96ad979b}\WINDOWS\SYSTEM32\SVCHOST.EXE
2025-07-09 16:10:12,\VOLUME{01da6ccaad22ad19-96ad979b}\WINDOWS\SYSTEM32\SVCHOST.EXE
2025-07-09 14:56:54,\VOLUME{01da6ccaad22ad19-96ad979b}\WINDOWS\SYSTEM32\SVCHOST.EXE
2025-07-08 20:06:21,\VOLUME{01da6ccaad22ad19-96ad979b}\WINDOWS\SYSTEM32\SVCHOST.EXE
2025-07-08 19:35:32,\VOLUME{01da6ccaad22ad19-96ad979b}\WINDOWS\SYSTEM32\SVCHOST.EXE
2025-07-08 19:13:18,\VOLUME{01da6ccaad22ad19-96ad979b}\WINDOWS\SYSTEM32\SVCHOST.EXE
2025-07-08 18:46:43,\VOLUME{01da6ccaad22ad19-96ad979b}\WINDOWS\SYSTEM32\SVCHOST.EXE
2025-07-08 18:36:09,\VOLUME{01da6ccaad22ad19-96ad979b}\WINDOWS\SYSTEM32\SVCHOST.EXE
2025-07-08 19:29:18,\VOLUME{01da6ccaad22ad19-96ad979b}\WINDOWS\SYSTEM32\SVCHOST.EXE
2025-07-08 17:38:55,\VOLUME{01da6ccaad22ad19-96ad979b}\WINDOWS\SYSTEM32\SVCHOST.EXE
2025-07-08 16:22:18,\VOLUME{01da6ccaad22ad19-96ad979b}\WINDOWS\SYSTEM32\SVCHOST.EXE
2025-07-09 16:45:47,\VOLUME{01da6ccaad22ad19-96ad979b}\WINDOWS\SYSTEM32\SVCHOST.EXE
2025-07-09 16:13:39,\VOLUME{01da6ccaad22ad19-96ad979b}\WINDOWS\SYSTEM32\SVCHOST.EXE
2025-07-09 14:57:37,\VOLUME{01da6ccaad22ad19-96ad979b}\WINDOWS\SYSTEM32\SVCHOST.EXE
2025-07-08 17:17:56,\VOLUME{01da6ccaad22ad19-96ad979b}\WINDOWS\SYSTEM32\SVCHOST.EXE
2025-07-09 16:52:35,\VOLUME{01da6ccaad22ad19-96ad979b}\WINDOWS\SYSTEM32\SVCHOST.EXE
2025-07-09 16:15:23,\VOLUME{01da6ccaad22ad19-96ad979b}\WINDOWS\SYSTEM32\SVCHOST.EXE
2025-07-09 15:57:46,\VOLUME{01da6ccaad22ad19-96ad979b}\WINDOWS\SYSTEM32\SVCHOST.EXE
2025-07-09 15:15:28,\VOLUME{01da6ccaad22ad19-96ad979b}\WINDOWS\SYSTEM32\SVCHOST.EXE
2025-07-08 18:43:31,\VOLUME{01da6ccaad22ad19-96ad979b}\WINDOWS\SYSTEM32\SVCHOST.EXE
2025-07-08 15:54:06,\VOLUME{01da6ccaad22ad19-96ad979b}\WINDOWS\SYSTEM32\SVCHOST.EXE
2025-07-08 14:30:44,\VOLUME{01da6ccaad22ad19-96ad979b}\WINDOWS\SYSTEM32\SVCHOST.EXE
2025-07-08 14:06:00,\VOLUME{01da6ccaad22ad19-96ad979b}\WINDOWS\SYSTEM32\SVCHOST.EXE
2025-07-09 17:24:22,\VOLUME{01da6ccaad22ad19-96ad979b}\WINDOWS\SYSTEM32\SVCHOST.EXE
2025-07-09 17:10:19,\VOLUME{01da6ccaad22ad19-96ad979b}\WINDOWS\SYSTEM32\SVCHOST.EXE
2025-07-09 17:00:18,\VOLUME{01da6ccaad22ad19-96ad979b}\WINDOWS\SYSTEM32\SVCHOST.EXE
2025-07-08 19:49:01,\VOLUME{01da6ccaad22ad19-96ad979b}\WINDOWS\SYSTEM32\SVCHOST.EXE
2025-07-08 17:51:17,\VOLUME{01da6ccaad22ad19-96ad979b}\WINDOWS\SYSTEM32\SVCHOST.EXE
2025-07-08 17:17:56,\VOLUME{01da6ccaad22ad19-96ad979b}\WINDOWS\SYSTEM32\SVCHOST.EXE
2025-07-08 16:21:43,\VOLUME{01da6ccaad22ad19-96ad979b}\WINDOWS\SYSTEM32\SVCHOST.EXE
2025-07-08 16:06:20,\VOLUME{01da6ccaad22ad19-96ad979b}\WINDOWS\SYSTEM32\SVCHOST.EXE
2025-07-09 16:54:32,\VOLUME{01da6ccaad22ad19-96ad979b}\WINDOWS\SYSTEM32\SVCHOST.EXE
2025-07-09 16:42:25,\VOLUME{01da6ccaad22ad19-96ad979b}\WINDOWS\SYSTEM32\SVCHOST.EXE
2025-07-09 16:10:17,\VOLUME{01da6ccaad22ad19-96ad979b}\WINDOWS\SYSTEM32\SVCHOST.EXE
2025-07-09 15:16:33,\VOLUME{01da6ccaad22ad19-96ad979b}\WINDOWS\SYSTEM32\SVCHOST.EXE
2025-07-09 15:11:04,\VOLUME{01da6ccaad22ad19-96ad979b}\WINDOWS\SYSTEM32\SVCHOST.EXE
2025-07-08 20:26:28,\VOLUME{01da6ccaad22ad19-96ad979b}\WINDOWS\SYSTEM32\SVCHOST.EXE
2025-07-08 20:10:49,\VOLUME{01da6ccaad22ad19-96ad979b}\WINDOWS\SYSTEM32\SVCHOST.EXE
2025-07-08 19:35:32,\VOLUME{01da6ccaad22ad19-96ad979b}\WINDOWS\SYSTEM32\SVCHOST.EXE
2025-07-09 16:25:10,\VOLUME{01da6ccaad22ad19-96ad979b}\WINDOWS\SYSTEM32\SVCHOST.EXE
2025-07-08 19:56:33,\VOLUME{01da6ccaad22ad19-96ad979b}\WINDOWS\SYSTEM32\SVCHOST.EXE
2025-07-08 18:02:08,\VOLUME{01da6ccaad22ad19-96ad979b}\WINDOWS\SYSTEM32\SVCHOST.EXE
2025-07-08 17:54:27,\VOLUME{01da6ccaad22ad19-96ad979b}\WINDOWS\SYSTEM32\SVCHOST.EXE
2025-07-08 17:40:21,\VOLUME{01da6ccaad22ad19-96ad979b}\WINDOWS\SYSTEM32\SVCHOST.EXE
2025-07-08 17:17:56,\VOLUME{01da6ccaad22ad19-96ad979b}\WINDOWS\SYSTEM32\SVCHOST.EXE
2025-07-08 16:24:29,\VOLUME{01da6ccaad22ad19-96ad979b}\WINDOWS\SYSTEM32\SVCHOST.EXE
2025-07-09 15:47:55,\VOLUME{01da6ccaad22ad19-96ad979b}\WINDOWS\SYSTEM32\SVCHOST.EXE
2025-07-08 19:15:01,\VOLUME{01da6ccaad22ad19-96ad979b}\WINDOWS\SYSTEM32\SVCHOST.EXE
2025-07-08 18:59:27,\VOLUME{01da6ccaad22ad19-96ad979b}\WINDOWS\SYSTEM32\SVCHOST.EXE
2025-07-08 18:36:35,\VOLUME{01da6ccaad22ad19-96ad979b}\WINDOWS\SYSTEM32\SVCHOST.EXE
2025-07-08 18:18:29,\VOLUME{01da6ccaad22ad19-96ad979b}\WINDOWS\SYSTEM32\SVCHOST.EXE
2025-07-08 17:27:02,\VOLUME{01da6ccaad22ad19-96ad979b}\WINDOWS\SYSTEM32\SVCHOST.EXE
2025-07-09 17:08:29,\VOLUME{01da6ccaad22ad19-96ad979b}\WINDOWS\SYSTEM32\SVCHOST.EXE
2025-07-09 16:41:15,\VOLUME{01da6ccaad22ad19-96ad979b}\WINDOWS\SYSTEM32\SVCHOST.EXE
2025-07-09 16:09:23,\VOLUME{01da6ccaad22ad19-96ad979b}\WINDOWS\SYSTEM32\SVCHOST.EXE
2025-07-09 15:01:06,\VOLUME{01da6ccaad22ad19-96ad979b}\WINDOWS\SYSTEM32\SVCHOST.EXE
2025-07-09 14:56:01,\VOLUME{01da6ccaad22ad19-96ad979b}\WINDOWS\SYSTEM32\SVCHOST.EXE
2025-07-08 19:19:45,\VOLUME{01da6ccaad22ad19-96ad979b}\WINDOWS\SYSTEM32\SVCHOST.EXE
2025-07-08 18:34:46,\VOLUME{01da6ccaad22ad19-96ad979b}\WINDOWS\SYSTEM32\SVCHOST.EXE
2025-07-08 18:12:33,\VOLUME{01da6ccaad22ad19-96ad979b}\WINDOWS\SYSTEM32\SVCHOST.EXE
2025-07-09 14:57:23,\VOLUME{01da6ccaad22ad19-96ad979b}\WINDOWS\IMMERSIVECONTROLPANEL\SYSTEMSETTINGS.EXE
2025-07-08 19:22:34,\VOLUME{01da6ccaad22ad19-96ad979b}\WINDOWS\IMMERSIVECONTROLPANEL\SYSTEMSETTINGS.EXE
2025-07-08 18:16:14,\VOLUME{01da6ccaad22ad19-96ad979b}\WINDOWS\IMMERSIVECONTROLPANEL\SYSTEMSETTINGS.EXE
2025-07-08 18:12:44,\VOLUME{01da6ccaad22ad19-96ad979b}\WINDOWS\IMMERSIVECONTROLPANEL\SYSTEMSETTINGS.EXE
2025-07-08 15:47:31,\VOLUME{01da6ccaad22ad19-96ad979b}\WINDOWS\IMMERSIVECONTROLPANEL\SYSTEMSETTINGS.EXE
2025-07-08 14:25:54,\VOLUME{01da6ccaad22ad19-96ad979b}\WINDOWS\IMMERSIVECONTROLPANEL\SYSTEMSETTINGS.EXE
2025-07-08 14:23:52,\VOLUME{01da6ccaad22ad19-96ad979b}\WINDOWS\IMMERSIVECONTROLPANEL\SYSTEMSETTINGS.EXE
2025-07-08 14:09:15,\VOLUME{01da6ccaad22ad19-96ad979b}\WINDOWS\IMMERSIVECONTROLPANEL\SYSTEMSETTINGS.EXE
2025-07-08 14:23:58,\VOLUME{01da6ccaad22ad19-96ad979b}\WINDOWS\SYSTEM32\SYSTEMSETTINGSADMINFLOWS.EXE
2025-01-31 12:46:48,\VOLUME{01da6ccaad22ad19-96ad979b}\WINDOWS\SYSTEM32\SYSTEMSETTINGSADMINFLOWS.EXE
2025-07-09 16:41:31,\VOLUME{01da6ccaad22ad19-96ad979b}\WINDOWS\SYSTEM32\SYSTEMSETTINGSBROKER.EXE
2025-07-09 16:19:55,\VOLUME{01da6ccaad22ad19-96ad979b}\WINDOWS\SYSTEM32\SYSTEMSETTINGSBROKER.EXE
2025-07-09 14:59:00,\VOLUME{01da6ccaad22ad19-96ad979b}\WINDOWS\SYSTEM32\SYSTEMSETTINGSBROKER.EXE
2025-07-09 17:20:33,\VOLUME{01da6ccaad22ad19-96ad979b}\WINDOWS\SYSTEM32\TASKHOSTW.EXE
2025-07-09 16:54:29,\VOLUME{01da6ccaad22ad19-96ad979b}\WINDOWS\SYSTEM32\TASKHOSTW.EXE
2025-07-09 16:51:44,\VOLUME{01da6ccaad22ad19-96ad979b}\WINDOWS\SYSTEM32\TASKHOSTW.EXE
2025-07-09 16:44:25,\VOLUME{01da6ccaad22ad19-96ad979b}\WINDOWS\SYSTEM32\TASKHOSTW.EXE
2025-07-09 16:41:22,\VOLUME{01da6ccaad22ad19-96ad979b}\WINDOWS\SYSTEM32\TASKHOSTW.EXE
2025-07-09 16:22:24,\VOLUME{01da6ccaad22ad19-96ad979b}\WINDOWS\SYSTEM32\TASKHOSTW.EXE
2025-07-09 16:19:42,\VOLUME{01da6ccaad22ad19-96ad979b}\WINDOWS\SYSTEM32\TASKHOSTW.EXE
2025-07-09 16:12:12,\VOLUME{01da6ccaad22ad19-96ad979b}\WINDOWS\SYSTEM32\TASKHOSTW.EXE
2025-07-09 17:11:24,\VOLUME{01da6ccaad22ad19-96ad979b}\WINDOWS\SYSTEM32\TASKMGR.EXE
2025-07-09 16:19:56,\VOLUME{01da6ccaad22ad19-96ad979b}\WINDOWS\SYSTEM32\TASKMGR.EXE
2025-07-09 15:57:25,\VOLUME{01da6ccaad22ad19-96ad979b}\WINDOWS\SYSTEM32\TASKMGR.EXE
2025-07-08 20:08:11,\VOLUME{01da6ccaad22ad19-96ad979b}\WINDOWS\SYSTEM32\TASKMGR.EXE
2025-07-08 19:03:26,\VOLUME{01da6ccaad22ad19-96ad979b}\WINDOWS\SYSTEM32\TASKMGR.EXE
2025-07-08 18:17:23,\VOLUME{01da6ccaad22ad19-96ad979b}\WINDOWS\SYSTEM32\TASKMGR.EXE
2025-07-08 15:27:19,\VOLUME{01da6ccaad22ad19-96ad979b}\WINDOWS\SYSTEM32\TASKMGR.EXE
2025-01-31 14:03:43,\VOLUME{01da6ccaad22ad19-96ad979b}\WINDOWS\SYSTEM32\TASKMGR.EXE
2025-07-08 00:12:36,\VOLUME{01da6ccaad22ad19-96ad979b}\WINDOWS\SYSTEMAPPS\MICROSOFTWINDOWS.CLIENT.CBS_CW5N1H2TXYEWY\TEXTINPUTHOST.EXE
2025-07-07 23:02:00,\VOLUME{01da6ccaad22ad19-96ad979b}\WINDOWS\SYSTEMAPPS\MICROSOFTWINDOWS.CLIENT.CBS_CW5N1H2TXYEWY\TEXTINPUTHOST.EXE
2025-01-31 15:24:17,\VOLUME{01da6ccaad22ad19-96ad979b}\WINDOWS\SYSTEMAPPS\MICROSOFTWINDOWS.CLIENT.CBS_CW5N1H2TXYEWY\TEXTINPUTHOST.EXE
2025-01-31 15:00:59,\VOLUME{01da6ccaad22ad19-96ad979b}\WINDOWS\SYSTEMAPPS\MICROSOFTWINDOWS.CLIENT.CBS_CW5N1H2TXYEWY\TEXTINPUTHOST.EXE
2025-01-31 14:23:47,\VOLUME{01da6ccaad22ad19-96ad979b}\WINDOWS\SYSTEMAPPS\MICROSOFTWINDOWS.CLIENT.CBS_CW5N1H2TXYEWY\TEXTINPUTHOST.EXE
2025-01-31 12:33:08,\VOLUME{01da6ccaad22ad19-96ad979b}\WINDOWS\SYSTEMAPPS\MICROSOFTWINDOWS.CLIENT.CBS_CW5N1H2TXYEWY\TEXTINPUTHOST.EXE
2025-01-11 00:12:18,\VOLUME{01da6ccaad22ad19-96ad979b}\WINDOWS\SYSTEMAPPS\MICROSOFTWINDOWS.CLIENT.CBS_CW5N1H2TXYEWY\TEXTINPUTHOST.EXE
2025-01-11 00:06:41,\VOLUME{01da6ccaad22ad19-96ad979b}\WINDOWS\SYSTEMAPPS\MICROSOFTWINDOWS.CLIENT.CBS_CW5N1H2TXYEWY\TEXTINPUTHOST.EXE
2025-01-10 23:43:02,\VOLUME{01da6ccaad22ad19-96ad979b}\WINDOWS\SYSTEMAPPS\MICROSOFTWINDOWS.CLIENT.CBS_CW5N1H2TXYEWY\TEXTINPUTHOST.EXE
2025-01-10 16:21:49,\VOLUME{01da6ccaad22ad19-96ad979b}\WINDOWS\SYSTEMAPPS\MICROSOFTWINDOWS.CLIENT.CBS_CW5N1H2TXYEWY\TEXTINPUTHOST.EXE
2025-01-10 15:54:27,\VOLUME{01da6ccaad22ad19-96ad979b}\WINDOWS\SYSTEMAPPS\MICROSOFTWINDOWS.CLIENT.CBS_CW5N1H2TXYEWY\TEXTINPUTHOST.EXE
2025-01-10 15:48:16,\VOLUME{01da6ccaad22ad19-96ad979b}\WINDOWS\SYSTEMAPPS\MICROSOFTWINDOWS.CLIENT.CBS_CW5N1H2TXYEWY\TEXTINPUTHOST.EXE
2025-01-10 13:28:58,\VOLUME{01da6ccaad22ad19-96ad979b}\WINDOWS\SYSTEMAPPS\MICROSOFTWINDOWS.CLIENT.CBS_CW5N1H2TXYEWY\TEXTINPUTHOST.EXE
2024-03-23 16:25:05,\VOLUME{01da6ccaad22ad19-96ad979b}\WINDOWS\SYSTEMAPPS\MICROSOFTWINDOWS.CLIENT.CBS_CW5N1H2TXYEWY\TEXTINPUTHOST.EXE
2024-03-02 21:18:02,\VOLUME{01da6ccaad22ad19-96ad979b}\WINDOWS\SYSTEMAPPS\MICROSOFTWINDOWS.CLIENT.CBS_CW5N1H2TXYEWY\TEXTINPUTHOST.EXE
2024-03-02 21:04:07,\VOLUME{01da6ccaad22ad19-96ad979b}\WINDOWS\SYSTEMAPPS\MICROSOFTWINDOWS.CLIENT.CBS_CW5N1H2TXYEWY\TEXTINPUTHOST.EXE
2025-01-10 12:57:37,\VOLUME{01da6ccaad22ad19-96ad979b}\WINDOWS\SYSTEMAPPS\MICROSOFTWINDOWS.CLIENT.CBS_CW5N1H2TXYEWY\TEXTINPUTHOST.EXE
2024-04-16 16:42:32,\VOLUME{01da6ccaad22ad19-96ad979b}\WINDOWS\SYSTEMAPPS\MICROSOFTWINDOWS.CLIENT.CBS_CW5N1H2TXYEWY\TEXTINPUTHOST.EXE
2024-04-12 13:28:36,\VOLUME{01da6ccaad22ad19-96ad979b}\WINDOWS\SYSTEMAPPS\MICROSOFTWINDOWS.CLIENT.CBS_CW5N1H2TXYEWY\TEXTINPUTHOST.EXE
2025-07-09 16:41:02,\VOLUME{01da6ccaad22ad19-96ad979b}\WINDOWS\SYSTEMAPPS\MICROSOFTWINDOWS.CLIENT.CBS_CW5N1H2TXYEWY\TEXTINPUTHOST.EXE
2025-07-09 16:09:07,\VOLUME{01da6ccaad22ad19-96ad979b}\WINDOWS\SYSTEMAPPS\MICROSOFTWINDOWS.CLIENT.CBS_CW5N1H2TXYEWY\TEXTINPUTHOST.EXE
2025-07-09 14:55:49,\VOLUME{01da6ccaad22ad19-96ad979b}\WINDOWS\SYSTEMAPPS\MICROSOFTWINDOWS.CLIENT.CBS_CW5N1H2TXYEWY\TEXTINPUTHOST.EXE
2025-07-08 20:17:17,\VOLUME{01da6ccaad22ad19-96ad979b}\WINDOWS\SYSTEMAPPS\MICROSOFTWINDOWS.CLIENT.CBS_CW5N1H2TXYEWY\TEXTINPUTHOST.EXE
2025-07-08 20:08:30,\VOLUME{01da6ccaad22ad19-96ad979b}\WINDOWS\SYSTEMAPPS\MICROSOFTWINDOWS.CLIENT.CBS_CW5N1H2TXYEWY\TEXTINPUTHOST.EXE
2025-07-08 19:36:34,\VOLUME{01da6ccaad22ad19-96ad979b}\WINDOWS\SYSTEMAPPS\MICROSOFTWINDOWS.CLIENT.CBS_CW5N1H2TXYEWY\TEXTINPUTHOST.EXE
2025-07-08 19:15:17,\VOLUME{01da6ccaad22ad19-96ad979b}\WINDOWS\SYSTEMAPPS\MICROSOFTWINDOWS.CLIENT.CBS_CW5N1H2TXYEWY\TEXTINPUTHOST.EXE
2025-07-08 18:59:31,\VOLUME{01da6ccaad22ad19-96ad979b}\WINDOWS\SYSTEMAPPS\MICROSOFTWINDOWS.CLIENT.CBS_CW5N1H2TXYEWY\TEXTINPUTHOST.EXE
2025-07-09 16:55:10,\VOLUME{01da6ccaad22ad19-96ad979b}\WINDOWS\WINSXS\AMD64_MICROSOFT-WINDOWS-SERVICINGSTACK_31BF3856AD364E35_10.0.19041.6035_NONE_7E37F40E7C6E24C8\TIWORKER.EXE
2025-07-09 16:43:43,\VOLUME{01da6ccaad22ad19-96ad979b}\WINDOWS\WINSXS\AMD64_MICROSOFT-WINDOWS-SERVICINGSTACK_31BF3856AD364E35_10.0.19041.6035_NONE_7E37F40E7C6E24C8\TIWORKER.EXE
2025-07-09 16:23:06,\VOLUME{01da6ccaad22ad19-96ad979b}\WINDOWS\WINSXS\AMD64_MICROSOFT-WINDOWS-SERVICINGSTACK_31BF3856AD364E35_10.0.19041.6035_NONE_7E37F40E7C6E24C8\TIWORKER.EXE
2025-07-09 16:16:44,\VOLUME{01da6ccaad22ad19-96ad979b}\WINDOWS\WINSXS\AMD64_MICROSOFT-WINDOWS-SERVICINGSTACK_31BF3856AD364E35_10.0.19041.6035_NONE_7E37F40E7C6E24C8\TIWORKER.EXE
2025-07-09 15:55:17,\VOLUME{01da6ccaad22ad19-96ad979b}\WINDOWS\WINSXS\AMD64_MICROSOFT-WINDOWS-SERVICINGSTACK_31BF3856AD364E35_10.0.19041.6035_NONE_7E37F40E7C6E24C8\TIWORKER.EXE
2025-07-09 15:37:34,\VOLUME{01da6ccaad22ad19-96ad979b}\WINDOWS\WINSXS\AMD64_MICROSOFT-WINDOWS-SERVICINGSTACK_31BF3856AD364E35_10.0.19041.6035_NONE_7E37F40E7C6E24C8\TIWORKER.EXE
2025-07-09 15:23:38,\VOLUME{01da6ccaad22ad19-96ad979b}\WINDOWS\WINSXS\AMD64_MICROSOFT-WINDOWS-SERVICINGSTACK_31BF3856AD364E35_10.0.19041.6035_NONE_7E37F40E7C6E24C8\TIWORKER.EXE
2025-07-09 15:11:28,\VOLUME{01da6ccaad22ad19-96ad979b}\WINDOWS\WINSXS\AMD64_MICROSOFT-WINDOWS-SERVICINGSTACK_31BF3856AD364E35_10.0.19041.6035_NONE_7E37F40E7C6E24C8\TIWORKER.EXE
2025-07-09 16:55:10,\VOLUME{01da6ccaad22ad19-96ad979b}\WINDOWS\SERVICING\TRUSTEDINSTALLER.EXE
2025-07-09 16:43:40,\VOLUME{01da6ccaad22ad19-96ad979b}\WINDOWS\SERVICING\TRUSTEDINSTALLER.EXE
2025-07-09 16:23:03,\VOLUME{01da6ccaad22ad19-96ad979b}\WINDOWS\SERVICING\TRUSTEDINSTALLER.EXE
2025-07-09 16:16:44,\VOLUME{01da6ccaad22ad19-96ad979b}\WINDOWS\SERVICING\TRUSTEDINSTALLER.EXE
2025-07-09 15:55:17,\VOLUME{01da6ccaad22ad19-96ad979b}\WINDOWS\SERVICING\TRUSTEDINSTALLER.EXE
2025-07-09 15:42:19,\VOLUME{01da6ccaad22ad19-96ad979b}\WINDOWS\SERVICING\TRUSTEDINSTALLER.EXE
2025-07-09 15:37:34,\VOLUME{01da6ccaad22ad19-96ad979b}\WINDOWS\SERVICING\TRUSTEDINSTALLER.EXE
2025-07-09 15:23:37,\VOLUME{01da6ccaad22ad19-96ad979b}\WINDOWS\SERVICING\TRUSTEDINSTALLER.EXE
2025-07-09 16:42:20,\VOLUME{01da6ccaad22ad19-96ad979b}\PROGRAM FILES\MICROSOFT UPDATE HEALTH TOOLS\UHSSVC.EXE
2025-07-09 16:10:11,\VOLUME{01da6ccaad22ad19-96ad979b}\PROGRAM FILES\MICROSOFT UPDATE HEALTH TOOLS\UHSSVC.EXE
2025-07-09 14:56:48,\VOLUME{01da6ccaad22ad19-96ad979b}\PROGRAM FILES\MICROSOFT UPDATE HEALTH TOOLS\UHSSVC.EXE
2025-07-08 20:18:27,\VOLUME{01da6ccaad22ad19-96ad979b}\PROGRAM FILES\MICROSOFT UPDATE HEALTH TOOLS\UHSSVC.EXE
2025-07-08 20:06:19,\VOLUME{01da6ccaad22ad19-96ad979b}\PROGRAM FILES\MICROSOFT UPDATE HEALTH TOOLS\UHSSVC.EXE
2025-07-08 19:36:11,\VOLUME{01da6ccaad22ad19-96ad979b}\PROGRAM FILES\MICROSOFT UPDATE HEALTH TOOLS\UHSSVC.EXE
2025-07-08 19:13:17,\VOLUME{01da6ccaad22ad19-96ad979b}\PROGRAM FILES\MICROSOFT UPDATE HEALTH TOOLS\UHSSVC.EXE
2025-07-08 18:46:43,\VOLUME{01da6ccaad22ad19-96ad979b}\PROGRAM FILES\MICROSOFT UPDATE HEALTH TOOLS\UHSSVC.EXE
2025-07-09 17:08:34,\VOLUME{01da6ccaad22ad19-96ad979b}\PROGRAM FILES (X86)\GOOGLE\GOOGLEUPDATER\140.0.7272.0\UPDATER.EXE
2025-07-09 17:06:19,\VOLUME{01da6ccaad22ad19-96ad979b}\PROGRAM FILES (X86)\GOOGLE\GOOGLEUPDATER\140.0.7272.0\UPDATER.EXE
2025-07-09 17:06:19,\VOLUME{01da6ccaad22ad19-96ad979b}\PROGRAM FILES (X86)\GOOGLE\GOOGLEUPDATER\140.0.7272.0\UPDATER.EXE
2025-07-09 17:06:18,\VOLUME{01da6ccaad22ad19-96ad979b}\PROGRAM FILES (X86)\GOOGLE\GOOGLEUPDATER\140.0.7272.0\UPDATER.EXE
2025-07-09 17:06:18,\VOLUME{01da6ccaad22ad19-96ad979b}\PROGRAM FILES (X86)\GOOGLE\GOOGLEUPDATER\140.0.7272.0\UPDATER.EXE
2025-07-09 16:41:07,\VOLUME{01da6ccaad22ad19-96ad979b}\PROGRAM FILES (X86)\GOOGLE\GOOGLEUPDATER\140.0.7272.0\UPDATER.EXE
2025-07-09 16:41:07,\VOLUME{01da6ccaad22ad19-96ad979b}\PROGRAM FILES (X86)\GOOGLE\GOOGLEUPDATER\140.0.7272.0\UPDATER.EXE
2025-07-09 16:41:06,\VOLUME{01da6ccaad22ad19-96ad979b}\PROGRAM FILES (X86)\GOOGLE\GOOGLEUPDATER\140.0.7272.0\UPDATER.EXE
2025-07-09 16:51:12,\VOLUME{01da6ccaad22ad19-96ad979b}\WINDOWS\SYSTEM32\OOBE\USEROOBEBROKER.EXE
2025-07-09 16:19:21,\VOLUME{01da6ccaad22ad19-96ad979b}\WINDOWS\SYSTEM32\OOBE\USEROOBEBROKER.EXE
2025-07-09 15:06:05,\VOLUME{01da6ccaad22ad19-96ad979b}\WINDOWS\SYSTEM32\OOBE\USEROOBEBROKER.EXE
2025-07-08 20:26:27,\VOLUME{01da6ccaad22ad19-96ad979b}\WINDOWS\SYSTEM32\OOBE\USEROOBEBROKER.EXE
2025-07-08 20:10:48,\VOLUME{01da6ccaad22ad19-96ad979b}\WINDOWS\SYSTEM32\OOBE\USEROOBEBROKER.EXE
2025-07-08 19:35:32,\VOLUME{01da6ccaad22ad19-96ad979b}\WINDOWS\SYSTEM32\OOBE\USEROOBEBROKER.EXE
2025-07-08 19:16:57,\VOLUME{01da6ccaad22ad19-96ad979b}\WINDOWS\SYSTEM32\OOBE\USEROOBEBROKER.EXE
2025-07-08 19:02:52,\VOLUME{01da6ccaad22ad19-96ad979b}\WINDOWS\SYSTEM32\OOBE\USEROOBEBROKER.EXE
2025-07-09 16:13:38,\VOLUME{01da6ccaad22ad19-96ad979b}\WINDOWS\SYSTEM32\USOCLIENT.EXE
2025-07-09 15:47:09,\VOLUME{01da6ccaad22ad19-96ad979b}\WINDOWS\SYSTEM32\USOCLIENT.EXE
2025-07-09 15:37:29,\VOLUME{01da6ccaad22ad19-96ad979b}\WINDOWS\SYSTEM32\USOCLIENT.EXE
2024-03-02 21:04:10,\VOLUME{01da6ccaad22ad19-96ad979b}\WINDOWS\TEMP\{0499CD4D-8F86-43F8-B178-F9886E84B5EA}\.CR\VCREDIST_X64.EXE
2025-01-11 00:07:45,\VOLUME{01da6ccaad22ad19-96ad979b}\WINDOWS\TEMP\{90615080-F76C-4C00-BE2D-1A6DAA80820C}\.CR\VCREDIST_X64.EXE
2025-01-11 00:07:39,\VOLUME{01da6ccaad22ad19-96ad979b}\WINDOWS\TEMP\{ED26A67C-A782-45D5-BD50-2FEB9F83140C}\.CR\VCREDIST_X86.EXE
2025-01-11 00:07:45,\VOLUME{01da6ccaad22ad19-96ad979b}\WINDOWS\TEMP\{C72B735D-2459-4A34-AAEF-819EE1BDE7DA}\.BE\VC_REDIST.X64.EXE
2025-01-11 00:07:48,\VOLUME{01da6ccaad22ad19-96ad979b}\PROGRAMDATA\PACKAGE CACHE\{855E31D2-9031-46E1-B06D-C9D7777DEEFB}\VC_REDIST.X64.EXE
2025-01-11 00:07:48,\VOLUME{01da6ccaad22ad19-96ad979b}\PROGRAMDATA\PACKAGE CACHE\{855E31D2-9031-46E1-B06D-C9D7777DEEFB}\VC_REDIST.X64.EXE
2025-01-11 00:07:48,\VOLUME{01da6ccaad22ad19-96ad979b}\PROGRAMDATA\PACKAGE CACHE\{855E31D2-9031-46E1-B06D-C9D7777DEEFB}\VC_REDIST.X64.EXE
2025-07-08 15:29:37,\VOLUME{01da6ccaad22ad19-96ad979b}\WINDOWS\TEMP\{D20BC807-47BC-40D5-90E5-6EBF5671E6FD}\.BE\VC_REDIST.X64.EXE
2025-07-08 15:29:42,\VOLUME{01da6ccaad22ad19-96ad979b}\PROGRAMDATA\PACKAGE CACHE\{8BDFE669-9705-4184-9368-DB9CE581E0E7}\VC_REDIST.X64.EXE
2025-07-08 15:29:42,\VOLUME{01da6ccaad22ad19-96ad979b}\PROGRAMDATA\PACKAGE CACHE\{8BDFE669-9705-4184-9368-DB9CE581E0E7}\VC_REDIST.X64.EXE
2025-07-08 15:29:43,\VOLUME{01da6ccaad22ad19-96ad979b}\PROGRAMDATA\PACKAGE CACHE\{8BDFE669-9705-4184-9368-DB9CE581E0E7}\VC_REDIST.X64.EXE
2025-07-08 15:29:35,\VOLUME{01da6ccaad22ad19-96ad979b}\WINDOWS\TEMP\{620F00CC-FAA9-490A-B127-3488CB10600F}\.CR\VC_REDIST.X64.EXE
2025-01-11 00:07:40,\VOLUME{01da6ccaad22ad19-96ad979b}\WINDOWS\TEMP\{8DA80255-ED98-435E-ADAD-049B602F5938}\.BE\VC_REDIST.X86.EXE
2025-07-09 15:41:59,\VOLUME{01da6ccaad22ad19-96ad979b}\WINDOWS\SYSTEM32\VDS.EXE
2025-07-09 15:42:42,\VOLUME{01da6ccaad22ad19-96ad979b}\WINDOWS\SYSTEM32\VDSLDR.EXE
2025-07-09 15:41:56,\VOLUME{01da6ccaad22ad19-96ad979b}\WINDOWS\SYSTEM32\VDSLDR.EXE
2025-07-09 16:41:33,\VOLUME{01da6ccaad22ad19-96ad979b}\PROGRAM FILES\VMWARE\VMWARE TOOLS\VMTOOLSD.EXE
2025-07-09 14:56:16,\VOLUME{01da6ccaad22ad19-96ad979b}\PROGRAM FILES\VMWARE\VMWARE TOOLS\VMTOOLSD.EXE
2025-07-08 19:34:48,\VOLUME{01da6ccaad22ad19-96ad979b}\PROGRAM FILES\VMWARE\VMWARE TOOLS\VMTOOLSD.EXE
2025-07-08 19:12:18,\VOLUME{01da6ccaad22ad19-96ad979b}\PROGRAM FILES\VMWARE\VMWARE TOOLS\VMTOOLSD.EXE
2025-07-08 18:57:14,\VOLUME{01da6ccaad22ad19-96ad979b}\PROGRAM FILES\VMWARE\VMWARE TOOLS\VMTOOLSD.EXE
2025-07-08 18:45:21,\VOLUME{01da6ccaad22ad19-96ad979b}\PROGRAM FILES\VMWARE\VMWARE TOOLS\VMTOOLSD.EXE
2025-07-08 18:12:46,\VOLUME{01da6ccaad22ad19-96ad979b}\PROGRAM FILES\VMWARE\VMWARE TOOLS\VMTOOLSD.EXE
2025-07-08 17:22:02,\VOLUME{01da6ccaad22ad19-96ad979b}\PROGRAM FILES\VMWARE\VMWARE TOOLS\VMTOOLSD.EXE
2025-07-09 16:52:35,\VOLUME{01da6ccaad22ad19-96ad979b}\PROGRAM FILES\VMWARE\VMWARE TOOLS\VMWARERESOLUTIONSET.EXE
2025-07-09 16:15:23,\VOLUME{01da6ccaad22ad19-96ad979b}\PROGRAM FILES\VMWARE\VMWARE TOOLS\VMWARERESOLUTIONSET.EXE
2025-07-09 15:57:32,\VOLUME{01da6ccaad22ad19-96ad979b}\PROGRAM FILES\VMWARE\VMWARE TOOLS\VMWARERESOLUTIONSET.EXE
2025-07-09 15:57:16,\VOLUME{01da6ccaad22ad19-96ad979b}\PROGRAM FILES\VMWARE\VMWARE TOOLS\VMWARERESOLUTIONSET.EXE
2025-07-09 15:15:47,\VOLUME{01da6ccaad22ad19-96ad979b}\PROGRAM FILES\VMWARE\VMWARE TOOLS\VMWARERESOLUTIONSET.EXE
2025-07-09 15:15:37,\VOLUME{01da6ccaad22ad19-96ad979b}\PROGRAM FILES\VMWARE\VMWARE TOOLS\VMWARERESOLUTIONSET.EXE
2025-07-09 15:15:06,\VOLUME{01da6ccaad22ad19-96ad979b}\PROGRAM FILES\VMWARE\VMWARE TOOLS\VMWARERESOLUTIONSET.EXE
2025-07-08 19:35:36,\VOLUME{01da6ccaad22ad19-96ad979b}\PROGRAM FILES\VMWARE\VMWARE TOOLS\VMWARERESOLUTIONSET.EXE
2025-07-08 20:25:32,\VOLUME{01da6ccaad22ad19-96ad979b}\WINDOWS\SYSTEM32\VSSADMIN.EXE
2025-07-08 20:10:34,\VOLUME{01da6ccaad22ad19-96ad979b}\WINDOWS\SYSTEM32\VSSADMIN.EXE
2025-07-08 20:01:11,\VOLUME{01da6ccaad22ad19-96ad979b}\WINDOWS\SYSTEM32\VSSADMIN.EXE
2025-07-08 19:44:47,\VOLUME{01da6ccaad22ad19-96ad979b}\WINDOWS\SYSTEM32\VSSADMIN.EXE
2025-07-08 19:28:17,\VOLUME{01da6ccaad22ad19-96ad979b}\WINDOWS\SYSTEM32\VSSADMIN.EXE
2025-07-09 15:42:49,\VOLUME{01da6ccaad22ad19-96ad979b}\WINDOWS\SYSTEM32\VSSVC.EXE
2025-07-09 15:39:42,\VOLUME{01da6ccaad22ad19-96ad979b}\WINDOWS\SYSTEM32\VSSVC.EXE
2025-07-09 15:29:59,\VOLUME{01da6ccaad22ad19-96ad979b}\WINDOWS\SYSTEM32\VSSVC.EXE
2025-07-08 20:25:32,\VOLUME{01da6ccaad22ad19-96ad979b}\WINDOWS\SYSTEM32\VSSVC.EXE
2025-07-08 20:10:34,\VOLUME{01da6ccaad22ad19-96ad979b}\WINDOWS\SYSTEM32\VSSVC.EXE
2025-07-08 20:01:11,\VOLUME{01da6ccaad22ad19-96ad979b}\WINDOWS\SYSTEM32\VSSVC.EXE
2025-07-08 19:44:47,\VOLUME{01da6ccaad22ad19-96ad979b}\WINDOWS\SYSTEM32\VSSVC.EXE
2025-07-08 19:28:17,\VOLUME{01da6ccaad22ad19-96ad979b}\WINDOWS\SYSTEM32\VSSVC.EXE
2025-07-09 14:57:32,\VOLUME{01da6ccaad22ad19-96ad979b}\WINDOWS\SYSTEM32\WAASMEDICAGENT.EXE
2025-07-09 14:57:14,\VOLUME{01da6ccaad22ad19-96ad979b}\WINDOWS\SYSTEM32\WAASMEDICAGENT.EXE
2025-07-09 17:25:32,\VOLUME{01da6ccaad22ad19-96ad979b}\WINDOWS\SYSTEM32\WEVTUTIL.EXE
2025-07-09 17:25:30,\VOLUME{01da6ccaad22ad19-96ad979b}\WINDOWS\SYSTEM32\WEVTUTIL.EXE
2025-07-08 20:20:51,\VOLUME{01da6ccaad22ad19-96ad979b}\WINDOWS\SYSTEM32\WEVTUTIL.EXE
2025-07-08 20:05:36,\VOLUME{01da6ccaad22ad19-96ad979b}\WINDOWS\SYSTEM32\WEVTUTIL.EXE
2025-07-08 20:05:35,\VOLUME{01da6ccaad22ad19-96ad979b}\WINDOWS\SYSTEM32\WEVTUTIL.EXE
2025-07-08 20:05:34,\VOLUME{01da6ccaad22ad19-96ad979b}\WINDOWS\SYSTEM32\WEVTUTIL.EXE
2025-07-08 19:58:02,\VOLUME{01da6ccaad22ad19-96ad979b}\WINDOWS\SYSTEM32\WEVTUTIL.EXE
2025-07-08 19:40:25,\VOLUME{01da6ccaad22ad19-96ad979b}\WINDOWS\SYSTEM32\WEVTUTIL.EXE
2025-07-09 15:38:35,\VOLUME{01da6ccaad22ad19-96ad979b}\WINDOWS\SYSTEM32\WIMSERV.EXE
2025-07-09 16:45:33,WINDOWSPACKAGEMANAGERSERVER.E
2025-07-09 16:17:59,WINDOWSPACKAGEMANAGERSERVER.E
2025-07-09 15:05:41,WINDOWSPACKAGEMANAGERSERVER.E
2025-07-09 15:37:32,\VOLUME{01da6ccaad22ad19-96ad979b}\WINDOWS\SOFTWAREDISTRIBUTION\DOWNLOAD\INSTALL\WINREUPDATEINSTALLER.EXE
2025-07-09 15:37:32,WINREUPDATEINSTALLER_2507B_AM
2025-01-31 13:50:21,\VOLUME{01da6ccaad22ad19-96ad979b}\PROGRAM FILES\WINDOWSAPPS\MICROSOFT.WINDOWSSTORE_22412.1401.15.0_X64__8WEKYB3D8BBWE\WINSTORE.APP.EXE
2025-01-31 13:03:04,\VOLUME{01da6ccaad22ad19-96ad979b}\PROGRAM FILES\WINDOWSAPPS\MICROSOFT.WINDOWSSTORE_22412.1401.15.0_X64__8WEKYB3D8BBWE\WINSTORE.APP.EXE
2025-01-31 12:36:59,\VOLUME{01da6ccaad22ad19-96ad979b}\PROGRAM FILES\WINDOWSAPPS\MICROSOFT.WINDOWSSTORE_22411.1401.5.0_X64__8WEKYB3D8BBWE\WINSTORE.APP.EXE
2025-01-31 12:32:45,\VOLUME{01da6ccaad22ad19-96ad979b}\PROGRAM FILES\WINDOWSAPPS\MICROSOFT.WINDOWSSTORE_22411.1401.5.0_X64__8WEKYB3D8BBWE\WINSTORE.APP.EXE
2025-07-08 19:19:28,\VOLUME{01da6ccaad22ad19-96ad979b}\PROGRAM FILES\MICROSOFT OFFICE\ROOT\OFFICE16\WINWORD.EXE
2025-07-08 19:15:06,\VOLUME{01da6ccaad22ad19-96ad979b}\PROGRAM FILES\MICROSOFT OFFICE\ROOT\OFFICE16\WINWORD.EXE
2025-07-08 18:36:41,\VOLUME{01da6ccaad22ad19-96ad979b}\PROGRAM FILES\MICROSOFT OFFICE\ROOT\OFFICE16\WINWORD.EXE
2025-07-08 18:16:54,\VOLUME{01da6ccaad22ad19-96ad979b}\PROGRAM FILES\MICROSOFT OFFICE\ROOT\OFFICE16\WINWORD.EXE
2025-07-08 17:26:22,\VOLUME{01da6ccaad22ad19-96ad979b}\PROGRAM FILES\MICROSOFT OFFICE\ROOT\OFFICE16\WINWORD.EXE
2025-07-08 15:52:43,\VOLUME{01da6ccaad22ad19-96ad979b}\PROGRAM FILES\MICROSOFT OFFICE\ROOT\OFFICE16\WINWORD.EXE
2025-07-08 15:48:12,\VOLUME{01da6ccaad22ad19-96ad979b}\PROGRAM FILES\MICROSOFT OFFICE\ROOT\OFFICE16\WINWORD.EXE
2025-07-08 15:43:50,\VOLUME{01da6ccaad22ad19-96ad979b}\PROGRAM FILES\MICROSOFT OFFICE\ROOT\OFFICE16\WINWORD.EXE
2025-07-09 17:07:42,\VOLUME{01da6ccaad22ad19-96ad979b}\PROGRAM FILES\WIRESHARK\WIRESHARK.EXE
2025-07-09 15:06:37,\VOLUME{01da6ccaad22ad19-96ad979b}\PROGRAM FILES\WIRESHARK\WIRESHARK.EXE
2025-07-09 14:59:08,\VOLUME{01da6ccaad22ad19-96ad979b}\PROGRAM FILES\WIRESHARK\WIRESHARK.EXE
2025-07-08 19:13:00,\VOLUME{01da6ccaad22ad19-96ad979b}\PROGRAM FILES\WIRESHARK\WIRESHARK.EXE
2025-07-08 18:58:16,\VOLUME{01da6ccaad22ad19-96ad979b}\PROGRAM FILES\WIRESHARK\WIRESHARK.EXE
2025-07-08 18:35:00,\VOLUME{01da6ccaad22ad19-96ad979b}\PROGRAM FILES\WIRESHARK\WIRESHARK.EXE
2025-07-08 17:24:43,\VOLUME{01da6ccaad22ad19-96ad979b}\PROGRAM FILES\WIRESHARK\WIRESHARK.EXE
2025-07-08 16:25:21,\VOLUME{01da6ccaad22ad19-96ad979b}\PROGRAM FILES\WIRESHARK\WIRESHARK.EXE
2025-07-08 19:34:52,\VOLUME{01da6ccaad22ad19-96ad979b}\WINDOWS\SYSTEM32\WLRMDR.EXE
2025-07-08 19:12:31,\VOLUME{01da6ccaad22ad19-96ad979b}\WINDOWS\SYSTEM32\WLRMDR.EXE
2025-07-08 18:57:26,\VOLUME{01da6ccaad22ad19-96ad979b}\WINDOWS\SYSTEM32\WLRMDR.EXE
2025-07-08 18:45:24,\VOLUME{01da6ccaad22ad19-96ad979b}\WINDOWS\SYSTEM32\WLRMDR.EXE
2025-07-08 18:34:49,\VOLUME{01da6ccaad22ad19-96ad979b}\WINDOWS\SYSTEM32\WLRMDR.EXE
2025-07-08 18:12:28,\VOLUME{01da6ccaad22ad19-96ad979b}\WINDOWS\SYSTEM32\WLRMDR.EXE
2025-07-08 17:21:50,\VOLUME{01da6ccaad22ad19-96ad979b}\WINDOWS\SYSTEM32\WLRMDR.EXE
2025-07-09 16:43:32,\VOLUME{01da6ccaad22ad19-96ad979b}\WINDOWS\SYSTEM32\WBEM\WMIADAP.EXE
2025-07-09 16:11:30,\VOLUME{01da6ccaad22ad19-96ad979b}\WINDOWS\SYSTEM32\WBEM\WMIADAP.EXE
2025-07-09 14:58:23,\VOLUME{01da6ccaad22ad19-96ad979b}\WINDOWS\SYSTEM32\WBEM\WMIADAP.EXE
2025-07-08 20:20:24,\VOLUME{01da6ccaad22ad19-96ad979b}\WINDOWS\SYSTEM32\WBEM\WMIADAP.EXE
2025-07-08 20:08:11,\VOLUME{01da6ccaad22ad19-96ad979b}\WINDOWS\SYSTEM32\WBEM\WMIADAP.EXE
2025-07-08 19:38:09,\VOLUME{01da6ccaad22ad19-96ad979b}\WINDOWS\SYSTEM32\WBEM\WMIADAP.EXE
2025-07-08 19:15:14,\VOLUME{01da6ccaad22ad19-96ad979b}\WINDOWS\SYSTEM32\WBEM\WMIADAP.EXE
2025-07-08 19:00:31,\VOLUME{01da6ccaad22ad19-96ad979b}\WINDOWS\SYSTEM32\WBEM\WMIADAP.EXE
2025-07-09 17:17:37,\VOLUME{01da6ccaad22ad19-96ad979b}\WINDOWS\SYSTEM32\WBEM\WMIAPSRV.EXE
2025-07-09 17:00:24,\VOLUME{01da6ccaad22ad19-96ad979b}\WINDOWS\SYSTEM32\WBEM\WMIAPSRV.EXE
2025-07-09 16:45:34,\VOLUME{01da6ccaad22ad19-96ad979b}\WINDOWS\SYSWOW64\WBEM\WMIPRVSE.EXE
2025-07-09 16:42:22,\VOLUME{01da6ccaad22ad19-96ad979b}\WINDOWS\SYSWOW64\WBEM\WMIPRVSE.EXE
2025-07-09 16:10:11,\VOLUME{01da6ccaad22ad19-96ad979b}\WINDOWS\SYSWOW64\WBEM\WMIPRVSE.EXE
2025-07-09 15:56:55,\VOLUME{01da6ccaad22ad19-96ad979b}\WINDOWS\SYSWOW64\WBEM\WMIPRVSE.EXE
2025-07-09 14:56:52,\VOLUME{01da6ccaad22ad19-96ad979b}\WINDOWS\SYSWOW64\WBEM\WMIPRVSE.EXE
2025-07-08 20:06:20,\VOLUME{01da6ccaad22ad19-96ad979b}\WINDOWS\SYSWOW64\WBEM\WMIPRVSE.EXE
2025-07-08 19:36:15,\VOLUME{01da6ccaad22ad19-96ad979b}\WINDOWS\SYSWOW64\WBEM\WMIPRVSE.EXE
2025-07-08 19:13:24,\VOLUME{01da6ccaad22ad19-96ad979b}\WINDOWS\SYSWOW64\WBEM\WMIPRVSE.EXE
2025-07-09 17:22:17,\VOLUME{01da6ccaad22ad19-96ad979b}\WINDOWS\SYSTEM32\WBEM\WMIPRVSE.EXE
2025-07-09 17:17:38,\VOLUME{01da6ccaad22ad19-96ad979b}\WINDOWS\SYSTEM32\WBEM\WMIPRVSE.EXE
2025-07-09 17:12:15,\VOLUME{01da6ccaad22ad19-96ad979b}\WINDOWS\SYSTEM32\WBEM\WMIPRVSE.EXE
2025-07-09 17:06:58,\VOLUME{01da6ccaad22ad19-96ad979b}\WINDOWS\SYSTEM32\WBEM\WMIPRVSE.EXE
2025-07-09 17:00:25,\VOLUME{01da6ccaad22ad19-96ad979b}\WINDOWS\SYSTEM32\WBEM\WMIPRVSE.EXE
2025-07-09 16:56:40,\VOLUME{01da6ccaad22ad19-96ad979b}\WINDOWS\SYSTEM32\WBEM\WMIPRVSE.EXE
2025-07-09 16:52:25,\VOLUME{01da6ccaad22ad19-96ad979b}\WINDOWS\SYSTEM32\WBEM\WMIPRVSE.EXE
2025-07-09 16:42:38,\VOLUME{01da6ccaad22ad19-96ad979b}\WINDOWS\SYSTEM32\WBEM\WMIPRVSE.EXE
2025-07-09 15:37:30,\VOLUME{01da6ccaad22ad19-96ad979b}\WINDOWS\SYSTEM32\WUAUCLT.EXE
2025-01-31 14:02:56,\VOLUME{01da6ccaad22ad19-96ad979b}\WINDOWS\SYSTEM32\WWAHOST.EXE
